#
# There is insufficient memory for the Java Runtime Environment to continue.
# Native memory allocation (malloc) failed to allocate 1998848 bytes. Error detail: Chunk::new
# Possible reasons:
#   The system is out of physical RAM or swap space
#   This process is running with CompressedOops enabled, and the Java Heap may be blocking the growth of the native heap
# Possible solutions:
#   Reduce memory load on the system
#   Increase physical memory or swap space
#   Check if swap backing store is full
#   Decrease Java heap size (-Xmx/-Xms)
#   Decrease number of Java threads
#   Decrease Java thread stack sizes (-Xss)
#   Set larger code cache with -XX:ReservedCodeCacheSize=
#   JVM is running with Zero Based Compressed Oops mode in which the Java heap is
#     placed in the first 32GB address space. The Java Heap base address is the
#     maximum limit for the native heap growth. Please use -XX:HeapBaseMinAddress
#     to set the Java Heap base and to place the Java Heap above 32GB virtual address.
# This output file may be truncated or incomplete.
#
#  Out of Memory Error (arena.cpp:168), pid=39504, tid=11736
#
# JRE version: OpenJDK Runtime Environment (21.0.8) (build 21.0.8+-14196175-b1038.72)
# Java VM: OpenJDK 64-Bit Server VM (21.0.8+-14196175-b1038.72, mixed mode, tiered, compressed oops, compressed class ptrs, g1 gc, windows-amd64)
# No core dump will be written. Minidumps are not enabled by default on client versions of Windows
#

---------------  S U M M A R Y ------------

Command Line: -XX:MaxMetaspaceSize=512m -XX:+UseG1GC -XX:ReservedCodeCacheSize=512m --add-opens=java.base/java.util=ALL-UNNAMED --add-opens=java.base/java.lang=ALL-UNNAMED --add-opens=java.base/java.lang.invoke=ALL-UNNAMED --add-opens=java.prefs/java.util.prefs=ALL-UNNAMED --add-exports=jdk.compiler/com.sun.tools.javac.api=ALL-UNNAMED --add-exports=jdk.compiler/com.sun.tools.javac.util=ALL-UNNAMED --add-opens=java.base/java.nio.charset=ALL-UNNAMED --add-opens=java.base/java.net=ALL-UNNAMED --add-opens=java.base/java.util.concurrent.atomic=ALL-UNNAMED -Xmx3g -Dfile.encoding=UTF-8 -Duser.country=IN -Duser.language=en -Duser.variant -javaagent:C:\Users\kiran\.gradle\wrapper\dists\gradle-8.9-bin\90cnw93cvbtalezasaz0blq0a\gradle-8.9\lib\agents\gradle-instrumentation-agent-8.9.jar org.gradle.launcher.daemon.bootstrap.GradleDaemon 8.9

Host: 11th Gen Intel(R) Core(TM) i5-1155G7 @ 2.50GHz, 8 cores, 7G,  Windows 11 , 64 bit Build 26100 (10.0.26100.8246)
Time: Fri Apr 24 16:24:31 2026 India Standard Time elapsed time: 287.540388 seconds (0d 0h 4m 47s)

---------------  T H R E A D  ---------------

Current thread (0x000002d6a65072e0):  JavaThread "C2 CompilerThread0" daemon [_thread_in_native, id=11736, stack(0x000000e8d0100000,0x000000e8d0200000) (1024K)]


Current CompileTask:
C2:287541 65835       4       com.android.tools.r8.ir.optimize.W::a (1448 bytes)

Stack: [0x000000e8d0100000,0x000000e8d0200000]
Native frames: (J=compiled Java code, j=interpreted, Vv=VM code, C=native code)
V  [jvm.dll+0x6d68d9]
V  [jvm.dll+0x866693]
V  [jvm.dll+0x868c4e]
V  [jvm.dll+0x869333]
V  [jvm.dll+0x280566]
V  [jvm.dll+0xc07cd]
V  [jvm.dll+0xc0d03]
V  [jvm.dll+0x3b961b]
V  [jvm.dll+0x385507]
V  [jvm.dll+0x38497a]
V  [jvm.dll+0x249252]
V  [jvm.dll+0x248821]
V  [jvm.dll+0x1c73a4]
V  [jvm.dll+0x257f9e]
V  [jvm.dll+0x2564e6]
V  [jvm.dll+0x3f4696]
V  [jvm.dll+0x80eac8]
V  [jvm.dll+0x6d512d]
C  [ucrtbase.dll+0x37b0]
C  [KERNEL32.DLL+0x2e8d7]
C  [ntdll.dll+0x8c3fc]


---------------  P R O C E S S  ---------------

Threads class SMR info:
_java_thread_list=0x000002d6bbd8fb60, length=87, elements={
0x000002d6fc5c4a90, 0x000002d6a64ac140, 0x000002d6a64e4fd0, 0x000002d6a64e9660,
0x000002d6a64f2330, 0x000002d6a6504080, 0x000002d6a6504ae0, 0x000002d6a6505540,
0x000002d6a65072e0, 0x000002d6a650b280, 0x000002d6a67deec0, 0x000002d6aca54fe0,
0x000002d6ac95d460, 0x000002d6ac8ec940, 0x000002d6acdb3500, 0x000002d6acdb4780,
0x000002d6ac879ec0, 0x000002d6aca9c050, 0x000002d6acab46b0, 0x000002d6acab60f0,
0x000002d6acab6780, 0x000002d6acab6e10, 0x000002d6acab74a0, 0x000002d6acab4d40,
0x000002d6acab4020, 0x000002d6acab53d0, 0x000002d6adb4fdb0, 0x000002d6adb4cfc0,
0x000002d6adb4e370, 0x000002d6adb4dce0, 0x000002d6adb4ea00, 0x000002d6adb4f720,
0x000002d6adb53230, 0x000002d6adb52ba0, 0x000002d6adb545e0, 0x000002d6b04ee050,
0x000002d6b04eabd0, 0x000002d6b04ebf80, 0x000002d6b04ed330, 0x000002d6ae6c8d40,
0x000002d6ae6cb4a0, 0x000002d6ae6cbb30, 0x000002d6ae6cc850, 0x000002d6ae6ccee0,
0x000002d6ae6c9a60, 0x000002d6ae6d0360, 0x000002d6ae6cd570, 0x000002d6ae6ce290,
0x000002d6ae6cf640, 0x000002d6ae38c960, 0x000002d6ae38d680, 0x000002d6ae38e3a0,
0x000002d6ae38f750, 0x000002d6ad268880, 0x000002d6ae38bc40, 0x000002d6abf10910,
0x000002d6abf14420, 0x000002d6abf15140, 0x000002d6abf0eed0, 0x000002d6ad587ec0,
0x000002d6ad587830, 0x000002d6ad585760, 0x000002d6ad586480, 0x000002d6abf11630,
0x000002d6abf157d0, 0x000002d6ad586b10, 0x000002d6b8169bc0, 0x000002d6b8a27490,
0x000002d6b815dc10, 0x000002d6ad58b340, 0x000002d6ad26ddd0, 0x000002d6ad26eaf0,
0x000002d6b815e930, 0x000002d6b815efc0, 0x000002d6b8161db0, 0x000002d6b815fce0,
0x000002d6b8164510, 0x000002d6b8161090, 0x000002d6b8164ba0, 0x000002d6b8165f50,
0x000002d6b81637f0, 0x000002d6b1468500, 0x000002d6b8166c70, 0x000002d6b81686b0,
0x000002d6ac0aedc0, 0x000002d6ac0afae0, 0x000002d6c4e73c70
}

Java Threads: ( => current thread )
  0x000002d6fc5c4a90 JavaThread "main"                              [_thread_blocked, id=38856, stack(0x000000e8cf200000,0x000000e8cf300000) (1024K)]
  0x000002d6a64ac140 JavaThread "Common-Cleaner"             daemon [_thread_blocked, id=8796, stack(0x000000e8cfa00000,0x000000e8cfb00000) (1024K)]
  0x000002d6a64e4fd0 JavaThread "Reference Handler"          daemon [_thread_blocked, id=33472, stack(0x000000e8cfb00000,0x000000e8cfc00000) (1024K)]
  0x000002d6a64e9660 JavaThread "Finalizer"                  daemon [_thread_blocked, id=14128, stack(0x000000e8cfc00000,0x000000e8cfd00000) (1024K)]
  0x000002d6a64f2330 JavaThread "Signal Dispatcher"          daemon [_thread_blocked, id=23532, stack(0x000000e8cfd00000,0x000000e8cfe00000) (1024K)]
  0x000002d6a6504080 JavaThread "Attach Listener"            daemon [_thread_blocked, id=41516, stack(0x000000e8cfe00000,0x000000e8cff00000) (1024K)]
  0x000002d6a6504ae0 JavaThread "Service Thread"             daemon [_thread_blocked, id=15028, stack(0x000000e8cff00000,0x000000e8d0000000) (1024K)]
  0x000002d6a6505540 JavaThread "Monitor Deflation Thread"   daemon [_thread_blocked, id=2932, stack(0x000000e8d0000000,0x000000e8d0100000) (1024K)]
=>0x000002d6a65072e0 JavaThread "C2 CompilerThread0"         daemon [_thread_in_native, id=11736, stack(0x000000e8d0100000,0x000000e8d0200000) (1024K)]
  0x000002d6a650b280 JavaThread "C1 CompilerThread0"         daemon [_thread_blocked, id=38784, stack(0x000000e8d0200000,0x000000e8d0300000) (1024K)]
  0x000002d6a67deec0 JavaThread "Notification Thread"        daemon [_thread_blocked, id=39476, stack(0x000000e8d0300000,0x000000e8d0400000) (1024K)]
  0x000002d6aca54fe0 JavaThread "Daemon health stats"               [_thread_blocked, id=34292, stack(0x000000e8d0900000,0x000000e8d0a00000) (1024K)]
  0x000002d6ac95d460 JavaThread "Incoming local TCP Connector on port 52619"        [_thread_in_native, id=43528, stack(0x000000e8d0a00000,0x000000e8d0b00000) (1024K)]
  0x000002d6ac8ec940 JavaThread "Daemon periodic checks"            [_thread_blocked, id=5496, stack(0x000000e8d0e00000,0x000000e8d0f00000) (1024K)]
  0x000002d6acdb3500 JavaThread "Daemon"                            [_thread_blocked, id=18308, stack(0x000000e8d0f00000,0x000000e8d1000000) (1024K)]
  0x000002d6acdb4780 JavaThread "Handler for socket connection from /127.0.0.1:52619 to /127.0.0.1:52620"        [_thread_in_native, id=12388, stack(0x000000e8d1000000,0x000000e8d1100000) (1024K)]
  0x000002d6ac879ec0 JavaThread "Cancel handler"                    [_thread_blocked, id=15096, stack(0x000000e8d1100000,0x000000e8d1200000) (1024K)]
  0x000002d6aca9c050 JavaThread "Daemon worker"                     [_thread_blocked, id=30044, stack(0x000000e8d1200000,0x000000e8d1300000) (1024K)]
  0x000002d6acab46b0 JavaThread "Asynchronous log dispatcher for DefaultDaemonConnection: socket connection from /127.0.0.1:52619 to /127.0.0.1:52620"        [_thread_blocked, id=5096, stack(0x000000e8d1300000,0x000000e8d1400000) (1024K)]
  0x000002d6acab60f0 JavaThread "Stdin handler"                     [_thread_blocked, id=32040, stack(0x000000e8d1400000,0x000000e8d1500000) (1024K)]
  0x000002d6acab6780 JavaThread "Daemon client event forwarder"        [_thread_blocked, id=19472, stack(0x000000e8d1500000,0x000000e8d1600000) (1024K)]
  0x000002d6acab6e10 JavaThread "Cache worker for journal cache (C:\Users\kiran\.gradle\caches\journal-1)"        [_thread_blocked, id=29252, stack(0x000000e8d1700000,0x000000e8d1800000) (1024K)]
  0x000002d6acab74a0 JavaThread "File lock request listener"        [_thread_in_native, id=27620, stack(0x000000e8d1800000,0x000000e8d1900000) (1024K)]
  0x000002d6acab4d40 JavaThread "Cache worker for file hash cache (C:\Users\kiran\.gradle\caches\8.9\fileHashes)"        [_thread_blocked, id=28288, stack(0x000000e8d1900000,0x000000e8d1a00000) (1024K)]
  0x000002d6acab4020 JavaThread "Cache worker for file hash cache (C:\Users\kiran\Downloads\jago-Updates-23-04-jago\jago-Updates-23-04-jago\jago_app-main\flutter_apps\driver_app\android\.gradle\8.9\fileHashes)"        [_thread_blocked, id=27416, stack(0x000000e8d1b00000,0x000000e8d1c00000) (1024K)]
  0x000002d6acab53d0 JavaThread "Cache worker for Build Output Cleanup Cache (C:\Users\kiran\Downloads\jago-Updates-23-04-jago\jago-Updates-23-04-jago\jago_app-main\flutter_apps\driver_app\android\.gradle\buildOutputCleanup)"        [_thread_blocked, id=34036, stack(0x000000e8d1c00000,0x000000e8d1d00000) (1024K)]
  0x000002d6adb4fdb0 JavaThread "File watcher server"        daemon [_thread_in_vm, id=6308, stack(0x000000e8d1d00000,0x000000e8d1e00000) (1024K)]
  0x000002d6adb4cfc0 JavaThread "File watcher consumer"      daemon [_thread_blocked, id=26316, stack(0x000000e8d1e00000,0x000000e8d1f00000) (1024K)]
  0x000002d6adb4e370 JavaThread "Cache worker for checksums cache (C:\Users\kiran\Downloads\jago-Updates-23-04-jago\jago-Updates-23-04-jago\jago_app-main\flutter_apps\driver_app\android\.gradle\8.9\checksums)"        [_thread_blocked, id=21404, stack(0x000000e8d1f00000,0x000000e8d2000000) (1024K)]
  0x000002d6adb4dce0 JavaThread "Cache worker for file content cache (C:\Users\kiran\.gradle\caches\8.9\fileContent)"        [_thread_blocked, id=12428, stack(0x000000e8d2000000,0x000000e8d2100000) (1024K)]
  0x000002d6adb4ea00 JavaThread "Cache worker for cache directory md-rule (C:\Users\kiran\.gradle\caches\8.9\md-rule)"        [_thread_blocked, id=27480, stack(0x000000e8d2100000,0x000000e8d2200000) (1024K)]
  0x000002d6adb4f720 JavaThread "Cache worker for cache directory md-supplier (C:\Users\kiran\.gradle\caches\8.9\md-supplier)"        [_thread_blocked, id=41772, stack(0x000000e8d2200000,0x000000e8d2300000) (1024K)]
  0x000002d6adb53230 JavaThread "jar transforms"                    [_thread_blocked, id=17676, stack(0x000000e8d2300000,0x000000e8d2400000) (1024K)]
  0x000002d6adb52ba0 JavaThread "Cache worker for Build Output Cleanup Cache (C:\flutter\packages\flutter_tools\gradle\.gradle\buildOutputCleanup)"        [_thread_blocked, id=18064, stack(0x000000e8d2400000,0x000000e8d2500000) (1024K)]
  0x000002d6adb545e0 JavaThread "Unconstrained build operations"        [_thread_blocked, id=25468, stack(0x000000e8d2500000,0x000000e8d2600000) (1024K)]
  0x000002d6b04ee050 JavaThread "Unconstrained build operations Thread 2"        [_thread_blocked, id=38164, stack(0x000000e8d2600000,0x000000e8d2700000) (1024K)]
  0x000002d6b04eabd0 JavaThread "Unconstrained build operations Thread 3"        [_thread_blocked, id=19888, stack(0x000000e8d2700000,0x000000e8d2800000) (1024K)]
  0x000002d6b04ebf80 JavaThread "Memory manager"                    [_thread_blocked, id=9996, stack(0x000000e8d2800000,0x000000e8d2900000) (1024K)]
  0x000002d6b04ed330 JavaThread "build event listener"              [_thread_blocked, id=42028, stack(0x000000e8d2900000,0x000000e8d2a00000) (1024K)]
  0x000002d6ae6c8d40 JavaThread "included builds"                   [_thread_blocked, id=16368, stack(0x000000e8d2a00000,0x000000e8d2b00000) (1024K)]
  0x000002d6ae6cb4a0 JavaThread "Execution worker"                  [_thread_blocked, id=37780, stack(0x000000e8d2b00000,0x000000e8d2c00000) (1024K)]
  0x000002d6ae6cbb30 JavaThread "Cache worker for execution history cache (C:\flutter\packages\flutter_tools\gradle\.gradle\8.9\executionHistory)"        [_thread_blocked, id=1928, stack(0x000000e8d2c00000,0x000000e8d2d00000) (1024K)]
  0x000002d6ae6cc850 JavaThread "Unconstrained build operations Thread 4"        [_thread_blocked, id=34372, stack(0x000000e8d2d00000,0x000000e8d2e00000) (1024K)]
  0x000002d6ae6ccee0 JavaThread "Unconstrained build operations Thread 5"        [_thread_blocked, id=42000, stack(0x000000e8d2e00000,0x000000e8d2f00000) (1024K)]
  0x000002d6ae6c9a60 JavaThread "Unconstrained build operations Thread 6"        [_thread_blocked, id=1924, stack(0x000000e8d2f00000,0x000000e8d3000000) (1024K)]
  0x000002d6ae6d0360 JavaThread "Unconstrained build operations Thread 7"        [_thread_blocked, id=36720, stack(0x000000e8d3000000,0x000000e8d3100000) (1024K)]
  0x000002d6ae6cd570 JavaThread "Unconstrained build operations Thread 8"        [_thread_blocked, id=12076, stack(0x000000e8d3100000,0x000000e8d3200000) (1024K)]
  0x000002d6ae6ce290 JavaThread "Unconstrained build operations Thread 9"        [_thread_blocked, id=31216, stack(0x000000e8d3200000,0x000000e8d3300000) (1024K)]
  0x000002d6ae6cf640 JavaThread "Unconstrained build operations Thread 10"        [_thread_blocked, id=5408, stack(0x000000e8d3300000,0x000000e8d3400000) (1024K)]
  0x000002d6ae38c960 JavaThread "jar transforms Thread 2"           [_thread_blocked, id=2500, stack(0x000000e8d3400000,0x000000e8d3500000) (1024K)]
  0x000002d6ae38d680 JavaThread "jar transforms Thread 3"           [_thread_blocked, id=24192, stack(0x000000e8d3500000,0x000000e8d3600000) (1024K)]
  0x000002d6ae38e3a0 JavaThread "jar transforms Thread 4"           [_thread_blocked, id=17456, stack(0x000000e8d3600000,0x000000e8d3700000) (1024K)]
  0x000002d6ae38f750 JavaThread "jar transforms Thread 5"           [_thread_blocked, id=3640, stack(0x000000e8d3700000,0x000000e8d3800000) (1024K)]
  0x000002d6ad268880 JavaThread "build event listener"              [_thread_blocked, id=10304, stack(0x000000e8d3800000,0x000000e8d3900000) (1024K)]
  0x000002d6ae38bc40 JavaThread "jar transforms Thread 6"           [_thread_blocked, id=6800, stack(0x000000e8d1a00000,0x000000e8d1b00000) (1024K)]
  0x000002d6abf10910 JavaThread "jar transforms Thread 7"           [_thread_blocked, id=9864, stack(0x000000e8d3a00000,0x000000e8d3b00000) (1024K)]
  0x000002d6abf14420 JavaThread "Unconstrained build operations Thread 11"        [_thread_blocked, id=39336, stack(0x000000e8d3b00000,0x000000e8d3c00000) (1024K)]
  0x000002d6abf15140 JavaThread "Unconstrained build operations Thread 12"        [_thread_blocked, id=34680, stack(0x000000e8d3c00000,0x000000e8d3d00000) (1024K)]
  0x000002d6abf0eed0 JavaThread "Unconstrained build operations Thread 13"        [_thread_blocked, id=35992, stack(0x000000e8d3d00000,0x000000e8d3e00000) (1024K)]
  0x000002d6ad587ec0 JavaThread "jar transforms Thread 8"           [_thread_blocked, id=32180, stack(0x000000e8d3e00000,0x000000e8d3f00000) (1024K)]
  0x000002d6ad587830 JavaThread "Unconstrained build operations Thread 14"        [_thread_blocked, id=15048, stack(0x000000e8d3f00000,0x000000e8d4000000) (1024K)]
  0x000002d6ad585760 JavaThread "Unconstrained build operations Thread 15"        [_thread_blocked, id=14568, stack(0x000000e8d4000000,0x000000e8d4100000) (1024K)]
  0x000002d6ad586480 JavaThread "Unconstrained build operations Thread 16"        [_thread_blocked, id=27468, stack(0x000000e8d4100000,0x000000e8d4200000) (1024K)]
  0x000002d6abf11630 JavaThread "Unconstrained build operations Thread 17"        [_thread_blocked, id=14920, stack(0x000000e8d4200000,0x000000e8d4300000) (1024K)]
  0x000002d6abf157d0 JavaThread "Unconstrained build operations Thread 18"        [_thread_blocked, id=43560, stack(0x000000e8d4300000,0x000000e8d4400000) (1024K)]
  0x000002d6ad586b10 JavaThread "Unconstrained build operations Thread 19"        [_thread_blocked, id=15784, stack(0x000000e8d4400000,0x000000e8d4500000) (1024K)]
  0x000002d6b8169bc0 JavaThread "Unconstrained build operations Thread 20"        [_thread_blocked, id=10692, stack(0x000000e8d4500000,0x000000e8d4600000) (1024K)]
  0x000002d6b8a27490 JavaThread "Cache worker for execution history cache (C:\Users\kiran\Downloads\jago-Updates-23-04-jago\jago-Updates-23-04-jago\jago_app-main\flutter_apps\driver_app\android\.gradle\8.9\executionHistory)"        [_thread_blocked, id=28436, stack(0x000000e8d4600000,0x000000e8d4700000) (1024K)]
  0x000002d6b815dc10 JavaThread "Cache worker for Java compile cache (C:\Users\kiran\.gradle\caches\8.9\javaCompile)"        [_thread_blocked, id=40540, stack(0x000000e8d4b00000,0x000000e8d4c00000) (1024K)]
  0x000002d6ad58b340 JavaThread "Build operations"                  [_thread_blocked, id=36672, stack(0x000000e8d4c00000,0x000000e8d4d00000) (1024K)]
  0x000002d6ad26ddd0 JavaThread "Build operations Thread 2"         [_thread_blocked, id=21192, stack(0x000000e8d4d00000,0x000000e8d4e00000) (1024K)]
  0x000002d6ad26eaf0 JavaThread "WorkerExecutor Queue Thread 4"        [_thread_blocked, id=7948, stack(0x000000e8d4e00000,0x000000e8d4f00000) (1024K)]
  0x000002d6b815e930 JavaThread "RMI Scheduler(0)"           daemon [_thread_blocked, id=8180, stack(0x000000e8cef00000,0x000000e8cf000000) (1024K)]
  0x000002d6b815efc0 JavaThread "RMI GC Daemon"              daemon [_thread_blocked, id=12876, stack(0x000000e8d5200000,0x000000e8d5300000) (1024K)]
  0x000002d6b8161db0 JavaThread "RMI TCP Accept-0"           daemon [_thread_in_native, id=34684, stack(0x000000e8d5300000,0x000000e8d5400000) (1024K)]
  0x000002d6b815fce0 JavaThread "RMI Reaper"                        [_thread_blocked, id=30712, stack(0x000000e8d5400000,0x000000e8d5500000) (1024K)]
  0x000002d6b8164510 JavaThread "pool-3-thread-1"                   [_thread_blocked, id=8712, stack(0x000000e8d4a00000,0x000000e8d4b00000) (1024K)]
  0x000002d6b8161090 JavaThread "stderr"                            [_thread_in_native, id=24816, stack(0x000000e8d5900000,0x000000e8d5a00000) (1024K)]
  0x000002d6b8164ba0 JavaThread "stdout"                            [_thread_in_native, id=35912, stack(0x000000e8d5a00000,0x000000e8d5b00000) (1024K)]
  0x000002d6b8165f50 JavaThread "stderr"                            [_thread_in_native, id=28072, stack(0x000000e8d3900000,0x000000e8d3a00000) (1024K)]
  0x000002d6b81637f0 JavaThread "stdout"                            [_thread_in_native, id=9048, stack(0x000000e8d5b00000,0x000000e8d5c00000) (1024K)]
  0x000002d6b1468500 JavaThread "WorkerExecutor Queue Thread 6"        [_thread_blocked, id=37616, stack(0x000000e8cf000000,0x000000e8cf100000) (1024K)]
  0x000002d6b8166c70 JavaThread "ForkJoinPool-1-worker-1"    daemon [_thread_in_Java, id=22800, stack(0x000000e8cf100000,0x000000e8cf200000) (1024K)]
  0x000002d6b81686b0 JavaThread "ForkJoinPool-1-worker-2"    daemon [_thread_in_vm, id=27244, stack(0x000000e8d5c00000,0x000000e8d5d00000) (1024K)]
  0x000002d6ac0aedc0 JavaThread "ForkJoinPool-1-worker-3"    daemon [_thread_in_Java, id=4212, stack(0x000000e8d5d00000,0x000000e8d5e00000) (1024K)]
  0x000002d6ac0afae0 JavaThread "ForkJoinPool-1-worker-4"    daemon [_thread_in_Java, id=43132, stack(0x000000e8d5e00000,0x000000e8d5f00000) (1024K)]
  0x000002d6c4e73c70 JavaThread "C2 CompilerThread1"         daemon [_thread_in_native, id=1372, stack(0x000000e8d0400000,0x000000e8d0500000) (1024K)]
Total: 87

Other Threads:
  0x000002d6a623e8a0 VMThread "VM Thread"                           [id=24620, stack(0x000000e8cf900000,0x000000e8cfa00000) (1024K)]
  0x000002d6a61b3060 WatcherThread "VM Periodic Task Thread"        [id=9420, stack(0x000000e8cf800000,0x000000e8cf900000) (1024K)]
  0x000002d6fc6180c0 WorkerThread "GC Thread#0"                     [id=32284, stack(0x000000e8cf300000,0x000000e8cf400000) (1024K)]
  0x000002d6ab626c10 WorkerThread "GC Thread#1"                     [id=26444, stack(0x000000e8d0500000,0x000000e8d0600000) (1024K)]
  0x000002d6ab753ff0 WorkerThread "GC Thread#2"                     [id=25976, stack(0x000000e8d0600000,0x000000e8d0700000) (1024K)]
  0x000002d6abcbde30 WorkerThread "GC Thread#3"                     [id=27872, stack(0x000000e8d0700000,0x000000e8d0800000) (1024K)]
  0x000002d6abdfe040 WorkerThread "GC Thread#4"                     [id=23144, stack(0x000000e8d0800000,0x000000e8d0900000) (1024K)]
  0x000002d6ac8f78d0 WorkerThread "GC Thread#5"                     [id=34764, stack(0x000000e8d0b00000,0x000000e8d0c00000) (1024K)]
  0x000002d6aca6be30 WorkerThread "GC Thread#6"                     [id=23232, stack(0x000000e8d0c00000,0x000000e8d0d00000) (1024K)]
  0x000002d6ac8c3570 WorkerThread "GC Thread#7"                     [id=17440, stack(0x000000e8d0d00000,0x000000e8d0e00000) (1024K)]
  0x000002d6fc624fb0 ConcurrentGCThread "G1 Main Marker"            [id=28368, stack(0x000000e8cf400000,0x000000e8cf500000) (1024K)]
  0x000002d6fc6259c0 WorkerThread "G1 Conc#0"                       [id=41840, stack(0x000000e8cf500000,0x000000e8cf600000) (1024K)]
  0x000002d6ac8bfec0 WorkerThread "G1 Conc#1"                       [id=18116, stack(0x000000e8d1600000,0x000000e8d1700000) (1024K)]
  0x000002d6a6085ca0 ConcurrentGCThread "G1 Refine#0"               [id=39864, stack(0x000000e8cf600000,0x000000e8cf700000) (1024K)]
  0x000002d6b8179520 ConcurrentGCThread "G1 Refine#1"               [id=32792, stack(0x000000e8d4800000,0x000000e8d4900000) (1024K)]
  0x000002d6a60865c0 ConcurrentGCThread "G1 Service"                [id=15352, stack(0x000000e8cf700000,0x000000e8cf800000) (1024K)]
Total: 16

Threads with active compile tasks:
C2 CompilerThread0  287797 65835       4       com.android.tools.r8.ir.optimize.W::a (1448 bytes)
C2 CompilerThread1  287797 65845       4       com.android.tools.r8.internal.Jt::a (5330 bytes)
Total: 2

VM state: not at safepoint (normal execution)

VM Mutex/Monitor currently owned by a thread: None

Heap address: 0x0000000740000000, size: 3072 MB, Compressed Oops mode: Zero based, Oop shift amount: 3

CDS archive(s) not mapped
Compressed class space mapped at: 0x0000000800000000-0x000000081a000000, reserved size: 436207616
Narrow klass base: 0x0000000800000000, Narrow klass shift: 0, Narrow klass range: 0x1a000000

GC Precious Log:
 CardTable entry size: 512
 Card Set container configuration: InlinePtr #cards 4 size 8 Array Of Cards #cards 16 size 48 Howl #buckets 8 coarsen threshold 3686 Howl Bitmap #cards 512 size 80 coarsen threshold 460 Card regions per heap region 1 cards per card region 4096
 CPUs: 8 total, 8 available
 Memory: 7930M
 Large Page Support: Disabled
 NUMA Support: Disabled
 Compressed Oops: Enabled (Zero based)
 Heap Region Size: 2M
 Heap Min Capacity: 8M
 Heap Initial Capacity: 124M
 Heap Max Capacity: 3G
 Pre-touch: Disabled
 Parallel Workers: 8
 Concurrent Workers: 2
 Concurrent Refinement Workers: 8
 Periodic GC: Disabled

Heap:
 garbage-first heap   total 2117632K, used 1257472K [0x0000000740000000, 0x0000000800000000)
  region size 2048K, 196 young (401408K), 67 survivors (137216K)
 Metaspace       used 268133K, committed 271616K, reserved 688128K
  class space    used 35091K, committed 36736K, reserved 425984K

Heap Regions: E=young(eden), S=young(survivor), O=old, HS=humongous(starts), HC=humongous(continues), CS=collection set, F=free, TAMS=top-at-mark-start, PB=parsable bottom
|   0|0x0000000740000000, 0x0000000740200000, 0x0000000740200000|100%| O|  |TAMS 0x0000000740000000| PB 0x0000000740000000| Untracked 
|   1|0x0000000740200000, 0x0000000740400000, 0x0000000740400000|100%|HS|  |TAMS 0x0000000740200000| PB 0x0000000740200000| Complete 
|   2|0x0000000740400000, 0x0000000740600000, 0x0000000740600000|100%|HC|  |TAMS 0x0000000740400000| PB 0x0000000740400000| Complete 
|   3|0x0000000740600000, 0x0000000740800000, 0x0000000740800000|100%| O|  |TAMS 0x0000000740600000| PB 0x0000000740600000| Untracked 
|   4|0x0000000740800000, 0x0000000740a00000, 0x0000000740a00000|100%| O|  |TAMS 0x0000000740800000| PB 0x0000000740800000| Untracked 
|   5|0x0000000740a00000, 0x0000000740c00000, 0x0000000740c00000|100%| O|  |TAMS 0x0000000740a00000| PB 0x0000000740a00000| Untracked 
|   6|0x0000000740c00000, 0x0000000740e00000, 0x0000000740e00000|100%| O|  |TAMS 0x0000000740c00000| PB 0x0000000740c00000| Untracked 
|   7|0x0000000740e00000, 0x0000000741000000, 0x0000000741000000|100%| O|  |TAMS 0x0000000740e00000| PB 0x0000000740e00000| Untracked 
|   8|0x0000000741000000, 0x0000000741200000, 0x0000000741200000|100%| O|  |TAMS 0x0000000741000000| PB 0x0000000741000000| Untracked 
|   9|0x0000000741200000, 0x0000000741400000, 0x0000000741400000|100%| O|  |TAMS 0x0000000741200000| PB 0x0000000741200000| Untracked 
|  10|0x0000000741400000, 0x0000000741600000, 0x0000000741600000|100%| O|  |TAMS 0x0000000741400000| PB 0x0000000741400000| Untracked 
|  11|0x0000000741600000, 0x0000000741800000, 0x0000000741800000|100%| O|  |TAMS 0x0000000741600000| PB 0x0000000741600000| Untracked 
|  12|0x0000000741800000, 0x0000000741a00000, 0x0000000741a00000|100%|HS|  |TAMS 0x0000000741800000| PB 0x0000000741800000| Complete 
|  13|0x0000000741a00000, 0x0000000741c00000, 0x0000000741c00000|100%| O|  |TAMS 0x0000000741a00000| PB 0x0000000741a00000| Untracked 
|  14|0x0000000741c00000, 0x0000000741e00000, 0x0000000741e00000|100%| O|  |TAMS 0x0000000741c00000| PB 0x0000000741c00000| Untracked 
|  15|0x0000000741e00000, 0x0000000742000000, 0x0000000742000000|100%| O|  |TAMS 0x0000000741e00000| PB 0x0000000741e00000| Untracked 
|  16|0x0000000742000000, 0x0000000742200000, 0x0000000742200000|100%| O|  |TAMS 0x0000000742000000| PB 0x0000000742000000| Untracked 
|  17|0x0000000742200000, 0x0000000742400000, 0x0000000742400000|100%| O|  |TAMS 0x0000000742200000| PB 0x0000000742200000| Untracked 
|  18|0x0000000742400000, 0x0000000742600000, 0x0000000742600000|100%| O|  |TAMS 0x0000000742400000| PB 0x0000000742400000| Untracked 
|  19|0x0000000742600000, 0x0000000742800000, 0x0000000742800000|100%| O|  |TAMS 0x0000000742600000| PB 0x0000000742600000| Untracked 
|  20|0x0000000742800000, 0x0000000742a00000, 0x0000000742a00000|100%| O|  |TAMS 0x0000000742800000| PB 0x0000000742800000| Untracked 
|  21|0x0000000742a00000, 0x0000000742c00000, 0x0000000742c00000|100%| O|  |TAMS 0x0000000742a00000| PB 0x0000000742a00000| Untracked 
|  22|0x0000000742c00000, 0x0000000742e00000, 0x0000000742e00000|100%|HS|  |TAMS 0x0000000742c00000| PB 0x0000000742c00000| Complete 
|  23|0x0000000742e00000, 0x0000000743000000, 0x0000000743000000|100%| O|  |TAMS 0x0000000742e00000| PB 0x0000000742e00000| Untracked 
|  24|0x0000000743000000, 0x0000000743200000, 0x0000000743200000|100%|HS|  |TAMS 0x0000000743000000| PB 0x0000000743000000| Complete 
|  25|0x0000000743200000, 0x0000000743400000, 0x0000000743400000|100%| O|  |TAMS 0x0000000743200000| PB 0x0000000743200000| Untracked 
|  26|0x0000000743400000, 0x0000000743600000, 0x0000000743600000|100%|HS|  |TAMS 0x0000000743400000| PB 0x0000000743400000| Complete 
|  27|0x0000000743600000, 0x0000000743800000, 0x0000000743800000|100%|HC|  |TAMS 0x0000000743600000| PB 0x0000000743600000| Complete 
|  28|0x0000000743800000, 0x0000000743a00000, 0x0000000743a00000|100%|HS|  |TAMS 0x0000000743800000| PB 0x0000000743800000| Complete 
|  29|0x0000000743a00000, 0x0000000743c00000, 0x0000000743c00000|100%|HC|  |TAMS 0x0000000743a00000| PB 0x0000000743a00000| Complete 
|  30|0x0000000743c00000, 0x0000000743e00000, 0x0000000743e00000|100%| O|  |TAMS 0x0000000743c00000| PB 0x0000000743c00000| Untracked 
|  31|0x0000000743e00000, 0x0000000744000000, 0x0000000744000000|100%| O|  |TAMS 0x0000000743e00000| PB 0x0000000743e00000| Untracked 
|  32|0x0000000744000000, 0x0000000744200000, 0x0000000744200000|100%| O|  |TAMS 0x0000000744000000| PB 0x0000000744000000| Untracked 
|  33|0x0000000744200000, 0x0000000744400000, 0x0000000744400000|100%| O|  |TAMS 0x0000000744200000| PB 0x0000000744200000| Untracked 
|  34|0x0000000744400000, 0x0000000744600000, 0x0000000744600000|100%| O|  |TAMS 0x0000000744400000| PB 0x0000000744400000| Untracked 
|  35|0x0000000744600000, 0x0000000744800000, 0x0000000744800000|100%| O|  |TAMS 0x0000000744600000| PB 0x0000000744600000| Untracked 
|  36|0x0000000744800000, 0x0000000744a00000, 0x0000000744a00000|100%|HS|  |TAMS 0x0000000744800000| PB 0x0000000744800000| Complete 
|  37|0x0000000744a00000, 0x0000000744c00000, 0x0000000744c00000|100%| O|  |TAMS 0x0000000744a00000| PB 0x0000000744a00000| Untracked 
|  38|0x0000000744c00000, 0x0000000744e00000, 0x0000000744e00000|100%| O|  |TAMS 0x0000000744c00000| PB 0x0000000744c00000| Untracked 
|  39|0x0000000744e00000, 0x0000000745000000, 0x0000000745000000|100%| O|  |TAMS 0x0000000744e00000| PB 0x0000000744e00000| Untracked 
|  40|0x0000000745000000, 0x0000000745200000, 0x0000000745200000|100%| O|  |TAMS 0x0000000745000000| PB 0x0000000745000000| Untracked 
|  41|0x0000000745200000, 0x0000000745400000, 0x0000000745400000|100%| O|  |TAMS 0x0000000745200000| PB 0x0000000745200000| Untracked 
|  42|0x0000000745400000, 0x0000000745600000, 0x0000000745600000|100%| O|  |TAMS 0x0000000745400000| PB 0x0000000745400000| Untracked 
|  43|0x0000000745600000, 0x0000000745800000, 0x0000000745800000|100%|HS|  |TAMS 0x0000000745600000| PB 0x0000000745600000| Complete 
|  44|0x0000000745800000, 0x0000000745a00000, 0x0000000745a00000|100%| O|  |TAMS 0x0000000745800000| PB 0x0000000745800000| Untracked 
|  45|0x0000000745a00000, 0x0000000745c00000, 0x0000000745c00000|100%| O|  |TAMS 0x0000000745a00000| PB 0x0000000745a00000| Untracked 
|  46|0x0000000745c00000, 0x0000000745e00000, 0x0000000745e00000|100%| O|  |TAMS 0x0000000745c00000| PB 0x0000000745c00000| Untracked 
|  47|0x0000000745e00000, 0x0000000746000000, 0x0000000746000000|100%| O|  |TAMS 0x0000000745e00000| PB 0x0000000745e00000| Untracked 
|  48|0x0000000746000000, 0x0000000746200000, 0x0000000746200000|100%| O|  |TAMS 0x0000000746000000| PB 0x0000000746000000| Untracked 
|  49|0x0000000746200000, 0x0000000746400000, 0x0000000746400000|100%| O|  |TAMS 0x0000000746200000| PB 0x0000000746200000| Untracked 
|  50|0x0000000746400000, 0x0000000746600000, 0x0000000746600000|100%| O|  |TAMS 0x0000000746400000| PB 0x0000000746400000| Untracked 
|  51|0x0000000746600000, 0x0000000746800000, 0x0000000746800000|100%| O|  |TAMS 0x0000000746600000| PB 0x0000000746600000| Untracked 
|  52|0x0000000746800000, 0x0000000746a00000, 0x0000000746a00000|100%| O|  |TAMS 0x0000000746800000| PB 0x0000000746800000| Untracked 
|  53|0x0000000746a00000, 0x0000000746c00000, 0x0000000746c00000|100%| O|  |TAMS 0x0000000746a00000| PB 0x0000000746a00000| Untracked 
|  54|0x0000000746c00000, 0x0000000746e00000, 0x0000000746e00000|100%| O|  |TAMS 0x0000000746c00000| PB 0x0000000746c00000| Untracked 
|  55|0x0000000746e00000, 0x0000000747000000, 0x0000000747000000|100%| O|  |TAMS 0x0000000746e00000| PB 0x0000000746e00000| Untracked 
|  56|0x0000000747000000, 0x0000000747200000, 0x0000000747200000|100%| O|  |TAMS 0x0000000747000000| PB 0x0000000747000000| Untracked 
|  57|0x0000000747200000, 0x0000000747400000, 0x0000000747400000|100%| O|  |TAMS 0x0000000747200000| PB 0x0000000747200000| Untracked 
|  58|0x0000000747400000, 0x0000000747600000, 0x0000000747600000|100%| O|  |TAMS 0x0000000747400000| PB 0x0000000747400000| Untracked 
|  59|0x0000000747600000, 0x0000000747800000, 0x0000000747800000|100%| O|  |TAMS 0x0000000747600000| PB 0x0000000747600000| Untracked 
|  60|0x0000000747800000, 0x0000000747a00000, 0x0000000747a00000|100%| O|  |TAMS 0x0000000747800000| PB 0x0000000747800000| Untracked 
|  61|0x0000000747a00000, 0x0000000747c00000, 0x0000000747c00000|100%| O|  |TAMS 0x0000000747a00000| PB 0x0000000747a00000| Untracked 
|  62|0x0000000747c00000, 0x0000000747e00000, 0x0000000747e00000|100%| O|  |TAMS 0x0000000747c00000| PB 0x0000000747c00000| Untracked 
|  63|0x0000000747e00000, 0x0000000748000000, 0x0000000748000000|100%| O|  |TAMS 0x0000000747e00000| PB 0x0000000747e00000| Untracked 
|  64|0x0000000748000000, 0x0000000748200000, 0x0000000748200000|100%| O|  |TAMS 0x0000000748000000| PB 0x0000000748000000| Untracked 
|  65|0x0000000748200000, 0x0000000748400000, 0x0000000748400000|100%| O|  |TAMS 0x0000000748200000| PB 0x0000000748200000| Untracked 
|  66|0x0000000748400000, 0x0000000748600000, 0x0000000748600000|100%| O|  |TAMS 0x0000000748400000| PB 0x0000000748400000| Untracked 
|  67|0x0000000748600000, 0x0000000748800000, 0x0000000748800000|100%| O|  |TAMS 0x0000000748600000| PB 0x0000000748600000| Untracked 
|  68|0x0000000748800000, 0x0000000748a00000, 0x0000000748a00000|100%| O|  |TAMS 0x0000000748800000| PB 0x0000000748800000| Untracked 
|  69|0x0000000748a00000, 0x0000000748c00000, 0x0000000748c00000|100%| O|  |TAMS 0x0000000748a00000| PB 0x0000000748a00000| Untracked 
|  70|0x0000000748c00000, 0x0000000748e00000, 0x0000000748e00000|100%|HS|  |TAMS 0x0000000748c00000| PB 0x0000000748c00000| Complete 
|  71|0x0000000748e00000, 0x0000000749000000, 0x0000000749000000|100%| O|  |TAMS 0x0000000748e00000| PB 0x0000000748e00000| Untracked 
|  72|0x0000000749000000, 0x0000000749200000, 0x0000000749200000|100%|HS|  |TAMS 0x0000000749000000| PB 0x0000000749000000| Complete 
|  73|0x0000000749200000, 0x0000000749400000, 0x0000000749400000|100%|HC|  |TAMS 0x0000000749200000| PB 0x0000000749200000| Complete 
|  74|0x0000000749400000, 0x0000000749600000, 0x0000000749600000|100%| O|  |TAMS 0x0000000749400000| PB 0x0000000749400000| Untracked 
|  75|0x0000000749600000, 0x0000000749800000, 0x0000000749800000|100%| O|  |TAMS 0x0000000749600000| PB 0x0000000749600000| Untracked 
|  76|0x0000000749800000, 0x0000000749a00000, 0x0000000749a00000|100%| O|  |TAMS 0x0000000749800000| PB 0x0000000749800000| Untracked 
|  77|0x0000000749a00000, 0x0000000749c00000, 0x0000000749c00000|100%| O|  |TAMS 0x0000000749a00000| PB 0x0000000749a00000| Untracked 
|  78|0x0000000749c00000, 0x0000000749e00000, 0x0000000749e00000|100%| O|  |TAMS 0x0000000749c00000| PB 0x0000000749c00000| Untracked 
|  79|0x0000000749e00000, 0x000000074a000000, 0x000000074a000000|100%| O|  |TAMS 0x0000000749e00000| PB 0x0000000749e00000| Untracked 
|  80|0x000000074a000000, 0x000000074a200000, 0x000000074a200000|100%| O|  |TAMS 0x000000074a000000| PB 0x000000074a000000| Untracked 
|  81|0x000000074a200000, 0x000000074a400000, 0x000000074a400000|100%| O|  |TAMS 0x000000074a200000| PB 0x000000074a200000| Untracked 
|  82|0x000000074a400000, 0x000000074a600000, 0x000000074a600000|100%| O|  |TAMS 0x000000074a400000| PB 0x000000074a400000| Untracked 
|  83|0x000000074a600000, 0x000000074a800000, 0x000000074a800000|100%| O|  |TAMS 0x000000074a600000| PB 0x000000074a600000| Untracked 
|  84|0x000000074a800000, 0x000000074aa00000, 0x000000074aa00000|100%| O|  |TAMS 0x000000074a800000| PB 0x000000074a800000| Untracked 
|  85|0x000000074aa00000, 0x000000074ac00000, 0x000000074ac00000|100%| O|  |TAMS 0x000000074aa00000| PB 0x000000074aa00000| Untracked 
|  86|0x000000074ac00000, 0x000000074ae00000, 0x000000074ae00000|100%| O|  |TAMS 0x000000074ac00000| PB 0x000000074ac00000| Untracked 
|  87|0x000000074ae00000, 0x000000074ae00000, 0x000000074b000000|  0%| F|  |TAMS 0x000000074ae00000| PB 0x000000074ae00000| Untracked 
|  88|0x000000074b000000, 0x000000074b200000, 0x000000074b200000|100%| O|  |TAMS 0x000000074b000000| PB 0x000000074b000000| Untracked 
|  89|0x000000074b200000, 0x000000074b400000, 0x000000074b400000|100%| O|  |TAMS 0x000000074b200000| PB 0x000000074b200000| Untracked 
|  90|0x000000074b400000, 0x000000074b600000, 0x000000074b600000|100%| O|  |TAMS 0x000000074b400000| PB 0x000000074b400000| Untracked 
|  91|0x000000074b600000, 0x000000074b800000, 0x000000074b800000|100%| O|  |TAMS 0x000000074b600000| PB 0x000000074b600000| Untracked 
|  92|0x000000074b800000, 0x000000074ba00000, 0x000000074ba00000|100%| O|  |TAMS 0x000000074b800000| PB 0x000000074b800000| Untracked 
|  93|0x000000074ba00000, 0x000000074bc00000, 0x000000074bc00000|100%| O|  |TAMS 0x000000074ba00000| PB 0x000000074ba00000| Untracked 
|  94|0x000000074bc00000, 0x000000074be00000, 0x000000074be00000|100%| O|  |TAMS 0x000000074bc00000| PB 0x000000074bc00000| Untracked 
|  95|0x000000074be00000, 0x000000074c000000, 0x000000074c000000|100%| O|  |TAMS 0x000000074be00000| PB 0x000000074be00000| Untracked 
|  96|0x000000074c000000, 0x000000074c200000, 0x000000074c200000|100%| O|  |TAMS 0x000000074c000000| PB 0x000000074c000000| Untracked 
|  97|0x000000074c200000, 0x000000074c400000, 0x000000074c400000|100%| O|  |TAMS 0x000000074c200000| PB 0x000000074c200000| Untracked 
|  98|0x000000074c400000, 0x000000074c400000, 0x000000074c600000|  0%| F|  |TAMS 0x000000074c400000| PB 0x000000074c400000| Untracked 
|  99|0x000000074c600000, 0x000000074c800000, 0x000000074c800000|100%| O|  |TAMS 0x000000074c600000| PB 0x000000074c600000| Untracked 
| 100|0x000000074c800000, 0x000000074ca00000, 0x000000074ca00000|100%| O|  |TAMS 0x000000074c800000| PB 0x000000074c800000| Untracked 
| 101|0x000000074ca00000, 0x000000074cc00000, 0x000000074cc00000|100%|HS|  |TAMS 0x000000074ca00000| PB 0x000000074ca00000| Complete 
| 102|0x000000074cc00000, 0x000000074ce00000, 0x000000074ce00000|100%|HS|  |TAMS 0x000000074cc00000| PB 0x000000074cc00000| Complete 
| 103|0x000000074ce00000, 0x000000074d000000, 0x000000074d000000|100%| O|  |TAMS 0x000000074ce00000| PB 0x000000074ce00000| Untracked 
| 104|0x000000074d000000, 0x000000074d200000, 0x000000074d200000|100%| O|  |TAMS 0x000000074d000000| PB 0x000000074d000000| Untracked 
| 105|0x000000074d200000, 0x000000074d400000, 0x000000074d400000|100%| O|  |TAMS 0x000000074d200000| PB 0x000000074d200000| Untracked 
| 106|0x000000074d400000, 0x000000074d600000, 0x000000074d600000|100%| O|  |TAMS 0x000000074d400000| PB 0x000000074d400000| Untracked 
| 107|0x000000074d600000, 0x000000074d800000, 0x000000074d800000|100%| O|  |TAMS 0x000000074d600000| PB 0x000000074d600000| Untracked 
| 108|0x000000074d800000, 0x000000074da00000, 0x000000074da00000|100%| O|  |TAMS 0x000000074d800000| PB 0x000000074d800000| Untracked 
| 109|0x000000074da00000, 0x000000074dc00000, 0x000000074dc00000|100%| O|  |TAMS 0x000000074da00000| PB 0x000000074da00000| Untracked 
| 110|0x000000074dc00000, 0x000000074de00000, 0x000000074de00000|100%| O|  |TAMS 0x000000074dc00000| PB 0x000000074dc00000| Untracked 
| 111|0x000000074de00000, 0x000000074e000000, 0x000000074e000000|100%| O|  |TAMS 0x000000074de00000| PB 0x000000074de00000| Untracked 
| 112|0x000000074e000000, 0x000000074e200000, 0x000000074e200000|100%| O|  |TAMS 0x000000074e000000| PB 0x000000074e000000| Untracked 
| 113|0x000000074e200000, 0x000000074e400000, 0x000000074e400000|100%| O|  |TAMS 0x000000074e200000| PB 0x000000074e200000| Untracked 
| 114|0x000000074e400000, 0x000000074e600000, 0x000000074e600000|100%| O|  |TAMS 0x000000074e400000| PB 0x000000074e400000| Untracked 
| 115|0x000000074e600000, 0x000000074e800000, 0x000000074e800000|100%| O|  |TAMS 0x000000074e600000| PB 0x000000074e600000| Untracked 
| 116|0x000000074e800000, 0x000000074ea00000, 0x000000074ea00000|100%| O|  |TAMS 0x000000074e800000| PB 0x000000074e800000| Untracked 
| 117|0x000000074ea00000, 0x000000074ec00000, 0x000000074ec00000|100%| O|  |TAMS 0x000000074ea00000| PB 0x000000074ea00000| Untracked 
| 118|0x000000074ec00000, 0x000000074ee00000, 0x000000074ee00000|100%| O|  |TAMS 0x000000074ec00000| PB 0x000000074ec00000| Untracked 
| 119|0x000000074ee00000, 0x000000074f000000, 0x000000074f000000|100%| O|  |TAMS 0x000000074ee00000| PB 0x000000074ee00000| Untracked 
| 120|0x000000074f000000, 0x000000074f200000, 0x000000074f200000|100%| O|  |TAMS 0x000000074f000000| PB 0x000000074f000000| Untracked 
| 121|0x000000074f200000, 0x000000074f400000, 0x000000074f400000|100%| O|  |TAMS 0x000000074f200000| PB 0x000000074f200000| Untracked 
| 122|0x000000074f400000, 0x000000074f600000, 0x000000074f600000|100%| O|  |TAMS 0x000000074f400000| PB 0x000000074f400000| Untracked 
| 123|0x000000074f600000, 0x000000074f800000, 0x000000074f800000|100%| O|  |TAMS 0x000000074f600000| PB 0x000000074f600000| Untracked 
| 124|0x000000074f800000, 0x000000074fa00000, 0x000000074fa00000|100%| O|  |TAMS 0x000000074f800000| PB 0x000000074f800000| Untracked 
| 125|0x000000074fa00000, 0x000000074fc00000, 0x000000074fc00000|100%| O|  |TAMS 0x000000074fa00000| PB 0x000000074fa00000| Untracked 
| 126|0x000000074fc00000, 0x000000074fe00000, 0x000000074fe00000|100%| O|  |TAMS 0x000000074fc00000| PB 0x000000074fc00000| Untracked 
| 127|0x000000074fe00000, 0x0000000750000000, 0x0000000750000000|100%| O|  |TAMS 0x000000074fe00000| PB 0x000000074fe00000| Untracked 
| 128|0x0000000750000000, 0x0000000750200000, 0x0000000750200000|100%| O|  |TAMS 0x0000000750000000| PB 0x0000000750000000| Untracked 
| 129|0x0000000750200000, 0x0000000750400000, 0x0000000750400000|100%| O|  |TAMS 0x0000000750200000| PB 0x0000000750200000| Untracked 
| 130|0x0000000750400000, 0x0000000750600000, 0x0000000750600000|100%| O|  |TAMS 0x0000000750400000| PB 0x0000000750400000| Untracked 
| 131|0x0000000750600000, 0x0000000750800000, 0x0000000750800000|100%| O|  |TAMS 0x0000000750600000| PB 0x0000000750600000| Untracked 
| 132|0x0000000750800000, 0x0000000750a00000, 0x0000000750a00000|100%| O|  |TAMS 0x0000000750800000| PB 0x0000000750800000| Untracked 
| 133|0x0000000750a00000, 0x0000000750c00000, 0x0000000750c00000|100%| O|  |TAMS 0x0000000750a00000| PB 0x0000000750a00000| Untracked 
| 134|0x0000000750c00000, 0x0000000750e00000, 0x0000000750e00000|100%| O|  |TAMS 0x0000000750c00000| PB 0x0000000750c00000| Untracked 
| 135|0x0000000750e00000, 0x0000000751000000, 0x0000000751000000|100%| O|  |TAMS 0x0000000750e00000| PB 0x0000000750e00000| Untracked 
| 136|0x0000000751000000, 0x0000000751200000, 0x0000000751200000|100%| O|  |TAMS 0x0000000751000000| PB 0x0000000751000000| Untracked 
| 137|0x0000000751200000, 0x0000000751400000, 0x0000000751400000|100%| O|  |TAMS 0x0000000751200000| PB 0x0000000751200000| Untracked 
| 138|0x0000000751400000, 0x0000000751600000, 0x0000000751600000|100%| O|  |TAMS 0x0000000751400000| PB 0x0000000751400000| Untracked 
| 139|0x0000000751600000, 0x0000000751800000, 0x0000000751800000|100%| O|  |TAMS 0x0000000751600000| PB 0x0000000751600000| Untracked 
| 140|0x0000000751800000, 0x0000000751a00000, 0x0000000751a00000|100%| O|  |TAMS 0x0000000751800000| PB 0x0000000751800000| Untracked 
| 141|0x0000000751a00000, 0x0000000751c00000, 0x0000000751c00000|100%| O|  |TAMS 0x0000000751a00000| PB 0x0000000751a00000| Untracked 
| 142|0x0000000751c00000, 0x0000000751e00000, 0x0000000751e00000|100%| O|  |TAMS 0x0000000751c00000| PB 0x0000000751c00000| Untracked 
| 143|0x0000000751e00000, 0x0000000752000000, 0x0000000752000000|100%| O|  |TAMS 0x0000000751e00000| PB 0x0000000751e00000| Untracked 
| 144|0x0000000752000000, 0x0000000752200000, 0x0000000752200000|100%| O|  |TAMS 0x0000000752000000| PB 0x0000000752000000| Untracked 
| 145|0x0000000752200000, 0x0000000752400000, 0x0000000752400000|100%| O|  |TAMS 0x0000000752200000| PB 0x0000000752200000| Untracked 
| 146|0x0000000752400000, 0x0000000752600000, 0x0000000752600000|100%| O|  |TAMS 0x0000000752400000| PB 0x0000000752400000| Untracked 
| 147|0x0000000752600000, 0x0000000752800000, 0x0000000752800000|100%| O|  |TAMS 0x0000000752600000| PB 0x0000000752600000| Untracked 
| 148|0x0000000752800000, 0x0000000752a00000, 0x0000000752a00000|100%| O|  |TAMS 0x0000000752800000| PB 0x0000000752800000| Untracked 
| 149|0x0000000752a00000, 0x0000000752c00000, 0x0000000752c00000|100%| O|  |TAMS 0x0000000752a00000| PB 0x0000000752a00000| Untracked 
| 150|0x0000000752c00000, 0x0000000752e00000, 0x0000000752e00000|100%| O|  |TAMS 0x0000000752c00000| PB 0x0000000752c00000| Untracked 
| 151|0x0000000752e00000, 0x0000000753000000, 0x0000000753000000|100%| O|  |TAMS 0x0000000752e00000| PB 0x0000000752e00000| Untracked 
| 152|0x0000000753000000, 0x0000000753200000, 0x0000000753200000|100%| O|  |TAMS 0x0000000753000000| PB 0x0000000753000000| Untracked 
| 153|0x0000000753200000, 0x0000000753400000, 0x0000000753400000|100%| O|  |TAMS 0x0000000753200000| PB 0x0000000753200000| Untracked 
| 154|0x0000000753400000, 0x0000000753600000, 0x0000000753600000|100%|HS|  |TAMS 0x0000000753400000| PB 0x0000000753400000| Complete 
| 155|0x0000000753600000, 0x0000000753800000, 0x0000000753800000|100%|HC|  |TAMS 0x0000000753600000| PB 0x0000000753600000| Complete 
| 156|0x0000000753800000, 0x0000000753a00000, 0x0000000753a00000|100%| O|  |TAMS 0x0000000753800000| PB 0x0000000753800000| Untracked 
| 157|0x0000000753a00000, 0x0000000753c00000, 0x0000000753c00000|100%| O|  |TAMS 0x0000000753a00000| PB 0x0000000753a00000| Untracked 
| 158|0x0000000753c00000, 0x0000000753e00000, 0x0000000753e00000|100%| O|  |TAMS 0x0000000753c00000| PB 0x0000000753c00000| Untracked 
| 159|0x0000000753e00000, 0x0000000754000000, 0x0000000754000000|100%| O|  |TAMS 0x0000000753e00000| PB 0x0000000753e00000| Untracked 
| 160|0x0000000754000000, 0x0000000754200000, 0x0000000754200000|100%| O|  |TAMS 0x0000000754000000| PB 0x0000000754000000| Untracked 
| 161|0x0000000754200000, 0x0000000754400000, 0x0000000754400000|100%| O|  |TAMS 0x0000000754200000| PB 0x0000000754200000| Untracked 
| 162|0x0000000754400000, 0x0000000754600000, 0x0000000754600000|100%| O|  |TAMS 0x0000000754400000| PB 0x0000000754400000| Untracked 
| 163|0x0000000754600000, 0x0000000754800000, 0x0000000754800000|100%| O|  |TAMS 0x0000000754600000| PB 0x0000000754600000| Untracked 
| 164|0x0000000754800000, 0x0000000754a00000, 0x0000000754a00000|100%| O|  |TAMS 0x0000000754800000| PB 0x0000000754800000| Untracked 
| 165|0x0000000754a00000, 0x0000000754c00000, 0x0000000754c00000|100%| O|  |TAMS 0x0000000754a00000| PB 0x0000000754a00000| Untracked 
| 166|0x0000000754c00000, 0x0000000754e00000, 0x0000000754e00000|100%| O|  |TAMS 0x0000000754c00000| PB 0x0000000754c00000| Untracked 
| 167|0x0000000754e00000, 0x0000000755000000, 0x0000000755000000|100%| O|  |TAMS 0x0000000754e00000| PB 0x0000000754e00000| Untracked 
| 168|0x0000000755000000, 0x0000000755200000, 0x0000000755200000|100%| O|  |TAMS 0x0000000755000000| PB 0x0000000755000000| Untracked 
| 169|0x0000000755200000, 0x0000000755400000, 0x0000000755400000|100%| O|  |TAMS 0x0000000755200000| PB 0x0000000755200000| Untracked 
| 170|0x0000000755400000, 0x0000000755600000, 0x0000000755600000|100%| O|  |TAMS 0x0000000755400000| PB 0x0000000755400000| Untracked 
| 171|0x0000000755600000, 0x0000000755800000, 0x0000000755800000|100%| O|  |TAMS 0x0000000755600000| PB 0x0000000755600000| Untracked 
| 172|0x0000000755800000, 0x0000000755a00000, 0x0000000755a00000|100%| O|  |TAMS 0x0000000755800000| PB 0x0000000755800000| Untracked 
| 173|0x0000000755a00000, 0x0000000755c00000, 0x0000000755c00000|100%| O|  |TAMS 0x0000000755a00000| PB 0x0000000755a00000| Untracked 
| 174|0x0000000755c00000, 0x0000000755e00000, 0x0000000755e00000|100%| O|  |TAMS 0x0000000755c00000| PB 0x0000000755c00000| Untracked 
| 175|0x0000000755e00000, 0x0000000756000000, 0x0000000756000000|100%| O|  |TAMS 0x0000000755e00000| PB 0x0000000755e00000| Untracked 
| 176|0x0000000756000000, 0x0000000756200000, 0x0000000756200000|100%| O|  |TAMS 0x0000000756000000| PB 0x0000000756000000| Untracked 
| 177|0x0000000756200000, 0x0000000756400000, 0x0000000756400000|100%| O|  |TAMS 0x0000000756200000| PB 0x0000000756200000| Untracked 
| 178|0x0000000756400000, 0x0000000756600000, 0x0000000756600000|100%| O|  |TAMS 0x0000000756400000| PB 0x0000000756400000| Untracked 
| 179|0x0000000756600000, 0x0000000756800000, 0x0000000756800000|100%| O|  |TAMS 0x0000000756600000| PB 0x0000000756600000| Untracked 
| 180|0x0000000756800000, 0x0000000756a00000, 0x0000000756a00000|100%| O|  |TAMS 0x0000000756800000| PB 0x0000000756800000| Untracked 
| 181|0x0000000756a00000, 0x0000000756c00000, 0x0000000756c00000|100%|HS|  |TAMS 0x0000000756a00000| PB 0x0000000756a00000| Complete 
| 182|0x0000000756c00000, 0x0000000756e00000, 0x0000000756e00000|100%| O|  |TAMS 0x0000000756c00000| PB 0x0000000756c00000| Untracked 
| 183|0x0000000756e00000, 0x0000000757000000, 0x0000000757000000|100%| O|  |TAMS 0x0000000756e00000| PB 0x0000000756e00000| Untracked 
| 184|0x0000000757000000, 0x0000000757200000, 0x0000000757200000|100%| O|  |TAMS 0x0000000757000000| PB 0x0000000757000000| Untracked 
| 185|0x0000000757200000, 0x0000000757400000, 0x0000000757400000|100%| O|  |TAMS 0x0000000757200000| PB 0x0000000757200000| Untracked 
| 186|0x0000000757400000, 0x0000000757600000, 0x0000000757600000|100%| O|  |TAMS 0x0000000757400000| PB 0x0000000757400000| Untracked 
| 187|0x0000000757600000, 0x0000000757800000, 0x0000000757800000|100%| O|  |TAMS 0x0000000757600000| PB 0x0000000757600000| Untracked 
| 188|0x0000000757800000, 0x0000000757a00000, 0x0000000757a00000|100%| O|  |TAMS 0x0000000757800000| PB 0x0000000757800000| Untracked 
| 189|0x0000000757a00000, 0x0000000757c00000, 0x0000000757c00000|100%| O|  |TAMS 0x0000000757a00000| PB 0x0000000757a00000| Untracked 
| 190|0x0000000757c00000, 0x0000000757e00000, 0x0000000757e00000|100%| O|  |TAMS 0x0000000757c00000| PB 0x0000000757c00000| Untracked 
| 191|0x0000000757e00000, 0x0000000758000000, 0x0000000758000000|100%| O|  |TAMS 0x0000000757e00000| PB 0x0000000757e00000| Untracked 
| 192|0x0000000758000000, 0x0000000758200000, 0x0000000758200000|100%| O|  |TAMS 0x0000000758000000| PB 0x0000000758000000| Untracked 
| 193|0x0000000758200000, 0x0000000758400000, 0x0000000758400000|100%| O|  |TAMS 0x0000000758200000| PB 0x0000000758200000| Untracked 
| 194|0x0000000758400000, 0x0000000758600000, 0x0000000758600000|100%| O|  |TAMS 0x0000000758400000| PB 0x0000000758400000| Untracked 
| 195|0x0000000758600000, 0x0000000758800000, 0x0000000758800000|100%| O|  |TAMS 0x0000000758600000| PB 0x0000000758600000| Untracked 
| 196|0x0000000758800000, 0x0000000758a00000, 0x0000000758a00000|100%| O|  |TAMS 0x0000000758800000| PB 0x0000000758800000| Untracked 
| 197|0x0000000758a00000, 0x0000000758c00000, 0x0000000758c00000|100%| O|  |TAMS 0x0000000758a00000| PB 0x0000000758a00000| Untracked 
| 198|0x0000000758c00000, 0x0000000758e00000, 0x0000000758e00000|100%| O|  |TAMS 0x0000000758c00000| PB 0x0000000758c00000| Untracked 
| 199|0x0000000758e00000, 0x0000000759000000, 0x0000000759000000|100%| O|  |TAMS 0x0000000758e00000| PB 0x0000000758e00000| Untracked 
| 200|0x0000000759000000, 0x0000000759200000, 0x0000000759200000|100%| O|  |TAMS 0x0000000759000000| PB 0x0000000759000000| Untracked 
| 201|0x0000000759200000, 0x0000000759400000, 0x0000000759400000|100%| O|  |TAMS 0x0000000759200000| PB 0x0000000759200000| Untracked 
| 202|0x0000000759400000, 0x0000000759600000, 0x0000000759600000|100%| O|  |TAMS 0x0000000759400000| PB 0x0000000759400000| Untracked 
| 203|0x0000000759600000, 0x0000000759800000, 0x0000000759800000|100%| O|  |TAMS 0x0000000759600000| PB 0x0000000759600000| Untracked 
| 204|0x0000000759800000, 0x0000000759a00000, 0x0000000759a00000|100%| O|  |TAMS 0x0000000759800000| PB 0x0000000759800000| Untracked 
| 205|0x0000000759a00000, 0x0000000759c00000, 0x0000000759c00000|100%| O|  |TAMS 0x0000000759a00000| PB 0x0000000759a00000| Untracked 
| 206|0x0000000759c00000, 0x0000000759c00000, 0x0000000759e00000|  0%| F|  |TAMS 0x0000000759c00000| PB 0x0000000759c00000| Untracked 
| 207|0x0000000759e00000, 0x000000075a000000, 0x000000075a000000|100%| O|  |TAMS 0x0000000759e00000| PB 0x0000000759e00000| Untracked 
| 208|0x000000075a000000, 0x000000075a200000, 0x000000075a200000|100%| O|  |TAMS 0x000000075a000000| PB 0x000000075a000000| Untracked 
| 209|0x000000075a200000, 0x000000075a400000, 0x000000075a400000|100%| O|  |TAMS 0x000000075a200000| PB 0x000000075a200000| Untracked 
| 210|0x000000075a400000, 0x000000075a600000, 0x000000075a600000|100%| O|  |TAMS 0x000000075a400000| PB 0x000000075a400000| Untracked 
| 211|0x000000075a600000, 0x000000075a800000, 0x000000075a800000|100%|HS|  |TAMS 0x000000075a600000| PB 0x000000075a600000| Complete 
| 212|0x000000075a800000, 0x000000075aa00000, 0x000000075aa00000|100%| O|  |TAMS 0x000000075a800000| PB 0x000000075a800000| Untracked 
| 213|0x000000075aa00000, 0x000000075ac00000, 0x000000075ac00000|100%| O|  |TAMS 0x000000075aa00000| PB 0x000000075aa00000| Untracked 
| 214|0x000000075ac00000, 0x000000075ae00000, 0x000000075ae00000|100%| O|  |TAMS 0x000000075ac00000| PB 0x000000075ac00000| Untracked 
| 215|0x000000075ae00000, 0x000000075b000000, 0x000000075b000000|100%| O|  |TAMS 0x000000075ae00000| PB 0x000000075ae00000| Untracked 
| 216|0x000000075b000000, 0x000000075b200000, 0x000000075b200000|100%| O|  |TAMS 0x000000075b000000| PB 0x000000075b000000| Untracked 
| 217|0x000000075b200000, 0x000000075b400000, 0x000000075b400000|100%| O|  |TAMS 0x000000075b200000| PB 0x000000075b200000| Untracked 
| 218|0x000000075b400000, 0x000000075b600000, 0x000000075b600000|100%| O|  |TAMS 0x000000075b400000| PB 0x000000075b400000| Untracked 
| 219|0x000000075b600000, 0x000000075b800000, 0x000000075b800000|100%| O|  |TAMS 0x000000075b600000| PB 0x000000075b600000| Untracked 
| 220|0x000000075b800000, 0x000000075ba00000, 0x000000075ba00000|100%| O|  |TAMS 0x000000075b800000| PB 0x000000075b800000| Untracked 
| 221|0x000000075ba00000, 0x000000075bc00000, 0x000000075bc00000|100%| O|  |TAMS 0x000000075ba00000| PB 0x000000075ba00000| Untracked 
| 222|0x000000075bc00000, 0x000000075be00000, 0x000000075be00000|100%| O|  |TAMS 0x000000075bc00000| PB 0x000000075bc00000| Untracked 
| 223|0x000000075be00000, 0x000000075c000000, 0x000000075c000000|100%| O|  |TAMS 0x000000075be00000| PB 0x000000075be00000| Untracked 
| 224|0x000000075c000000, 0x000000075c200000, 0x000000075c200000|100%| O|  |TAMS 0x000000075c000000| PB 0x000000075c000000| Untracked 
| 225|0x000000075c200000, 0x000000075c400000, 0x000000075c400000|100%| O|  |TAMS 0x000000075c200000| PB 0x000000075c200000| Untracked 
| 226|0x000000075c400000, 0x000000075c600000, 0x000000075c600000|100%| O|  |TAMS 0x000000075c400000| PB 0x000000075c400000| Untracked 
| 227|0x000000075c600000, 0x000000075c800000, 0x000000075c800000|100%| O|  |TAMS 0x000000075c600000| PB 0x000000075c600000| Untracked 
| 228|0x000000075c800000, 0x000000075ca00000, 0x000000075ca00000|100%| O|  |TAMS 0x000000075c800000| PB 0x000000075c800000| Untracked 
| 229|0x000000075ca00000, 0x000000075cc00000, 0x000000075cc00000|100%| O|  |TAMS 0x000000075ca00000| PB 0x000000075ca00000| Untracked 
| 230|0x000000075cc00000, 0x000000075ce00000, 0x000000075ce00000|100%| O|  |TAMS 0x000000075cc00000| PB 0x000000075cc00000| Untracked 
| 231|0x000000075ce00000, 0x000000075d000000, 0x000000075d000000|100%| O|  |TAMS 0x000000075ce00000| PB 0x000000075ce00000| Untracked 
| 232|0x000000075d000000, 0x000000075d200000, 0x000000075d200000|100%| O|  |TAMS 0x000000075d000000| PB 0x000000075d000000| Untracked 
| 233|0x000000075d200000, 0x000000075d400000, 0x000000075d400000|100%| O|  |TAMS 0x000000075d200000| PB 0x000000075d200000| Untracked 
| 234|0x000000075d400000, 0x000000075d600000, 0x000000075d600000|100%| O|  |TAMS 0x000000075d400000| PB 0x000000075d400000| Untracked 
| 235|0x000000075d600000, 0x000000075d800000, 0x000000075d800000|100%| O|  |TAMS 0x000000075d600000| PB 0x000000075d600000| Untracked 
| 236|0x000000075d800000, 0x000000075da00000, 0x000000075da00000|100%| O|  |TAMS 0x000000075d800000| PB 0x000000075d800000| Untracked 
| 237|0x000000075da00000, 0x000000075dc00000, 0x000000075dc00000|100%| O|  |TAMS 0x000000075da00000| PB 0x000000075da00000| Untracked 
| 238|0x000000075dc00000, 0x000000075de00000, 0x000000075de00000|100%| O|  |TAMS 0x000000075dc00000| PB 0x000000075dc00000| Untracked 
| 239|0x000000075de00000, 0x000000075e000000, 0x000000075e000000|100%| O|  |TAMS 0x000000075de00000| PB 0x000000075de00000| Untracked 
| 240|0x000000075e000000, 0x000000075e000000, 0x000000075e200000|  0%| F|  |TAMS 0x000000075e000000| PB 0x000000075e000000| Untracked 
| 241|0x000000075e200000, 0x000000075e400000, 0x000000075e400000|100%| O|  |TAMS 0x000000075e200000| PB 0x000000075e200000| Untracked 
| 242|0x000000075e400000, 0x000000075e600000, 0x000000075e600000|100%| O|  |TAMS 0x000000075e400000| PB 0x000000075e400000| Untracked 
| 243|0x000000075e600000, 0x000000075e800000, 0x000000075e800000|100%|HS|  |TAMS 0x000000075e600000| PB 0x000000075e600000| Complete 
| 244|0x000000075e800000, 0x000000075e800000, 0x000000075ea00000|  0%| F|  |TAMS 0x000000075e800000| PB 0x000000075e800000| Untracked 
| 245|0x000000075ea00000, 0x000000075ec00000, 0x000000075ec00000|100%| O|  |TAMS 0x000000075ea00000| PB 0x000000075ea00000| Untracked 
| 246|0x000000075ec00000, 0x000000075ee00000, 0x000000075ee00000|100%| O|  |TAMS 0x000000075ec00000| PB 0x000000075ec00000| Untracked 
| 247|0x000000075ee00000, 0x000000075ee00000, 0x000000075f000000|  0%| F|  |TAMS 0x000000075ee00000| PB 0x000000075ee00000| Untracked 
| 248|0x000000075f000000, 0x000000075f200000, 0x000000075f200000|100%| O|  |TAMS 0x000000075f000000| PB 0x000000075f000000| Untracked 
| 249|0x000000075f200000, 0x000000075f400000, 0x000000075f400000|100%| O|  |TAMS 0x000000075f200000| PB 0x000000075f200000| Untracked 
| 250|0x000000075f400000, 0x000000075f600000, 0x000000075f600000|100%| O|  |TAMS 0x000000075f400000| PB 0x000000075f400000| Untracked 
| 251|0x000000075f600000, 0x000000075f800000, 0x000000075f800000|100%|HS|  |TAMS 0x000000075f600000| PB 0x000000075f600000| Complete 
| 252|0x000000075f800000, 0x000000075fa00000, 0x000000075fa00000|100%|HC|  |TAMS 0x000000075f800000| PB 0x000000075f800000| Complete 
| 253|0x000000075fa00000, 0x000000075fc00000, 0x000000075fc00000|100%| O|  |TAMS 0x000000075fa00000| PB 0x000000075fa00000| Untracked 
| 254|0x000000075fc00000, 0x000000075fe00000, 0x000000075fe00000|100%| O|  |TAMS 0x000000075fc00000| PB 0x000000075fc00000| Untracked 
| 255|0x000000075fe00000, 0x0000000760000000, 0x0000000760000000|100%| O|  |TAMS 0x000000075fe00000| PB 0x000000075fe00000| Untracked 
| 256|0x0000000760000000, 0x0000000760200000, 0x0000000760200000|100%| O|  |TAMS 0x0000000760000000| PB 0x0000000760000000| Untracked 
| 257|0x0000000760200000, 0x0000000760400000, 0x0000000760400000|100%| O|  |TAMS 0x0000000760200000| PB 0x0000000760200000| Untracked 
| 258|0x0000000760400000, 0x0000000760600000, 0x0000000760600000|100%|HS|  |TAMS 0x0000000760400000| PB 0x0000000760400000| Complete 
| 259|0x0000000760600000, 0x0000000760800000, 0x0000000760800000|100%|HC|  |TAMS 0x0000000760600000| PB 0x0000000760600000| Complete 
| 260|0x0000000760800000, 0x0000000760a00000, 0x0000000760a00000|100%| O|  |TAMS 0x0000000760800000| PB 0x0000000760800000| Untracked 
| 261|0x0000000760a00000, 0x0000000760c00000, 0x0000000760c00000|100%| O|  |TAMS 0x0000000760a00000| PB 0x0000000760a00000| Untracked 
| 262|0x0000000760c00000, 0x0000000760e00000, 0x0000000760e00000|100%| O|  |TAMS 0x0000000760c00000| PB 0x0000000760c00000| Untracked 
| 263|0x0000000760e00000, 0x0000000761000000, 0x0000000761000000|100%| O|  |TAMS 0x0000000760e00000| PB 0x0000000760e00000| Untracked 
| 264|0x0000000761000000, 0x0000000761200000, 0x0000000761200000|100%| O|  |TAMS 0x0000000761000000| PB 0x0000000761000000| Untracked 
| 265|0x0000000761200000, 0x0000000761400000, 0x0000000761400000|100%| O|  |TAMS 0x0000000761200000| PB 0x0000000761200000| Untracked 
| 266|0x0000000761400000, 0x0000000761600000, 0x0000000761600000|100%| O|  |TAMS 0x0000000761400000| PB 0x0000000761400000| Untracked 
| 267|0x0000000761600000, 0x0000000761800000, 0x0000000761800000|100%| O|  |TAMS 0x0000000761600000| PB 0x0000000761600000| Untracked 
| 268|0x0000000761800000, 0x0000000761a00000, 0x0000000761a00000|100%| O|  |TAMS 0x0000000761800000| PB 0x0000000761800000| Untracked 
| 269|0x0000000761a00000, 0x0000000761c00000, 0x0000000761c00000|100%| O|  |TAMS 0x0000000761a00000| PB 0x0000000761a00000| Untracked 
| 270|0x0000000761c00000, 0x0000000761e00000, 0x0000000761e00000|100%| O|  |TAMS 0x0000000761c00000| PB 0x0000000761c00000| Untracked 
| 271|0x0000000761e00000, 0x0000000762000000, 0x0000000762000000|100%| O|  |TAMS 0x0000000761e00000| PB 0x0000000761e00000| Untracked 
| 272|0x0000000762000000, 0x0000000762200000, 0x0000000762200000|100%| O|  |TAMS 0x0000000762000000| PB 0x0000000762000000| Untracked 
| 273|0x0000000762200000, 0x0000000762400000, 0x0000000762400000|100%| O|  |TAMS 0x0000000762200000| PB 0x0000000762200000| Untracked 
| 274|0x0000000762400000, 0x0000000762600000, 0x0000000762600000|100%| O|  |TAMS 0x0000000762400000| PB 0x0000000762400000| Untracked 
| 275|0x0000000762600000, 0x0000000762800000, 0x0000000762800000|100%| O|  |TAMS 0x0000000762600000| PB 0x0000000762600000| Untracked 
| 276|0x0000000762800000, 0x0000000762a00000, 0x0000000762a00000|100%| O|  |TAMS 0x0000000762800000| PB 0x0000000762800000| Untracked 
| 277|0x0000000762a00000, 0x0000000762c00000, 0x0000000762c00000|100%| O|  |TAMS 0x0000000762a00000| PB 0x0000000762a00000| Untracked 
| 278|0x0000000762c00000, 0x0000000762e00000, 0x0000000762e00000|100%| O|  |TAMS 0x0000000762c00000| PB 0x0000000762c00000| Untracked 
| 279|0x0000000762e00000, 0x0000000763000000, 0x0000000763000000|100%| O|  |TAMS 0x0000000762e00000| PB 0x0000000762e00000| Untracked 
| 280|0x0000000763000000, 0x0000000763200000, 0x0000000763200000|100%| O|  |TAMS 0x0000000763000000| PB 0x0000000763000000| Untracked 
| 281|0x0000000763200000, 0x0000000763200000, 0x0000000763400000|  0%| F|  |TAMS 0x0000000763200000| PB 0x0000000763200000| Untracked 
| 282|0x0000000763400000, 0x0000000763600000, 0x0000000763600000|100%| O|  |TAMS 0x0000000763400000| PB 0x0000000763400000| Untracked 
| 283|0x0000000763600000, 0x0000000763800000, 0x0000000763800000|100%| O|  |TAMS 0x0000000763600000| PB 0x0000000763600000| Untracked 
| 284|0x0000000763800000, 0x0000000763a00000, 0x0000000763a00000|100%|HS|  |TAMS 0x0000000763800000| PB 0x0000000763800000| Complete 
| 285|0x0000000763a00000, 0x0000000763c00000, 0x0000000763c00000|100%| O|  |TAMS 0x0000000763a00000| PB 0x0000000763a00000| Untracked 
| 286|0x0000000763c00000, 0x0000000763c00000, 0x0000000763e00000|  0%| F|  |TAMS 0x0000000763c00000| PB 0x0000000763c00000| Untracked 
| 287|0x0000000763e00000, 0x0000000764000000, 0x0000000764000000|100%|HS|  |TAMS 0x0000000763e00000| PB 0x0000000763e00000| Complete 
| 288|0x0000000764000000, 0x0000000764200000, 0x0000000764200000|100%| O|  |TAMS 0x0000000764000000| PB 0x0000000764000000| Untracked 
| 289|0x0000000764200000, 0x0000000764400000, 0x0000000764400000|100%| O|  |TAMS 0x0000000764200000| PB 0x0000000764200000| Untracked 
| 290|0x0000000764400000, 0x0000000764600000, 0x0000000764600000|100%| O|  |TAMS 0x0000000764400000| PB 0x0000000764400000| Untracked 
| 291|0x0000000764600000, 0x0000000764800000, 0x0000000764800000|100%| O|  |TAMS 0x0000000764600000| PB 0x0000000764600000| Untracked 
| 292|0x0000000764800000, 0x0000000764a00000, 0x0000000764a00000|100%| O|  |TAMS 0x0000000764800000| PB 0x0000000764800000| Untracked 
| 293|0x0000000764a00000, 0x0000000764c00000, 0x0000000764c00000|100%| O|  |TAMS 0x0000000764a00000| PB 0x0000000764a00000| Untracked 
| 294|0x0000000764c00000, 0x0000000764e00000, 0x0000000764e00000|100%| O|  |TAMS 0x0000000764c00000| PB 0x0000000764c00000| Untracked 
| 295|0x0000000764e00000, 0x0000000765000000, 0x0000000765000000|100%| O|  |TAMS 0x0000000764e00000| PB 0x0000000764e00000| Untracked 
| 296|0x0000000765000000, 0x0000000765200000, 0x0000000765200000|100%| O|  |TAMS 0x0000000765000000| PB 0x0000000765000000| Untracked 
| 297|0x0000000765200000, 0x0000000765400000, 0x0000000765400000|100%| O|  |TAMS 0x0000000765200000| PB 0x0000000765200000| Untracked 
| 298|0x0000000765400000, 0x0000000765600000, 0x0000000765600000|100%| O|  |TAMS 0x0000000765400000| PB 0x0000000765400000| Untracked 
| 299|0x0000000765600000, 0x0000000765800000, 0x0000000765800000|100%|HS|  |TAMS 0x0000000765600000| PB 0x0000000765600000| Complete 
| 300|0x0000000765800000, 0x0000000765a00000, 0x0000000765a00000|100%|HS|  |TAMS 0x0000000765800000| PB 0x0000000765800000| Complete 
| 301|0x0000000765a00000, 0x0000000765c00000, 0x0000000765c00000|100%| O|  |TAMS 0x0000000765a00000| PB 0x0000000765a00000| Untracked 
| 302|0x0000000765c00000, 0x0000000765e00000, 0x0000000765e00000|100%| O|  |TAMS 0x0000000765c00000| PB 0x0000000765c00000| Untracked 
| 303|0x0000000765e00000, 0x0000000766000000, 0x0000000766000000|100%| O|  |TAMS 0x0000000765e00000| PB 0x0000000765e00000| Untracked 
| 304|0x0000000766000000, 0x0000000766200000, 0x0000000766200000|100%| O|  |TAMS 0x0000000766000000| PB 0x0000000766000000| Untracked 
| 305|0x0000000766200000, 0x0000000766400000, 0x0000000766400000|100%| O|  |TAMS 0x0000000766200000| PB 0x0000000766200000| Untracked 
| 306|0x0000000766400000, 0x0000000766600000, 0x0000000766600000|100%| O|  |TAMS 0x0000000766400000| PB 0x0000000766400000| Untracked 
| 307|0x0000000766600000, 0x0000000766800000, 0x0000000766800000|100%| O|  |TAMS 0x0000000766600000| PB 0x0000000766600000| Untracked 
| 308|0x0000000766800000, 0x0000000766a00000, 0x0000000766a00000|100%| O|  |TAMS 0x0000000766800000| PB 0x0000000766800000| Untracked 
| 309|0x0000000766a00000, 0x0000000766c00000, 0x0000000766c00000|100%| O|  |TAMS 0x0000000766a00000| PB 0x0000000766a00000| Untracked 
| 310|0x0000000766c00000, 0x0000000766e00000, 0x0000000766e00000|100%| O|  |TAMS 0x0000000766c00000| PB 0x0000000766c00000| Untracked 
| 311|0x0000000766e00000, 0x0000000767000000, 0x0000000767000000|100%| O|  |TAMS 0x0000000766e00000| PB 0x0000000766e00000| Untracked 
| 312|0x0000000767000000, 0x0000000767200000, 0x0000000767200000|100%| O|  |TAMS 0x0000000767000000| PB 0x0000000767000000| Untracked 
| 313|0x0000000767200000, 0x0000000767400000, 0x0000000767400000|100%| O|  |TAMS 0x0000000767200000| PB 0x0000000767200000| Untracked 
| 314|0x0000000767400000, 0x0000000767600000, 0x0000000767600000|100%| O|  |TAMS 0x0000000767400000| PB 0x0000000767400000| Untracked 
| 315|0x0000000767600000, 0x0000000767800000, 0x0000000767800000|100%| O|  |TAMS 0x0000000767600000| PB 0x0000000767600000| Untracked 
| 316|0x0000000767800000, 0x0000000767800000, 0x0000000767a00000|  0%| F|  |TAMS 0x0000000767800000| PB 0x0000000767800000| Untracked 
| 317|0x0000000767a00000, 0x0000000767c00000, 0x0000000767c00000|100%| O|  |TAMS 0x0000000767a00000| PB 0x0000000767a00000| Untracked 
| 318|0x0000000767c00000, 0x0000000767e00000, 0x0000000767e00000|100%| O|  |TAMS 0x0000000767c00000| PB 0x0000000767c00000| Untracked 
| 319|0x0000000767e00000, 0x0000000768000000, 0x0000000768000000|100%| O|  |TAMS 0x0000000767e00000| PB 0x0000000767e00000| Untracked 
| 320|0x0000000768000000, 0x0000000768200000, 0x0000000768200000|100%| O|  |TAMS 0x0000000768000000| PB 0x0000000768000000| Untracked 
| 321|0x0000000768200000, 0x0000000768400000, 0x0000000768400000|100%| O|  |TAMS 0x0000000768200000| PB 0x0000000768200000| Untracked 
| 322|0x0000000768400000, 0x0000000768600000, 0x0000000768600000|100%| O|  |TAMS 0x0000000768400000| PB 0x0000000768400000| Untracked 
| 323|0x0000000768600000, 0x0000000768800000, 0x0000000768800000|100%| O|  |TAMS 0x0000000768600000| PB 0x0000000768600000| Untracked 
| 324|0x0000000768800000, 0x0000000768a00000, 0x0000000768a00000|100%| O|  |TAMS 0x0000000768800000| PB 0x0000000768800000| Untracked 
| 325|0x0000000768a00000, 0x0000000768c00000, 0x0000000768c00000|100%| O|  |TAMS 0x0000000768a00000| PB 0x0000000768a00000| Untracked 
| 326|0x0000000768c00000, 0x0000000768e00000, 0x0000000768e00000|100%| O|  |TAMS 0x0000000768c00000| PB 0x0000000768c00000| Untracked 
| 327|0x0000000768e00000, 0x0000000769000000, 0x0000000769000000|100%|HS|  |TAMS 0x0000000768e00000| PB 0x0000000768e00000| Complete 
| 328|0x0000000769000000, 0x0000000769200000, 0x0000000769200000|100%|HC|  |TAMS 0x0000000769000000| PB 0x0000000769000000| Complete 
| 329|0x0000000769200000, 0x0000000769400000, 0x0000000769400000|100%|HC|  |TAMS 0x0000000769200000| PB 0x0000000769200000| Complete 
| 330|0x0000000769400000, 0x0000000769600000, 0x0000000769600000|100%|HC|  |TAMS 0x0000000769400000| PB 0x0000000769400000| Complete 
| 331|0x0000000769600000, 0x0000000769800000, 0x0000000769800000|100%| O|  |TAMS 0x0000000769600000| PB 0x0000000769600000| Untracked 
| 332|0x0000000769800000, 0x0000000769a00000, 0x0000000769a00000|100%| O|  |TAMS 0x0000000769800000| PB 0x0000000769800000| Untracked 
| 333|0x0000000769a00000, 0x0000000769c00000, 0x0000000769c00000|100%|HS|  |TAMS 0x0000000769a00000| PB 0x0000000769a00000| Complete 
| 334|0x0000000769c00000, 0x0000000769e00000, 0x0000000769e00000|100%| O|  |TAMS 0x0000000769c00000| PB 0x0000000769c00000| Untracked 
| 335|0x0000000769e00000, 0x000000076a000000, 0x000000076a000000|100%| O|  |TAMS 0x0000000769e00000| PB 0x0000000769e00000| Untracked 
| 336|0x000000076a000000, 0x000000076a200000, 0x000000076a200000|100%| O|  |TAMS 0x000000076a000000| PB 0x000000076a000000| Untracked 
| 337|0x000000076a200000, 0x000000076a400000, 0x000000076a400000|100%| O|  |TAMS 0x000000076a200000| PB 0x000000076a200000| Untracked 
| 338|0x000000076a400000, 0x000000076a600000, 0x000000076a600000|100%| O|  |TAMS 0x000000076a400000| PB 0x000000076a400000| Untracked 
| 339|0x000000076a600000, 0x000000076a800000, 0x000000076a800000|100%| O|  |TAMS 0x000000076a600000| PB 0x000000076a600000| Untracked 
| 340|0x000000076a800000, 0x000000076aa00000, 0x000000076aa00000|100%| O|  |TAMS 0x000000076a800000| PB 0x000000076a800000| Untracked 
| 341|0x000000076aa00000, 0x000000076ac00000, 0x000000076ac00000|100%| O|  |TAMS 0x000000076aa00000| PB 0x000000076aa00000| Untracked 
| 342|0x000000076ac00000, 0x000000076ae00000, 0x000000076ae00000|100%| O|  |TAMS 0x000000076ac00000| PB 0x000000076ac00000| Untracked 
| 343|0x000000076ae00000, 0x000000076b000000, 0x000000076b000000|100%| O|  |TAMS 0x000000076ae00000| PB 0x000000076ae00000| Untracked 
| 344|0x000000076b000000, 0x000000076b000000, 0x000000076b200000|  0%| F|  |TAMS 0x000000076b000000| PB 0x000000076b000000| Untracked 
| 345|0x000000076b200000, 0x000000076b200000, 0x000000076b400000|  0%| F|  |TAMS 0x000000076b200000| PB 0x000000076b200000| Untracked 
| 346|0x000000076b400000, 0x000000076b600000, 0x000000076b600000|100%| O|  |TAMS 0x000000076b400000| PB 0x000000076b400000| Untracked 
| 347|0x000000076b600000, 0x000000076b800000, 0x000000076b800000|100%| O|  |TAMS 0x000000076b600000| PB 0x000000076b600000| Untracked 
| 348|0x000000076b800000, 0x000000076ba00000, 0x000000076ba00000|100%| O|  |TAMS 0x000000076b800000| PB 0x000000076b800000| Untracked 
| 349|0x000000076ba00000, 0x000000076bc00000, 0x000000076bc00000|100%| O|  |TAMS 0x000000076ba00000| PB 0x000000076ba00000| Untracked 
| 350|0x000000076bc00000, 0x000000076be00000, 0x000000076be00000|100%|HS|  |TAMS 0x000000076bc00000| PB 0x000000076bc00000| Complete 
| 351|0x000000076be00000, 0x000000076c000000, 0x000000076c000000|100%| O|  |TAMS 0x000000076be00000| PB 0x000000076be00000| Untracked 
| 352|0x000000076c000000, 0x000000076c200000, 0x000000076c200000|100%| O|  |TAMS 0x000000076c000000| PB 0x000000076c000000| Untracked 
| 353|0x000000076c200000, 0x000000076c400000, 0x000000076c400000|100%| O|  |TAMS 0x000000076c200000| PB 0x000000076c200000| Untracked 
| 354|0x000000076c400000, 0x000000076c600000, 0x000000076c600000|100%| O|  |TAMS 0x000000076c400000| PB 0x000000076c400000| Untracked 
| 355|0x000000076c600000, 0x000000076c800000, 0x000000076c800000|100%| O|  |TAMS 0x000000076c600000| PB 0x000000076c600000| Untracked 
| 356|0x000000076c800000, 0x000000076ca00000, 0x000000076ca00000|100%| O|  |TAMS 0x000000076c800000| PB 0x000000076c800000| Untracked 
| 357|0x000000076ca00000, 0x000000076cc00000, 0x000000076cc00000|100%| O|  |TAMS 0x000000076ca00000| PB 0x000000076ca00000| Untracked 
| 358|0x000000076cc00000, 0x000000076ce00000, 0x000000076ce00000|100%| O|  |TAMS 0x000000076cc00000| PB 0x000000076cc00000| Untracked 
| 359|0x000000076ce00000, 0x000000076d000000, 0x000000076d000000|100%| O|  |TAMS 0x000000076ce00000| PB 0x000000076ce00000| Untracked 
| 360|0x000000076d000000, 0x000000076d200000, 0x000000076d200000|100%| O|  |TAMS 0x000000076d000000| PB 0x000000076d000000| Untracked 
| 361|0x000000076d200000, 0x000000076d400000, 0x000000076d400000|100%| O|  |TAMS 0x000000076d200000| PB 0x000000076d200000| Untracked 
| 362|0x000000076d400000, 0x000000076d600000, 0x000000076d600000|100%| O|  |TAMS 0x000000076d400000| PB 0x000000076d400000| Untracked 
| 363|0x000000076d600000, 0x000000076d800000, 0x000000076d800000|100%| O|  |TAMS 0x000000076d600000| PB 0x000000076d600000| Untracked 
| 364|0x000000076d800000, 0x000000076da00000, 0x000000076da00000|100%| O|  |TAMS 0x000000076d800000| PB 0x000000076d800000| Untracked 
| 365|0x000000076da00000, 0x000000076dc00000, 0x000000076dc00000|100%| O|  |TAMS 0x000000076da00000| PB 0x000000076da00000| Untracked 
| 366|0x000000076dc00000, 0x000000076dc00000, 0x000000076de00000|  0%| F|  |TAMS 0x000000076dc00000| PB 0x000000076dc00000| Untracked 
| 367|0x000000076de00000, 0x000000076e000000, 0x000000076e000000|100%| O|  |TAMS 0x000000076de00000| PB 0x000000076de00000| Untracked 
| 368|0x000000076e000000, 0x000000076e200000, 0x000000076e200000|100%| O|  |TAMS 0x000000076e000000| PB 0x000000076e000000| Untracked 
| 369|0x000000076e200000, 0x000000076e400000, 0x000000076e400000|100%| O|  |TAMS 0x000000076e200000| PB 0x000000076e200000| Untracked 
| 370|0x000000076e400000, 0x000000076e600000, 0x000000076e600000|100%| O|  |TAMS 0x000000076e400000| PB 0x000000076e400000| Untracked 
| 371|0x000000076e600000, 0x000000076e800000, 0x000000076e800000|100%| O|  |TAMS 0x000000076e600000| PB 0x000000076e600000| Untracked 
| 372|0x000000076e800000, 0x000000076ea00000, 0x000000076ea00000|100%| O|  |TAMS 0x000000076e800000| PB 0x000000076e800000| Untracked 
| 373|0x000000076ea00000, 0x000000076ec00000, 0x000000076ec00000|100%| O|  |TAMS 0x000000076ea00000| PB 0x000000076ea00000| Untracked 
| 374|0x000000076ec00000, 0x000000076ee00000, 0x000000076ee00000|100%| O|  |TAMS 0x000000076ec00000| PB 0x000000076ec00000| Untracked 
| 375|0x000000076ee00000, 0x000000076f000000, 0x000000076f000000|100%| O|  |TAMS 0x000000076ee00000| PB 0x000000076ee00000| Untracked 
| 376|0x000000076f000000, 0x000000076f200000, 0x000000076f200000|100%| O|  |TAMS 0x000000076f000000| PB 0x000000076f000000| Untracked 
| 377|0x000000076f200000, 0x000000076f400000, 0x000000076f400000|100%| O|  |TAMS 0x000000076f200000| PB 0x000000076f200000| Untracked 
| 378|0x000000076f400000, 0x000000076f600000, 0x000000076f600000|100%| O|  |TAMS 0x000000076f400000| PB 0x000000076f400000| Untracked 
| 379|0x000000076f600000, 0x000000076f800000, 0x000000076f800000|100%| O|  |TAMS 0x000000076f600000| PB 0x000000076f600000| Untracked 
| 380|0x000000076f800000, 0x000000076fa00000, 0x000000076fa00000|100%| O|  |TAMS 0x000000076f800000| PB 0x000000076f800000| Untracked 
| 381|0x000000076fa00000, 0x000000076fc00000, 0x000000076fc00000|100%| O|  |TAMS 0x000000076fa00000| PB 0x000000076fa00000| Untracked 
| 382|0x000000076fc00000, 0x000000076fe00000, 0x000000076fe00000|100%| S|CS|TAMS 0x000000076fc00000| PB 0x000000076fc00000| Complete 
| 383|0x000000076fe00000, 0x0000000770000000, 0x0000000770000000|100%| S|CS|TAMS 0x000000076fe00000| PB 0x000000076fe00000| Complete 
| 384|0x0000000770000000, 0x0000000770200000, 0x0000000770200000|100%| S|CS|TAMS 0x0000000770000000| PB 0x0000000770000000| Complete 
| 385|0x0000000770200000, 0x0000000770400000, 0x0000000770400000|100%| S|CS|TAMS 0x0000000770200000| PB 0x0000000770200000| Complete 
| 386|0x0000000770400000, 0x0000000770600000, 0x0000000770600000|100%| S|CS|TAMS 0x0000000770400000| PB 0x0000000770400000| Complete 
| 387|0x0000000770600000, 0x0000000770800000, 0x0000000770800000|100%| S|CS|TAMS 0x0000000770600000| PB 0x0000000770600000| Complete 
| 388|0x0000000770800000, 0x0000000770a00000, 0x0000000770a00000|100%| S|CS|TAMS 0x0000000770800000| PB 0x0000000770800000| Complete 
| 389|0x0000000770a00000, 0x0000000770c00000, 0x0000000770c00000|100%| S|CS|TAMS 0x0000000770a00000| PB 0x0000000770a00000| Complete 
| 390|0x0000000770c00000, 0x0000000770e00000, 0x0000000770e00000|100%| S|CS|TAMS 0x0000000770c00000| PB 0x0000000770c00000| Complete 
| 391|0x0000000770e00000, 0x0000000771000000, 0x0000000771000000|100%| S|CS|TAMS 0x0000000770e00000| PB 0x0000000770e00000| Complete 
| 392|0x0000000771000000, 0x0000000771200000, 0x0000000771200000|100%| S|CS|TAMS 0x0000000771000000| PB 0x0000000771000000| Complete 
| 393|0x0000000771200000, 0x0000000771400000, 0x0000000771400000|100%| S|CS|TAMS 0x0000000771200000| PB 0x0000000771200000| Complete 
| 394|0x0000000771400000, 0x0000000771600000, 0x0000000771600000|100%| S|CS|TAMS 0x0000000771400000| PB 0x0000000771400000| Complete 
| 395|0x0000000771600000, 0x0000000771800000, 0x0000000771800000|100%| S|CS|TAMS 0x0000000771600000| PB 0x0000000771600000| Complete 
| 396|0x0000000771800000, 0x0000000771a00000, 0x0000000771a00000|100%| S|CS|TAMS 0x0000000771800000| PB 0x0000000771800000| Complete 
| 397|0x0000000771a00000, 0x0000000771c00000, 0x0000000771c00000|100%| S|CS|TAMS 0x0000000771a00000| PB 0x0000000771a00000| Complete 
| 398|0x0000000771c00000, 0x0000000771e00000, 0x0000000771e00000|100%| S|CS|TAMS 0x0000000771c00000| PB 0x0000000771c00000| Complete 
| 399|0x0000000771e00000, 0x0000000772000000, 0x0000000772000000|100%| S|CS|TAMS 0x0000000771e00000| PB 0x0000000771e00000| Complete 
| 400|0x0000000772000000, 0x0000000772200000, 0x0000000772200000|100%| S|CS|TAMS 0x0000000772000000| PB 0x0000000772000000| Complete 
| 401|0x0000000772200000, 0x0000000772400000, 0x0000000772400000|100%| S|CS|TAMS 0x0000000772200000| PB 0x0000000772200000| Complete 
| 402|0x0000000772400000, 0x0000000772600000, 0x0000000772600000|100%| S|CS|TAMS 0x0000000772400000| PB 0x0000000772400000| Complete 
| 403|0x0000000772600000, 0x0000000772800000, 0x0000000772800000|100%| S|CS|TAMS 0x0000000772600000| PB 0x0000000772600000| Complete 
| 404|0x0000000772800000, 0x0000000772a00000, 0x0000000772a00000|100%| S|CS|TAMS 0x0000000772800000| PB 0x0000000772800000| Complete 
| 405|0x0000000772a00000, 0x0000000772c00000, 0x0000000772c00000|100%| S|CS|TAMS 0x0000000772a00000| PB 0x0000000772a00000| Complete 
| 406|0x0000000772c00000, 0x0000000772e00000, 0x0000000772e00000|100%| S|CS|TAMS 0x0000000772c00000| PB 0x0000000772c00000| Complete 
| 407|0x0000000772e00000, 0x0000000773000000, 0x0000000773000000|100%| S|CS|TAMS 0x0000000772e00000| PB 0x0000000772e00000| Complete 
| 408|0x0000000773000000, 0x0000000773200000, 0x0000000773200000|100%|HS|  |TAMS 0x0000000773000000| PB 0x0000000773000000| Complete 
| 409|0x0000000773200000, 0x0000000773400000, 0x0000000773400000|100%|HC|  |TAMS 0x0000000773200000| PB 0x0000000773200000| Complete 
| 410|0x0000000773400000, 0x0000000773600000, 0x0000000773600000|100%| O|  |TAMS 0x0000000773400000| PB 0x0000000773400000| Untracked 
| 411|0x0000000773600000, 0x0000000773800000, 0x0000000773800000|100%| S|CS|TAMS 0x0000000773600000| PB 0x0000000773600000| Complete 
| 412|0x0000000773800000, 0x0000000773a00000, 0x0000000773a00000|100%| S|CS|TAMS 0x0000000773800000| PB 0x0000000773800000| Complete 
| 413|0x0000000773a00000, 0x0000000773c00000, 0x0000000773c00000|100%| S|CS|TAMS 0x0000000773a00000| PB 0x0000000773a00000| Complete 
| 414|0x0000000773c00000, 0x0000000773e00000, 0x0000000773e00000|100%| S|CS|TAMS 0x0000000773c00000| PB 0x0000000773c00000| Complete 
| 415|0x0000000773e00000, 0x0000000774000000, 0x0000000774000000|100%| S|CS|TAMS 0x0000000773e00000| PB 0x0000000773e00000| Complete 
| 416|0x0000000774000000, 0x0000000774200000, 0x0000000774200000|100%| S|CS|TAMS 0x0000000774000000| PB 0x0000000774000000| Complete 
| 417|0x0000000774200000, 0x0000000774400000, 0x0000000774400000|100%| S|CS|TAMS 0x0000000774200000| PB 0x0000000774200000| Complete 
| 418|0x0000000774400000, 0x0000000774600000, 0x0000000774600000|100%| S|CS|TAMS 0x0000000774400000| PB 0x0000000774400000| Complete 
| 419|0x0000000774600000, 0x0000000774800000, 0x0000000774800000|100%| S|CS|TAMS 0x0000000774600000| PB 0x0000000774600000| Complete 
| 420|0x0000000774800000, 0x0000000774a00000, 0x0000000774a00000|100%| S|CS|TAMS 0x0000000774800000| PB 0x0000000774800000| Complete 
| 421|0x0000000774a00000, 0x0000000774c00000, 0x0000000774c00000|100%| S|CS|TAMS 0x0000000774a00000| PB 0x0000000774a00000| Complete 
| 422|0x0000000774c00000, 0x0000000774e00000, 0x0000000774e00000|100%| S|CS|TAMS 0x0000000774c00000| PB 0x0000000774c00000| Complete 
| 423|0x0000000774e00000, 0x0000000774e00000, 0x0000000775000000|  0%| F|  |TAMS 0x0000000774e00000| PB 0x0000000774e00000| Untracked 
| 424|0x0000000775000000, 0x0000000775000000, 0x0000000775200000|  0%| F|  |TAMS 0x0000000775000000| PB 0x0000000775000000| Untracked 
| 425|0x0000000775200000, 0x0000000775200000, 0x0000000775400000|  0%| F|  |TAMS 0x0000000775200000| PB 0x0000000775200000| Untracked 
| 426|0x0000000775400000, 0x0000000775400000, 0x0000000775600000|  0%| F|  |TAMS 0x0000000775400000| PB 0x0000000775400000| Untracked 
| 427|0x0000000775600000, 0x0000000775600000, 0x0000000775800000|  0%| F|  |TAMS 0x0000000775600000| PB 0x0000000775600000| Untracked 
| 428|0x0000000775800000, 0x0000000775800000, 0x0000000775a00000|  0%| F|  |TAMS 0x0000000775800000| PB 0x0000000775800000| Untracked 
| 429|0x0000000775a00000, 0x0000000775a00000, 0x0000000775c00000|  0%| F|  |TAMS 0x0000000775a00000| PB 0x0000000775a00000| Untracked 
| 430|0x0000000775c00000, 0x0000000775c00000, 0x0000000775e00000|  0%| F|  |TAMS 0x0000000775c00000| PB 0x0000000775c00000| Untracked 
| 431|0x0000000775e00000, 0x0000000775e00000, 0x0000000776000000|  0%| F|  |TAMS 0x0000000775e00000| PB 0x0000000775e00000| Untracked 
| 432|0x0000000776000000, 0x0000000776000000, 0x0000000776200000|  0%| F|  |TAMS 0x0000000776000000| PB 0x0000000776000000| Untracked 
| 433|0x0000000776200000, 0x0000000776200000, 0x0000000776400000|  0%| F|  |TAMS 0x0000000776200000| PB 0x0000000776200000| Untracked 
| 434|0x0000000776400000, 0x0000000776400000, 0x0000000776600000|  0%| F|  |TAMS 0x0000000776400000| PB 0x0000000776400000| Untracked 
| 435|0x0000000776600000, 0x0000000776600000, 0x0000000776800000|  0%| F|  |TAMS 0x0000000776600000| PB 0x0000000776600000| Untracked 
| 436|0x0000000776800000, 0x0000000776800000, 0x0000000776a00000|  0%| F|  |TAMS 0x0000000776800000| PB 0x0000000776800000| Untracked 
| 437|0x0000000776a00000, 0x0000000776a00000, 0x0000000776c00000|  0%| F|  |TAMS 0x0000000776a00000| PB 0x0000000776a00000| Untracked 
| 438|0x0000000776c00000, 0x0000000776c00000, 0x0000000776e00000|  0%| F|  |TAMS 0x0000000776c00000| PB 0x0000000776c00000| Untracked 
| 439|0x0000000776e00000, 0x0000000776e00000, 0x0000000777000000|  0%| F|  |TAMS 0x0000000776e00000| PB 0x0000000776e00000| Untracked 
| 440|0x0000000777000000, 0x0000000777000000, 0x0000000777200000|  0%| F|  |TAMS 0x0000000777000000| PB 0x0000000777000000| Untracked 
| 441|0x0000000777200000, 0x0000000777200000, 0x0000000777400000|  0%| F|  |TAMS 0x0000000777200000| PB 0x0000000777200000| Untracked 
| 442|0x0000000777400000, 0x0000000777400000, 0x0000000777600000|  0%| F|  |TAMS 0x0000000777400000| PB 0x0000000777400000| Untracked 
| 443|0x0000000777600000, 0x0000000777600000, 0x0000000777800000|  0%| F|  |TAMS 0x0000000777600000| PB 0x0000000777600000| Untracked 
| 444|0x0000000777800000, 0x0000000777800000, 0x0000000777a00000|  0%| F|  |TAMS 0x0000000777800000| PB 0x0000000777800000| Untracked 
| 445|0x0000000777a00000, 0x0000000777c00000, 0x0000000777c00000|100%| O|  |TAMS 0x0000000777a00000| PB 0x0000000777a00000| Untracked 
| 446|0x0000000777c00000, 0x0000000777e00000, 0x0000000777e00000|100%| O|  |TAMS 0x0000000777c00000| PB 0x0000000777c00000| Untracked 
| 447|0x0000000777e00000, 0x0000000777e00000, 0x0000000778000000|  0%| F|  |TAMS 0x0000000777e00000| PB 0x0000000777e00000| Untracked 
| 448|0x0000000778000000, 0x0000000778000000, 0x0000000778200000|  0%| F|  |TAMS 0x0000000778000000| PB 0x0000000778000000| Untracked 
| 449|0x0000000778200000, 0x0000000778200000, 0x0000000778400000|  0%| F|  |TAMS 0x0000000778200000| PB 0x0000000778200000| Untracked 
| 450|0x0000000778400000, 0x0000000778400000, 0x0000000778600000|  0%| F|  |TAMS 0x0000000778400000| PB 0x0000000778400000| Untracked 
| 451|0x0000000778600000, 0x0000000778600000, 0x0000000778800000|  0%| F|  |TAMS 0x0000000778600000| PB 0x0000000778600000| Untracked 
| 452|0x0000000778800000, 0x0000000778800000, 0x0000000778a00000|  0%| F|  |TAMS 0x0000000778800000| PB 0x0000000778800000| Untracked 
| 453|0x0000000778a00000, 0x0000000778a00000, 0x0000000778c00000|  0%| F|  |TAMS 0x0000000778a00000| PB 0x0000000778a00000| Untracked 
| 454|0x0000000778c00000, 0x0000000778c00000, 0x0000000778e00000|  0%| F|  |TAMS 0x0000000778c00000| PB 0x0000000778c00000| Untracked 
| 455|0x0000000778e00000, 0x0000000779000000, 0x0000000779000000|100%| S|CS|TAMS 0x0000000778e00000| PB 0x0000000778e00000| Complete 
| 456|0x0000000779000000, 0x0000000779200000, 0x0000000779200000|100%| S|CS|TAMS 0x0000000779000000| PB 0x0000000779000000| Complete 
| 457|0x0000000779200000, 0x0000000779400000, 0x0000000779400000|100%| S|CS|TAMS 0x0000000779200000| PB 0x0000000779200000| Complete 
| 458|0x0000000779400000, 0x0000000779600000, 0x0000000779600000|100%| S|CS|TAMS 0x0000000779400000| PB 0x0000000779400000| Complete 
| 459|0x0000000779600000, 0x0000000779800000, 0x0000000779800000|100%| S|CS|TAMS 0x0000000779600000| PB 0x0000000779600000| Complete 
| 460|0x0000000779800000, 0x0000000779a00000, 0x0000000779a00000|100%| S|CS|TAMS 0x0000000779800000| PB 0x0000000779800000| Complete 
| 461|0x0000000779a00000, 0x0000000779c00000, 0x0000000779c00000|100%| S|CS|TAMS 0x0000000779a00000| PB 0x0000000779a00000| Complete 
| 462|0x0000000779c00000, 0x0000000779e00000, 0x0000000779e00000|100%| S|CS|TAMS 0x0000000779c00000| PB 0x0000000779c00000| Complete 
| 463|0x0000000779e00000, 0x000000077a000000, 0x000000077a000000|100%| S|CS|TAMS 0x0000000779e00000| PB 0x0000000779e00000| Complete 
| 464|0x000000077a000000, 0x000000077a200000, 0x000000077a200000|100%| S|CS|TAMS 0x000000077a000000| PB 0x000000077a000000| Complete 
| 465|0x000000077a200000, 0x000000077a400000, 0x000000077a400000|100%| S|CS|TAMS 0x000000077a200000| PB 0x000000077a200000| Complete 
| 466|0x000000077a400000, 0x000000077a600000, 0x000000077a600000|100%| S|CS|TAMS 0x000000077a400000| PB 0x000000077a400000| Complete 
| 467|0x000000077a600000, 0x000000077a800000, 0x000000077a800000|100%| S|CS|TAMS 0x000000077a600000| PB 0x000000077a600000| Complete 
| 468|0x000000077a800000, 0x000000077aa00000, 0x000000077aa00000|100%| S|CS|TAMS 0x000000077a800000| PB 0x000000077a800000| Complete 
| 469|0x000000077aa00000, 0x000000077ac00000, 0x000000077ac00000|100%| S|CS|TAMS 0x000000077aa00000| PB 0x000000077aa00000| Complete 
| 470|0x000000077ac00000, 0x000000077ae00000, 0x000000077ae00000|100%| S|CS|TAMS 0x000000077ac00000| PB 0x000000077ac00000| Complete 
| 471|0x000000077ae00000, 0x000000077b000000, 0x000000077b000000|100%| S|CS|TAMS 0x000000077ae00000| PB 0x000000077ae00000| Complete 
| 472|0x000000077b000000, 0x000000077b200000, 0x000000077b200000|100%| S|CS|TAMS 0x000000077b000000| PB 0x000000077b000000| Complete 
| 473|0x000000077b200000, 0x000000077b400000, 0x000000077b400000|100%| S|CS|TAMS 0x000000077b200000| PB 0x000000077b200000| Complete 
| 474|0x000000077b400000, 0x000000077b600000, 0x000000077b600000|100%| S|CS|TAMS 0x000000077b400000| PB 0x000000077b400000| Complete 
| 475|0x000000077b600000, 0x000000077b800000, 0x000000077b800000|100%| S|CS|TAMS 0x000000077b600000| PB 0x000000077b600000| Complete 
| 476|0x000000077b800000, 0x000000077ba00000, 0x000000077ba00000|100%| S|CS|TAMS 0x000000077b800000| PB 0x000000077b800000| Complete 
| 477|0x000000077ba00000, 0x000000077bc00000, 0x000000077bc00000|100%| S|CS|TAMS 0x000000077ba00000| PB 0x000000077ba00000| Complete 
| 478|0x000000077bc00000, 0x000000077be00000, 0x000000077be00000|100%| S|CS|TAMS 0x000000077bc00000| PB 0x000000077bc00000| Complete 
| 479|0x000000077be00000, 0x000000077c000000, 0x000000077c000000|100%| S|CS|TAMS 0x000000077be00000| PB 0x000000077be00000| Complete 
| 480|0x000000077c000000, 0x000000077c200000, 0x000000077c200000|100%| S|CS|TAMS 0x000000077c000000| PB 0x000000077c000000| Complete 
| 481|0x000000077c200000, 0x000000077c400000, 0x000000077c400000|100%| S|CS|TAMS 0x000000077c200000| PB 0x000000077c200000| Complete 
| 482|0x000000077c400000, 0x000000077c600000, 0x000000077c600000|100%| S|CS|TAMS 0x000000077c400000| PB 0x000000077c400000| Complete 
| 483|0x000000077c600000, 0x000000077c800000, 0x000000077c800000|100%| O|  |TAMS 0x000000077c600000| PB 0x000000077c600000| Untracked 
| 484|0x000000077c800000, 0x000000077c800000, 0x000000077ca00000|  0%| F|  |TAMS 0x000000077c800000| PB 0x000000077c800000| Untracked 
| 485|0x000000077ca00000, 0x000000077ca00000, 0x000000077cc00000|  0%| F|  |TAMS 0x000000077ca00000| PB 0x000000077ca00000| Untracked 
| 486|0x000000077cc00000, 0x000000077cc00000, 0x000000077ce00000|  0%| F|  |TAMS 0x000000077cc00000| PB 0x000000077cc00000| Untracked 
| 487|0x000000077ce00000, 0x000000077ce00000, 0x000000077d000000|  0%| F|  |TAMS 0x000000077ce00000| PB 0x000000077ce00000| Untracked 
| 488|0x000000077d000000, 0x000000077d000000, 0x000000077d200000|  0%| F|  |TAMS 0x000000077d000000| PB 0x000000077d000000| Untracked 
| 489|0x000000077d200000, 0x000000077d200000, 0x000000077d400000|  0%| F|  |TAMS 0x000000077d200000| PB 0x000000077d200000| Untracked 
| 490|0x000000077d400000, 0x000000077d400000, 0x000000077d600000|  0%| F|  |TAMS 0x000000077d400000| PB 0x000000077d400000| Untracked 
| 491|0x000000077d600000, 0x000000077d600000, 0x000000077d800000|  0%| F|  |TAMS 0x000000077d600000| PB 0x000000077d600000| Untracked 
| 492|0x000000077d800000, 0x000000077d800000, 0x000000077da00000|  0%| F|  |TAMS 0x000000077d800000| PB 0x000000077d800000| Untracked 
| 493|0x000000077da00000, 0x000000077da00000, 0x000000077dc00000|  0%| F|  |TAMS 0x000000077da00000| PB 0x000000077da00000| Untracked 
| 494|0x000000077dc00000, 0x000000077dc00000, 0x000000077de00000|  0%| F|  |TAMS 0x000000077dc00000| PB 0x000000077dc00000| Untracked 
| 495|0x000000077de00000, 0x000000077de00000, 0x000000077e000000|  0%| F|  |TAMS 0x000000077de00000| PB 0x000000077de00000| Untracked 
| 496|0x000000077e000000, 0x000000077e000000, 0x000000077e200000|  0%| F|  |TAMS 0x000000077e000000| PB 0x000000077e000000| Untracked 
| 497|0x000000077e200000, 0x000000077e200000, 0x000000077e400000|  0%| F|  |TAMS 0x000000077e200000| PB 0x000000077e200000| Untracked 
| 498|0x000000077e400000, 0x000000077e400000, 0x000000077e600000|  0%| F|  |TAMS 0x000000077e400000| PB 0x000000077e400000| Untracked 
| 499|0x000000077e600000, 0x000000077e800000, 0x000000077e800000|100%| O|  |TAMS 0x000000077e600000| PB 0x000000077e600000| Untracked 
| 500|0x000000077e800000, 0x000000077ea00000, 0x000000077ea00000|100%| O|  |TAMS 0x000000077e800000| PB 0x000000077e800000| Untracked 
| 501|0x000000077ea00000, 0x000000077ea00000, 0x000000077ec00000|  0%| F|  |TAMS 0x000000077ea00000| PB 0x000000077ea00000| Untracked 
| 502|0x000000077ec00000, 0x000000077ec00000, 0x000000077ee00000|  0%| F|  |TAMS 0x000000077ec00000| PB 0x000000077ec00000| Untracked 
| 503|0x000000077ee00000, 0x000000077ee00000, 0x000000077f000000|  0%| F|  |TAMS 0x000000077ee00000| PB 0x000000077ee00000| Untracked 
| 504|0x000000077f000000, 0x000000077f000000, 0x000000077f200000|  0%| F|  |TAMS 0x000000077f000000| PB 0x000000077f000000| Untracked 
| 505|0x000000077f200000, 0x000000077f200000, 0x000000077f400000|  0%| F|  |TAMS 0x000000077f200000| PB 0x000000077f200000| Untracked 
| 506|0x000000077f400000, 0x000000077f400000, 0x000000077f600000|  0%| F|  |TAMS 0x000000077f400000| PB 0x000000077f400000| Untracked 
| 507|0x000000077f600000, 0x000000077f600000, 0x000000077f800000|  0%| F|  |TAMS 0x000000077f600000| PB 0x000000077f600000| Untracked 
| 508|0x000000077f800000, 0x000000077f800000, 0x000000077fa00000|  0%| F|  |TAMS 0x000000077f800000| PB 0x000000077f800000| Untracked 
| 509|0x000000077fa00000, 0x000000077fa00000, 0x000000077fc00000|  0%| F|  |TAMS 0x000000077fa00000| PB 0x000000077fa00000| Untracked 
| 510|0x000000077fc00000, 0x000000077fc00000, 0x000000077fe00000|  0%| F|  |TAMS 0x000000077fc00000| PB 0x000000077fc00000| Untracked 
| 511|0x000000077fe00000, 0x000000077fe00000, 0x0000000780000000|  0%| F|  |TAMS 0x000000077fe00000| PB 0x000000077fe00000| Untracked 
| 512|0x0000000780000000, 0x0000000780000000, 0x0000000780200000|  0%| F|  |TAMS 0x0000000780000000| PB 0x0000000780000000| Untracked 
| 513|0x0000000780200000, 0x0000000780200000, 0x0000000780400000|  0%| F|  |TAMS 0x0000000780200000| PB 0x0000000780200000| Untracked 
| 514|0x0000000780400000, 0x0000000780400000, 0x0000000780600000|  0%| F|  |TAMS 0x0000000780400000| PB 0x0000000780400000| Untracked 
| 515|0x0000000780600000, 0x0000000780600000, 0x0000000780800000|  0%| F|  |TAMS 0x0000000780600000| PB 0x0000000780600000| Untracked 
| 516|0x0000000780800000, 0x0000000780800000, 0x0000000780a00000|  0%| F|  |TAMS 0x0000000780800000| PB 0x0000000780800000| Untracked 
| 517|0x0000000780a00000, 0x0000000780a00000, 0x0000000780c00000|  0%| F|  |TAMS 0x0000000780a00000| PB 0x0000000780a00000| Untracked 
| 518|0x0000000780c00000, 0x0000000780c00000, 0x0000000780e00000|  0%| F|  |TAMS 0x0000000780c00000| PB 0x0000000780c00000| Untracked 
| 519|0x0000000780e00000, 0x0000000780e00000, 0x0000000781000000|  0%| F|  |TAMS 0x0000000780e00000| PB 0x0000000780e00000| Untracked 
| 520|0x0000000781000000, 0x0000000781000000, 0x0000000781200000|  0%| F|  |TAMS 0x0000000781000000| PB 0x0000000781000000| Untracked 
| 521|0x0000000781200000, 0x0000000781200000, 0x0000000781400000|  0%| F|  |TAMS 0x0000000781200000| PB 0x0000000781200000| Untracked 
| 522|0x0000000781400000, 0x0000000781400000, 0x0000000781600000|  0%| F|  |TAMS 0x0000000781400000| PB 0x0000000781400000| Untracked 
| 523|0x0000000781600000, 0x0000000781600000, 0x0000000781800000|  0%| F|  |TAMS 0x0000000781600000| PB 0x0000000781600000| Untracked 
| 524|0x0000000781800000, 0x0000000781800000, 0x0000000781a00000|  0%| F|  |TAMS 0x0000000781800000| PB 0x0000000781800000| Untracked 
| 525|0x0000000781a00000, 0x0000000781a00000, 0x0000000781c00000|  0%| F|  |TAMS 0x0000000781a00000| PB 0x0000000781a00000| Untracked 
| 526|0x0000000781c00000, 0x0000000781c00000, 0x0000000781e00000|  0%| F|  |TAMS 0x0000000781c00000| PB 0x0000000781c00000| Untracked 
| 527|0x0000000781e00000, 0x0000000781e00000, 0x0000000782000000|  0%| F|  |TAMS 0x0000000781e00000| PB 0x0000000781e00000| Untracked 
| 528|0x0000000782000000, 0x0000000782000000, 0x0000000782200000|  0%| F|  |TAMS 0x0000000782000000| PB 0x0000000782000000| Untracked 
| 529|0x0000000782200000, 0x0000000782200000, 0x0000000782400000|  0%| F|  |TAMS 0x0000000782200000| PB 0x0000000782200000| Untracked 
| 530|0x0000000782400000, 0x0000000782400000, 0x0000000782600000|  0%| F|  |TAMS 0x0000000782400000| PB 0x0000000782400000| Untracked 
| 531|0x0000000782600000, 0x0000000782600000, 0x0000000782800000|  0%| F|  |TAMS 0x0000000782600000| PB 0x0000000782600000| Untracked 
| 532|0x0000000782800000, 0x0000000782800000, 0x0000000782a00000|  0%| F|  |TAMS 0x0000000782800000| PB 0x0000000782800000| Untracked 
| 533|0x0000000782a00000, 0x0000000782a00000, 0x0000000782c00000|  0%| F|  |TAMS 0x0000000782a00000| PB 0x0000000782a00000| Untracked 
| 534|0x0000000782c00000, 0x0000000782c00000, 0x0000000782e00000|  0%| F|  |TAMS 0x0000000782c00000| PB 0x0000000782c00000| Untracked 
| 535|0x0000000782e00000, 0x0000000782e00000, 0x0000000783000000|  0%| F|  |TAMS 0x0000000782e00000| PB 0x0000000782e00000| Untracked 
| 536|0x0000000783000000, 0x0000000783000000, 0x0000000783200000|  0%| F|  |TAMS 0x0000000783000000| PB 0x0000000783000000| Untracked 
| 537|0x0000000783200000, 0x0000000783200000, 0x0000000783400000|  0%| F|  |TAMS 0x0000000783200000| PB 0x0000000783200000| Untracked 
| 538|0x0000000783400000, 0x0000000783400000, 0x0000000783600000|  0%| F|  |TAMS 0x0000000783400000| PB 0x0000000783400000| Untracked 
| 539|0x0000000783600000, 0x0000000783600000, 0x0000000783800000|  0%| F|  |TAMS 0x0000000783600000| PB 0x0000000783600000| Untracked 
| 540|0x0000000783800000, 0x0000000783800000, 0x0000000783a00000|  0%| F|  |TAMS 0x0000000783800000| PB 0x0000000783800000| Untracked 
| 541|0x0000000783a00000, 0x0000000783a00000, 0x0000000783c00000|  0%| F|  |TAMS 0x0000000783a00000| PB 0x0000000783a00000| Untracked 
| 542|0x0000000783c00000, 0x0000000783c00000, 0x0000000783e00000|  0%| F|  |TAMS 0x0000000783c00000| PB 0x0000000783c00000| Untracked 
| 543|0x0000000783e00000, 0x0000000783e00000, 0x0000000784000000|  0%| F|  |TAMS 0x0000000783e00000| PB 0x0000000783e00000| Untracked 
| 544|0x0000000784000000, 0x0000000784000000, 0x0000000784200000|  0%| F|  |TAMS 0x0000000784000000| PB 0x0000000784000000| Untracked 
| 545|0x0000000784200000, 0x0000000784200000, 0x0000000784400000|  0%| F|  |TAMS 0x0000000784200000| PB 0x0000000784200000| Untracked 
| 546|0x0000000784400000, 0x0000000784400000, 0x0000000784600000|  0%| F|  |TAMS 0x0000000784400000| PB 0x0000000784400000| Untracked 
| 547|0x0000000784600000, 0x0000000784600000, 0x0000000784800000|  0%| F|  |TAMS 0x0000000784600000| PB 0x0000000784600000| Untracked 
| 548|0x0000000784800000, 0x0000000784800000, 0x0000000784a00000|  0%| F|  |TAMS 0x0000000784800000| PB 0x0000000784800000| Untracked 
| 549|0x0000000784a00000, 0x0000000784a00000, 0x0000000784c00000|  0%| F|  |TAMS 0x0000000784a00000| PB 0x0000000784a00000| Untracked 
| 550|0x0000000784c00000, 0x0000000784c00000, 0x0000000784e00000|  0%| F|  |TAMS 0x0000000784c00000| PB 0x0000000784c00000| Untracked 
| 551|0x0000000784e00000, 0x0000000784e00000, 0x0000000785000000|  0%| F|  |TAMS 0x0000000784e00000| PB 0x0000000784e00000| Untracked 
| 552|0x0000000785000000, 0x0000000785000000, 0x0000000785200000|  0%| F|  |TAMS 0x0000000785000000| PB 0x0000000785000000| Untracked 
| 553|0x0000000785200000, 0x0000000785200000, 0x0000000785400000|  0%| F|  |TAMS 0x0000000785200000| PB 0x0000000785200000| Untracked 
| 554|0x0000000785400000, 0x0000000785400000, 0x0000000785600000|  0%| F|  |TAMS 0x0000000785400000| PB 0x0000000785400000| Untracked 
| 555|0x0000000785600000, 0x0000000785600000, 0x0000000785800000|  0%| F|  |TAMS 0x0000000785600000| PB 0x0000000785600000| Untracked 
| 556|0x0000000785800000, 0x0000000785800000, 0x0000000785a00000|  0%| F|  |TAMS 0x0000000785800000| PB 0x0000000785800000| Untracked 
| 557|0x0000000785a00000, 0x0000000785a00000, 0x0000000785c00000|  0%| F|  |TAMS 0x0000000785a00000| PB 0x0000000785a00000| Untracked 
| 558|0x0000000785c00000, 0x0000000785c00000, 0x0000000785e00000|  0%| F|  |TAMS 0x0000000785c00000| PB 0x0000000785c00000| Untracked 
| 559|0x0000000785e00000, 0x0000000785e00000, 0x0000000786000000|  0%| F|  |TAMS 0x0000000785e00000| PB 0x0000000785e00000| Untracked 
| 560|0x0000000786000000, 0x0000000786000000, 0x0000000786200000|  0%| F|  |TAMS 0x0000000786000000| PB 0x0000000786000000| Untracked 
| 561|0x0000000786200000, 0x0000000786200000, 0x0000000786400000|  0%| F|  |TAMS 0x0000000786200000| PB 0x0000000786200000| Untracked 
| 562|0x0000000786400000, 0x0000000786400000, 0x0000000786600000|  0%| F|  |TAMS 0x0000000786400000| PB 0x0000000786400000| Untracked 
| 563|0x0000000786600000, 0x0000000786600000, 0x0000000786800000|  0%| F|  |TAMS 0x0000000786600000| PB 0x0000000786600000| Untracked 
| 564|0x0000000786800000, 0x0000000786800000, 0x0000000786a00000|  0%| F|  |TAMS 0x0000000786800000| PB 0x0000000786800000| Untracked 
| 565|0x0000000786a00000, 0x0000000786a00000, 0x0000000786c00000|  0%| F|  |TAMS 0x0000000786a00000| PB 0x0000000786a00000| Untracked 
| 566|0x0000000786c00000, 0x0000000786c00000, 0x0000000786e00000|  0%| F|  |TAMS 0x0000000786c00000| PB 0x0000000786c00000| Untracked 
| 567|0x0000000786e00000, 0x0000000786e00000, 0x0000000787000000|  0%| F|  |TAMS 0x0000000786e00000| PB 0x0000000786e00000| Untracked 
| 568|0x0000000787000000, 0x0000000787000000, 0x0000000787200000|  0%| F|  |TAMS 0x0000000787000000| PB 0x0000000787000000| Untracked 
| 569|0x0000000787200000, 0x0000000787200000, 0x0000000787400000|  0%| F|  |TAMS 0x0000000787200000| PB 0x0000000787200000| Untracked 
| 570|0x0000000787400000, 0x0000000787400000, 0x0000000787600000|  0%| F|  |TAMS 0x0000000787400000| PB 0x0000000787400000| Untracked 
| 571|0x0000000787600000, 0x0000000787600000, 0x0000000787800000|  0%| F|  |TAMS 0x0000000787600000| PB 0x0000000787600000| Untracked 
| 572|0x0000000787800000, 0x0000000787800000, 0x0000000787a00000|  0%| F|  |TAMS 0x0000000787800000| PB 0x0000000787800000| Untracked 
| 573|0x0000000787a00000, 0x0000000787a00000, 0x0000000787c00000|  0%| F|  |TAMS 0x0000000787a00000| PB 0x0000000787a00000| Untracked 
| 574|0x0000000787c00000, 0x0000000787c00000, 0x0000000787e00000|  0%| F|  |TAMS 0x0000000787c00000| PB 0x0000000787c00000| Untracked 
| 575|0x0000000787e00000, 0x0000000787e00000, 0x0000000788000000|  0%| F|  |TAMS 0x0000000787e00000| PB 0x0000000787e00000| Untracked 
| 576|0x0000000788000000, 0x0000000788000000, 0x0000000788200000|  0%| F|  |TAMS 0x0000000788000000| PB 0x0000000788000000| Untracked 
| 577|0x0000000788200000, 0x0000000788200000, 0x0000000788400000|  0%| F|  |TAMS 0x0000000788200000| PB 0x0000000788200000| Untracked 
| 578|0x0000000788400000, 0x0000000788400000, 0x0000000788600000|  0%| F|  |TAMS 0x0000000788400000| PB 0x0000000788400000| Untracked 
| 579|0x0000000788600000, 0x0000000788600000, 0x0000000788800000|  0%| F|  |TAMS 0x0000000788600000| PB 0x0000000788600000| Untracked 
| 580|0x0000000788800000, 0x0000000788800000, 0x0000000788a00000|  0%| F|  |TAMS 0x0000000788800000| PB 0x0000000788800000| Untracked 
| 581|0x0000000788a00000, 0x0000000788a00000, 0x0000000788c00000|  0%| F|  |TAMS 0x0000000788a00000| PB 0x0000000788a00000| Untracked 
| 582|0x0000000788c00000, 0x0000000788c00000, 0x0000000788e00000|  0%| F|  |TAMS 0x0000000788c00000| PB 0x0000000788c00000| Untracked 
| 583|0x0000000788e00000, 0x0000000788e00000, 0x0000000789000000|  0%| F|  |TAMS 0x0000000788e00000| PB 0x0000000788e00000| Untracked 
| 584|0x0000000789000000, 0x0000000789000000, 0x0000000789200000|  0%| F|  |TAMS 0x0000000789000000| PB 0x0000000789000000| Untracked 
| 585|0x0000000789200000, 0x0000000789200000, 0x0000000789400000|  0%| F|  |TAMS 0x0000000789200000| PB 0x0000000789200000| Untracked 
| 586|0x0000000789400000, 0x0000000789400000, 0x0000000789600000|  0%| F|  |TAMS 0x0000000789400000| PB 0x0000000789400000| Untracked 
| 587|0x0000000789600000, 0x0000000789600000, 0x0000000789800000|  0%| F|  |TAMS 0x0000000789600000| PB 0x0000000789600000| Untracked 
| 588|0x0000000789800000, 0x0000000789800000, 0x0000000789a00000|  0%| F|  |TAMS 0x0000000789800000| PB 0x0000000789800000| Untracked 
| 589|0x0000000789a00000, 0x0000000789a00000, 0x0000000789c00000|  0%| F|  |TAMS 0x0000000789a00000| PB 0x0000000789a00000| Untracked 
| 590|0x0000000789c00000, 0x0000000789c00000, 0x0000000789e00000|  0%| F|  |TAMS 0x0000000789c00000| PB 0x0000000789c00000| Untracked 
| 591|0x0000000789e00000, 0x0000000789e00000, 0x000000078a000000|  0%| F|  |TAMS 0x0000000789e00000| PB 0x0000000789e00000| Untracked 
| 592|0x000000078a000000, 0x000000078a000000, 0x000000078a200000|  0%| F|  |TAMS 0x000000078a000000| PB 0x000000078a000000| Untracked 
| 593|0x000000078a200000, 0x000000078a200000, 0x000000078a400000|  0%| F|  |TAMS 0x000000078a200000| PB 0x000000078a200000| Untracked 
| 594|0x000000078a400000, 0x000000078a400000, 0x000000078a600000|  0%| F|  |TAMS 0x000000078a400000| PB 0x000000078a400000| Untracked 
| 595|0x000000078a600000, 0x000000078a600000, 0x000000078a800000|  0%| F|  |TAMS 0x000000078a600000| PB 0x000000078a600000| Untracked 
| 596|0x000000078a800000, 0x000000078a800000, 0x000000078aa00000|  0%| F|  |TAMS 0x000000078a800000| PB 0x000000078a800000| Untracked 
| 597|0x000000078aa00000, 0x000000078aa00000, 0x000000078ac00000|  0%| F|  |TAMS 0x000000078aa00000| PB 0x000000078aa00000| Untracked 
| 598|0x000000078ac00000, 0x000000078ac00000, 0x000000078ae00000|  0%| F|  |TAMS 0x000000078ac00000| PB 0x000000078ac00000| Untracked 
| 599|0x000000078ae00000, 0x000000078ae00000, 0x000000078b000000|  0%| F|  |TAMS 0x000000078ae00000| PB 0x000000078ae00000| Untracked 
| 600|0x000000078b000000, 0x000000078b000000, 0x000000078b200000|  0%| F|  |TAMS 0x000000078b000000| PB 0x000000078b000000| Untracked 
| 601|0x000000078b200000, 0x000000078b200000, 0x000000078b400000|  0%| F|  |TAMS 0x000000078b200000| PB 0x000000078b200000| Untracked 
| 602|0x000000078b400000, 0x000000078b400000, 0x000000078b600000|  0%| F|  |TAMS 0x000000078b400000| PB 0x000000078b400000| Untracked 
| 603|0x000000078b600000, 0x000000078b600000, 0x000000078b800000|  0%| F|  |TAMS 0x000000078b600000| PB 0x000000078b600000| Untracked 
| 604|0x000000078b800000, 0x000000078b800000, 0x000000078ba00000|  0%| F|  |TAMS 0x000000078b800000| PB 0x000000078b800000| Untracked 
| 605|0x000000078ba00000, 0x000000078ba00000, 0x000000078bc00000|  0%| F|  |TAMS 0x000000078ba00000| PB 0x000000078ba00000| Untracked 
| 606|0x000000078bc00000, 0x000000078bc00000, 0x000000078be00000|  0%| F|  |TAMS 0x000000078bc00000| PB 0x000000078bc00000| Untracked 
| 607|0x000000078be00000, 0x000000078be00000, 0x000000078c000000|  0%| F|  |TAMS 0x000000078be00000| PB 0x000000078be00000| Untracked 
| 608|0x000000078c000000, 0x000000078c000000, 0x000000078c200000|  0%| F|  |TAMS 0x000000078c000000| PB 0x000000078c000000| Untracked 
| 609|0x000000078c200000, 0x000000078c200000, 0x000000078c400000|  0%| F|  |TAMS 0x000000078c200000| PB 0x000000078c200000| Untracked 
| 610|0x000000078c400000, 0x000000078c400000, 0x000000078c600000|  0%| F|  |TAMS 0x000000078c400000| PB 0x000000078c400000| Untracked 
| 611|0x000000078c600000, 0x000000078c600000, 0x000000078c800000|  0%| F|  |TAMS 0x000000078c600000| PB 0x000000078c600000| Untracked 
| 612|0x000000078c800000, 0x000000078c800000, 0x000000078ca00000|  0%| F|  |TAMS 0x000000078c800000| PB 0x000000078c800000| Untracked 
| 613|0x000000078ca00000, 0x000000078ca00000, 0x000000078cc00000|  0%| F|  |TAMS 0x000000078ca00000| PB 0x000000078ca00000| Untracked 
| 614|0x000000078cc00000, 0x000000078cc00000, 0x000000078ce00000|  0%| F|  |TAMS 0x000000078cc00000| PB 0x000000078cc00000| Untracked 
| 615|0x000000078ce00000, 0x000000078ce00000, 0x000000078d000000|  0%| F|  |TAMS 0x000000078ce00000| PB 0x000000078ce00000| Untracked 
| 616|0x000000078d000000, 0x000000078d000000, 0x000000078d200000|  0%| F|  |TAMS 0x000000078d000000| PB 0x000000078d000000| Untracked 
| 617|0x000000078d200000, 0x000000078d200000, 0x000000078d400000|  0%| F|  |TAMS 0x000000078d200000| PB 0x000000078d200000| Untracked 
| 618|0x000000078d400000, 0x000000078d400000, 0x000000078d600000|  0%| F|  |TAMS 0x000000078d400000| PB 0x000000078d400000| Untracked 
| 619|0x000000078d600000, 0x000000078d600000, 0x000000078d800000|  0%| F|  |TAMS 0x000000078d600000| PB 0x000000078d600000| Untracked 
| 620|0x000000078d800000, 0x000000078d800000, 0x000000078da00000|  0%| F|  |TAMS 0x000000078d800000| PB 0x000000078d800000| Untracked 
| 621|0x000000078da00000, 0x000000078da00000, 0x000000078dc00000|  0%| F|  |TAMS 0x000000078da00000| PB 0x000000078da00000| Untracked 
| 622|0x000000078dc00000, 0x000000078dc00000, 0x000000078de00000|  0%| F|  |TAMS 0x000000078dc00000| PB 0x000000078dc00000| Untracked 
| 623|0x000000078de00000, 0x000000078de00000, 0x000000078e000000|  0%| F|  |TAMS 0x000000078de00000| PB 0x000000078de00000| Untracked 
| 624|0x000000078e000000, 0x000000078e000000, 0x000000078e200000|  0%| F|  |TAMS 0x000000078e000000| PB 0x000000078e000000| Untracked 
| 625|0x000000078e200000, 0x000000078e200000, 0x000000078e400000|  0%| F|  |TAMS 0x000000078e200000| PB 0x000000078e200000| Untracked 
| 626|0x000000078e400000, 0x000000078e400000, 0x000000078e600000|  0%| F|  |TAMS 0x000000078e400000| PB 0x000000078e400000| Untracked 
| 627|0x000000078e600000, 0x000000078e600000, 0x000000078e800000|  0%| F|  |TAMS 0x000000078e600000| PB 0x000000078e600000| Untracked 
| 628|0x000000078e800000, 0x000000078e800000, 0x000000078ea00000|  0%| F|  |TAMS 0x000000078e800000| PB 0x000000078e800000| Untracked 
| 629|0x000000078ea00000, 0x000000078ea00000, 0x000000078ec00000|  0%| F|  |TAMS 0x000000078ea00000| PB 0x000000078ea00000| Untracked 
| 630|0x000000078ec00000, 0x000000078ec00000, 0x000000078ee00000|  0%| F|  |TAMS 0x000000078ec00000| PB 0x000000078ec00000| Untracked 
| 631|0x000000078ee00000, 0x000000078ee00000, 0x000000078f000000|  0%| F|  |TAMS 0x000000078ee00000| PB 0x000000078ee00000| Untracked 
| 632|0x000000078f000000, 0x000000078f000000, 0x000000078f200000|  0%| F|  |TAMS 0x000000078f000000| PB 0x000000078f000000| Untracked 
| 633|0x000000078f200000, 0x000000078f200000, 0x000000078f400000|  0%| F|  |TAMS 0x000000078f200000| PB 0x000000078f200000| Untracked 
| 634|0x000000078f400000, 0x000000078f400000, 0x000000078f600000|  0%| F|  |TAMS 0x000000078f400000| PB 0x000000078f400000| Untracked 
| 635|0x000000078f600000, 0x000000078f600000, 0x000000078f800000|  0%| F|  |TAMS 0x000000078f600000| PB 0x000000078f600000| Untracked 
| 636|0x000000078f800000, 0x000000078f800000, 0x000000078fa00000|  0%| F|  |TAMS 0x000000078f800000| PB 0x000000078f800000| Untracked 
| 637|0x000000078fa00000, 0x000000078fa00000, 0x000000078fc00000|  0%| F|  |TAMS 0x000000078fa00000| PB 0x000000078fa00000| Untracked 
| 638|0x000000078fc00000, 0x000000078fc00000, 0x000000078fe00000|  0%| F|  |TAMS 0x000000078fc00000| PB 0x000000078fc00000| Untracked 
| 639|0x000000078fe00000, 0x000000078fe00000, 0x0000000790000000|  0%| F|  |TAMS 0x000000078fe00000| PB 0x000000078fe00000| Untracked 
| 640|0x0000000790000000, 0x0000000790000000, 0x0000000790200000|  0%| F|  |TAMS 0x0000000790000000| PB 0x0000000790000000| Untracked 
| 641|0x0000000790200000, 0x0000000790200000, 0x0000000790400000|  0%| F|  |TAMS 0x0000000790200000| PB 0x0000000790200000| Untracked 
| 642|0x0000000790400000, 0x0000000790400000, 0x0000000790600000|  0%| F|  |TAMS 0x0000000790400000| PB 0x0000000790400000| Untracked 
| 643|0x0000000790600000, 0x0000000790600000, 0x0000000790800000|  0%| F|  |TAMS 0x0000000790600000| PB 0x0000000790600000| Untracked 
| 644|0x0000000790800000, 0x0000000790800000, 0x0000000790a00000|  0%| F|  |TAMS 0x0000000790800000| PB 0x0000000790800000| Untracked 
| 645|0x0000000790a00000, 0x0000000790a00000, 0x0000000790c00000|  0%| F|  |TAMS 0x0000000790a00000| PB 0x0000000790a00000| Untracked 
| 646|0x0000000790c00000, 0x0000000790c00000, 0x0000000790e00000|  0%| F|  |TAMS 0x0000000790c00000| PB 0x0000000790c00000| Untracked 
| 647|0x0000000790e00000, 0x0000000790e00000, 0x0000000791000000|  0%| F|  |TAMS 0x0000000790e00000| PB 0x0000000790e00000| Untracked 
| 648|0x0000000791000000, 0x0000000791000000, 0x0000000791200000|  0%| F|  |TAMS 0x0000000791000000| PB 0x0000000791000000| Untracked 
| 649|0x0000000791200000, 0x0000000791200000, 0x0000000791400000|  0%| F|  |TAMS 0x0000000791200000| PB 0x0000000791200000| Untracked 
| 650|0x0000000791400000, 0x0000000791400000, 0x0000000791600000|  0%| F|  |TAMS 0x0000000791400000| PB 0x0000000791400000| Untracked 
| 651|0x0000000791600000, 0x0000000791600000, 0x0000000791800000|  0%| F|  |TAMS 0x0000000791600000| PB 0x0000000791600000| Untracked 
| 652|0x0000000791800000, 0x0000000791800000, 0x0000000791a00000|  0%| F|  |TAMS 0x0000000791800000| PB 0x0000000791800000| Untracked 
| 653|0x0000000791a00000, 0x0000000791a00000, 0x0000000791c00000|  0%| F|  |TAMS 0x0000000791a00000| PB 0x0000000791a00000| Untracked 
| 654|0x0000000791c00000, 0x0000000791c00000, 0x0000000791e00000|  0%| F|  |TAMS 0x0000000791c00000| PB 0x0000000791c00000| Untracked 
| 655|0x0000000791e00000, 0x0000000791e00000, 0x0000000792000000|  0%| F|  |TAMS 0x0000000791e00000| PB 0x0000000791e00000| Untracked 
| 656|0x0000000792000000, 0x0000000792000000, 0x0000000792200000|  0%| F|  |TAMS 0x0000000792000000| PB 0x0000000792000000| Untracked 
| 657|0x0000000792200000, 0x0000000792200000, 0x0000000792400000|  0%| F|  |TAMS 0x0000000792200000| PB 0x0000000792200000| Untracked 
| 658|0x0000000792400000, 0x0000000792400000, 0x0000000792600000|  0%| F|  |TAMS 0x0000000792400000| PB 0x0000000792400000| Untracked 
| 659|0x0000000792600000, 0x0000000792600000, 0x0000000792800000|  0%| F|  |TAMS 0x0000000792600000| PB 0x0000000792600000| Untracked 
| 660|0x0000000792800000, 0x0000000792800000, 0x0000000792a00000|  0%| F|  |TAMS 0x0000000792800000| PB 0x0000000792800000| Untracked 
| 661|0x0000000792a00000, 0x0000000792a00000, 0x0000000792c00000|  0%| F|  |TAMS 0x0000000792a00000| PB 0x0000000792a00000| Untracked 
| 662|0x0000000792c00000, 0x0000000792c00000, 0x0000000792e00000|  0%| F|  |TAMS 0x0000000792c00000| PB 0x0000000792c00000| Untracked 
| 663|0x0000000792e00000, 0x0000000792e00000, 0x0000000793000000|  0%| F|  |TAMS 0x0000000792e00000| PB 0x0000000792e00000| Untracked 
| 664|0x0000000793000000, 0x0000000793000000, 0x0000000793200000|  0%| F|  |TAMS 0x0000000793000000| PB 0x0000000793000000| Untracked 
| 665|0x0000000793200000, 0x0000000793200000, 0x0000000793400000|  0%| F|  |TAMS 0x0000000793200000| PB 0x0000000793200000| Untracked 
| 666|0x0000000793400000, 0x0000000793400000, 0x0000000793600000|  0%| F|  |TAMS 0x0000000793400000| PB 0x0000000793400000| Untracked 
| 667|0x0000000793600000, 0x0000000793600000, 0x0000000793800000|  0%| F|  |TAMS 0x0000000793600000| PB 0x0000000793600000| Untracked 
| 668|0x0000000793800000, 0x0000000793800000, 0x0000000793a00000|  0%| F|  |TAMS 0x0000000793800000| PB 0x0000000793800000| Untracked 
| 669|0x0000000793a00000, 0x0000000793a00000, 0x0000000793c00000|  0%| F|  |TAMS 0x0000000793a00000| PB 0x0000000793a00000| Untracked 
| 670|0x0000000793c00000, 0x0000000793c00000, 0x0000000793e00000|  0%| F|  |TAMS 0x0000000793c00000| PB 0x0000000793c00000| Untracked 
| 671|0x0000000793e00000, 0x0000000793e00000, 0x0000000794000000|  0%| F|  |TAMS 0x0000000793e00000| PB 0x0000000793e00000| Untracked 
| 672|0x0000000794000000, 0x0000000794000000, 0x0000000794200000|  0%| F|  |TAMS 0x0000000794000000| PB 0x0000000794000000| Untracked 
| 673|0x0000000794200000, 0x0000000794200000, 0x0000000794400000|  0%| F|  |TAMS 0x0000000794200000| PB 0x0000000794200000| Untracked 
| 674|0x0000000794400000, 0x0000000794400000, 0x0000000794600000|  0%| F|  |TAMS 0x0000000794400000| PB 0x0000000794400000| Untracked 
| 675|0x0000000794600000, 0x0000000794600000, 0x0000000794800000|  0%| F|  |TAMS 0x0000000794600000| PB 0x0000000794600000| Untracked 
| 676|0x0000000794800000, 0x0000000794800000, 0x0000000794a00000|  0%| F|  |TAMS 0x0000000794800000| PB 0x0000000794800000| Untracked 
| 677|0x0000000794a00000, 0x0000000794a00000, 0x0000000794c00000|  0%| F|  |TAMS 0x0000000794a00000| PB 0x0000000794a00000| Untracked 
| 678|0x0000000794c00000, 0x0000000794c00000, 0x0000000794e00000|  0%| F|  |TAMS 0x0000000794c00000| PB 0x0000000794c00000| Untracked 
| 679|0x0000000794e00000, 0x0000000794e00000, 0x0000000795000000|  0%| F|  |TAMS 0x0000000794e00000| PB 0x0000000794e00000| Untracked 
| 680|0x0000000795000000, 0x0000000795000000, 0x0000000795200000|  0%| F|  |TAMS 0x0000000795000000| PB 0x0000000795000000| Untracked 
| 681|0x0000000795200000, 0x0000000795200000, 0x0000000795400000|  0%| F|  |TAMS 0x0000000795200000| PB 0x0000000795200000| Untracked 
| 682|0x0000000795400000, 0x0000000795400000, 0x0000000795600000|  0%| F|  |TAMS 0x0000000795400000| PB 0x0000000795400000| Untracked 
| 683|0x0000000795600000, 0x0000000795600000, 0x0000000795800000|  0%| F|  |TAMS 0x0000000795600000| PB 0x0000000795600000| Untracked 
| 684|0x0000000795800000, 0x0000000795800000, 0x0000000795a00000|  0%| F|  |TAMS 0x0000000795800000| PB 0x0000000795800000| Untracked 
| 685|0x0000000795a00000, 0x0000000795a00000, 0x0000000795c00000|  0%| F|  |TAMS 0x0000000795a00000| PB 0x0000000795a00000| Untracked 
| 686|0x0000000795c00000, 0x0000000795c00000, 0x0000000795e00000|  0%| F|  |TAMS 0x0000000795c00000| PB 0x0000000795c00000| Untracked 
| 687|0x0000000795e00000, 0x0000000795e00000, 0x0000000796000000|  0%| F|  |TAMS 0x0000000795e00000| PB 0x0000000795e00000| Untracked 
| 688|0x0000000796000000, 0x0000000796000000, 0x0000000796200000|  0%| F|  |TAMS 0x0000000796000000| PB 0x0000000796000000| Untracked 
| 689|0x0000000796200000, 0x0000000796200000, 0x0000000796400000|  0%| F|  |TAMS 0x0000000796200000| PB 0x0000000796200000| Untracked 
| 690|0x0000000796400000, 0x0000000796400000, 0x0000000796600000|  0%| F|  |TAMS 0x0000000796400000| PB 0x0000000796400000| Untracked 
| 691|0x0000000796600000, 0x0000000796600000, 0x0000000796800000|  0%| F|  |TAMS 0x0000000796600000| PB 0x0000000796600000| Untracked 
| 692|0x0000000796800000, 0x0000000796800000, 0x0000000796a00000|  0%| F|  |TAMS 0x0000000796800000| PB 0x0000000796800000| Untracked 
| 693|0x0000000796a00000, 0x0000000796a00000, 0x0000000796c00000|  0%| F|  |TAMS 0x0000000796a00000| PB 0x0000000796a00000| Untracked 
| 694|0x0000000796c00000, 0x0000000796c00000, 0x0000000796e00000|  0%| F|  |TAMS 0x0000000796c00000| PB 0x0000000796c00000| Untracked 
| 695|0x0000000796e00000, 0x0000000796e00000, 0x0000000797000000|  0%| F|  |TAMS 0x0000000796e00000| PB 0x0000000796e00000| Untracked 
| 696|0x0000000797000000, 0x0000000797000000, 0x0000000797200000|  0%| F|  |TAMS 0x0000000797000000| PB 0x0000000797000000| Untracked 
| 697|0x0000000797200000, 0x0000000797200000, 0x0000000797400000|  0%| F|  |TAMS 0x0000000797200000| PB 0x0000000797200000| Untracked 
| 698|0x0000000797400000, 0x0000000797400000, 0x0000000797600000|  0%| F|  |TAMS 0x0000000797400000| PB 0x0000000797400000| Untracked 
| 699|0x0000000797600000, 0x0000000797600000, 0x0000000797800000|  0%| F|  |TAMS 0x0000000797600000| PB 0x0000000797600000| Untracked 
| 700|0x0000000797800000, 0x0000000797800000, 0x0000000797a00000|  0%| F|  |TAMS 0x0000000797800000| PB 0x0000000797800000| Untracked 
| 701|0x0000000797a00000, 0x0000000797a00000, 0x0000000797c00000|  0%| F|  |TAMS 0x0000000797a00000| PB 0x0000000797a00000| Untracked 
| 702|0x0000000797c00000, 0x0000000797c00000, 0x0000000797e00000|  0%| F|  |TAMS 0x0000000797c00000| PB 0x0000000797c00000| Untracked 
| 703|0x0000000797e00000, 0x0000000797e00000, 0x0000000798000000|  0%| F|  |TAMS 0x0000000797e00000| PB 0x0000000797e00000| Untracked 
| 704|0x0000000798000000, 0x0000000798000000, 0x0000000798200000|  0%| F|  |TAMS 0x0000000798000000| PB 0x0000000798000000| Untracked 
| 705|0x0000000798200000, 0x0000000798200000, 0x0000000798400000|  0%| F|  |TAMS 0x0000000798200000| PB 0x0000000798200000| Untracked 
| 706|0x0000000798400000, 0x0000000798400000, 0x0000000798600000|  0%| F|  |TAMS 0x0000000798400000| PB 0x0000000798400000| Untracked 
| 707|0x0000000798600000, 0x0000000798600000, 0x0000000798800000|  0%| F|  |TAMS 0x0000000798600000| PB 0x0000000798600000| Untracked 
| 708|0x0000000798800000, 0x0000000798800000, 0x0000000798a00000|  0%| F|  |TAMS 0x0000000798800000| PB 0x0000000798800000| Untracked 
| 709|0x0000000798a00000, 0x0000000798a00000, 0x0000000798c00000|  0%| F|  |TAMS 0x0000000798a00000| PB 0x0000000798a00000| Untracked 
| 710|0x0000000798c00000, 0x0000000798c00000, 0x0000000798e00000|  0%| F|  |TAMS 0x0000000798c00000| PB 0x0000000798c00000| Untracked 
| 711|0x0000000798e00000, 0x0000000798e00000, 0x0000000799000000|  0%| F|  |TAMS 0x0000000798e00000| PB 0x0000000798e00000| Untracked 
| 712|0x0000000799000000, 0x0000000799000000, 0x0000000799200000|  0%| F|  |TAMS 0x0000000799000000| PB 0x0000000799000000| Untracked 
| 713|0x0000000799200000, 0x0000000799200000, 0x0000000799400000|  0%| F|  |TAMS 0x0000000799200000| PB 0x0000000799200000| Untracked 
| 714|0x0000000799400000, 0x0000000799400000, 0x0000000799600000|  0%| F|  |TAMS 0x0000000799400000| PB 0x0000000799400000| Untracked 
| 715|0x0000000799600000, 0x0000000799600000, 0x0000000799800000|  0%| F|  |TAMS 0x0000000799600000| PB 0x0000000799600000| Untracked 
| 716|0x0000000799800000, 0x0000000799800000, 0x0000000799a00000|  0%| F|  |TAMS 0x0000000799800000| PB 0x0000000799800000| Untracked 
| 717|0x0000000799a00000, 0x0000000799a00000, 0x0000000799c00000|  0%| F|  |TAMS 0x0000000799a00000| PB 0x0000000799a00000| Untracked 
| 718|0x0000000799c00000, 0x0000000799c00000, 0x0000000799e00000|  0%| F|  |TAMS 0x0000000799c00000| PB 0x0000000799c00000| Untracked 
| 719|0x0000000799e00000, 0x0000000799e00000, 0x000000079a000000|  0%| F|  |TAMS 0x0000000799e00000| PB 0x0000000799e00000| Untracked 
| 720|0x000000079a000000, 0x000000079a000000, 0x000000079a200000|  0%| F|  |TAMS 0x000000079a000000| PB 0x000000079a000000| Untracked 
| 721|0x000000079a200000, 0x000000079a200000, 0x000000079a400000|  0%| F|  |TAMS 0x000000079a200000| PB 0x000000079a200000| Untracked 
| 722|0x000000079a400000, 0x000000079a400000, 0x000000079a600000|  0%| F|  |TAMS 0x000000079a400000| PB 0x000000079a400000| Untracked 
| 723|0x000000079a600000, 0x000000079a600000, 0x000000079a800000|  0%| F|  |TAMS 0x000000079a600000| PB 0x000000079a600000| Untracked 
| 724|0x000000079a800000, 0x000000079a800000, 0x000000079aa00000|  0%| F|  |TAMS 0x000000079a800000| PB 0x000000079a800000| Untracked 
| 725|0x000000079aa00000, 0x000000079aa00000, 0x000000079ac00000|  0%| F|  |TAMS 0x000000079aa00000| PB 0x000000079aa00000| Untracked 
| 726|0x000000079ac00000, 0x000000079ac00000, 0x000000079ae00000|  0%| F|  |TAMS 0x000000079ac00000| PB 0x000000079ac00000| Untracked 
| 727|0x000000079ae00000, 0x000000079ae00000, 0x000000079b000000|  0%| F|  |TAMS 0x000000079ae00000| PB 0x000000079ae00000| Untracked 
| 728|0x000000079b000000, 0x000000079b000000, 0x000000079b200000|  0%| F|  |TAMS 0x000000079b000000| PB 0x000000079b000000| Untracked 
| 729|0x000000079b200000, 0x000000079b200000, 0x000000079b400000|  0%| F|  |TAMS 0x000000079b200000| PB 0x000000079b200000| Untracked 
| 730|0x000000079b400000, 0x000000079b400000, 0x000000079b600000|  0%| F|  |TAMS 0x000000079b400000| PB 0x000000079b400000| Untracked 
| 731|0x000000079b600000, 0x000000079b600000, 0x000000079b800000|  0%| F|  |TAMS 0x000000079b600000| PB 0x000000079b600000| Untracked 
| 732|0x000000079b800000, 0x000000079b800000, 0x000000079ba00000|  0%| F|  |TAMS 0x000000079b800000| PB 0x000000079b800000| Untracked 
| 733|0x000000079ba00000, 0x000000079ba00000, 0x000000079bc00000|  0%| F|  |TAMS 0x000000079ba00000| PB 0x000000079ba00000| Untracked 
| 734|0x000000079bc00000, 0x000000079bc00000, 0x000000079be00000|  0%| F|  |TAMS 0x000000079bc00000| PB 0x000000079bc00000| Untracked 
| 735|0x000000079be00000, 0x000000079be00000, 0x000000079c000000|  0%| F|  |TAMS 0x000000079be00000| PB 0x000000079be00000| Untracked 
| 736|0x000000079c000000, 0x000000079c000000, 0x000000079c200000|  0%| F|  |TAMS 0x000000079c000000| PB 0x000000079c000000| Untracked 
| 737|0x000000079c200000, 0x000000079c200000, 0x000000079c400000|  0%| F|  |TAMS 0x000000079c200000| PB 0x000000079c200000| Untracked 
| 738|0x000000079c400000, 0x000000079c400000, 0x000000079c600000|  0%| F|  |TAMS 0x000000079c400000| PB 0x000000079c400000| Untracked 
| 739|0x000000079c600000, 0x000000079c600000, 0x000000079c800000|  0%| F|  |TAMS 0x000000079c600000| PB 0x000000079c600000| Untracked 
| 740|0x000000079c800000, 0x000000079c800000, 0x000000079ca00000|  0%| F|  |TAMS 0x000000079c800000| PB 0x000000079c800000| Untracked 
| 741|0x000000079ca00000, 0x000000079ca00000, 0x000000079cc00000|  0%| F|  |TAMS 0x000000079ca00000| PB 0x000000079ca00000| Untracked 
| 742|0x000000079cc00000, 0x000000079cc00000, 0x000000079ce00000|  0%| F|  |TAMS 0x000000079cc00000| PB 0x000000079cc00000| Untracked 
| 743|0x000000079ce00000, 0x000000079ce00000, 0x000000079d000000|  0%| F|  |TAMS 0x000000079ce00000| PB 0x000000079ce00000| Untracked 
| 744|0x000000079d000000, 0x000000079d000000, 0x000000079d200000|  0%| F|  |TAMS 0x000000079d000000| PB 0x000000079d000000| Untracked 
| 745|0x000000079d200000, 0x000000079d200000, 0x000000079d400000|  0%| F|  |TAMS 0x000000079d200000| PB 0x000000079d200000| Untracked 
| 746|0x000000079d400000, 0x000000079d400000, 0x000000079d600000|  0%| F|  |TAMS 0x000000079d400000| PB 0x000000079d400000| Untracked 
| 747|0x000000079d600000, 0x000000079d600000, 0x000000079d800000|  0%| F|  |TAMS 0x000000079d600000| PB 0x000000079d600000| Untracked 
| 748|0x000000079d800000, 0x000000079d800000, 0x000000079da00000|  0%| F|  |TAMS 0x000000079d800000| PB 0x000000079d800000| Untracked 
| 749|0x000000079da00000, 0x000000079da00000, 0x000000079dc00000|  0%| F|  |TAMS 0x000000079da00000| PB 0x000000079da00000| Untracked 
| 750|0x000000079dc00000, 0x000000079dc00000, 0x000000079de00000|  0%| F|  |TAMS 0x000000079dc00000| PB 0x000000079dc00000| Untracked 
| 751|0x000000079de00000, 0x000000079de00000, 0x000000079e000000|  0%| F|  |TAMS 0x000000079de00000| PB 0x000000079de00000| Untracked 
| 752|0x000000079e000000, 0x000000079e000000, 0x000000079e200000|  0%| F|  |TAMS 0x000000079e000000| PB 0x000000079e000000| Untracked 
| 753|0x000000079e200000, 0x000000079e200000, 0x000000079e400000|  0%| F|  |TAMS 0x000000079e200000| PB 0x000000079e200000| Untracked 
| 754|0x000000079e400000, 0x000000079e400000, 0x000000079e600000|  0%| F|  |TAMS 0x000000079e400000| PB 0x000000079e400000| Untracked 
| 755|0x000000079e600000, 0x000000079e600000, 0x000000079e800000|  0%| F|  |TAMS 0x000000079e600000| PB 0x000000079e600000| Untracked 
| 756|0x000000079e800000, 0x000000079e800000, 0x000000079ea00000|  0%| F|  |TAMS 0x000000079e800000| PB 0x000000079e800000| Untracked 
| 757|0x000000079ea00000, 0x000000079ea00000, 0x000000079ec00000|  0%| F|  |TAMS 0x000000079ea00000| PB 0x000000079ea00000| Untracked 
| 758|0x000000079ec00000, 0x000000079ec00000, 0x000000079ee00000|  0%| F|  |TAMS 0x000000079ec00000| PB 0x000000079ec00000| Untracked 
| 759|0x000000079ee00000, 0x000000079ee00000, 0x000000079f000000|  0%| F|  |TAMS 0x000000079ee00000| PB 0x000000079ee00000| Untracked 
| 760|0x000000079f000000, 0x000000079f000000, 0x000000079f200000|  0%| F|  |TAMS 0x000000079f000000| PB 0x000000079f000000| Untracked 
| 761|0x000000079f200000, 0x000000079f200000, 0x000000079f400000|  0%| F|  |TAMS 0x000000079f200000| PB 0x000000079f200000| Untracked 
| 762|0x000000079f400000, 0x000000079f400000, 0x000000079f600000|  0%| F|  |TAMS 0x000000079f400000| PB 0x000000079f400000| Untracked 
| 763|0x000000079f600000, 0x000000079f600000, 0x000000079f800000|  0%| F|  |TAMS 0x000000079f600000| PB 0x000000079f600000| Untracked 
| 764|0x000000079f800000, 0x000000079f800000, 0x000000079fa00000|  0%| F|  |TAMS 0x000000079f800000| PB 0x000000079f800000| Untracked 
| 765|0x000000079fa00000, 0x000000079fa00000, 0x000000079fc00000|  0%| F|  |TAMS 0x000000079fa00000| PB 0x000000079fa00000| Untracked 
| 766|0x000000079fc00000, 0x000000079fc00000, 0x000000079fe00000|  0%| F|  |TAMS 0x000000079fc00000| PB 0x000000079fc00000| Untracked 
| 767|0x000000079fe00000, 0x000000079fe00000, 0x00000007a0000000|  0%| F|  |TAMS 0x000000079fe00000| PB 0x000000079fe00000| Untracked 
| 768|0x00000007a0000000, 0x00000007a0000000, 0x00000007a0200000|  0%| F|  |TAMS 0x00000007a0000000| PB 0x00000007a0000000| Untracked 
| 769|0x00000007a0200000, 0x00000007a0200000, 0x00000007a0400000|  0%| F|  |TAMS 0x00000007a0200000| PB 0x00000007a0200000| Untracked 
| 770|0x00000007a0400000, 0x00000007a0400000, 0x00000007a0600000|  0%| F|  |TAMS 0x00000007a0400000| PB 0x00000007a0400000| Untracked 
| 771|0x00000007a0600000, 0x00000007a0600000, 0x00000007a0800000|  0%| F|  |TAMS 0x00000007a0600000| PB 0x00000007a0600000| Untracked 
| 772|0x00000007a0800000, 0x00000007a0800000, 0x00000007a0a00000|  0%| F|  |TAMS 0x00000007a0800000| PB 0x00000007a0800000| Untracked 
| 773|0x00000007a0a00000, 0x00000007a0a00000, 0x00000007a0c00000|  0%| F|  |TAMS 0x00000007a0a00000| PB 0x00000007a0a00000| Untracked 
| 774|0x00000007a0c00000, 0x00000007a0c00000, 0x00000007a0e00000|  0%| F|  |TAMS 0x00000007a0c00000| PB 0x00000007a0c00000| Untracked 
| 775|0x00000007a0e00000, 0x00000007a0e00000, 0x00000007a1000000|  0%| F|  |TAMS 0x00000007a0e00000| PB 0x00000007a0e00000| Untracked 
| 776|0x00000007a1000000, 0x00000007a1000000, 0x00000007a1200000|  0%| F|  |TAMS 0x00000007a1000000| PB 0x00000007a1000000| Untracked 
| 777|0x00000007a1200000, 0x00000007a1200000, 0x00000007a1400000|  0%| F|  |TAMS 0x00000007a1200000| PB 0x00000007a1200000| Untracked 
| 778|0x00000007a1400000, 0x00000007a1400000, 0x00000007a1600000|  0%| F|  |TAMS 0x00000007a1400000| PB 0x00000007a1400000| Untracked 
| 779|0x00000007a1600000, 0x00000007a1600000, 0x00000007a1800000|  0%| F|  |TAMS 0x00000007a1600000| PB 0x00000007a1600000| Untracked 
| 780|0x00000007a1800000, 0x00000007a1800000, 0x00000007a1a00000|  0%| F|  |TAMS 0x00000007a1800000| PB 0x00000007a1800000| Untracked 
| 781|0x00000007a1a00000, 0x00000007a1a00000, 0x00000007a1c00000|  0%| F|  |TAMS 0x00000007a1a00000| PB 0x00000007a1a00000| Untracked 
| 782|0x00000007a1c00000, 0x00000007a1c00000, 0x00000007a1e00000|  0%| F|  |TAMS 0x00000007a1c00000| PB 0x00000007a1c00000| Untracked 
| 783|0x00000007a1e00000, 0x00000007a1e00000, 0x00000007a2000000|  0%| F|  |TAMS 0x00000007a1e00000| PB 0x00000007a1e00000| Untracked 
| 784|0x00000007a2000000, 0x00000007a2000000, 0x00000007a2200000|  0%| F|  |TAMS 0x00000007a2000000| PB 0x00000007a2000000| Untracked 
| 785|0x00000007a2200000, 0x00000007a2200000, 0x00000007a2400000|  0%| F|  |TAMS 0x00000007a2200000| PB 0x00000007a2200000| Untracked 
| 786|0x00000007a2400000, 0x00000007a2400000, 0x00000007a2600000|  0%| F|  |TAMS 0x00000007a2400000| PB 0x00000007a2400000| Untracked 
| 787|0x00000007a2600000, 0x00000007a2600000, 0x00000007a2800000|  0%| F|  |TAMS 0x00000007a2600000| PB 0x00000007a2600000| Untracked 
| 788|0x00000007a2800000, 0x00000007a2800000, 0x00000007a2a00000|  0%| F|  |TAMS 0x00000007a2800000| PB 0x00000007a2800000| Untracked 
| 789|0x00000007a2a00000, 0x00000007a2a00000, 0x00000007a2c00000|  0%| F|  |TAMS 0x00000007a2a00000| PB 0x00000007a2a00000| Untracked 
| 790|0x00000007a2c00000, 0x00000007a2c00000, 0x00000007a2e00000|  0%| F|  |TAMS 0x00000007a2c00000| PB 0x00000007a2c00000| Untracked 
| 791|0x00000007a2e00000, 0x00000007a2e00000, 0x00000007a3000000|  0%| F|  |TAMS 0x00000007a2e00000| PB 0x00000007a2e00000| Untracked 
| 792|0x00000007a3000000, 0x00000007a3000000, 0x00000007a3200000|  0%| F|  |TAMS 0x00000007a3000000| PB 0x00000007a3000000| Untracked 
| 793|0x00000007a3200000, 0x00000007a3200000, 0x00000007a3400000|  0%| F|  |TAMS 0x00000007a3200000| PB 0x00000007a3200000| Untracked 
| 794|0x00000007a3400000, 0x00000007a3400000, 0x00000007a3600000|  0%| F|  |TAMS 0x00000007a3400000| PB 0x00000007a3400000| Untracked 
| 795|0x00000007a3600000, 0x00000007a3600000, 0x00000007a3800000|  0%| F|  |TAMS 0x00000007a3600000| PB 0x00000007a3600000| Untracked 
| 796|0x00000007a3800000, 0x00000007a3800000, 0x00000007a3a00000|  0%| F|  |TAMS 0x00000007a3800000| PB 0x00000007a3800000| Untracked 
| 797|0x00000007a3a00000, 0x00000007a3a00000, 0x00000007a3c00000|  0%| F|  |TAMS 0x00000007a3a00000| PB 0x00000007a3a00000| Untracked 
| 798|0x00000007a3c00000, 0x00000007a3c00000, 0x00000007a3e00000|  0%| F|  |TAMS 0x00000007a3c00000| PB 0x00000007a3c00000| Untracked 
| 799|0x00000007a3e00000, 0x00000007a3e00000, 0x00000007a4000000|  0%| F|  |TAMS 0x00000007a3e00000| PB 0x00000007a3e00000| Untracked 
| 800|0x00000007a4000000, 0x00000007a4000000, 0x00000007a4200000|  0%| F|  |TAMS 0x00000007a4000000| PB 0x00000007a4000000| Untracked 
| 801|0x00000007a4200000, 0x00000007a4200000, 0x00000007a4400000|  0%| F|  |TAMS 0x00000007a4200000| PB 0x00000007a4200000| Untracked 
| 802|0x00000007a4400000, 0x00000007a4400000, 0x00000007a4600000|  0%| F|  |TAMS 0x00000007a4400000| PB 0x00000007a4400000| Untracked 
| 803|0x00000007a4600000, 0x00000007a4600000, 0x00000007a4800000|  0%| F|  |TAMS 0x00000007a4600000| PB 0x00000007a4600000| Untracked 
| 804|0x00000007a4800000, 0x00000007a4800000, 0x00000007a4a00000|  0%| F|  |TAMS 0x00000007a4800000| PB 0x00000007a4800000| Untracked 
| 805|0x00000007a4a00000, 0x00000007a4a00000, 0x00000007a4c00000|  0%| F|  |TAMS 0x00000007a4a00000| PB 0x00000007a4a00000| Untracked 
| 806|0x00000007a4c00000, 0x00000007a4c00000, 0x00000007a4e00000|  0%| F|  |TAMS 0x00000007a4c00000| PB 0x00000007a4c00000| Untracked 
| 807|0x00000007a4e00000, 0x00000007a4e00000, 0x00000007a5000000|  0%| F|  |TAMS 0x00000007a4e00000| PB 0x00000007a4e00000| Untracked 
| 808|0x00000007a5000000, 0x00000007a5000000, 0x00000007a5200000|  0%| F|  |TAMS 0x00000007a5000000| PB 0x00000007a5000000| Untracked 
| 809|0x00000007a5200000, 0x00000007a5200000, 0x00000007a5400000|  0%| F|  |TAMS 0x00000007a5200000| PB 0x00000007a5200000| Untracked 
| 810|0x00000007a5400000, 0x00000007a5400000, 0x00000007a5600000|  0%| F|  |TAMS 0x00000007a5400000| PB 0x00000007a5400000| Untracked 
| 811|0x00000007a5600000, 0x00000007a5600000, 0x00000007a5800000|  0%| F|  |TAMS 0x00000007a5600000| PB 0x00000007a5600000| Untracked 
| 812|0x00000007a5800000, 0x00000007a5800000, 0x00000007a5a00000|  0%| F|  |TAMS 0x00000007a5800000| PB 0x00000007a5800000| Untracked 
| 813|0x00000007a5a00000, 0x00000007a5a00000, 0x00000007a5c00000|  0%| F|  |TAMS 0x00000007a5a00000| PB 0x00000007a5a00000| Untracked 
| 814|0x00000007a5c00000, 0x00000007a5c00000, 0x00000007a5e00000|  0%| F|  |TAMS 0x00000007a5c00000| PB 0x00000007a5c00000| Untracked 
| 815|0x00000007a5e00000, 0x00000007a5e00000, 0x00000007a6000000|  0%| F|  |TAMS 0x00000007a5e00000| PB 0x00000007a5e00000| Untracked 
| 816|0x00000007a6000000, 0x00000007a6000000, 0x00000007a6200000|  0%| F|  |TAMS 0x00000007a6000000| PB 0x00000007a6000000| Untracked 
| 817|0x00000007a6200000, 0x00000007a6200000, 0x00000007a6400000|  0%| F|  |TAMS 0x00000007a6200000| PB 0x00000007a6200000| Untracked 
| 818|0x00000007a6400000, 0x00000007a6400000, 0x00000007a6600000|  0%| F|  |TAMS 0x00000007a6400000| PB 0x00000007a6400000| Untracked 
| 819|0x00000007a6600000, 0x00000007a6600000, 0x00000007a6800000|  0%| F|  |TAMS 0x00000007a6600000| PB 0x00000007a6600000| Untracked 
| 820|0x00000007a6800000, 0x00000007a6800000, 0x00000007a6a00000|  0%| F|  |TAMS 0x00000007a6800000| PB 0x00000007a6800000| Untracked 
| 821|0x00000007a6a00000, 0x00000007a6a00000, 0x00000007a6c00000|  0%| F|  |TAMS 0x00000007a6a00000| PB 0x00000007a6a00000| Untracked 
| 822|0x00000007a6c00000, 0x00000007a6c00000, 0x00000007a6e00000|  0%| F|  |TAMS 0x00000007a6c00000| PB 0x00000007a6c00000| Untracked 
| 823|0x00000007a6e00000, 0x00000007a6e00000, 0x00000007a7000000|  0%| F|  |TAMS 0x00000007a6e00000| PB 0x00000007a6e00000| Untracked 
| 824|0x00000007a7000000, 0x00000007a7000000, 0x00000007a7200000|  0%| F|  |TAMS 0x00000007a7000000| PB 0x00000007a7000000| Untracked 
| 825|0x00000007a7200000, 0x00000007a7200000, 0x00000007a7400000|  0%| F|  |TAMS 0x00000007a7200000| PB 0x00000007a7200000| Untracked 
| 826|0x00000007a7400000, 0x00000007a7400000, 0x00000007a7600000|  0%| F|  |TAMS 0x00000007a7400000| PB 0x00000007a7400000| Untracked 
| 827|0x00000007a7600000, 0x00000007a7600000, 0x00000007a7800000|  0%| F|  |TAMS 0x00000007a7600000| PB 0x00000007a7600000| Untracked 
| 828|0x00000007a7800000, 0x00000007a7800000, 0x00000007a7a00000|  0%| F|  |TAMS 0x00000007a7800000| PB 0x00000007a7800000| Untracked 
| 829|0x00000007a7a00000, 0x00000007a7a00000, 0x00000007a7c00000|  0%| F|  |TAMS 0x00000007a7a00000| PB 0x00000007a7a00000| Untracked 
| 830|0x00000007a7c00000, 0x00000007a7c00000, 0x00000007a7e00000|  0%| F|  |TAMS 0x00000007a7c00000| PB 0x00000007a7c00000| Untracked 
| 831|0x00000007a7e00000, 0x00000007a7e00000, 0x00000007a8000000|  0%| F|  |TAMS 0x00000007a7e00000| PB 0x00000007a7e00000| Untracked 
| 832|0x00000007a8000000, 0x00000007a8000000, 0x00000007a8200000|  0%| F|  |TAMS 0x00000007a8000000| PB 0x00000007a8000000| Untracked 
| 833|0x00000007a8200000, 0x00000007a8200000, 0x00000007a8400000|  0%| F|  |TAMS 0x00000007a8200000| PB 0x00000007a8200000| Untracked 
| 834|0x00000007a8400000, 0x00000007a8400000, 0x00000007a8600000|  0%| F|  |TAMS 0x00000007a8400000| PB 0x00000007a8400000| Untracked 
| 835|0x00000007a8600000, 0x00000007a8600000, 0x00000007a8800000|  0%| F|  |TAMS 0x00000007a8600000| PB 0x00000007a8600000| Untracked 
| 836|0x00000007a8800000, 0x00000007a8800000, 0x00000007a8a00000|  0%| F|  |TAMS 0x00000007a8800000| PB 0x00000007a8800000| Untracked 
| 837|0x00000007a8a00000, 0x00000007a8a00000, 0x00000007a8c00000|  0%| F|  |TAMS 0x00000007a8a00000| PB 0x00000007a8a00000| Untracked 
| 838|0x00000007a8c00000, 0x00000007a8c00000, 0x00000007a8e00000|  0%| F|  |TAMS 0x00000007a8c00000| PB 0x00000007a8c00000| Untracked 
| 839|0x00000007a8e00000, 0x00000007a8e00000, 0x00000007a9000000|  0%| F|  |TAMS 0x00000007a8e00000| PB 0x00000007a8e00000| Untracked 
| 840|0x00000007a9000000, 0x00000007a9000000, 0x00000007a9200000|  0%| F|  |TAMS 0x00000007a9000000| PB 0x00000007a9000000| Untracked 
| 841|0x00000007a9200000, 0x00000007a9200000, 0x00000007a9400000|  0%| F|  |TAMS 0x00000007a9200000| PB 0x00000007a9200000| Untracked 
| 842|0x00000007a9400000, 0x00000007a9400000, 0x00000007a9600000|  0%| F|  |TAMS 0x00000007a9400000| PB 0x00000007a9400000| Untracked 
| 843|0x00000007a9600000, 0x00000007a9600000, 0x00000007a9800000|  0%| F|  |TAMS 0x00000007a9600000| PB 0x00000007a9600000| Untracked 
| 844|0x00000007a9800000, 0x00000007a9800000, 0x00000007a9a00000|  0%| F|  |TAMS 0x00000007a9800000| PB 0x00000007a9800000| Untracked 
| 845|0x00000007a9a00000, 0x00000007a9a00000, 0x00000007a9c00000|  0%| F|  |TAMS 0x00000007a9a00000| PB 0x00000007a9a00000| Untracked 
| 846|0x00000007a9c00000, 0x00000007a9c00000, 0x00000007a9e00000|  0%| F|  |TAMS 0x00000007a9c00000| PB 0x00000007a9c00000| Untracked 
| 847|0x00000007a9e00000, 0x00000007a9e00000, 0x00000007aa000000|  0%| F|  |TAMS 0x00000007a9e00000| PB 0x00000007a9e00000| Untracked 
| 848|0x00000007aa000000, 0x00000007aa000000, 0x00000007aa200000|  0%| F|  |TAMS 0x00000007aa000000| PB 0x00000007aa000000| Untracked 
| 849|0x00000007aa200000, 0x00000007aa200000, 0x00000007aa400000|  0%| F|  |TAMS 0x00000007aa200000| PB 0x00000007aa200000| Untracked 
| 850|0x00000007aa400000, 0x00000007aa400000, 0x00000007aa600000|  0%| F|  |TAMS 0x00000007aa400000| PB 0x00000007aa400000| Untracked 
| 851|0x00000007aa600000, 0x00000007aa800000, 0x00000007aa800000|100%| E|CS|TAMS 0x00000007aa600000| PB 0x00000007aa600000| Complete 
| 852|0x00000007aa800000, 0x00000007aaa00000, 0x00000007aaa00000|100%| E|CS|TAMS 0x00000007aa800000| PB 0x00000007aa800000| Complete 
| 853|0x00000007aaa00000, 0x00000007aac00000, 0x00000007aac00000|100%| E|CS|TAMS 0x00000007aaa00000| PB 0x00000007aaa00000| Complete 
| 854|0x00000007aac00000, 0x00000007aae00000, 0x00000007aae00000|100%| E|CS|TAMS 0x00000007aac00000| PB 0x00000007aac00000| Complete 
| 855|0x00000007aae00000, 0x00000007ab000000, 0x00000007ab000000|100%| E|CS|TAMS 0x00000007aae00000| PB 0x00000007aae00000| Complete 
| 856|0x00000007ab000000, 0x00000007ab200000, 0x00000007ab200000|100%| E|CS|TAMS 0x00000007ab000000| PB 0x00000007ab000000| Complete 
| 857|0x00000007ab200000, 0x00000007ab400000, 0x00000007ab400000|100%| E|CS|TAMS 0x00000007ab200000| PB 0x00000007ab200000| Complete 
| 858|0x00000007ab400000, 0x00000007ab600000, 0x00000007ab600000|100%| E|CS|TAMS 0x00000007ab400000| PB 0x00000007ab400000| Complete 
| 859|0x00000007ab600000, 0x00000007ab800000, 0x00000007ab800000|100%| E|CS|TAMS 0x00000007ab600000| PB 0x00000007ab600000| Complete 
| 860|0x00000007ab800000, 0x00000007aba00000, 0x00000007aba00000|100%| E|CS|TAMS 0x00000007ab800000| PB 0x00000007ab800000| Complete 
| 861|0x00000007aba00000, 0x00000007abc00000, 0x00000007abc00000|100%| E|CS|TAMS 0x00000007aba00000| PB 0x00000007aba00000| Complete 
| 862|0x00000007abc00000, 0x00000007abe00000, 0x00000007abe00000|100%| E|CS|TAMS 0x00000007abc00000| PB 0x00000007abc00000| Complete 
| 863|0x00000007abe00000, 0x00000007ac000000, 0x00000007ac000000|100%| E|CS|TAMS 0x00000007abe00000| PB 0x00000007abe00000| Complete 
| 864|0x00000007ac000000, 0x00000007ac200000, 0x00000007ac200000|100%| E|CS|TAMS 0x00000007ac000000| PB 0x00000007ac000000| Complete 
| 865|0x00000007ac200000, 0x00000007ac400000, 0x00000007ac400000|100%| E|CS|TAMS 0x00000007ac200000| PB 0x00000007ac200000| Complete 
| 866|0x00000007ac400000, 0x00000007ac600000, 0x00000007ac600000|100%| E|CS|TAMS 0x00000007ac400000| PB 0x00000007ac400000| Complete 
| 867|0x00000007ac600000, 0x00000007ac800000, 0x00000007ac800000|100%| E|CS|TAMS 0x00000007ac600000| PB 0x00000007ac600000| Complete 
| 868|0x00000007ac800000, 0x00000007aca00000, 0x00000007aca00000|100%| E|CS|TAMS 0x00000007ac800000| PB 0x00000007ac800000| Complete 
| 869|0x00000007aca00000, 0x00000007acc00000, 0x00000007acc00000|100%| E|CS|TAMS 0x00000007aca00000| PB 0x00000007aca00000| Complete 
| 870|0x00000007acc00000, 0x00000007ace00000, 0x00000007ace00000|100%| E|CS|TAMS 0x00000007acc00000| PB 0x00000007acc00000| Complete 
| 871|0x00000007ace00000, 0x00000007ad000000, 0x00000007ad000000|100%| E|CS|TAMS 0x00000007ace00000| PB 0x00000007ace00000| Complete 
| 872|0x00000007ad000000, 0x00000007ad200000, 0x00000007ad200000|100%| E|CS|TAMS 0x00000007ad000000| PB 0x00000007ad000000| Complete 
| 873|0x00000007ad200000, 0x00000007ad400000, 0x00000007ad400000|100%| E|CS|TAMS 0x00000007ad200000| PB 0x00000007ad200000| Complete 
| 874|0x00000007ad400000, 0x00000007ad600000, 0x00000007ad600000|100%| E|CS|TAMS 0x00000007ad400000| PB 0x00000007ad400000| Complete 
| 875|0x00000007ad600000, 0x00000007ad800000, 0x00000007ad800000|100%| E|CS|TAMS 0x00000007ad600000| PB 0x00000007ad600000| Complete 
| 876|0x00000007ad800000, 0x00000007ada00000, 0x00000007ada00000|100%| E|CS|TAMS 0x00000007ad800000| PB 0x00000007ad800000| Complete 
| 877|0x00000007ada00000, 0x00000007adc00000, 0x00000007adc00000|100%| E|CS|TAMS 0x00000007ada00000| PB 0x00000007ada00000| Complete 
| 878|0x00000007adc00000, 0x00000007ade00000, 0x00000007ade00000|100%| E|CS|TAMS 0x00000007adc00000| PB 0x00000007adc00000| Complete 
| 879|0x00000007ade00000, 0x00000007ae000000, 0x00000007ae000000|100%| E|CS|TAMS 0x00000007ade00000| PB 0x00000007ade00000| Complete 
| 880|0x00000007ae000000, 0x00000007ae200000, 0x00000007ae200000|100%| E|CS|TAMS 0x00000007ae000000| PB 0x00000007ae000000| Complete 
| 881|0x00000007ae200000, 0x00000007ae400000, 0x00000007ae400000|100%| E|CS|TAMS 0x00000007ae200000| PB 0x00000007ae200000| Complete 
| 882|0x00000007ae400000, 0x00000007ae600000, 0x00000007ae600000|100%| E|CS|TAMS 0x00000007ae400000| PB 0x00000007ae400000| Complete 
| 883|0x00000007ae600000, 0x00000007ae800000, 0x00000007ae800000|100%| E|CS|TAMS 0x00000007ae600000| PB 0x00000007ae600000| Complete 
| 884|0x00000007ae800000, 0x00000007aea00000, 0x00000007aea00000|100%| E|CS|TAMS 0x00000007ae800000| PB 0x00000007ae800000| Complete 
| 885|0x00000007aea00000, 0x00000007aec00000, 0x00000007aec00000|100%| E|CS|TAMS 0x00000007aea00000| PB 0x00000007aea00000| Complete 
| 886|0x00000007aec00000, 0x00000007aee00000, 0x00000007aee00000|100%| E|CS|TAMS 0x00000007aec00000| PB 0x00000007aec00000| Complete 
| 887|0x00000007aee00000, 0x00000007af000000, 0x00000007af000000|100%| E|CS|TAMS 0x00000007aee00000| PB 0x00000007aee00000| Complete 
| 888|0x00000007af000000, 0x00000007af200000, 0x00000007af200000|100%| E|CS|TAMS 0x00000007af000000| PB 0x00000007af000000| Complete 
| 889|0x00000007af200000, 0x00000007af400000, 0x00000007af400000|100%| E|CS|TAMS 0x00000007af200000| PB 0x00000007af200000| Complete 
| 890|0x00000007af400000, 0x00000007af600000, 0x00000007af600000|100%| E|CS|TAMS 0x00000007af400000| PB 0x00000007af400000| Complete 
| 891|0x00000007af600000, 0x00000007af800000, 0x00000007af800000|100%| E|CS|TAMS 0x00000007af600000| PB 0x00000007af600000| Complete 
| 892|0x00000007af800000, 0x00000007afa00000, 0x00000007afa00000|100%| E|CS|TAMS 0x00000007af800000| PB 0x00000007af800000| Complete 
| 893|0x00000007afa00000, 0x00000007afc00000, 0x00000007afc00000|100%| E|CS|TAMS 0x00000007afa00000| PB 0x00000007afa00000| Complete 
| 894|0x00000007afc00000, 0x00000007afe00000, 0x00000007afe00000|100%| E|CS|TAMS 0x00000007afc00000| PB 0x00000007afc00000| Complete 
| 895|0x00000007afe00000, 0x00000007b0000000, 0x00000007b0000000|100%| E|CS|TAMS 0x00000007afe00000| PB 0x00000007afe00000| Complete 
| 896|0x00000007b0000000, 0x00000007b0200000, 0x00000007b0200000|100%| E|CS|TAMS 0x00000007b0000000| PB 0x00000007b0000000| Complete 
| 897|0x00000007b0200000, 0x00000007b0400000, 0x00000007b0400000|100%| E|CS|TAMS 0x00000007b0200000| PB 0x00000007b0200000| Complete 
| 898|0x00000007b0400000, 0x00000007b0600000, 0x00000007b0600000|100%| E|CS|TAMS 0x00000007b0400000| PB 0x00000007b0400000| Complete 
| 899|0x00000007b0600000, 0x00000007b0800000, 0x00000007b0800000|100%| E|CS|TAMS 0x00000007b0600000| PB 0x00000007b0600000| Complete 
| 900|0x00000007b0800000, 0x00000007b0a00000, 0x00000007b0a00000|100%| E|CS|TAMS 0x00000007b0800000| PB 0x00000007b0800000| Complete 
| 901|0x00000007b0a00000, 0x00000007b0c00000, 0x00000007b0c00000|100%| E|CS|TAMS 0x00000007b0a00000| PB 0x00000007b0a00000| Complete 
| 902|0x00000007b0c00000, 0x00000007b0e00000, 0x00000007b0e00000|100%| E|CS|TAMS 0x00000007b0c00000| PB 0x00000007b0c00000| Complete 
| 903|0x00000007b0e00000, 0x00000007b1000000, 0x00000007b1000000|100%| E|CS|TAMS 0x00000007b0e00000| PB 0x00000007b0e00000| Complete 
| 904|0x00000007b1000000, 0x00000007b1200000, 0x00000007b1200000|100%| E|CS|TAMS 0x00000007b1000000| PB 0x00000007b1000000| Complete 
| 905|0x00000007b1200000, 0x00000007b1400000, 0x00000007b1400000|100%| E|CS|TAMS 0x00000007b1200000| PB 0x00000007b1200000| Complete 
| 906|0x00000007b1400000, 0x00000007b1600000, 0x00000007b1600000|100%| E|CS|TAMS 0x00000007b1400000| PB 0x00000007b1400000| Complete 
| 907|0x00000007b1600000, 0x00000007b1800000, 0x00000007b1800000|100%| E|CS|TAMS 0x00000007b1600000| PB 0x00000007b1600000| Complete 
| 908|0x00000007b1800000, 0x00000007b1a00000, 0x00000007b1a00000|100%| E|CS|TAMS 0x00000007b1800000| PB 0x00000007b1800000| Complete 
| 909|0x00000007b1a00000, 0x00000007b1c00000, 0x00000007b1c00000|100%| E|CS|TAMS 0x00000007b1a00000| PB 0x00000007b1a00000| Complete 
| 910|0x00000007b1c00000, 0x00000007b1e00000, 0x00000007b1e00000|100%| E|CS|TAMS 0x00000007b1c00000| PB 0x00000007b1c00000| Complete 
| 911|0x00000007b1e00000, 0x00000007b2000000, 0x00000007b2000000|100%| E|CS|TAMS 0x00000007b1e00000| PB 0x00000007b1e00000| Complete 
| 912|0x00000007b2000000, 0x00000007b2200000, 0x00000007b2200000|100%| E|CS|TAMS 0x00000007b2000000| PB 0x00000007b2000000| Complete 
| 913|0x00000007b2200000, 0x00000007b2400000, 0x00000007b2400000|100%| E|CS|TAMS 0x00000007b2200000| PB 0x00000007b2200000| Complete 
| 914|0x00000007b2400000, 0x00000007b2600000, 0x00000007b2600000|100%| E|CS|TAMS 0x00000007b2400000| PB 0x00000007b2400000| Complete 
| 915|0x00000007b2600000, 0x00000007b2800000, 0x00000007b2800000|100%| E|CS|TAMS 0x00000007b2600000| PB 0x00000007b2600000| Complete 
| 916|0x00000007b2800000, 0x00000007b2a00000, 0x00000007b2a00000|100%| E|CS|TAMS 0x00000007b2800000| PB 0x00000007b2800000| Complete 
| 917|0x00000007b2a00000, 0x00000007b2c00000, 0x00000007b2c00000|100%| E|CS|TAMS 0x00000007b2a00000| PB 0x00000007b2a00000| Complete 
| 918|0x00000007b2c00000, 0x00000007b2e00000, 0x00000007b2e00000|100%| E|CS|TAMS 0x00000007b2c00000| PB 0x00000007b2c00000| Complete 
| 919|0x00000007b2e00000, 0x00000007b3000000, 0x00000007b3000000|100%| E|CS|TAMS 0x00000007b2e00000| PB 0x00000007b2e00000| Complete 
| 920|0x00000007b3000000, 0x00000007b3200000, 0x00000007b3200000|100%| E|CS|TAMS 0x00000007b3000000| PB 0x00000007b3000000| Complete 
| 921|0x00000007b3200000, 0x00000007b3400000, 0x00000007b3400000|100%| E|CS|TAMS 0x00000007b3200000| PB 0x00000007b3200000| Complete 
| 922|0x00000007b3400000, 0x00000007b3600000, 0x00000007b3600000|100%| E|CS|TAMS 0x00000007b3400000| PB 0x00000007b3400000| Complete 
| 923|0x00000007b3600000, 0x00000007b3800000, 0x00000007b3800000|100%| E|CS|TAMS 0x00000007b3600000| PB 0x00000007b3600000| Complete 
| 924|0x00000007b3800000, 0x00000007b3a00000, 0x00000007b3a00000|100%| E|CS|TAMS 0x00000007b3800000| PB 0x00000007b3800000| Complete 
| 925|0x00000007b3a00000, 0x00000007b3c00000, 0x00000007b3c00000|100%| E|CS|TAMS 0x00000007b3a00000| PB 0x00000007b3a00000| Complete 
| 926|0x00000007b3c00000, 0x00000007b3e00000, 0x00000007b3e00000|100%| E|CS|TAMS 0x00000007b3c00000| PB 0x00000007b3c00000| Complete 
| 927|0x00000007b3e00000, 0x00000007b4000000, 0x00000007b4000000|100%| E|CS|TAMS 0x00000007b3e00000| PB 0x00000007b3e00000| Complete 
| 928|0x00000007b4000000, 0x00000007b4200000, 0x00000007b4200000|100%| E|CS|TAMS 0x00000007b4000000| PB 0x00000007b4000000| Complete 
| 929|0x00000007b4200000, 0x00000007b4400000, 0x00000007b4400000|100%| E|CS|TAMS 0x00000007b4200000| PB 0x00000007b4200000| Complete 
| 930|0x00000007b4400000, 0x00000007b4600000, 0x00000007b4600000|100%| E|CS|TAMS 0x00000007b4400000| PB 0x00000007b4400000| Complete 
| 931|0x00000007b4600000, 0x00000007b4800000, 0x00000007b4800000|100%| E|CS|TAMS 0x00000007b4600000| PB 0x00000007b4600000| Complete 
| 932|0x00000007b4800000, 0x00000007b4a00000, 0x00000007b4a00000|100%| E|CS|TAMS 0x00000007b4800000| PB 0x00000007b4800000| Complete 
| 933|0x00000007b4a00000, 0x00000007b4c00000, 0x00000007b4c00000|100%| E|CS|TAMS 0x00000007b4a00000| PB 0x00000007b4a00000| Complete 
| 934|0x00000007b4c00000, 0x00000007b4e00000, 0x00000007b4e00000|100%| E|CS|TAMS 0x00000007b4c00000| PB 0x00000007b4c00000| Complete 
| 935|0x00000007b4e00000, 0x00000007b5000000, 0x00000007b5000000|100%| E|CS|TAMS 0x00000007b4e00000| PB 0x00000007b4e00000| Complete 
| 936|0x00000007b5000000, 0x00000007b5200000, 0x00000007b5200000|100%| E|CS|TAMS 0x00000007b5000000| PB 0x00000007b5000000| Complete 
| 937|0x00000007b5200000, 0x00000007b5400000, 0x00000007b5400000|100%| E|CS|TAMS 0x00000007b5200000| PB 0x00000007b5200000| Complete 
| 938|0x00000007b5400000, 0x00000007b5600000, 0x00000007b5600000|100%| E|CS|TAMS 0x00000007b5400000| PB 0x00000007b5400000| Complete 
| 939|0x00000007b5600000, 0x00000007b5800000, 0x00000007b5800000|100%| E|CS|TAMS 0x00000007b5600000| PB 0x00000007b5600000| Complete 
| 940|0x00000007b5800000, 0x00000007b5a00000, 0x00000007b5a00000|100%| E|CS|TAMS 0x00000007b5800000| PB 0x00000007b5800000| Complete 
| 941|0x00000007b5a00000, 0x00000007b5c00000, 0x00000007b5c00000|100%| E|CS|TAMS 0x00000007b5a00000| PB 0x00000007b5a00000| Complete 
| 942|0x00000007b5c00000, 0x00000007b5e00000, 0x00000007b5e00000|100%| E|CS|TAMS 0x00000007b5c00000| PB 0x00000007b5c00000| Complete 
| 943|0x00000007b5e00000, 0x00000007b6000000, 0x00000007b6000000|100%| E|CS|TAMS 0x00000007b5e00000| PB 0x00000007b5e00000| Complete 
| 944|0x00000007b6000000, 0x00000007b6200000, 0x00000007b6200000|100%| E|CS|TAMS 0x00000007b6000000| PB 0x00000007b6000000| Complete 
| 945|0x00000007b6200000, 0x00000007b6400000, 0x00000007b6400000|100%| E|CS|TAMS 0x00000007b6200000| PB 0x00000007b6200000| Complete 
| 946|0x00000007b6400000, 0x00000007b6600000, 0x00000007b6600000|100%| E|CS|TAMS 0x00000007b6400000| PB 0x00000007b6400000| Complete 
| 947|0x00000007b6600000, 0x00000007b6800000, 0x00000007b6800000|100%| E|CS|TAMS 0x00000007b6600000| PB 0x00000007b6600000| Complete 
| 948|0x00000007b6800000, 0x00000007b6a00000, 0x00000007b6a00000|100%| E|CS|TAMS 0x00000007b6800000| PB 0x00000007b6800000| Complete 
| 949|0x00000007b6a00000, 0x00000007b6c00000, 0x00000007b6c00000|100%| E|CS|TAMS 0x00000007b6a00000| PB 0x00000007b6a00000| Complete 
| 950|0x00000007b6c00000, 0x00000007b6e00000, 0x00000007b6e00000|100%| E|CS|TAMS 0x00000007b6c00000| PB 0x00000007b6c00000| Complete 
| 951|0x00000007b6e00000, 0x00000007b7000000, 0x00000007b7000000|100%| E|CS|TAMS 0x00000007b6e00000| PB 0x00000007b6e00000| Complete 
| 952|0x00000007b7000000, 0x00000007b7200000, 0x00000007b7200000|100%| E|CS|TAMS 0x00000007b7000000| PB 0x00000007b7000000| Complete 
| 953|0x00000007b7200000, 0x00000007b7400000, 0x00000007b7400000|100%| E|CS|TAMS 0x00000007b7200000| PB 0x00000007b7200000| Complete 
| 954|0x00000007b7400000, 0x00000007b7600000, 0x00000007b7600000|100%| E|CS|TAMS 0x00000007b7400000| PB 0x00000007b7400000| Complete 
| 955|0x00000007b7600000, 0x00000007b7800000, 0x00000007b7800000|100%| E|CS|TAMS 0x00000007b7600000| PB 0x00000007b7600000| Complete 
| 956|0x00000007b7800000, 0x00000007b7a00000, 0x00000007b7a00000|100%| E|CS|TAMS 0x00000007b7800000| PB 0x00000007b7800000| Complete 
| 957|0x00000007b7a00000, 0x00000007b7c00000, 0x00000007b7c00000|100%| E|CS|TAMS 0x00000007b7a00000| PB 0x00000007b7a00000| Complete 
| 958|0x00000007b7c00000, 0x00000007b7e00000, 0x00000007b7e00000|100%| E|CS|TAMS 0x00000007b7c00000| PB 0x00000007b7c00000| Complete 
| 959|0x00000007b7e00000, 0x00000007b8000000, 0x00000007b8000000|100%| E|CS|TAMS 0x00000007b7e00000| PB 0x00000007b7e00000| Complete 
| 960|0x00000007b8000000, 0x00000007b8200000, 0x00000007b8200000|100%| E|CS|TAMS 0x00000007b8000000| PB 0x00000007b8000000| Complete 
| 961|0x00000007b8200000, 0x00000007b8400000, 0x00000007b8400000|100%| E|CS|TAMS 0x00000007b8200000| PB 0x00000007b8200000| Complete 
| 962|0x00000007b8400000, 0x00000007b8600000, 0x00000007b8600000|100%| S|CS|TAMS 0x00000007b8400000| PB 0x00000007b8400000| Complete 
|1465|0x00000007f7200000, 0x00000007f7400000, 0x00000007f7400000|100%| O|  |TAMS 0x00000007f7200000| PB 0x00000007f7200000| Untracked 
|1466|0x00000007f7400000, 0x00000007f7600000, 0x00000007f7600000|100%| O|  |TAMS 0x00000007f7400000| PB 0x00000007f7400000| Untracked 
|1467|0x00000007f7600000, 0x00000007f7800000, 0x00000007f7800000|100%| O|  |TAMS 0x00000007f7600000| PB 0x00000007f7600000| Untracked 
|1468|0x00000007f7800000, 0x00000007f7a00000, 0x00000007f7a00000|100%| O|  |TAMS 0x00000007f7800000| PB 0x00000007f7800000| Untracked 
|1469|0x00000007f7a00000, 0x00000007f7c00000, 0x00000007f7c00000|100%| O|  |TAMS 0x00000007f7a00000| PB 0x00000007f7a00000| Untracked 
|1470|0x00000007f7c00000, 0x00000007f7e00000, 0x00000007f7e00000|100%| O|  |TAMS 0x00000007f7c00000| PB 0x00000007f7c00000| Untracked 
|1471|0x00000007f7e00000, 0x00000007f8000000, 0x00000007f8000000|100%| O|  |TAMS 0x00000007f7e00000| PB 0x00000007f7e00000| Untracked 
|1472|0x00000007f8000000, 0x00000007f8200000, 0x00000007f8200000|100%| O|  |TAMS 0x00000007f8000000| PB 0x00000007f8000000| Untracked 
|1473|0x00000007f8200000, 0x00000007f8400000, 0x00000007f8400000|100%| O|  |TAMS 0x00000007f8200000| PB 0x00000007f8200000| Untracked 
|1474|0x00000007f8400000, 0x00000007f8600000, 0x00000007f8600000|100%| O|  |TAMS 0x00000007f8400000| PB 0x00000007f8400000| Untracked 
|1475|0x00000007f8600000, 0x00000007f8800000, 0x00000007f8800000|100%| O|  |TAMS 0x00000007f8600000| PB 0x00000007f8600000| Untracked 
|1476|0x00000007f8800000, 0x00000007f8a00000, 0x00000007f8a00000|100%| O|  |TAMS 0x00000007f8800000| PB 0x00000007f8800000| Untracked 
|1477|0x00000007f8a00000, 0x00000007f8c00000, 0x00000007f8c00000|100%| O|  |TAMS 0x00000007f8a00000| PB 0x00000007f8a00000| Untracked 
|1478|0x00000007f8c00000, 0x00000007f8e00000, 0x00000007f8e00000|100%| O|  |TAMS 0x00000007f8c00000| PB 0x00000007f8c00000| Untracked 
|1479|0x00000007f8e00000, 0x00000007f9000000, 0x00000007f9000000|100%| O|  |TAMS 0x00000007f8e00000| PB 0x00000007f8e00000| Untracked 
|1480|0x00000007f9000000, 0x00000007f9200000, 0x00000007f9200000|100%| O|  |TAMS 0x00000007f9000000| PB 0x00000007f9000000| Untracked 
|1481|0x00000007f9200000, 0x00000007f9400000, 0x00000007f9400000|100%| O|  |TAMS 0x00000007f9200000| PB 0x00000007f9200000| Untracked 
|1482|0x00000007f9400000, 0x00000007f9600000, 0x00000007f9600000|100%| O|  |TAMS 0x00000007f9400000| PB 0x00000007f9400000| Untracked 
|1483|0x00000007f9600000, 0x00000007f9800000, 0x00000007f9800000|100%| O|  |TAMS 0x00000007f9600000| PB 0x00000007f9600000| Untracked 
|1484|0x00000007f9800000, 0x00000007f9a00000, 0x00000007f9a00000|100%| O|  |TAMS 0x00000007f9800000| PB 0x00000007f9800000| Untracked 
|1485|0x00000007f9a00000, 0x00000007f9c00000, 0x00000007f9c00000|100%| O|  |TAMS 0x00000007f9a00000| PB 0x00000007f9a00000| Untracked 
|1486|0x00000007f9c00000, 0x00000007f9e00000, 0x00000007f9e00000|100%| O|  |TAMS 0x00000007f9c00000| PB 0x00000007f9c00000| Untracked 
|1487|0x00000007f9e00000, 0x00000007fa000000, 0x00000007fa000000|100%| O|  |TAMS 0x00000007f9e00000| PB 0x00000007f9e00000| Untracked 
|1488|0x00000007fa000000, 0x00000007fa200000, 0x00000007fa200000|100%| O|  |TAMS 0x00000007fa000000| PB 0x00000007fa000000| Untracked 
|1489|0x00000007fa200000, 0x00000007fa400000, 0x00000007fa400000|100%| O|  |TAMS 0x00000007fa200000| PB 0x00000007fa200000| Untracked 
|1490|0x00000007fa400000, 0x00000007fa600000, 0x00000007fa600000|100%| O|  |TAMS 0x00000007fa400000| PB 0x00000007fa400000| Untracked 
|1491|0x00000007fa600000, 0x00000007fa800000, 0x00000007fa800000|100%| O|  |TAMS 0x00000007fa600000| PB 0x00000007fa600000| Untracked 
|1492|0x00000007fa800000, 0x00000007faa00000, 0x00000007faa00000|100%| E|CS|TAMS 0x00000007fa800000| PB 0x00000007fa800000| Complete 
|1493|0x00000007faa00000, 0x00000007fac00000, 0x00000007fac00000|100%| E|CS|TAMS 0x00000007faa00000| PB 0x00000007faa00000| Complete 
|1494|0x00000007fac00000, 0x00000007fae00000, 0x00000007fae00000|100%| E|CS|TAMS 0x00000007fac00000| PB 0x00000007fac00000| Complete 
|1495|0x00000007fae00000, 0x00000007fb000000, 0x00000007fb000000|100%| E|CS|TAMS 0x00000007fae00000| PB 0x00000007fae00000| Complete 
|1496|0x00000007fb000000, 0x00000007fb200000, 0x00000007fb200000|100%| E|CS|TAMS 0x00000007fb000000| PB 0x00000007fb000000| Complete 
|1497|0x00000007fb200000, 0x00000007fb400000, 0x00000007fb400000|100%| E|CS|TAMS 0x00000007fb200000| PB 0x00000007fb200000| Complete 
|1498|0x00000007fb400000, 0x00000007fb600000, 0x00000007fb600000|100%| E|CS|TAMS 0x00000007fb400000| PB 0x00000007fb400000| Complete 
|1499|0x00000007fb600000, 0x00000007fb800000, 0x00000007fb800000|100%| E|CS|TAMS 0x00000007fb600000| PB 0x00000007fb600000| Complete 
|1500|0x00000007fb800000, 0x00000007fba00000, 0x00000007fba00000|100%| E|CS|TAMS 0x00000007fb800000| PB 0x00000007fb800000| Complete 
|1501|0x00000007fba00000, 0x00000007fbc00000, 0x00000007fbc00000|100%| E|CS|TAMS 0x00000007fba00000| PB 0x00000007fba00000| Complete 
|1502|0x00000007fbc00000, 0x00000007fbe00000, 0x00000007fbe00000|100%| E|CS|TAMS 0x00000007fbc00000| PB 0x00000007fbc00000| Complete 
|1503|0x00000007fbe00000, 0x00000007fc000000, 0x00000007fc000000|100%| E|CS|TAMS 0x00000007fbe00000| PB 0x00000007fbe00000| Complete 
|1504|0x00000007fc000000, 0x00000007fc200000, 0x00000007fc200000|100%| E|CS|TAMS 0x00000007fc000000| PB 0x00000007fc000000| Complete 
|1505|0x00000007fc200000, 0x00000007fc400000, 0x00000007fc400000|100%| E|CS|TAMS 0x00000007fc200000| PB 0x00000007fc200000| Complete 
|1506|0x00000007fc400000, 0x00000007fc600000, 0x00000007fc600000|100%| O|  |TAMS 0x00000007fc400000| PB 0x00000007fc400000| Untracked 
|1507|0x00000007fc600000, 0x00000007fc800000, 0x00000007fc800000|100%| O|  |TAMS 0x00000007fc600000| PB 0x00000007fc600000| Untracked 
|1508|0x00000007fc800000, 0x00000007fca00000, 0x00000007fca00000|100%| O|  |TAMS 0x00000007fc800000| PB 0x00000007fc800000| Untracked 
|1509|0x00000007fca00000, 0x00000007fcc00000, 0x00000007fcc00000|100%| O|  |TAMS 0x00000007fca00000| PB 0x00000007fca00000| Untracked 
|1510|0x00000007fcc00000, 0x00000007fce00000, 0x00000007fce00000|100%| O|  |TAMS 0x00000007fcc00000| PB 0x00000007fcc00000| Untracked 
|1511|0x00000007fce00000, 0x00000007fd000000, 0x00000007fd000000|100%| O|  |TAMS 0x00000007fce00000| PB 0x00000007fce00000| Untracked 
|1512|0x00000007fd000000, 0x00000007fd200000, 0x00000007fd200000|100%| O|  |TAMS 0x00000007fd000000| PB 0x00000007fd000000| Untracked 
|1513|0x00000007fd200000, 0x00000007fd400000, 0x00000007fd400000|100%| O|  |TAMS 0x00000007fd200000| PB 0x00000007fd200000| Untracked 
|1514|0x00000007fd400000, 0x00000007fd600000, 0x00000007fd600000|100%| O|  |TAMS 0x00000007fd400000| PB 0x00000007fd400000| Untracked 
|1515|0x00000007fd600000, 0x00000007fd800000, 0x00000007fd800000|100%| O|  |TAMS 0x00000007fd600000| PB 0x00000007fd600000| Untracked 
|1516|0x00000007fd800000, 0x00000007fda00000, 0x00000007fda00000|100%| E|CS|TAMS 0x00000007fd800000| PB 0x00000007fd800000| Complete 
|1517|0x00000007fda00000, 0x00000007fdc00000, 0x00000007fdc00000|100%| E|CS|TAMS 0x00000007fda00000| PB 0x00000007fda00000| Complete 
|1518|0x00000007fdc00000, 0x00000007fde00000, 0x00000007fde00000|100%| E|CS|TAMS 0x00000007fdc00000| PB 0x00000007fdc00000| Complete 
|1519|0x00000007fde00000, 0x00000007fe000000, 0x00000007fe000000|100%| E|CS|TAMS 0x00000007fde00000| PB 0x00000007fde00000| Complete 
|1520|0x00000007fe000000, 0x00000007fe200000, 0x00000007fe200000|100%| E|CS|TAMS 0x00000007fe000000| PB 0x00000007fe000000| Complete 
|1521|0x00000007fe200000, 0x00000007fe400000, 0x00000007fe400000|100%| E|CS|TAMS 0x00000007fe200000| PB 0x00000007fe200000| Complete 
|1522|0x00000007fe400000, 0x00000007fe600000, 0x00000007fe600000|100%| E|CS|TAMS 0x00000007fe400000| PB 0x00000007fe400000| Complete 
|1523|0x00000007fe600000, 0x00000007fe800000, 0x00000007fe800000|100%| E|CS|TAMS 0x00000007fe600000| PB 0x00000007fe600000| Complete 
|1524|0x00000007fe800000, 0x00000007fea00000, 0x00000007fea00000|100%| E|CS|TAMS 0x00000007fe800000| PB 0x00000007fe800000| Complete 
|1525|0x00000007fea00000, 0x00000007fec00000, 0x00000007fec00000|100%| E|CS|TAMS 0x00000007fea00000| PB 0x00000007fea00000| Complete 
|1526|0x00000007fec00000, 0x00000007fee00000, 0x00000007fee00000|100%| E|CS|TAMS 0x00000007fec00000| PB 0x00000007fec00000| Complete 
|1527|0x00000007fee00000, 0x00000007ff000000, 0x00000007ff000000|100%| O|  |TAMS 0x00000007fee00000| PB 0x00000007fee00000| Untracked 
|1528|0x00000007ff000000, 0x00000007ff200000, 0x00000007ff200000|100%| O|  |TAMS 0x00000007ff000000| PB 0x00000007ff000000| Untracked 
|1529|0x00000007ff200000, 0x00000007ff400000, 0x00000007ff400000|100%| O|  |TAMS 0x00000007ff200000| PB 0x00000007ff200000| Untracked 
|1530|0x00000007ff400000, 0x00000007ff600000, 0x00000007ff600000|100%| O|  |TAMS 0x00000007ff400000| PB 0x00000007ff400000| Untracked 
|1531|0x00000007ff600000, 0x00000007ff800000, 0x00000007ff800000|100%| E|CS|TAMS 0x00000007ff600000| PB 0x00000007ff600000| Complete 
|1532|0x00000007ff800000, 0x00000007ffa00000, 0x00000007ffa00000|100%| E|CS|TAMS 0x00000007ff800000| PB 0x00000007ff800000| Complete 
|1533|0x00000007ffa00000, 0x00000007ffc00000, 0x00000007ffc00000|100%| E|CS|TAMS 0x00000007ffa00000| PB 0x00000007ffa00000| Complete 
|1534|0x00000007ffc00000, 0x00000007ffe00000, 0x00000007ffe00000|100%| E|CS|TAMS 0x00000007ffc00000| PB 0x00000007ffc00000| Complete 
|1535|0x00000007ffe00000, 0x0000000800000000, 0x0000000800000000|100%| E|CS|TAMS 0x00000007ffe00000| PB 0x00000007ffe00000| Complete 

Card table byte_map: [0x000002d6a0600000,0x000002d6a0c00000] _byte_map_base: 0x000002d69cc00000

Marking Bits: (CMBitMap*) 0x000002d6fc6186d0
 Bits: [0x000002d6a0c00000, 0x000002d6a3c00000)

Polling page: 0x000002d6fa3f0000

Metaspace:

Usage:
  Non-class:    227.58 MB used.
      Class:     34.27 MB used.
       Both:    261.85 MB used.

Virtual space:
  Non-class space:      256.00 MB reserved,     229.44 MB ( 90%) committed,  4 nodes.
      Class space:      416.00 MB reserved,      35.88 MB (  9%) committed,  1 nodes.
             Both:      672.00 MB reserved,     265.31 MB ( 39%) committed. 

Chunk freelists:
   Non-Class:  9.86 MB
       Class:  12.17 MB
        Both:  22.03 MB

MaxMetaspaceSize: 512.00 MB
CompressedClassSpaceSize: 416.00 MB
Initial GC threshold: 21.00 MB
Current GC threshold: 437.31 MB
CDS: off
 - commit_granule_bytes: 65536.
 - commit_granule_words: 8192.
 - virtual_space_node_default_size: 8388608.
 - enlarge_chunks_in_place: 1.
 - use_allocation_guard: 0.


Internal statistics:

num_allocs_failed_limit: 12.
num_arena_births: 6344.
num_arena_deaths: 122.
num_vsnodes_births: 5.
num_vsnodes_deaths: 0.
num_space_committed: 4278.
num_space_uncommitted: 26.
num_chunks_returned_to_freelist: 429.
num_chunks_taken_from_freelist: 18328.
num_chunk_merges: 106.
num_chunk_splits: 12384.
num_chunks_enlarged: 8557.
num_inconsistent_stats: 0.

CodeHeap 'non-profiled nmethods': size=259264Kb used=51950Kb max_used=51950Kb free=207313Kb
 bounds [0x000002d6902d0000, 0x000002d693590000, 0x000002d6a0000000]
CodeHeap 'profiled nmethods': size=259264Kb used=76517Kb max_used=85524Kb free=182746Kb
 bounds [0x000002d680000000, 0x000002d6853c0000, 0x000002d68fd30000]
CodeHeap 'non-nmethods': size=5760Kb used=3602Kb max_used=3725Kb free=2158Kb
 bounds [0x000002d68fd30000, 0x000002d6900e0000, 0x000002d6902d0000]
CodeCache: size=524288Kb, used=132069Kb, max_used=141199Kb, free=392217Kb
 total_blobs=41732, nmethods=40474, adapters=1160, full_count=0
Compilation: enabled, stopped_count=0, restarted_count=0

Compilation events (20 events):
Event: 286.472 Thread 0x000002d6a650b280 nmethod 65919 0x000002d6852f2d90 code [0x000002d6852f3340, 0x000002d6852f4f58]
Event: 286.473 Thread 0x000002d6a650b280 65920       2       com.android.tools.r8.internal.o3$$Lambda/0x00000008023cfba0::<init> (10 bytes)
Event: 286.473 Thread 0x000002d6a650b280 nmethod 65920 0x000002d684f03910 code [0x000002d684f03aa0, 0x000002d684f03bf8]
Event: 286.475 Thread 0x000002d6a650b280 65921       2       com.android.tools.r8.internal.o3$$Lambda/0x00000008023cfba0::accept (14 bytes)
Event: 286.475 Thread 0x000002d6a650b280 nmethod 65921 0x000002d680c9c710 code [0x000002d680c9c8c0, 0x000002d680c9ca30]
Event: 286.481 Thread 0x000002d6a650b280 65922       1       com.android.tools.r8.internal.Hm0::H2 (3 bytes)
Event: 286.482 Thread 0x000002d6a650b280 nmethod 65922 0x000002d69358ac90 code [0x000002d69358ae20, 0x000002d69358aee8]
Event: 286.490 Thread 0x000002d6a650b280 65923       2       com.android.tools.r8.shaking.i::a (304 bytes)
Event: 286.495 Thread 0x000002d6a650b280 nmethod 65923 0x000002d6833d0710 code [0x000002d6833d0a80, 0x000002d6833d1998]
Event: 286.495 Thread 0x000002d6a650b280 65924       2       com.android.tools.r8.graph.j::b (150 bytes)
Event: 286.496 Thread 0x000002d6a650b280 nmethod 65924 0x000002d680c9bb90 code [0x000002d680c9bda0, 0x000002d680c9c298]
Event: 286.506 Thread 0x000002d6a650b280 65930       2       com.android.tools.r8.internal.oL$$Lambda/0x00000008023d4c08::test (12 bytes)
Event: 286.506 Thread 0x000002d6a650b280 nmethod 65930 0x000002d68519c490 code [0x000002d68519c620, 0x000002d68519c780]
Event: 286.506 Thread 0x000002d6a650b280 65931       2       com.android.tools.r8.internal.oL::a (11 bytes)
Event: 286.507 Thread 0x000002d6a650b280 nmethod 65931 0x000002d6834f3090 code [0x000002d6834f3220, 0x000002d6834f3318]
Event: 286.508 Thread 0x000002d6a650b280 65935       2       com.android.tools.r8.internal.ao::a (1196 bytes)
Event: 287.500 Thread 0x000002d6a650b280 nmethod 65935 0x000002d6842ff590 code [0x000002d6842ffc40, 0x000002d684302018]
Event: 287.501 Thread 0x000002d6a650b280 65938       3       com.android.tools.r8.internal.td0::equals (38 bytes)
Event: 287.501 Thread 0x000002d6a650b280 nmethod 65938 0x000002d6833d0010 code [0x000002d6833d01e0, 0x000002d6833d05f0]
Event: 287.501 Thread 0x000002d6a650b280 65940   !   2       com.android.tools.r8.internal.ZY::e (155 bytes)

GC Heap History (20 events):
Event: 256.666 GC heap before
{Heap before GC invocations=184 (full 0):
 garbage-first heap   total 1734656K, used 1589587K [0x0000000740000000, 0x0000000800000000)
  region size 2048K, 390 young (798720K), 28 survivors (57344K)
 Metaspace       used 265198K, committed 268672K, reserved 688128K
  class space    used 34644K, committed 36288K, reserved 425984K
}
Event: 256.768 GC heap after
{Heap after GC invocations=185 (full 0):
 garbage-first heap   total 2060288K, used 841077K [0x0000000740000000, 0x0000000800000000)
  region size 2048K, 26 young (53248K), 26 survivors (53248K)
 Metaspace       used 265198K, committed 268672K, reserved 688128K
  class space    used 34644K, committed 36288K, reserved 425984K
}
Event: 258.577 GC heap before
{Heap before GC invocations=185 (full 0):
 garbage-first heap   total 2060288K, used 1899893K [0x0000000740000000, 0x0000000800000000)
  region size 2048K, 543 young (1112064K), 26 survivors (53248K)
 Metaspace       used 265234K, committed 268672K, reserved 688128K
  class space    used 34650K, committed 36288K, reserved 425984K
}
Event: 258.641 GC heap after
{Heap after GC invocations=186 (full 0):
 garbage-first heap   total 2060288K, used 846197K [0x0000000740000000, 0x0000000800000000)
  region size 2048K, 28 young (57344K), 28 survivors (57344K)
 Metaspace       used 265234K, committed 268672K, reserved 688128K
  class space    used 34650K, committed 36288K, reserved 425984K
}
Event: 262.963 GC heap before
{Heap before GC invocations=187 (full 0):
 garbage-first heap   total 2060288K, used 1894773K [0x0000000740000000, 0x0000000800000000)
  region size 2048K, 541 young (1107968K), 28 survivors (57344K)
 Metaspace       used 265247K, committed 268736K, reserved 688128K
  class space    used 34650K, committed 36288K, reserved 425984K
}
Event: 263.039 GC heap after
{Heap after GC invocations=188 (full 0):
 garbage-first heap   total 2060288K, used 848245K [0x0000000740000000, 0x0000000800000000)
  region size 2048K, 29 young (59392K), 29 survivors (59392K)
 Metaspace       used 265247K, committed 268736K, reserved 688128K
  class space    used 34650K, committed 36288K, reserved 425984K
}
Event: 265.000 GC heap before
{Heap before GC invocations=188 (full 0):
 garbage-first heap   total 2060288K, used 1894773K [0x0000000740000000, 0x0000000800000000)
  region size 2048K, 540 young (1105920K), 29 survivors (59392K)
 Metaspace       used 265253K, committed 268736K, reserved 688128K
  class space    used 34650K, committed 36288K, reserved 425984K
}
Event: 265.099 GC heap after
{Heap after GC invocations=189 (full 0):
 garbage-first heap   total 2060288K, used 840704K [0x0000000740000000, 0x0000000800000000)
  region size 2048K, 29 young (59392K), 29 survivors (59392K)
 Metaspace       used 265253K, committed 268736K, reserved 688128K
  class space    used 34650K, committed 36288K, reserved 425984K
}
Event: 266.571 GC heap before
{Heap before GC invocations=189 (full 0):
 garbage-first heap   total 2060288K, used 1788928K [0x0000000740000000, 0x0000000800000000)
  region size 2048K, 493 young (1009664K), 29 survivors (59392K)
 Metaspace       used 265260K, committed 268736K, reserved 688128K
  class space    used 34650K, committed 36288K, reserved 425984K
}
Event: 266.619 GC heap after
{Heap after GC invocations=190 (full 0):
 garbage-first heap   total 2060288K, used 843962K [0x0000000740000000, 0x0000000800000000)
  region size 2048K, 28 young (57344K), 28 survivors (57344K)
 Metaspace       used 265260K, committed 268736K, reserved 688128K
  class space    used 34650K, committed 36288K, reserved 425984K
}
Event: 269.328 GC heap before
{Heap before GC invocations=191 (full 0):
 garbage-first heap   total 2060288K, used 1896634K [0x0000000740000000, 0x0000000800000000)
  region size 2048K, 542 young (1110016K), 28 survivors (57344K)
 Metaspace       used 265291K, committed 268736K, reserved 688128K
  class space    used 34650K, committed 36288K, reserved 425984K
}
Event: 269.392 GC heap after
{Heap after GC invocations=192 (full 0):
 garbage-first heap   total 2060288K, used 858088K [0x0000000740000000, 0x0000000800000000)
  region size 2048K, 33 young (67584K), 33 survivors (67584K)
 Metaspace       used 265291K, committed 268736K, reserved 688128K
  class space    used 34650K, committed 36288K, reserved 425984K
}
Event: 271.612 GC heap before
{Heap before GC invocations=192 (full 0):
 garbage-first heap   total 2060288K, used 1886184K [0x0000000740000000, 0x0000000800000000)
  region size 2048K, 535 young (1095680K), 33 survivors (67584K)
 Metaspace       used 265314K, committed 268736K, reserved 688128K
  class space    used 34650K, committed 36288K, reserved 425984K
}
Event: 271.747 GC heap after
{Heap after GC invocations=193 (full 0):
 garbage-first heap   total 2060288K, used 853774K [0x0000000740000000, 0x0000000800000000)
  region size 2048K, 32 young (65536K), 32 survivors (65536K)
 Metaspace       used 265314K, committed 268736K, reserved 688128K
  class space    used 34650K, committed 36288K, reserved 425984K
}
Event: 272.638 GC heap before
{Heap before GC invocations=193 (full 0):
 garbage-first heap   total 2060288K, used 1271566K [0x0000000740000000, 0x0000000800000000)
  region size 2048K, 238 young (487424K), 32 survivors (65536K)
 Metaspace       used 265316K, committed 268736K, reserved 688128K
  class space    used 34650K, committed 36288K, reserved 425984K
}
Event: 272.704 GC heap after
{Heap after GC invocations=194 (full 0):
 garbage-first heap   total 2060288K, used 862396K [0x0000000740000000, 0x0000000800000000)
  region size 2048K, 34 young (69632K), 34 survivors (69632K)
 Metaspace       used 265316K, committed 268736K, reserved 688128K
  class space    used 34650K, committed 36288K, reserved 425984K
}
Event: 278.681 GC heap before
{Heap before GC invocations=195 (full 0):
 garbage-first heap   total 2060288K, used 1888444K [0x0000000740000000, 0x0000000800000000)
  region size 2048K, 533 young (1091584K), 34 survivors (69632K)
 Metaspace       used 266725K, committed 270144K, reserved 688128K
  class space    used 34863K, committed 36480K, reserved 425984K
}
Event: 278.782 GC heap after
{Heap after GC invocations=196 (full 0):
 garbage-first heap   total 2060288K, used 859437K [0x0000000740000000, 0x0000000800000000)
  region size 2048K, 30 young (61440K), 30 survivors (61440K)
 Metaspace       used 266725K, committed 270144K, reserved 688128K
  class space    used 34863K, committed 36480K, reserved 425984K
}
Event: 284.657 GC heap before
{Heap before GC invocations=196 (full 0):
 garbage-first heap   total 2060288K, used 1901869K [0x0000000740000000, 0x0000000800000000)
  region size 2048K, 535 young (1095680K), 30 survivors (61440K)
 Metaspace       used 268103K, committed 271616K, reserved 688128K
  class space    used 35090K, committed 36736K, reserved 425984K
}
Event: 286.343 GC heap after
{Heap after GC invocations=197 (full 0):
 garbage-first heap   total 2117632K, used 995328K [0x0000000740000000, 0x0000000800000000)
  region size 2048K, 67 young (137216K), 67 survivors (137216K)
 Metaspace       used 268103K, committed 271616K, reserved 688128K
  class space    used 35090K, committed 36736K, reserved 425984K
}

Dll operation events (3 events):
Event: 0.010 Loaded shared library C:\Program Files\Android\Android Studio\jbr\bin\java.dll
Event: 0.015 Loaded shared library C:\Program Files\Android\Android Studio\jbr\bin\zip.dll
Event: 0.374 Loaded shared library C:\Program Files\Android\Android Studio\jbr\bin\verify.dll

Deoptimization events (20 events):
Event: 284.615 Thread 0x000002d6ac0aedc0 DEOPT PACKING pc=0x000002d69316d1e0 sp=0x000000e8d5dfe4c0
Event: 284.615 Thread 0x000002d6ac0aedc0 DEOPT UNPACKING pc=0x000002d68fd87da2 sp=0x000000e8d5dfe430 mode 2
Event: 284.644 Thread 0x000002d6b8166c70 DEOPT PACKING pc=0x000002d684e1907c sp=0x000000e8cf1fe600
Event: 284.644 Thread 0x000002d6b8166c70 DEOPT UNPACKING pc=0x000002d68fd888e2 sp=0x000000e8cf1fdaf0 mode 0
Event: 286.384 Thread 0x000002d6b81686b0 Uncommon trap: trap_request=0xffffffc6 fr.pc=0x000002d692c8fe28 relative=0x0000000000003868
Event: 286.384 Thread 0x000002d6b81686b0 Uncommon trap: reason=bimorphic_or_optimized_type_check action=maybe_recompile pc=0x000002d692c8fe28 method=com.android.tools.r8.internal.s7.a(Lcom/android/tools/r8/internal/Et;Lcom/android/tools/r8/internal/G5;Lcom/android/tools/r8/internal/cu;)Z @ 341 c
Event: 286.384 Thread 0x000002d6b81686b0 DEOPT PACKING pc=0x000002d692c8fe28 sp=0x000000e8d5cfe760
Event: 286.384 Thread 0x000002d6b81686b0 DEOPT UNPACKING pc=0x000002d68fd87da2 sp=0x000000e8d5cfe750 mode 2
Event: 286.465 Thread 0x000002d6b81686b0 Uncommon trap: trap_request=0xffffffde fr.pc=0x000002d6934c94cc relative=0x00000000000006cc
Event: 286.465 Thread 0x000002d6b81686b0 Uncommon trap: reason=class_check action=maybe_recompile pc=0x000002d6934c94cc method=com.android.tools.r8.internal.oL.a(Lcom/android/tools/r8/internal/Et;Lcom/android/tools/r8/internal/K5;Lcom/android/tools/r8/internal/Ow;Lcom/android/tools/r8/internal/H
Event: 286.465 Thread 0x000002d6b81686b0 DEOPT PACKING pc=0x000002d6934c94cc sp=0x000000e8d5cfe680
Event: 286.465 Thread 0x000002d6b81686b0 DEOPT UNPACKING pc=0x000002d68fd87da2 sp=0x000000e8d5cfe650 mode 2
Event: 286.474 Thread 0x000002d6ac0afae0 Uncommon trap: trap_request=0xffffffc6 fr.pc=0x000002d6929eb344 relative=0x00000000000047a4
Event: 286.474 Thread 0x000002d6ac0afae0 Uncommon trap: reason=bimorphic_or_optimized_type_check action=maybe_recompile pc=0x000002d6929eb344 method=com.android.tools.r8.internal.pc.a(Lcom/android/tools/r8/graph/C5;Lcom/android/tools/r8/internal/Et;Lcom/android/tools/r8/ir/optimize/info/y;Lcom/a
Event: 286.474 Thread 0x000002d6ac0afae0 DEOPT PACKING pc=0x000002d6929eb344 sp=0x000000e8d5efeb10
Event: 286.474 Thread 0x000002d6ac0afae0 DEOPT UNPACKING pc=0x000002d68fd87da2 sp=0x000000e8d5efeb50 mode 2
Event: 286.505 Thread 0x000002d6ac0aedc0 Uncommon trap: trap_request=0xffffff45 fr.pc=0x000002d693218e4c relative=0x000000000000022c
Event: 286.505 Thread 0x000002d6ac0aedc0 Uncommon trap: reason=unstable_if action=reinterpret pc=0x000002d693218e4c method=com.android.tools.r8.internal.m.a(Lcom/android/tools/r8/graph/y;Lcom/android/tools/r8/internal/B1;Lcom/android/tools/r8/internal/B1;)Lcom/android/tools/r8/internal/B1; @ 4 c
Event: 286.505 Thread 0x000002d6ac0aedc0 DEOPT PACKING pc=0x000002d693218e4c sp=0x000000e8d5dfe570
Event: 286.505 Thread 0x000002d6ac0aedc0 DEOPT UNPACKING pc=0x000002d68fd87da2 sp=0x000000e8d5dfe508 mode 2

Classes loaded (20 events):
Event: 217.935 Loading class sun/nio/cs/UTF_32LE
Event: 217.936 Loading class sun/nio/cs/UTF_32LE done
Event: 217.936 Loading class sun/nio/cs/MS1251
Event: 217.936 Loading class sun/nio/cs/MS1251 done
Event: 217.981 Loading class java/beans/PropertyChangeSupport
Event: 217.983 Loading class java/beans/PropertyChangeSupport done
Event: 217.984 Loading class java/beans/PropertyChangeSupport$PropertyChangeListenerMap
Event: 217.984 Loading class java/beans/ChangeListenerMap
Event: 217.985 Loading class java/beans/ChangeListenerMap done
Event: 217.985 Loading class java/beans/PropertyChangeSupport$PropertyChangeListenerMap done
Event: 220.178 Loading class java/lang/Character$UnicodeBlock
Event: 220.184 Loading class java/lang/Character$Subset
Event: 220.186 Loading class java/lang/Character$Subset done
Event: 220.188 Loading class java/lang/Character$UnicodeBlock done
Event: 222.379 Loading class java/util/jar/JarOutputStream
Event: 222.380 Loading class java/util/jar/JarOutputStream done
Event: 222.404 Loading class java/util/zip/ZipOutputStream$XEntry
Event: 222.404 Loading class java/util/zip/ZipOutputStream$XEntry done
Event: 227.414 Loading class java/util/function/ObjIntConsumer
Event: 227.422 Loading class java/util/function/ObjIntConsumer done

Classes unloaded (20 events):
Event: 194.004 Thread 0x000002d6a623e8a0 Unloading class 0x0000000801bde400 'java/lang/invoke/LambdaForm$MH+0x0000000801bde400'
Event: 194.004 Thread 0x000002d6a623e8a0 Unloading class 0x0000000801bdd800 'java/lang/invoke/LambdaForm$DMH+0x0000000801bdd800'
Event: 194.004 Thread 0x000002d6a623e8a0 Unloading class 0x0000000801bdd000 'java/lang/invoke/LambdaForm$DMH+0x0000000801bdd000'
Event: 194.004 Thread 0x000002d6a623e8a0 Unloading class 0x0000000801bddc00 'java/lang/invoke/LambdaForm$DMH+0x0000000801bddc00'
Event: 194.004 Thread 0x000002d6a623e8a0 Unloading class 0x0000000801bdc800 'java/lang/invoke/LambdaForm$DMH+0x0000000801bdc800'
Event: 194.004 Thread 0x000002d6a623e8a0 Unloading class 0x0000000801bdc000 'java/lang/invoke/LambdaForm$DMH+0x0000000801bdc000'
Event: 210.699 Thread 0x000002d6a623e8a0 Unloading class 0x0000000801ce4400 'java/lang/invoke/LambdaForm$DMH+0x0000000801ce4400'
Event: 210.699 Thread 0x000002d6a623e8a0 Unloading class 0x0000000801c90400 'java/lang/invoke/LambdaForm$DMH+0x0000000801c90400'
Event: 210.699 Thread 0x000002d6a623e8a0 Unloading class 0x0000000801c74800 'java/lang/invoke/LambdaForm$DMH+0x0000000801c74800'
Event: 210.699 Thread 0x000002d6a623e8a0 Unloading class 0x0000000801c74000 'java/lang/invoke/LambdaForm$DMH+0x0000000801c74000'
Event: 210.699 Thread 0x000002d6a623e8a0 Unloading class 0x0000000801c74c00 'java/lang/invoke/LambdaForm$DMH+0x0000000801c74c00'
Event: 210.699 Thread 0x000002d6a623e8a0 Unloading class 0x0000000801c68c00 'java/lang/invoke/LambdaForm$DMH+0x0000000801c68c00'
Event: 210.699 Thread 0x000002d6a623e8a0 Unloading class 0x0000000801c68400 'java/lang/invoke/LambdaForm$DMH+0x0000000801c68400'
Event: 210.699 Thread 0x000002d6a623e8a0 Unloading class 0x0000000801c68800 'java/lang/invoke/LambdaForm$DMH+0x0000000801c68800'
Event: 220.451 Thread 0x000002d6a623e8a0 Unloading class 0x0000000801d10c00 'java/lang/invoke/LambdaForm$DMH+0x0000000801d10c00'
Event: 220.451 Thread 0x000002d6a623e8a0 Unloading class 0x0000000801d10400 'java/lang/invoke/LambdaForm$DMH+0x0000000801d10400'
Event: 220.451 Thread 0x000002d6a623e8a0 Unloading class 0x0000000801d10000 'java/lang/invoke/LambdaForm$DMH+0x0000000801d10000'
Event: 238.752 Thread 0x000002d6a623e8a0 Unloading class 0x0000000801e60800 'java/lang/invoke/LambdaForm$DMH+0x0000000801e60800'
Event: 238.752 Thread 0x000002d6a623e8a0 Unloading class 0x0000000801e4c000 'java/lang/invoke/LambdaForm$DMH+0x0000000801e4c000'
Event: 238.752 Thread 0x000002d6a623e8a0 Unloading class 0x0000000801e30400 'java/lang/invoke/LambdaForm$DMH+0x0000000801e30400'

Classes redefined (0 events):
No events

Internal exceptions (20 events):
Event: 272.155 Thread 0x000002d6ae6cb4a0 Exception <a 'sun/nio/fs/WindowsException'{0x00000007b2d50d08}> (0x00000007b2d50d08) 
thrown [s\src\hotspot\share\prims\jni.cpp, line 537]
Event: 272.156 Thread 0x000002d6ae6cb4a0 Exception <a 'sun/nio/fs/WindowsException'{0x00000007b2d53e80}> (0x00000007b2d53e80) 
thrown [s\src\hotspot\share\prims\jni.cpp, line 537]
Event: 272.186 Thread 0x000002d6ae6cb4a0 Exception <a 'sun/nio/fs/WindowsException'{0x00000007b2d56898}> (0x00000007b2d56898) 
thrown [s\src\hotspot\share\prims\jni.cpp, line 537]
Event: 273.712 Thread 0x000002d6ae6cb4a0 Exception <a 'sun/nio/fs/WindowsException'{0x00000007b0466668}> (0x00000007b0466668) 
thrown [s\src\hotspot\share\prims\jni.cpp, line 537]
Event: 276.234 Thread 0x000002d6ad26eaf0 Exception <a 'java/lang/NoSuchMethodError'{0x0000000797b29d30}: 'java.lang.Object java.lang.invoke.DirectMethodHandle$Holder.invokeStatic(java.lang.Object, java.lang.Object, java.lang.Object, int, java.lang.Object, java.lang.Object)'> (0x0000000797b29d30) 
thrown [s\src\hotspot\share\interpreter\linkResolver.cpp, line 784]
Event: 277.732 Thread 0x000002d6b81686b0 Exception <a 'java/lang/NoSuchMethodError'{0x000000078c0e2ca0}: 'int java.lang.invoke.DirectMethodHandle$Holder.invokeInterface(java.lang.Object, java.lang.Object, int)'> (0x000000078c0e2ca0) 
thrown [s\src\hotspot\share\interpreter\linkResolver.cpp, line 784]
Event: 277.732 Thread 0x000002d6b8166c70 Exception <a 'java/lang/NoSuchMethodError'{0x000000078b24dcc8}: 'int java.lang.invoke.DirectMethodHandle$Holder.invokeInterface(java.lang.Object, java.lang.Object, int)'> (0x000000078b24dcc8) 
thrown [s\src\hotspot\share\interpreter\linkResolver.cpp, line 784]
Event: 277.735 Thread 0x000002d6ac0afae0 Exception <a 'java/lang/NoSuchMethodError'{0x000000078b02f4f0}: 'void java.lang.invoke.DirectMethodHandle$Holder.invokeStatic(java.lang.Object, java.lang.Object, java.lang.Object, java.lang.Object, java.lang.Object, int, java.lang.Object)'> (0x000000078b02f4f0) 
thrown [s\src\hotspot\share\interpreter\linkResolver.cpp, line 784]
Event: 277.748 Thread 0x000002d6b81686b0 Exception <a 'java/lang/NoSuchMethodError'{0x000000078c0ee038}: 'void java.lang.invoke.DirectMethodHandle$Holder.invokeStatic(java.lang.Object, int, java.lang.Object, java.lang.Object, java.lang.Object, int, java.lang.Object)'> (0x000000078c0ee038) 
thrown [s\src\hotspot\share\interpreter\linkResolver.cpp, line 784]
Event: 277.748 Thread 0x000002d6ac0aedc0 Exception <a 'java/lang/NoSuchMethodError'{0x000000078b351380}: 'void java.lang.invoke.DirectMethodHandle$Holder.invokeStatic(java.lang.Object, int, java.lang.Object, java.lang.Object, java.lang.Object, int, java.lang.Object)'> (0x000000078b351380) 
thrown [s\src\hotspot\share\interpreter\linkResolver.cpp, line 784]
Event: 277.749 Thread 0x000002d6ac0afae0 Exception <a 'java/lang/NoSuchMethodError'{0x000000078b037018}: 'void java.lang.invoke.DirectMethodHandle$Holder.invokeStatic(java.lang.Object, int, java.lang.Object, java.lang.Object, java.lang.Object, int, java.lang.Object)'> (0x000000078b037018) 
thrown [s\src\hotspot\share\interpreter\linkResolver.cpp, line 784]
Event: 278.314 Thread 0x000002d6ad26eaf0 Implicit null exception at 0x000002d69285132d to 0x000002d692851a00
Event: 280.345 Thread 0x000002d6ad26eaf0 Exception <a 'java/lang/NoSuchMethodError'{0x00000007a84d1070}: 'void java.lang.invoke.DirectMethodHandle$Holder.invokeSpecial(java.lang.Object, java.lang.Object, java.lang.Object, java.lang.Object, int)'> (0x00000007a84d1070) 
thrown [s\src\hotspot\share\interpreter\linkResolver.cpp, line 784]
Event: 280.545 Thread 0x000002d6ac0aedc0 Implicit null exception at 0x000002d69259cb3d to 0x000002d69259cea4
Event: 280.545 Thread 0x000002d6ac0aedc0 Implicit null exception at 0x000002d6925ed7bd to 0x000002d6925ee118
Event: 280.555 Thread 0x000002d6b81686b0 Implicit null exception at 0x000002d6911bfcfd to 0x000002d6911bfe6c
Event: 281.020 Thread 0x000002d6ad26eaf0 Exception <a 'java/lang/NoSuchMethodError'{0x000000079bf9f618}: 'java.lang.Object java.lang.invoke.DirectMethodHandle$Holder.invokeStaticInit(java.lang.Object, java.lang.Object, java.lang.Object, java.lang.Object, java.lang.Object)'> (0x000000079bf9f618) 
thrown [s\src\hotspot\share\interpreter\linkResolver.cpp, line 784]
Event: 281.649 Thread 0x000002d6b8166c70 Exception <a 'java/lang/NoSuchMethodError'{0x0000000793d666f8}: 'java.lang.Object java.lang.invoke.DirectMethodHandle$Holder.invokeVirtual(java.lang.Object, java.lang.Object, int, java.lang.Object)'> (0x0000000793d666f8) 
thrown [s\src\hotspot\share\interpreter\linkResolver.cpp, line 784]
Event: 281.649 Thread 0x000002d6b81686b0 Exception <a 'java/lang/NoSuchMethodError'{0x0000000793c353b0}: 'java.lang.Object java.lang.invoke.DirectMethodHandle$Holder.invokeVirtual(java.lang.Object, java.lang.Object, int, java.lang.Object)'> (0x0000000793c353b0) 
thrown [s\src\hotspot\share\interpreter\linkResolver.cpp, line 784]
Event: 284.480 Thread 0x000002d6ac0afae0 Implicit null exception at 0x000002d693134eb1 to 0x000002d69313691c

ZGC Phase Switch (0 events):
No events

VM Operations (20 events):
Event: 280.343 Executing VM operation: HandshakeAllThreads (Deoptimize)
Event: 280.343 Executing VM operation: HandshakeAllThreads (Deoptimize) done
Event: 280.455 Executing VM operation: HandshakeAllThreads (Deoptimize)
Event: 280.455 Executing VM operation: HandshakeAllThreads (Deoptimize) done
Event: 280.705 Executing VM operation: ICBufferFull
Event: 280.705 Executing VM operation: ICBufferFull done
Event: 281.193 Executing VM operation: HandshakeAllThreads (Deoptimize)
Event: 281.194 Executing VM operation: HandshakeAllThreads (Deoptimize) done
Event: 281.270 Executing VM operation: ICBufferFull
Event: 281.270 Executing VM operation: ICBufferFull done
Event: 281.930 Executing VM operation: ICBufferFull
Event: 281.930 Executing VM operation: ICBufferFull done
Event: 283.930 Executing VM operation: Cleanup
Event: 283.930 Executing VM operation: Cleanup done
Event: 284.454 Executing VM operation: HandshakeAllThreads (Deoptimize)
Event: 284.455 Executing VM operation: HandshakeAllThreads (Deoptimize) done
Event: 284.619 Executing VM operation: ICBufferFull
Event: 284.620 Executing VM operation: ICBufferFull done
Event: 284.657 Executing VM operation: G1CollectForAllocation (G1 Evacuation Pause)
Event: 286.343 Executing VM operation: G1CollectForAllocation (G1 Evacuation Pause) done

Memory protections (0 events):
No events

Nmethod flushes (20 events):
Event: 274.219 Thread 0x000002d6a623e8a0 flushing  nmethod 0x000002d684439610
Event: 274.219 Thread 0x000002d6a623e8a0 flushing  nmethod 0x000002d6844e2a90
Event: 274.219 Thread 0x000002d6a623e8a0 flushing  nmethod 0x000002d6844e6d90
Event: 274.219 Thread 0x000002d6a623e8a0 flushing  nmethod 0x000002d684a46b10
Event: 274.219 Thread 0x000002d6a623e8a0 flushing  nmethod 0x000002d684a6cd90
Event: 274.219 Thread 0x000002d6a623e8a0 flushing  nmethod 0x000002d684bf7810
Event: 274.219 Thread 0x000002d6a623e8a0 flushing  nmethod 0x000002d684c69a10
Event: 274.219 Thread 0x000002d6a623e8a0 flushing  nmethod 0x000002d684d13310
Event: 274.220 Thread 0x000002d6a623e8a0 flushing  nmethod 0x000002d684dc1890
Event: 274.220 Thread 0x000002d6a623e8a0 flushing  nmethod 0x000002d684ed1890
Event: 274.220 Thread 0x000002d6a623e8a0 flushing  nmethod 0x000002d684ed3610
Event: 274.220 Thread 0x000002d6a623e8a0 flushing  nmethod 0x000002d684f92e10
Event: 274.220 Thread 0x000002d6a623e8a0 flushing  nmethod 0x000002d68504f710
Event: 274.220 Thread 0x000002d6a623e8a0 flushing  nmethod 0x000002d685054890
Event: 274.220 Thread 0x000002d6a623e8a0 flushing  nmethod 0x000002d685058990
Event: 274.220 Thread 0x000002d6a623e8a0 flushing  nmethod 0x000002d68505a090
Event: 274.220 Thread 0x000002d6a623e8a0 flushing  nmethod 0x000002d6850cde90
Event: 274.220 Thread 0x000002d6a623e8a0 flushing  nmethod 0x000002d68516dd10
Event: 274.220 Thread 0x000002d6a623e8a0 flushing  nmethod 0x000002d685170310
Event: 274.220 Thread 0x000002d6a623e8a0 flushing  nmethod 0x000002d685173090

Events (20 events):
Event: 207.535 Thread 0x000002d6c10dbc20 Thread exited: 0x000002d6c10dbc20
Event: 208.153 Thread 0x000002d6c174a8a0 Thread exited: 0x000002d6c174a8a0
Event: 208.241 Thread 0x000002d6a650b280 Thread added: 0x000002d6c10dbc20
Event: 212.215 Thread 0x000002d6a650b280 Thread added: 0x000002d6bb2696f0
Event: 226.914 Thread 0x000002d6b1468500 Thread added: 0x000002d6c2c0fac0
Event: 229.923 Thread 0x000002d6b8167990 Thread exited: 0x000002d6b8167990
Event: 230.644 Thread 0x000002d6c2c0fac0 Thread exited: 0x000002d6c2c0fac0
Event: 250.897 Thread 0x000002d6b1468500 Thread added: 0x000002d6c3531c30
Event: 256.768 Thread 0x000002d6c3531c30 Thread exited: 0x000002d6c3531c30
Event: 268.948 Thread 0x000002d6bb2696f0 Thread exited: 0x000002d6bb2696f0
Event: 271.777 Thread 0x000002d6c10dbc20 Thread exited: 0x000002d6c10dbc20
Event: 272.038 Thread 0x000002d6a65072e0 Thread added: 0x000002d6c10dae80
Event: 273.570 Thread 0x000002d6c10dae80 Thread exited: 0x000002d6c10dae80
Event: 273.977 Thread 0x000002d6a650b280 Thread added: 0x000002d6c10dae80
Event: 277.130 Thread 0x000002d6b1468500 Thread added: 0x000002d6bbab7260
Event: 282.389 Thread 0x000002d6bbab7260 Thread exited: 0x000002d6bbab7260
Event: 283.363 Thread 0x000002d6c10dae80 Thread exited: 0x000002d6c10dae80
Event: 283.694 Thread 0x000002d6a650b280 Thread added: 0x000002d6c4e73c70
Event: 284.456 Thread 0x000002d6c4e73c70 Thread exited: 0x000002d6c4e73c70
Event: 284.503 Thread 0x000002d6a650b280 Thread added: 0x000002d6c4e73c70


Dynamic libraries:
0x00007ff702bd0000 - 0x00007ff702bda000 	C:\Program Files\Android\Android Studio\jbr\bin\java.exe
0x00007ffecfc60000 - 0x00007ffecfec7000 	C:\WINDOWS\SYSTEM32\ntdll.dll
0x00007ffecede0000 - 0x00007ffeceea9000 	C:\WINDOWS\System32\KERNEL32.DLL
0x00007ffecc9e0000 - 0x00007ffeccdd4000 	C:\WINDOWS\System32\KERNELBASE.dll
0x00007ffecc7d0000 - 0x00007ffecc91b000 	C:\WINDOWS\System32\ucrtbase.dll
0x00007ffec9880000 - 0x00007ffec9898000 	C:\Program Files\Android\Android Studio\jbr\bin\jli.dll
0x00007ffec9600000 - 0x00007ffec961b000 	C:\Program Files\Android\Android Studio\jbr\bin\VCRUNTIME140.dll
0x00007ffecf920000 - 0x00007ffecfae5000 	C:\WINDOWS\System32\USER32.dll
0x00007ffecc530000 - 0x00007ffecc557000 	C:\WINDOWS\System32\win32u.dll
0x00007ffeb41e0000 - 0x00007ffeb4473000 	C:\WINDOWS\WinSxS\amd64_microsoft.windows.common-controls_6595b64144ccf1df_6.0.26100.8115_none_3e075c82e3354f9c\COMCTL32.dll
0x00007ffece320000 - 0x00007ffece34b000 	C:\WINDOWS\System32\GDI32.dll
0x00007ffecf790000 - 0x00007ffecf839000 	C:\WINDOWS\System32\msvcrt.dll
0x00007ffecc560000 - 0x00007ffecc68b000 	C:\WINDOWS\System32\gdi32full.dll
0x00007ffecc690000 - 0x00007ffecc733000 	C:\WINDOWS\System32\msvcp_win.dll
0x00007ffece2d0000 - 0x00007ffece302000 	C:\WINDOWS\System32\IMM32.DLL
0x00007ffec95f0000 - 0x00007ffec95fc000 	C:\Program Files\Android\Android Studio\jbr\bin\vcruntime140_1.dll
0x00007ffe9c440000 - 0x00007ffe9c4cd000 	C:\Program Files\Android\Android Studio\jbr\bin\msvcp140.dll
0x00007ffe447f0000 - 0x00007ffe45486000 	C:\Program Files\Android\Android Studio\jbr\bin\server\jvm.dll
0x00007ffecf840000 - 0x00007ffecf8f6000 	C:\WINDOWS\System32\ADVAPI32.dll
0x00007ffecf080000 - 0x00007ffecf127000 	C:\WINDOWS\System32\sechost.dll
0x00007ffecfb00000 - 0x00007ffecfc18000 	C:\WINDOWS\System32\RPCRT4.dll
0x00007ffeceeb0000 - 0x00007ffecef30000 	C:\WINDOWS\System32\WS2_32.dll
0x00007ffecc390000 - 0x00007ffecc3ee000 	C:\WINDOWS\SYSTEM32\POWRPROF.dll
0x00007ffec7630000 - 0x00007ffec7666000 	C:\WINDOWS\SYSTEM32\WINMM.dll
0x00007ffebb130000 - 0x00007ffebb13b000 	C:\WINDOWS\SYSTEM32\VERSION.dll
0x00007ffecc370000 - 0x00007ffecc384000 	C:\WINDOWS\SYSTEM32\UMPDC.dll
0x00007ffecb2c0000 - 0x00007ffecb2db000 	C:\WINDOWS\SYSTEM32\kernel.appcore.dll
0x00007ffec9410000 - 0x00007ffec941a000 	C:\Program Files\Android\Android Studio\jbr\bin\jimage.dll
0x00007ffeca410000 - 0x00007ffeca652000 	C:\WINDOWS\SYSTEM32\DBGHELP.DLL
0x00007ffece670000 - 0x00007ffece9f2000 	C:\WINDOWS\System32\combase.dll
0x00007ffecf1a0000 - 0x00007ffecf278000 	C:\WINDOWS\System32\OLEAUT32.dll
0x00007ffec75b0000 - 0x00007ffec75eb000 	C:\WINDOWS\SYSTEM32\dbgcore.DLL
0x00007ffeccde0000 - 0x00007ffecce85000 	C:\WINDOWS\System32\bcryptPrimitives.dll
0x00007ffec7680000 - 0x00007ffec768e000 	C:\Program Files\Android\Android Studio\jbr\bin\instrument.dll
0x00007ffec93f0000 - 0x00007ffec9410000 	C:\Program Files\Android\Android Studio\jbr\bin\java.dll
0x00007ffec9180000 - 0x00007ffec9198000 	C:\Program Files\Android\Android Studio\jbr\bin\zip.dll
0x00007ffecdb60000 - 0x00007ffece2c7000 	C:\WINDOWS\System32\SHELL32.dll
0x00007ffecd700000 - 0x00007ffecd86a000 	C:\WINDOWS\System32\wintypes.dll
0x00007ffecce90000 - 0x00007ffecd6f8000 	C:\WINDOWS\System32\windows.storage.dll
0x00007ffece4f0000 - 0x00007ffece5e8000 	C:\WINDOWS\System32\SHCORE.dll
0x00007ffecf130000 - 0x00007ffecf196000 	C:\WINDOWS\System32\shlwapi.dll
0x00007ffecc450000 - 0x00007ffecc479000 	C:\WINDOWS\SYSTEM32\profapi.dll
0x00007ffec93e0000 - 0x00007ffec93f0000 	C:\Program Files\Android\Android Studio\jbr\bin\net.dll
0x00007ffebc160000 - 0x00007ffebc28d000 	C:\WINDOWS\SYSTEM32\WINHTTP.dll
0x00007ffecb830000 - 0x00007ffecb89c000 	C:\WINDOWS\system32\mswsock.dll
0x00007ffec7520000 - 0x00007ffec7536000 	C:\Program Files\Android\Android Studio\jbr\bin\nio.dll
0x00007ffec9170000 - 0x00007ffec9180000 	C:\Program Files\Android\Android Studio\jbr\bin\verify.dll
0x00007ffebbda0000 - 0x00007ffebbdc7000 	C:\Users\kiran\.gradle\native\c067742578af261105cb4f569cf0c3c89f3d7b1fecec35dd04571415982c5e48\windows-amd64\native-platform.dll
0x00007ffe6dcb0000 - 0x00007ffe6ddf4000 	C:\Users\kiran\.gradle\native\100fb08df4bc3b14c8652ba06237920a3bd2aa13389f12d3474272988ae205f9\windows-amd64\native-platform-file-events.dll
0x00007ffec9010000 - 0x00007ffec9019000 	C:\Program Files\Android\Android Studio\jbr\bin\management.dll
0x00007ffec7710000 - 0x00007ffec771b000 	C:\Program Files\Android\Android Studio\jbr\bin\management_ext.dll
0x00007ffecfaf0000 - 0x00007ffecfaf8000 	C:\WINDOWS\System32\PSAPI.DLL
0x00007ffecbb10000 - 0x00007ffecbb2b000 	C:\WINDOWS\SYSTEM32\CRYPTSP.dll
0x00007ffecb220000 - 0x00007ffecb259000 	C:\WINDOWS\system32\rsaenh.dll
0x00007ffecb8e0000 - 0x00007ffecb913000 	C:\WINDOWS\SYSTEM32\USERENV.dll
0x00007ffecc420000 - 0x00007ffecc44a000 	C:\WINDOWS\SYSTEM32\bcrypt.dll
0x00007ffecbb30000 - 0x00007ffecbb3c000 	C:\WINDOWS\SYSTEM32\CRYPTBASE.dll
0x00007ffecad70000 - 0x00007ffecada2000 	C:\WINDOWS\SYSTEM32\IPHLPAPI.DLL
0x00007ffece310000 - 0x00007ffece31a000 	C:\WINDOWS\System32\NSI.dll
0x00007ffec76f0000 - 0x00007ffec76f9000 	C:\Program Files\Android\Android Studio\jbr\bin\extnet.dll
0x00007ffea1a10000 - 0x00007ffea1a18000 	C:\WINDOWS\system32\wshunix.dll
0x00007ffea1a90000 - 0x00007ffea1aa8000 	C:\WINDOWS\system32\napinsp.dll
0x00007ffecadb0000 - 0x00007ffecaee2000 	C:\WINDOWS\SYSTEM32\DNSAPI.dll
0x00007ffea1a70000 - 0x00007ffea1a83000 	C:\WINDOWS\System32\winrnr.dll
0x00007ffea1a40000 - 0x00007ffea1a62000 	C:\WINDOWS\system32\nlansp_c.dll
0x00007ffea1a20000 - 0x00007ffea1a36000 	C:\WINDOWS\system32\wshbth.dll
0x00007ffec4230000 - 0x00007ffec423b000 	C:\Windows\System32\rasadhlp.dll
0x00007ffec63c0000 - 0x00007ffec6446000 	C:\WINDOWS\System32\fwpuclnt.dll
0x00007ffec7430000 - 0x00007ffec7437000 	C:\Program Files\Android\Android Studio\jbr\bin\rmi.dll
0x00007ffecb3e0000 - 0x00007ffecb416000 	C:\WINDOWS\SYSTEM32\ntmarta.dll

JVMTI agents:
C:\Users\kiran\.gradle\wrapper\dists\gradle-8.9-bin\90cnw93cvbtalezasaz0blq0a\gradle-8.9\lib\agents\gradle-instrumentation-agent-8.9.jar path:C:\Program Files\Android\Android Studio\jbr\bin\instrument.dll, loaded, initialized, instrumentlib options:none

dbghelp: loaded successfully - version: 4.0.5 - missing functions: none
symbol engine: initialized successfully - sym options: 0x614 - pdb path: .;C:\Program Files\Android\Android Studio\jbr\bin;C:\WINDOWS\SYSTEM32;C:\WINDOWS\WinSxS\amd64_microsoft.windows.common-controls_6595b64144ccf1df_6.0.26100.8115_none_3e075c82e3354f9c;C:\Program Files\Android\Android Studio\jbr\bin\server;C:\Users\kiran\.gradle\native\c067742578af261105cb4f569cf0c3c89f3d7b1fecec35dd04571415982c5e48\windows-amd64;C:\Users\kiran\.gradle\native\100fb08df4bc3b14c8652ba06237920a3bd2aa13389f12d3474272988ae205f9\windows-amd64

VM Arguments:
jvm_args: -XX:MaxMetaspaceSize=512m -XX:+UseG1GC -XX:ReservedCodeCacheSize=512m --add-opens=java.base/java.util=ALL-UNNAMED --add-opens=java.base/java.lang=ALL-UNNAMED --add-opens=java.base/java.lang.invoke=ALL-UNNAMED --add-opens=java.prefs/java.util.prefs=ALL-UNNAMED --add-exports=jdk.compiler/com.sun.tools.javac.api=ALL-UNNAMED --add-exports=jdk.compiler/com.sun.tools.javac.util=ALL-UNNAMED --add-opens=java.base/java.nio.charset=ALL-UNNAMED --add-opens=java.base/java.net=ALL-UNNAMED --add-opens=java.base/java.util.concurrent.atomic=ALL-UNNAMED -Xmx3g -Dfile.encoding=UTF-8 -Duser.country=IN -Duser.language=en -Duser.variant -javaagent:C:\Users\kiran\.gradle\wrapper\dists\gradle-8.9-bin\90cnw93cvbtalezasaz0blq0a\gradle-8.9\lib\agents\gradle-instrumentation-agent-8.9.jar 
java_command: org.gradle.launcher.daemon.bootstrap.GradleDaemon 8.9
java_class_path (initial): C:\Users\kiran\.gradle\wrapper\dists\gradle-8.9-bin\90cnw93cvbtalezasaz0blq0a\gradle-8.9\lib\gradle-daemon-main-8.9.jar
Launcher Type: SUN_STANDARD

[Global flags]
     intx CICompilerCount                          = 4                                         {product} {ergonomic}
   size_t CompressedClassSpaceSize                 = 436207616                                 {product} {ergonomic}
     uint ConcGCThreads                            = 2                                         {product} {ergonomic}
     uint G1ConcRefinementThreads                  = 8                                         {product} {ergonomic}
   size_t G1HeapRegionSize                         = 2097152                                   {product} {ergonomic}
    uintx GCDrainStackTargetSize                   = 64                                        {product} {ergonomic}
   size_t InitialHeapSize                          = 130023424                                 {product} {ergonomic}
   size_t MarkStackSize                            = 4194304                                   {product} {ergonomic}
   size_t MaxHeapSize                              = 3221225472                                {product} {command line}
   size_t MaxMetaspaceSize                         = 536870912                                 {product} {command line}
   size_t MaxNewSize                               = 1931476992                                {product} {ergonomic}
   size_t MinHeapDeltaBytes                        = 2097152                                   {product} {ergonomic}
   size_t MinHeapSize                              = 8388608                                   {product} {ergonomic}
    uintx NonNMethodCodeHeapSize                   = 5839372                                {pd product} {ergonomic}
    uintx NonProfiledCodeHeapSize                  = 265515770                              {pd product} {ergonomic}
    uintx ProfiledCodeHeapSize                     = 265515770                              {pd product} {ergonomic}
    uintx ReservedCodeCacheSize                    = 536870912                              {pd product} {command line}
     bool SegmentedCodeCache                       = true                                      {product} {ergonomic}
   size_t SoftMaxHeapSize                          = 3221225472                             {manageable} {ergonomic}
     bool UseCompressedOops                        = true                           {product lp64_product} {ergonomic}
     bool UseG1GC                                  = true                                      {product} {command line}
     bool UseLargePagesIndividualAllocation        = false                                  {pd product} {ergonomic}

Logging:
Log output configuration:
 #0: stdout all=warning uptime,level,tags foldmultilines=false
 #1: stderr all=off uptime,level,tags foldmultilines=false

Environment Variables:
JAVA_HOME=C:\Program Files\Android\Android Studio\jbr
CLASSPATH=C:\Users\kiran\Downloads\jago-Updates-23-04-jago\jago-Updates-23-04-jago\jago_app-main\flutter_apps\driver_app\android\\gradle\wrapper\gradle-wrapper.jar
PATH=C:\Program Files\Android\Android Studio\jbr\bin;C:\flutter\bin;C:\Users\kiran\bin;C:\Program Files\Git\mingw64\bin;C:\Program Files\Git\usr\local\bin;C:\Program Files\Git\usr\bin;C:\Program Files\Git\usr\bin;C:\Program Files\Git\mingw64\bin;C:\Program Files\Git\usr\bin;C:\Users\kiran\bin;C:\Users\kiran\AppData\Roaming\uv\python\cpython-3.14.3-windows-x86_64-none\Scripts;C:\Users\kiran\AppData\Local\Programs\Microsoft VS Code;C:\WINDOWS\system32;C:\WINDOWS;C:\WINDOWS\System32\Wbem;C:\WINDOWS\System32\WindowsPowerShell\v1.0;C:\WINDOWS\System32\OpenSSH;C:\Program Files\dotnet;C:\xampp\php;C:\ProgramData\ComposerSetup\bin;C:\Program Files\PuTTY;C:\Program Files\Git\cmd;C:\Program Files\GitHub CLI;C:\flutter\bin;C:\Program Files\k6;C:\Program Files (x86)\cloudflared;C:\Users\kiran\AppData\Local\Programs\Eclipse Adoptium\jdk-17.0.18.8-hotspot\bin;C:\Users\kiran\.local\bin;C:\Users\kiran\AppData\Local\Microsoft\WindowsApps;C:\Users\kiran\AppData\Roaming\Composer\vendor\bin;C:\Users\kiran\AppData\Local\Programs\Ollama;C:\Users\kiran\AppData\Local\GitHubDesktop\bin;C:\Users\kiran\AppData\Local\Programs\Antigravity\bin;C:\Users\kiran\AppData\Local\Programs\Microsoft VS Code\bin;C:\Users\kiran\AppData\Local\Microsoft\WinGet\Packages\Anthropic.ClaudeCode_Microsoft.Winget.Source_8wekyb3d8bbwe;C:\Users\kiran\AppData\Local\Programs\cursor\resources\app\bin;C:\Users\kiran\AppData\Local\Microsoft\WinGet\Packages\OpenJS.NodeJS.LTS_Microsoft.Winget.Source_8wekyb3d8bbwe\node-v24.14.0-win-x64;C:\Users\kiran\AppData\Local\Microsoft\WinGet\Packages\DigitalOcean.Doctl_Microsoft.Winget.Source_8wekyb3d8bbwe;C:\Users\kiran\AppData\Local\Microsoft\WinGet\Packages\Gyan.FFmpeg_Microsoft.Winget.Source_8wekyb3d8bbwe\ffmpeg-8.1-full_build\bin;C:\Program Files\Git\usr\bin\vendor_perl;C:\Program Files\Git\usr\bin\core_perl;C:\flutter\bin\mingit\cmd
USERNAME=kiran
SHELL=C:\Program Files\Git\usr\bin\bash.exe
TERM=xterm-256color
OS=MINGW64_NT-10.0-26200
PROCESSOR_IDENTIFIER=Intel64 Family 6 Model 140 Stepping 2, GenuineIntel
TMP=C:\Users\kiran\AppData\Local\Temp
TEMP=C:\Users\kiran\AppData\Local\Temp




Periodic native trim disabled

JNI global refs:
JNI global refs: 29, weak refs: 62

JNI global refs memory usage: 835, weak refs: 1465

Process memory usage:
Resident Set Size: 1783780K (21% of 8121124K total physical memory with 607156K free physical memory)

OOME stack traces (most recent first):
Classloader memory used:
Loader org.gradle.internal.classloader.VisitableURLClassLoader$InstrumentingVisitableURLClassLoader: 97430K
Loader org.gradle.internal.classloader.VisitableURLClassLoader                         : 56179K
Loader java.net.URLClassLoader                                                         : 47368K
Loader bootstrap                                                                       : 36538K
Loader org.gradle.initialization.MixInLegacyTypesClassLoader                           : 14759K
Loader jdk.internal.loader.ClassLoaders$AppClassLoader                                 : 11381K
Loader org.gradle.groovy.scripts.internal.DefaultScriptCompilationHandler$ScriptClassLoader: 2604K
Loader jdk.internal.loader.ClassLoaders$PlatformClassLoader                            : 930K
Loader jdk.internal.reflect.DelegatingClassLoader                                      : 702K
Loader org.gradle.internal.classloader.VisitableURLClassLoader                         : 156K
Loader org.codehaus.groovy.runtime.callsite.CallSiteClassLoader                        : 102K
Loader sun.reflect.misc.MethodUtil                                                     : 2984B

Classes loaded by more than one classloader:
Class Program                                                                         : loaded 5 times (x 72B)
Class com.google.common.base.Splitter$Strategy                                        : loaded 3 times (x 70B)
Class com.google.common.collect.RegularImmutableSet                                   : loaded 3 times (x 148B)
Class kotlin.collections.CollectionsKt                                                : loaded 3 times (x 71B)
Class com.google.common.io.ByteSource                                                 : loaded 3 times (x 84B)
Class com.google.common.collect.ImmutableSet$SetBuilderImpl                           : loaded 3 times (x 76B)
Class org.jetbrains.kotlin.util.capitalizeDecapitalize.CapitalizeDecapitalizeKt       : loaded 3 times (x 71B)
Class kotlin.text.StringsKt__StringsKt                                                : loaded 3 times (x 71B)
Class kotlin.NotImplementedError                                                      : loaded 3 times (x 82B)
Class com.google.common.collect.Maps$EntrySet                                         : loaded 3 times (x 136B)
Class com.google.common.collect.ImmutableList                                         : loaded 3 times (x 206B)
Class com.google.common.collect.ImmutableSet$EmptySetBuilderImpl                      : loaded 3 times (x 76B)
Class kotlin.jvm.internal.markers.KMappedMarker                                       : loaded 3 times (x 70B)
Class com.google.common.collect.HashMultimap                                          : loaded 3 times (x 174B)
Class com.google.common.base.CharMatcher$InRange                                      : loaded 3 times (x 111B)
Class com.google.common.collect.ImmutableSet$Builder                                  : loaded 3 times (x 85B)
Class com.google.common.collect.SetMultimap                                           : loaded 3 times (x 70B)
Class kotlin.NoWhenBranchMatchedException                                             : loaded 3 times (x 82B)
Class com.google.common.collect.Maps$BiMapConverter                                   : loaded 3 times (x 90B)
Class kotlin.io.FilesKt__FileTreeWalkKt                                               : loaded 3 times (x 71B)
Class kotlin.Lazy                                                                     : loaded 3 times (x 70B)
Class kotlin.jvm.internal.CallableReference$NoReceiver                                : loaded 3 times (x 71B)
Class kotlin.text.StringsKt__StringBuilderKt                                          : loaded 3 times (x 71B)
Class com.google.common.base.CharMatcher$NamedFastMatcher                             : loaded 3 times (x 112B)
Class com.google.common.base.CharMatcher$1                                            : loaded 3 times (x 113B)
Class kotlin.collections.ArraysKt__ArraysJVMKt                                        : loaded 3 times (x 71B)
Class kotlin.jvm.internal.CollectionToArray                                           : loaded 3 times (x 71B)
Class kotlin.sequences.FilteringSequence$iterator$1                                   : loaded 3 times (x 79B)
Class kotlin.sequences.SequencesKt__SequenceBuilderKt                                 : loaded 3 times (x 71B)
Class kotlin.collections.CollectionsKt__ReversedViewsKt                               : loaded 3 times (x 71B)
Class [Lcom.google.common.base.AbstractIterator$State;                                : loaded 3 times (x 69B)
Class com.google.common.base.CharMatcher$IsEither                                     : loaded 3 times (x 111B)
Class com.google.common.base.Joiner$2                                                 : loaded 3 times (x 79B)
Class com.google.common.base.CharMatcher                                              : loaded 3 times (x 111B)
Class kotlin.LazyKt                                                                   : loaded 3 times (x 71B)
Class kotlin.collections.SetsKt__SetsKt                                               : loaded 3 times (x 71B)
Class com.google.common.base.Joiner$1                                                 : loaded 3 times (x 80B)
Class com.google.common.base.Preconditions                                            : loaded 3 times (x 71B)
Class com.google.common.collect.Hashing                                               : loaded 3 times (x 71B)
Class kotlin.collections.ArraysKt                                                     : loaded 3 times (x 71B)
Class com.google.common.base.CharMatcher$Is                                           : loaded 3 times (x 111B)
Class com.google.common.base.CharMatcher$Negated                                      : loaded 3 times (x 113B)
Class kotlin.ranges.RangesKt___RangesKt                                               : loaded 3 times (x 71B)
Class kotlin.KotlinNullPointerException                                               : loaded 3 times (x 83B)
Class org.jetbrains.kotlin.cli.common.CompilerSystemProperties$Companion              : loaded 3 times (x 71B)
Class kotlin.collections.CollectionsKt__IterablesKt                                   : loaded 3 times (x 71B)
Class kotlin.collections.MapsKt                                                       : loaded 3 times (x 71B)
Class kotlin.jvm.internal.Intrinsics                                                  : loaded 3 times (x 71B)
Class kotlin.reflect.KAnnotatedElement                                                : loaded 3 times (x 70B)
Class com.google.common.collect.ImmutableEnumSet                                      : loaded 3 times (x 146B)
Class com.google.common.base.CharMatcher$SingleWidth                                  : loaded 3 times (x 112B)
Class com.google.common.collect.ImmutableSet$RegularSetBuilderImpl                    : loaded 3 times (x 77B)
Class com.google.common.base.CharMatcher$Whitespace                                   : loaded 3 times (x 112B)
Class com.google.common.base.Splitter$1$1                                             : loaded 3 times (x 86B)
Class kotlin.enums.EnumEntriesKt                                                      : loaded 3 times (x 71B)
Class kotlin.collections.CollectionsKt__MutableCollectionsJVMKt                       : loaded 3 times (x 71B)
Class kotlin.text.StringsKt___StringsKt                                               : loaded 3 times (x 71B)
Class kotlin.collections.MapsKt__MapWithDefaultKt                                     : loaded 3 times (x 71B)
Class com.google.common.io.Files                                                      : loaded 3 times (x 71B)
Class com.google.common.base.CharMatcher$JavaLowerCase                                : loaded 3 times (x 111B)
Class com.google.common.collect.SortedMapDifference                                   : loaded 3 times (x 70B)
Class kotlin.collections.ArraysKt___ArraysKt                                          : loaded 3 times (x 71B)
Class kotlin.collections.MapsKt___MapsKt                                              : loaded 3 times (x 71B)
Class kotlin.io.FilesKt                                                               : loaded 3 times (x 71B)
Class com.google.common.base.CharMatcher$JavaIsoControl                               : loaded 3 times (x 112B)
Class kotlin.reflect.KDeclarationContainer                                            : loaded 3 times (x 70B)
Class kotlin.text.StringsKt___StringsJvmKt                                            : loaded 3 times (x 71B)
Class com.google.common.collect.CollectPreconditions                                  : loaded 3 times (x 71B)
Class com.google.common.base.CharMatcher$Digit                                        : loaded 3 times (x 112B)
Class com.google.common.base.AbstractIterator$1                                       : loaded 3 times (x 71B)
Class kotlin.collections.CollectionsKt___CollectionsKt                                : loaded 3 times (x 71B)
Class kotlin.collections.EmptySet                                                     : loaded 3 times (x 122B)
Class com.google.common.collect.ImmutableEntry                                        : loaded 3 times (x 82B)
Class com.google.common.base.CharMatcher$NegatedFastMatcher                           : loaded 3 times (x 113B)
Class kotlin.collections.MapsKt___MapsJvmKt                                           : loaded 3 times (x 71B)
Class kotlin.jvm.functions.Function3                                                  : loaded 3 times (x 70B)
Class com.google.common.base.Predicate                                                : loaded 3 times (x 70B)
Class kotlin.jvm.functions.Function2                                                  : loaded 3 times (x 70B)
Class com.google.common.collect.ImmutableMap                                          : loaded 3 times (x 120B)
Class com.google.common.base.CharMatcher$FastMatcher                                  : loaded 3 times (x 111B)
Class com.google.common.collect.Sets                                                  : loaded 3 times (x 71B)
Class kotlin.jvm.functions.Function1                                                  : loaded 3 times (x 70B)
Class kotlin.jvm.functions.Function0                                                  : loaded 3 times (x 70B)
Class kotlin.collections.ArraysUtilJVM                                                : loaded 3 times (x 71B)
Class kotlin.ranges.RangesKt                                                          : loaded 3 times (x 71B)
Class com.google.common.base.CharMatcher$Or                                           : loaded 3 times (x 112B)
Class kotlin.sequences.SequencesKt___SequencesJvmKt                                   : loaded 3 times (x 71B)
Class kotlin.TuplesKt                                                                 : loaded 3 times (x 71B)
Class kotlin.Unit                                                                     : loaded 3 times (x 71B)
Class com.google.common.io.LineProcessor                                              : loaded 3 times (x 70B)
Class kotlin.collections.CollectionsKt___CollectionsJvmKt                             : loaded 3 times (x 71B)
Class kotlin.jvm.internal.FunctionReferenceImpl                                       : loaded 3 times (x 122B)
Class com.google.common.base.CharMatcher$Ascii                                        : loaded 3 times (x 112B)
Class com.google.common.base.CharMatcher$BitSetMatcher                                : loaded 3 times (x 112B)
Class com.google.common.collect.ImmutableSet                                          : loaded 3 times (x 145B)
Class [Lorg.jetbrains.kotlin.build.report.metrics.GradleBuildTime;                    : loaded 3 times (x 69B)
Class com.google.common.base.AbstractIterator                                         : loaded 3 times (x 80B)
Class kotlin.sequences.FilteringSequence                                              : loaded 3 times (x 75B)
Class com.google.common.math.IntMath$1                                                : loaded 3 times (x 71B)
Class kotlin.sequences.SequencesKt__SequencesKt                                       : loaded 3 times (x 71B)
Class kotlin.collections.SetsKt___SetsKt                                              : loaded 3 times (x 71B)
Class kotlin.ranges.RangesKt__RangesKt                                                : loaded 3 times (x 71B)
Class com.google.common.io.Files$FileByteSink                                         : loaded 3 times (x 77B)
Class kotlin.UNINITIALIZED_VALUE                                                      : loaded 3 times (x 71B)
Class com.google.common.graph.SuccessorsFunction                                      : loaded 3 times (x 70B)
Class com.google.common.base.CharMatcher$Invisible                                    : loaded 3 times (x 112B)
Class com.google.common.collect.Sets$SetView                                          : loaded 3 times (x 138B)
Class kotlin.LazyKt__LazyKt                                                           : loaded 3 times (x 71B)
Class kotlin.collections.ArrayAsCollection                                            : loaded 3 times (x 105B)
Class kotlin.text.StringsKt__StringBuilderJVMKt                                       : loaded 3 times (x 71B)
Class kotlin.collections.AbstractCollection                                           : loaded 3 times (x 117B)
Class kotlin.collections.AbstractList                                                 : loaded 3 times (x 197B)
Class com.google.common.collect.Maps$8                                                : loaded 3 times (x 82B)
Class kotlin.sequences.SequencesKt__SequencesJVMKt                                    : loaded 3 times (x 71B)
Class kotlin.SynchronizedLazyImpl                                                     : loaded 3 times (x 76B)
Class kotlin.text.StringsKt__RegexExtensionsKt                                        : loaded 3 times (x 71B)
Class kotlin.collections.EmptyIterator                                                : loaded 3 times (x 89B)
Class com.google.common.collect.AbstractMapBasedMultimap$AsMap                        : loaded 3 times (x 128B)
Class com.google.common.base.CharMatcher$JavaUpperCase                                : loaded 3 times (x 111B)
Class com.google.common.collect.Maps                                                  : loaded 3 times (x 71B)
Class kotlin.jvm.internal.DefaultConstructorMarker                                    : loaded 3 times (x 71B)
Class [Lorg.jetbrains.kotlin.cli.common.CompilerSystemProperties;                     : loaded 3 times (x 69B)
Class kotlin.enums.EnumEntries                                                        : loaded 3 times (x 70B)
Class com.google.common.base.Function                                                 : loaded 3 times (x 70B)
Class org.jetbrains.kotlin.build.report.metrics.BuildTime                             : loaded 3 times (x 70B)
Class com.google.common.base.CharMatcher$JavaDigit                                    : loaded 3 times (x 111B)
Class com.google.common.math.IntMath                                                  : loaded 3 times (x 71B)
Class kotlin.jvm.internal.CallableReference                                           : loaded 3 times (x 106B)
Class kotlin.sequences.SequencesKt___SequencesKt                                      : loaded 3 times (x 71B)
Class kotlin.collections.AbstractList$Companion                                       : loaded 3 times (x 71B)
Class com.google.common.base.CharMatcher$None                                         : loaded 3 times (x 112B)
Class com.google.common.base.CommonPattern                                            : loaded 3 times (x 74B)
Class com.google.common.base.CharMatcher$IsNot                                        : loaded 3 times (x 111B)
Class com.google.common.base.CharMatcher$JavaLetter                                   : loaded 3 times (x 111B)
Class kotlin.text.StringsKt__StringNumberConversionsKt                                : loaded 3 times (x 71B)
Class org.jetbrains.kotlin.cli.common.CompilerSystemProperties$value$1                : loaded 3 times (x 125B)
Class kotlin.jvm.KotlinReflectionNotSupportedError                                    : loaded 3 times (x 82B)
Class kotlin.io.FilesKt__FileReadWriteKt                                              : loaded 3 times (x 71B)
Class kotlin.LazyKt__LazyJVMKt                                                        : loaded 3 times (x 71B)
Class com.google.common.collect.ImmutableAsList                                       : loaded 3 times (x 209B)
Class kotlin.text.StringsKt                                                           : loaded 3 times (x 71B)
Class com.google.common.collect.AbstractMapBasedMultimap                              : loaded 3 times (x 139B)
Class org.jetbrains.kotlin.build.report.metrics.GradleBuildTime$Companion             : loaded 3 times (x 71B)
Class com.google.common.collect.Lists                                                 : loaded 3 times (x 71B)
Class com.google.common.base.CharMatcher$Any                                          : loaded 3 times (x 112B)
Class com.google.common.collect.ImmutableSet$CachingAsList                            : loaded 3 times (x 147B)
Class com.google.common.base.Converter                                                : loaded 3 times (x 90B)
Class kotlin.collections.CollectionsKt__IteratorsKt                                   : loaded 3 times (x 71B)
Class kotlin.sequences.SequencesKt                                                    : loaded 3 times (x 71B)
Class kotlin.collections.IndexedValue                                                 : loaded 3 times (x 72B)
Class com.google.common.collect.ImmutableCollection                                   : loaded 3 times (x 125B)
Class com.google.common.base.CharMatcher$AnyOf                                        : loaded 3 times (x 112B)
Class kotlin.collections.CollectionsKt__CollectionsJVMKt                              : loaded 3 times (x 71B)
Class kotlin.io.FilesKt__UtilsKt                                                      : loaded 3 times (x 71B)
Class com.google.common.base.CharMatcher$ForPredicate                                 : loaded 3 times (x 112B)
Class com.google.common.base.Splitter$SplittingIterator                               : loaded 3 times (x 84B)
Class com.google.common.collect.ImmutableSet$JdkBackedSetBuilderImpl                  : loaded 3 times (x 76B)
Class com.google.common.collect.AbstractMapBasedMultimap$AsMap$AsMapEntries           : loaded 3 times (x 138B)
Class com.google.common.collect.SingletonImmutableSet                                 : loaded 3 times (x 146B)
Class kotlin.UninitializedPropertyAccessException                                     : loaded 3 times (x 82B)
Class com.google.common.collect.ImmutableMap$IteratorBasedImmutableMap                : loaded 3 times (x 125B)
Class kotlin.collections.MapsKt__MapsKt                                               : loaded 3 times (x 71B)
Class com.google.common.base.JdkPattern                                               : loaded 3 times (x 75B)
Class kotlin.reflect.KFunction                                                        : loaded 3 times (x 70B)
Class com.google.common.io.Files$FileByteSource                                       : loaded 3 times (x 85B)
Class com.google.common.collect.Maps$EntryTransformer                                 : loaded 3 times (x 70B)
Class kotlin.collections.SetsKt                                                       : loaded 3 times (x 71B)
Class kotlin.text.StringsKt__IndentKt                                                 : loaded 3 times (x 71B)
Class com.google.common.io.ByteSink                                                   : loaded 3 times (x 76B)
Class kotlin.text.StringsKt__StringsJVMKt                                             : loaded 3 times (x 71B)
Class com.google.common.collect.Multimap                                              : loaded 3 times (x 70B)
Class kotlin.text.StringsKt__AppendableKt                                             : loaded 3 times (x 71B)
Class com.google.common.collect.ImmutableEnumMap                                      : loaded 3 times (x 125B)
Class [Lkotlin.reflect.KAnnotatedElement;                                             : loaded 3 times (x 69B)
Class org.jetbrains.kotlin.build.report.metrics.BuildMetricsReporter                  : loaded 3 times (x 70B)
Class com.google.common.base.NullnessCasts                                            : loaded 3 times (x 71B)
Class kotlin.collections.IndexingIterator                                             : loaded 3 times (x 79B)
Class com.google.common.io.Files$2                                                    : loaded 3 times (x 76B)
Class kotlin.internal.ProgressionUtilKt                                               : loaded 3 times (x 71B)
Class kotlin.Function                                                                 : loaded 3 times (x 70B)
Class kotlin.collections.SetsKt__SetsJVMKt                                            : loaded 3 times (x 71B)
Class com.google.common.math.MathPreconditions                                        : loaded 3 times (x 71B)
Class kotlin.collections.ArraysKt__ArraysKt                                           : loaded 3 times (x 71B)
Class com.google.common.collect.Multiset                                              : loaded 3 times (x 70B)
Class kotlin.collections.IndexingIterable                                             : loaded 3 times (x 79B)
Class com.google.common.collect.BiMap                                                 : loaded 3 times (x 70B)
Class com.google.common.base.CharMatcher$And                                          : loaded 3 times (x 112B)
Class [Lkotlin.reflect.KCallable;                                                     : loaded 3 times (x 69B)
Class kotlin.collections.EmptyList                                                    : loaded 3 times (x 174B)
Class kotlin.collections.MapsKt__MapsJVMKt                                            : loaded 3 times (x 71B)
Class com.google.common.collect.HashMultimapGwtSerializationDependencies              : loaded 3 times (x 174B)
Class com.google.common.collect.Sets$1                                                : loaded 3 times (x 139B)
Class com.google.common.base.Splitter                                                 : loaded 3 times (x 72B)
Class com.google.common.base.CharMatcher$JavaLetterOrDigit                            : loaded 3 times (x 111B)
Class [Lorg.jetbrains.kotlin.build.report.metrics.BuildTime;                          : loaded 3 times (x 69B)
Class com.google.common.collect.Lists$StringAsImmutableList                           : loaded 3 times (x 207B)
Class com.google.common.base.CharMatcher$RangesMatcher                                : loaded 3 times (x 112B)
Class com.google.common.collect.RegularImmutableAsList                                : loaded 3 times (x 216B)
Class kotlin.reflect.KCallable                                                        : loaded 3 times (x 70B)
Class kotlin.io.FilesKt__FilePathComponentsKt                                         : loaded 3 times (x 71B)
Class kotlin.collections.CollectionsKt__MutableCollectionsKt                          : loaded 3 times (x 71B)
Class kotlin.io.CloseableKt                                                           : loaded 3 times (x 71B)
Class com.google.common.collect.AbstractMultimap                                      : loaded 3 times (x 123B)
Class com.google.common.collect.AbstractSetMultimap                                   : loaded 3 times (x 174B)
Class com.google.common.collect.Sets$ImprovedAbstractSet                              : loaded 3 times (x 135B)
Class kotlin.Pair                                                                     : loaded 3 times (x 72B)
Class com.google.common.collect.AbstractMapEntry                                      : loaded 3 times (x 81B)
Class org.jetbrains.kotlin.build.report.metrics.GradleBuildTime                       : loaded 3 times (x 86B)
Class com.google.common.collect.Maps$ViewCachingAbstractMap                           : loaded 3 times (x 125B)
Class com.google.common.collect.UnmodifiableIterator                                  : loaded 3 times (x 80B)
Class org.jetbrains.kotlin.utils.CollectionsKt                                        : loaded 3 times (x 71B)
Class com.google.common.collect.Platform                                              : loaded 3 times (x 71B)
Class kotlin.collections.CollectionsKt__IteratorsJVMKt                                : loaded 3 times (x 71B)
Class kotlin.text.StringsKt__StringNumberConversionsJVMKt                             : loaded 3 times (x 71B)
Class kotlin.sequences.Sequence                                                       : loaded 3 times (x 70B)
Class com.google.common.collect.Sets$2                                                : loaded 3 times (x 139B)
Class com.google.common.base.Joiner                                                   : loaded 3 times (x 79B)
Class com.google.common.collect.ImmutableCollection$Builder                           : loaded 3 times (x 76B)
Class kotlin.enums.EnumEntriesList                                                    : loaded 3 times (x 223B)
Class kotlin.jvm.internal.FunctionBase                                                : loaded 3 times (x 70B)
Class kotlin.jvm.internal.FunctionReference                                           : loaded 3 times (x 122B)
Class kotlin._Assertions                                                              : loaded 3 times (x 71B)
Class com.google.common.base.Splitter$1                                               : loaded 3 times (x 77B)
Class com.google.common.collect.MapDifference                                         : loaded 3 times (x 70B)
Class kotlin.collections.CollectionsKt__CollectionsKt                                 : loaded 3 times (x 71B)
Class kotlin.collections.ArraysKt___ArraysJvmKt                                       : loaded 3 times (x 71B)
Class kotlin.text.StringsKt__RegexExtensionsJVMKt                                     : loaded 3 times (x 71B)
Class com.google.common.collect.Sets$4                                                : loaded 3 times (x 139B)
Class com.google.common.base.AbstractIterator$State                                   : loaded 3 times (x 79B)
Class org.jetbrains.kotlin.cli.common.CompilerSystemProperties                        : loaded 3 times (x 80B)
Class com.google.common.collect.Sets$3                                                : loaded 3 times (x 139B)
Class org.jetbrains.kotlin.metadata.jvm.deserialization.JvmNameResolverBase$Companion : loaded 2 times (x 71B)
Class org.jetbrains.kotlin.load.java.JvmAnnotationNames                               : loaded 2 times (x 71B)
Class org.jetbrains.kotlin.descriptors.DescriptorVisibilities$3                       : loaded 2 times (x 79B)
Class org.jetbrains.kotlin.metadata.ProtoBuf$MemberKind                               : loaded 2 times (x 82B)
Class kotlin.collections.CollectionsKt___CollectionsKt$asSequence$$inlined$Sequence$1 : loaded 2 times (x 75B)
Class org.gradle.api.internal.ClassPathProvider                                       : loaded 2 times (x 70B)
Class [Lorg.gradle.api.internal.ClassPathProvider;                                    : loaded 2 times (x 69B)
Class org.jetbrains.kotlin.gradle.plugin.VariantImplementationFactories$Companion$getProvider$2$1: loaded 2 times (x 79B)
Class build_9441jjnsxxuccr2t0svmcpxuh                                                 : loaded 2 times (x 181B)
Class com.google.common.reflect.Types$ClassOwnership$1                                : loaded 2 times (x 80B)
Class com.google.common.collect.MapMakerInternalMap$Strength$2                        : loaded 2 times (x 80B)
Class org.jetbrains.kotlin.gradle.plugin.diagnostics.CheckKotlinGradlePluginConfigurationErrors$Companion: loaded 2 times (x 71B)
Class org.jetbrains.kotlin.gradle.tasks.KotlinJvmCompile$DefaultImpls                 : loaded 2 times (x 71B)
Class org.jetbrains.kotlin.gradle.tasks.CacheableTasksKt                              : loaded 2 times (x 71B)
Class org.jetbrains.kotlin.gradle.plugin.diagnostics.checkers.UnusedSourceSetsChecker$runChecks$1: loaded 2 times (x 88B)
Class org.jetbrains.kotlin.gradle.targets.js.npm.PeerNpmDependencyExtension           : loaded 2 times (x 70B)
Class org.jetbrains.kotlin.gradle.dsl.AndroidMainSourceSetConventionsChecker          : loaded 2 times (x 74B)
Class org.jetbrains.kotlin.build.report.metrics.GradleBuildPerformanceMetric          : loaded 2 times (x 92B)
Class [Lorg.objectweb.asm.AnnotationVisitor;                                          : loaded 2 times (x 69B)
Class com.google.common.util.concurrent.AbstractFuture$SafeAtomicHelper               : loaded 2 times (x 79B)
Class com.google.common.cache.LocalCache$LocalLoadingCache                            : loaded 2 times (x 134B)
Class org.gradle.internal.service.UnknownServiceException                             : loaded 2 times (x 83B)
Class [Lorg.jetbrains.org.objectweb.asm.Attribute;                                    : loaded 2 times (x 69B)
Class it.unimi.dsi.fastutil.longs.LongIterable                                        : loaded 2 times (x 70B)
Class org.jetbrains.kotlin.descriptors.DescriptorVisibilities$4                       : loaded 2 times (x 79B)
Class [Lorg.jetbrains.kotlin.protobuf.WireFormat$JavaType;                            : loaded 2 times (x 69B)
Class org.jetbrains.kotlin.statistics.metrics.NumericalMetrics                        : loaded 2 times (x 80B)
Class build_9b2fvq5avgtr5ff20jltwy6cf                                                 : loaded 2 times (x 180B)
Class com.google.common.reflect.Types$ClassOwnership$2                                : loaded 2 times (x 80B)
Class com.google.common.reflect.TypeResolver                                          : loaded 2 times (x 72B)
Class com.google.common.collect.MapMakerInternalMap$StrongValueEntry                  : loaded 2 times (x 70B)
Class com.google.common.io.ByteArrayDataInput                                         : loaded 2 times (x 70B)
Class org.jetbrains.kotlin.gradle.tasks.configuration.BaseKotlinCompileConfig$2$1$1$1 : loaded 2 times (x 74B)
Class org.jetbrains.kotlin.gradle.tasks.KotlinCompile$ScriptFilterSpec                : loaded 2 times (x 75B)
Class org.jetbrains.kotlin.gradle.targets.js.npm.DefaultPeerNpmDependencyExtension    : loaded 2 times (x 141B)
Class org.jetbrains.kotlin.gradle.plugin.KotlinPluginLifecycleKt                      : loaded 2 times (x 71B)
Class org.jetbrains.kotlin.gradle.plugin.mpp.AbstractKotlinTarget                     : loaded 2 times (x 156B)
Class org.jetbrains.kotlin.gradle.plugin.VariantImplementationFactoriesConfigurator$Inject: loaded 2 times (x 96B)
Class org.jetbrains.kotlin.gradle.dsl.KotlinSingleTargetExtension                     : loaded 2 times (x 124B)
Class org.objectweb.asm.ModuleVisitor                                                 : loaded 2 times (x 81B)
Class com.google.common.cache.LocalCache$Strength$1                                   : loaded 2 times (x 81B)
Class kotlin.collections.MapWithDefault                                               : loaded 2 times (x 70B)
Class org.jetbrains.kotlin.descriptors.DescriptorVisibilities$5                       : loaded 2 times (x 79B)
Class org.jetbrains.kotlin.metadata.jvm.JvmProtoBuf$JvmPropertySignatureOrBuilder     : loaded 2 times (x 70B)
Class org.jetbrains.kotlin.protobuf.GeneratedMessageLite$ExtendableMessage            : loaded 2 times (x 113B)
Class it.unimi.dsi.fastutil.objects.ObjectSpliterator                                 : loaded 2 times (x 70B)
Class kotlin.coroutines.jvm.internal.SuspendLambda                                    : loaded 2 times (x 91B)
Class kotlin.coroutines.jvm.internal.ContinuationImpl                                 : loaded 2 times (x 87B)
Class build_cn2297hmwbpzjgvb5cb788dmi$_run_closure1                                   : loaded 2 times (x 139B)
Class build_8wd60cx3xu44x0oplhgyd65ci$_run_closure1$_closure3                         : loaded 2 times (x 139B)
Class org.apache.commons.io.output.QueueOutputStream                                  : loaded 2 times (x 87B)
Class com.google.common.reflect.Types$ClassOwnership$3                                : loaded 2 times (x 71B)
Class org.jetbrains.kotlin.gradle.tasks.configuration.BaseKotlinCompileConfig$2$1$1$2 : loaded 2 times (x 74B)
Class org.jetbrains.kotlin.gradle.plugin.mpp.KotlinCompilationsKt$addSourcesToKotlinCompileTask$configureAction$2: loaded 2 times (x 79B)
Class org.jetbrains.kotlin.gradle.plugin.mpp.compilationImpl.KotlinCompilationTaskNamesContainer: loaded 2 times (x 72B)
Class org.jetbrains.kotlin.gradle.plugin.mpp.compilationImpl.factory.KotlinCompilationImplFactory$KotlinCompilerOptionsFactory: loaded 2 times (x 70B)
Class org.jetbrains.kotlin.gradle.targets.js.npm.NpmDependencyExtension               : loaded 2 times (x 70B)
Class org.jetbrains.kotlin.gradle.plugin.LanguageSettingsBuilder                      : loaded 2 times (x 70B)
Class org.jetbrains.kotlin.gradle.plugin.BuildEventsListenerRegistryHolder$Companion  : loaded 2 times (x 71B)
Class [Lorg.jetbrains.kotlin.statistics.metrics.StringMetrics;                        : loaded 2 times (x 69B)
Class com.google.common.util.concurrent.SettableFuture                                : loaded 2 times (x 114B)
Class com.google.common.cache.LocalCache$Strength$2                                   : loaded 2 times (x 81B)
Class org.jetbrains.kotlin.descriptors.DescriptorVisibilities$6                       : loaded 2 times (x 79B)
Class org.jetbrains.kotlin.protobuf.CodedOutputStream$OutOfSpaceException             : loaded 2 times (x 82B)
Class org.jetbrains.kotlin.metadata.ProtoBuf$Annotation$Argument$Value                : loaded 2 times (x 127B)
Class it.unimi.dsi.fastutil.ints.IntIterator                                          : loaded 2 times (x 70B)
Class kotlin.reflect.KTypeParameter                                                   : loaded 2 times (x 70B)
Class org.jetbrains.kotlin.gradle.plugin.diagnostics.checkers.KotlinSourceSetTreeDependsOnMismatchChecker: loaded 2 times (x 74B)
Class org.jetbrains.kotlin.gradle.dsl.PlatformSourceSetConventionsChecker             : loaded 2 times (x 74B)
Class org.jetbrains.kotlin.gradle.plugin.KotlinPluginLifecycleCoroutineContextElement : loaded 2 times (x 84B)
Class org.jetbrains.kotlin.gradle.tasks.configuration.KaptGenerateStubsConfig$Companion$wireJavaAndKotlinOutputs$1: loaded 2 times (x 79B)
Class org.jetbrains.kotlin.gradle.tasks.configuration.BaseKotlinCompileConfig$1$3$classpathEntrySnapshotFiles$1: loaded 2 times (x 74B)
Class build_17ueyoykc2pf06124y3fmo066$_run_closure1$_closure2                         : loaded 2 times (x 139B)
Class com.google.common.collect.Interners$InternerImpl                                : loaded 2 times (x 75B)
Class com.google.common.collect.Interner                                              : loaded 2 times (x 70B)
Class com.google.common.io.ByteStreams                                                : loaded 2 times (x 71B)
Class com.google.common.collect.TransformedIterator                                   : loaded 2 times (x 80B)
Class com.google.common.collect.ComparisonChain$1                                     : loaded 2 times (x 81B)
Class com.google.common.collect.AllEqualOrdering                                      : loaded 2 times (x 114B)
Class org.jetbrains.kotlin.gradle.tasks.KotlinJavaToolchain$JdkSetter                 : loaded 2 times (x 70B)
Class org.jetbrains.kotlin.gradle.utils.ConfigurationCacheKt                          : loaded 2 times (x 71B)
Class org.jetbrains.kotlin.gradle.plugin.KotlinPluginLifecycle$ProjectConfigurationResult$Success: loaded 2 times (x 71B)
Class org.jetbrains.kotlin.gradle.internal.StdlibDependencyManagementKt$configureStdlibVersionAlignment$1: loaded 2 times (x 75B)
Class org.jetbrains.kotlin.gradle.dsl.PlatformSourceSetConventionsChecker$CheckedPlatformInfo: loaded 2 times (x 72B)
Class org.jetbrains.kotlin.gradle.plugin.mpp.KotlinUsages$KotlinCinteropDisambiguation: loaded 2 times (x 76B)
Class org.jetbrains.kotlin.gradle.plugin.KotlinPluginInMultipleProjectsHolder         : loaded 2 times (x 72B)
Class org.jetbrains.kotlin.gradle.report.BuildReportType$Companion                    : loaded 2 times (x 71B)
Class com.google.common.cache.LocalCache$Strength$3                                   : loaded 2 times (x 81B)
Class org.jetbrains.kotlin.descriptors.DescriptorVisibilities$7                       : loaded 2 times (x 79B)
Class kotlin.sequences.SequencesKt__SequencesKt$generateSequence$2                    : loaded 2 times (x 79B)
Class kotlin.text.Regex$Companion                                                     : loaded 2 times (x 71B)
Class kotlin.text.StringsKt__StringsKt$rangesDelimitedBy$1                            : loaded 2 times (x 79B)
Class com.google.common.collect.NaturalOrdering                                       : loaded 2 times (x 115B)
Class com.android.utils.Pair                                                          : loaded 2 times (x 72B)
Class com.google.common.reflect.Invokable                                             : loaded 2 times (x 103B)
Class com.google.common.collect.MapMaker$Dummy                                        : loaded 2 times (x 79B)
Class org.jetbrains.kotlin.gradle.tasks.KotlinCompilerPluginData$InputsOutputsState   : loaded 2 times (x 72B)
Class org.jetbrains.kotlin.gradle.plugin.sources.FragmentConsistencyChecks$optInAnnotationsCheck$1: loaded 2 times (x 79B)
Class org.jetbrains.kotlin.gradle.plugin.mpp.AbstractKotlinCompilationToRunnableFiles : loaded 2 times (x 196B)
Class org.jetbrains.kotlin.gradle.plugin.mpp.KotlinUsages$KotlinMetadataCompatibility : loaded 2 times (x 76B)
Class [Lorg.jetbrains.kotlin.gradle.dsl.JvmTarget;                                    : loaded 2 times (x 69B)
Class org.jetbrains.kotlin.gradle.plugin.StatisticsBuildFlowManager$Companion         : loaded 2 times (x 71B)
Class org.jetbrains.kotlin.statistics.metrics.StringMetrics$Companion                 : loaded 2 times (x 71B)
Class org.jetbrains.kotlin.tooling.core.Extras$Type                                   : loaded 2 times (x 72B)
Class org.objectweb.asm.FieldWriter                                                   : loaded 2 times (x 78B)
Class com.google.common.cache.CacheBuilder$NullListener                               : loaded 2 times (x 82B)
Class org.gradle.internal.classpath.TransformedClassPath                              : loaded 2 times (x 96B)
Class org.jetbrains.kotlin.metadata.jvm.JvmProtoBuf$StringTableTypes$RecordOrBuilder  : loaded 2 times (x 70B)
Class it.unimi.dsi.fastutil.longs.LongSet                                             : loaded 2 times (x 70B)
Class org.jetbrains.kotlin.descriptors.DescriptorVisibilities$8                       : loaded 2 times (x 79B)
Class kotlin.reflect.jvm.internal.KPropertyImpl$_javaField$1                          : loaded 2 times (x 79B)
Class org.jetbrains.kotlin.metadata.ProtoBuf$MemberKind$1                             : loaded 2 times (x 74B)
Class org.jetbrains.kotlin.resolve.jvm.JvmClassName                                   : loaded 2 times (x 76B)
Class kotlin.reflect.jvm.internal.KClassImpl$data$1                                   : loaded 2 times (x 79B)
Class [Lkotlin.coroutines.intrinsics.CoroutineSingletons;                             : loaded 2 times (x 69B)
Class it.unimi.dsi.fastutil.objects.ReferenceCollection                               : loaded 2 times (x 70B)
Class com.google.common.collect.MapMakerInternalMap$Strength$1                        : loaded 2 times (x 80B)
Class com.google.common.io.CharSource$ConcatenatedCharSource                          : loaded 2 times (x 86B)
Class org.jetbrains.kotlin.statistics.metrics.OverrideMetricContainer                 : loaded 2 times (x 80B)
Class it.unimi.dsi.fastutil.ints.IntIterable                                          : loaded 2 times (x 70B)
Class org.apache.commons.io.output.UnsynchronizedByteArrayOutputStream                : loaded 2 times (x 102B)
Class com.google.common.reflect.Types$ParameterizedTypeImpl                           : loaded 2 times (x 81B)
Class com.google.common.collect.ImmutableListMultimap                                 : loaded 2 times (x 176B)
Class org.jetbrains.kotlin.gradle.internal.StdlibDependencyManagementKt$configureStdlibVersionAlignment$1$1$1: loaded 2 times (x 75B)
Class org.jetbrains.kotlin.gradle.plugin.BuildFinishedListenerService$Companion       : loaded 2 times (x 71B)
Class org.jetbrains.kotlin.gradle.plugin.BuildFinishedListenerService                 : loaded 2 times (x 80B)
Class com.google.common.collect.ImmutableRangeSet$AsSet                               : loaded 2 times (x 299B)
Class org.jetbrains.kotlin.gradle.plugin.sources.FragmentConsistencyChecks$optInAnnotationsCheck$2: loaded 2 times (x 78B)
Class com.google.common.cache.CacheLoader$FunctionToCacheLoader                       : loaded 2 times (x 75B)
Class com.google.common.collect.Iterators$ArrayItr                                    : loaded 2 times (x 97B)
Class it.unimi.dsi.fastutil.ints.IntSet                                               : loaded 2 times (x 70B)
Class org.jetbrains.kotlin.metadata.jvm.JvmProtoBuf$StringTableTypes                  : loaded 2 times (x 110B)
Class org.jetbrains.kotlin.descriptors.DescriptorVisibilities$9                       : loaded 2 times (x 79B)
Class kotlin.collections.builders.ListBuilder$Companion                               : loaded 2 times (x 71B)
Class kotlin.collections.builders.ListBuilder                                         : loaded 2 times (x 207B)
Class org.jetbrains.kotlin.protobuf.ExtensionRegistryLite                             : loaded 2 times (x 74B)
Class kotlin.comparisons.ComparisonsKt___ComparisonsJvmKt                             : loaded 2 times (x 71B)
Class org.apache.commons.io.output.ByteArrayOutputStream                              : loaded 2 times (x 102B)
Class com.google.common.reflect.TypeResolver$TypeVariableKey                          : loaded 2 times (x 72B)
Class com.google.common.collect.EmptyImmutableListMultimap                            : loaded 2 times (x 176B)
Class com.google.common.collect.BaseImmutableMultimap                                 : loaded 2 times (x 123B)
Class org.jetbrains.kotlin.gradle.tasks.configuration.BaseKotlinCompileConfig$1$3$2   : loaded 2 times (x 75B)
Class org.jetbrains.kotlin.gradle.tasks.AbstractKotlinCompileTool$sources$1           : loaded 2 times (x 79B)
Class org.jetbrains.kotlin.gradle.tasks.configuration.TaskConfigAction                : loaded 2 times (x 72B)
Class org.jetbrains.kotlin.gradle.plugin.AbstractKotlinPlugin$Companion               : loaded 2 times (x 71B)
Class org.jetbrains.kotlin.gradle.plugin.KotlinSourceSetTree                          : loaded 2 times (x 72B)
Class org.jetbrains.kotlin.gradle.plugin.KotlinPluginLifecycle$Stage                  : loaded 2 times (x 79B)
Class org.jetbrains.kotlin.gradle.plugin.sources.KotlinSourceSetFactory               : loaded 2 times (x 80B)
Class org.jetbrains.kotlin.gradle.internal.ClassLoadersCachingBuildService$Companion  : loaded 2 times (x 71B)
Class org.jetbrains.kotlin.gradle.plugin.StatisticsBuildFlowManager$subscribeForBuildResult$1$1: loaded 2 times (x 74B)
Class com.google.common.base.MoreObjects                                              : loaded 2 times (x 71B)
Class org.jetbrains.kotlin.metadata.jvm.JvmProtoBuf$StringTableTypes$1                : loaded 2 times (x 144B)
Class org.jetbrains.kotlin.metadata.jvm.JvmProtoBuf$JvmFieldSignature                 : loaded 2 times (x 108B)
Class org.jetbrains.kotlin.metadata.ProtoBuf$Modality                                 : loaded 2 times (x 82B)
Class org.jetbrains.kotlin.metadata.ProtoBuf$PropertyOrBuilder                        : loaded 2 times (x 70B)
Class org.jetbrains.kotlin.metadata.ProtoBuf$Constructor$1                            : loaded 2 times (x 144B)
Class kotlin.reflect.KProperty0                                                       : loaded 2 times (x 70B)
Class kotlin.Result                                                                   : loaded 2 times (x 72B)
Class org.jetbrains.kotlin.descriptors.DescriptorVisibilities$2                       : loaded 2 times (x 79B)
Class it.unimi.dsi.fastutil.ints.IntCollection                                        : loaded 2 times (x 70B)
Class com.google.common.base.Splitter$5                                               : loaded 2 times (x 80B)
Class com.google.common.collect.LinkedHashMultimapGwtSerializationDependencies        : loaded 2 times (x 174B)
Class [Lorg.objectweb.asm.Attribute;                                                  : loaded 2 times (x 69B)
Class [Lorg.jetbrains.kotlin.build.report.metrics.BuildAttribute;                     : loaded 2 times (x 69B)
Class org.jetbrains.kotlin.gradle.plugin.hierarchy.KotlinSourceSetTreeClassifier$Default: loaded 2 times (x 71B)
Class org.jetbrains.kotlin.gradle.plugin.mpp.InternalKotlinCompilationKt              : loaded 2 times (x 71B)
Class org.jetbrains.kotlin.gradle.tasks.configuration.AbstractKotlinCompileConfig     : loaded 2 times (x 72B)
Class org.jetbrains.kotlin.gradle.plugin.mpp.compilationImpl.KotlinCompilationImpl$attributes$2: loaded 2 times (x 79B)
Class org.jetbrains.kotlin.gradle.utils.IsolatedKotlinClasspathClassCastException     : loaded 2 times (x 82B)
Class [Lorg.objectweb.asm.Type;                                                       : loaded 2 times (x 69B)
Class org.gradle.internal.service.ServiceLocator                                      : loaded 2 times (x 70B)
Class org.jetbrains.kotlin.load.kotlin.header.ReadKotlinClassHeaderAnnotationVisitor$CollectStringArrayAnnotationVisitor: loaded 2 times (x 85B)
Class org.gradle.api.internal.DefaultClassPathProvider                                : loaded 2 times (x 76B)
Class kotlin.reflect.KClass                                                           : loaded 2 times (x 70B)
Class kotlin.sequences.TransformingSequence$iterator$1                                : loaded 2 times (x 79B)
Class org.objectweb.asm.AnnotationVisitor                                             : loaded 2 times (x 78B)
Class kotlin.reflect.KProperty1                                                       : loaded 2 times (x 70B)
Class [Lkotlin.Function;                                                              : loaded 2 times (x 69B)
Class com.google.common.collect.HashBiMap$BiEntry                                     : loaded 2 times (x 83B)
Class org.apache.commons.io.FileExistsException                                       : loaded 2 times (x 82B)
Class com.google.common.collect.ImmutableSortedMap$Builder                            : loaded 2 times (x 90B)
Class org.jetbrains.kotlin.gradle.tasks.DefaultKotlinJavaToolchain$DefaultJavaToolchainSetter$useAsConvention$1: loaded 2 times (x 75B)
Class org.jetbrains.kotlin.gradle.plugin.KotlinCompilerArgumentsProducer$CreateCompilerArgumentsContext: loaded 2 times (x 70B)
Class org.jetbrains.kotlin.gradle.plugin.diagnostics.RenderReportedDiagnosticsKt      : loaded 2 times (x 71B)
Class org.jetbrains.kotlin.gradle.plugin.hierarchy.KotlinSourceSetTreeClassifierKt$classify$1: loaded 2 times (x 88B)
Class org.jetbrains.kotlin.gradle.plugin.diagnostics.checkers.WasmSourceSetsNotFoundChecker: loaded 2 times (x 74B)
Class org.jetbrains.kotlin.gradle.plugin.diagnostics.checkers.AndroidSourceSetLayoutV1SourceSetsNotFoundChecker$androidSourceSetRegex$2: loaded 2 times (x 78B)
Class com.google.common.base.Ascii                                                    : loaded 2 times (x 71B)
Class com.google.common.collect.SingletonImmutableBiMap                               : loaded 2 times (x 143B)
Class com.google.common.cache.LocalCache$1                                            : loaded 2 times (x 89B)
Class kotlin.collections.CollectionsKt___CollectionsKt$withIndex$1                    : loaded 2 times (x 79B)
Class org.jetbrains.kotlin.gradle.plugin.VariantImplementationFactoriesConfigurator$Companion$getProvider$1: loaded 2 times (x 74B)
Class org.jetbrains.kotlin.statistics.metrics.BooleanOverridePolicy$OVERRIDE          : loaded 2 times (x 85B)
Class org.jetbrains.kotlin.statistics.metrics.BooleanAnonymizationPolicy              : loaded 2 times (x 85B)
Class kotlin.sequences.GeneratorSequence$iterator$1                                   : loaded 2 times (x 79B)
Class kotlin.reflect.KProperty2                                                       : loaded 2 times (x 70B)
Class org.jetbrains.kotlin.gradle.plugin.diagnostics.KotlinGradleProjectCheckersRunnerKt$launchKotlinGradleProjectCheckers$1$1: loaded 2 times (x 95B)
Class org.jetbrains.kotlin.gradle.plugin.diagnostics.checkers.AndroidSourceSetLayoutV1SourceSetsNotFoundChecker$runChecks$1: loaded 2 times (x 88B)
Class com.google.common.reflect.TypeToken$SimpleTypeToken                             : loaded 2 times (x 73B)
Class com.google.common.io.CharSource$StringCharSource                                : loaded 2 times (x 86B)
Class com.google.common.io.ByteSource$ByteArrayByteSource                             : loaded 2 times (x 85B)
Class com.google.common.collect.MapMakerInternalMap$AbstractStrongKeyEntry            : loaded 2 times (x 80B)
Class org.jetbrains.kotlin.gradle.plugin.KotlinCompilationWithResources               : loaded 2 times (x 70B)
Class com.google.common.collect.ImmutableList$Builder                                 : loaded 2 times (x 77B)
Class org.jetbrains.kotlin.gradle.plugin.KotlinTargetPreset                           : loaded 2 times (x 70B)
Class org.jetbrains.kotlin.gradle.plugin.diagnostics.checkers.KotlinTargetAlreadyDeclaredChecker: loaded 2 times (x 74B)
Class org.jetbrains.kotlin.gradle.plugin.mpp.KotlinUsages$KotlinJavaRuntimeJarsCompatibility: loaded 2 times (x 76B)
Class org.jetbrains.kotlin.gradle.utils.FileUtilsKt$localProperties$1                 : loaded 2 times (x 75B)
Class com.google.common.cache.LocalCache$2                                            : loaded 2 times (x 142B)
Class org.jetbrains.kotlin.gradle.plugin.diagnostics.checkers.AndroidPluginWithoutAndroidTargetChecker$runChecks$1: loaded 2 times (x 88B)
Class it.unimi.dsi.fastutil.objects.Object2IntFunction                                : loaded 2 times (x 70B)
Class kotlin.ReplaceWith                                                              : loaded 2 times (x 70B)
Class org.jetbrains.kotlin.metadata.deserialization.ProtoBufUtilKt                    : loaded 2 times (x 71B)
Class it.unimi.dsi.fastutil.ints.IntSpliterator                                       : loaded 2 times (x 70B)
Class kotlin.reflect.jvm.internal.CacheByClass                                        : loaded 2 times (x 73B)
Class kotlin.coroutines.CoroutineContext$Element                                      : loaded 2 times (x 70B)
Class com.google.common.collect.Iterators$EmptyModifiableIterator                     : loaded 2 times (x 86B)
Class org.jetbrains.kotlin.gradle.ExternalKotlinTargetApi                             : loaded 2 times (x 70B)
Class kotlin.io.TerminateException                                                    : loaded 2 times (x 82B)
Class org.jetbrains.kotlin.gradle.tasks.configuration.AbstractKotlinCompileConfig$2$1 : loaded 2 times (x 79B)
Class org.jetbrains.kotlin.gradle.tasks.DefaultKotlinJavaToolchain_Decorated          : loaded 2 times (x 126B)
Class org.jetbrains.kotlin.gradle.plugin.KotlinCompilationInfo$TCS                    : loaded 2 times (x 89B)
Class com.google.common.collect.ImmutableRangeSet$1                                   : loaded 2 times (x 209B)
Class org.jetbrains.kotlin.gradle.plugin.mpp.HasBinaries                              : loaded 2 times (x 70B)
Class org.jetbrains.kotlin.gradle.dsl.KotlinCommonOptions                             : loaded 2 times (x 70B)
Class org.jetbrains.kotlin.gradle.dsl.KotlinJvmProjectExtension                       : loaded 2 times (x 139B)
Class org.jetbrains.kotlin.gradle.plugin.KotlinCompilerArgumentsProducer              : loaded 2 times (x 70B)
Class org.jetbrains.kotlin.build.report.metrics.ValueType                             : loaded 2 times (x 79B)
Class com.google.common.util.concurrent.AbstractFuture$UnsafeAtomicHelper$1           : loaded 2 times (x 76B)
Class org.jetbrains.kotlin.protobuf.AbstractMessageLite$Builder                       : loaded 2 times (x 122B)
Class org.jetbrains.kotlin.protobuf.Internal$EnumLiteMap                              : loaded 2 times (x 70B)
Class org.jetbrains.kotlin.protobuf.GeneratedMessageLite                              : loaded 2 times (x 101B)
Class kotlin.text.CharsKt                                                             : loaded 2 times (x 71B)
Class org.jetbrains.kotlin.buildtools.api.jvm.ClassSnapshotGranularity                : loaded 2 times (x 79B)
Class com.google.common.base.Optional                                                 : loaded 2 times (x 80B)
Class org.jetbrains.kotlin.build.report.metrics.BuildTimes$Companion                  : loaded 2 times (x 71B)
Class org.jetbrains.kotlin.gradle.tasks.configuration.BaseKotlinCompileConfig$1$classpathConfiguration$1: loaded 2 times (x 75B)
Class com.google.common.collect.Range                                                 : loaded 2 times (x 87B)
Class org.jetbrains.kotlin.gradle.targets.js.npm.NpmDependencyExtensionDelegate       : loaded 2 times (x 167B)
Class org.jetbrains.kotlin.gradle.plugin.sources.FragmentConsistencyChecker           : loaded 2 times (x 72B)
Class org.jetbrains.kotlin.gradle.dsl.DefaultToolchainSupport_Decorated               : loaded 2 times (x 124B)
Class org.jetbrains.kotlin.gradle.report.BuildMetricsService$Companion                : loaded 2 times (x 71B)
Class org.jetbrains.kotlin.gradle.tasks.KotlinCompileTool                             : loaded 2 times (x 70B)
Class org.jetbrains.kotlin.gradle.plugin.VariantImplementationFactories$Parameters_Decorated: loaded 2 times (x 134B)
Class org.jetbrains.kotlin.gradle.plugin.PropertiesProvider$PropertyNames             : loaded 2 times (x 71B)
Class org.jetbrains.kotlin.gradle.utils.GradleUtilsKt                                 : loaded 2 times (x 71B)
Class org.jetbrains.kotlin.gradle.plugin.HasProject                                   : loaded 2 times (x 70B)
Class com.google.common.util.concurrent.AbstractFuture$Trusted                        : loaded 2 times (x 70B)
Class com.google.common.collect.Iterators                                             : loaded 2 times (x 71B)
Class org.jetbrains.kotlin.load.kotlin.KotlinJvmBinaryClass                           : loaded 2 times (x 70B)
Class org.jetbrains.kotlin.descriptors.Visibilities$Unknown                           : loaded 2 times (x 79B)
Class org.jetbrains.kotlin.descriptors.Visibilities$Inherited                         : loaded 2 times (x 79B)
Class kotlin.reflect.jvm.internal.KMutableProperty1Impl                               : loaded 2 times (x 135B)
Class org.jetbrains.kotlin.protobuf.Parser                                            : loaded 2 times (x 70B)
Class kotlin.coroutines.ContinuationInterceptor$Key                                   : loaded 2 times (x 71B)
Class kotlin.text.DelimitedRangesSequence$iterator$1                                  : loaded 2 times (x 79B)
Class org.jetbrains.kotlin.incremental.ClasspathChanges                               : loaded 2 times (x 71B)
Class com.google.common.collect.ComparatorOrdering                                    : loaded 2 times (x 115B)
Class com.google.common.io.ByteSink$AsCharSink                                        : loaded 2 times (x 80B)
Class com.google.common.collect.ExplicitOrdering                                      : loaded 2 times (x 115B)
Class org.jetbrains.kotlin.gradle.tasks.configuration.AbstractKotlinCompileConfig$2$3 : loaded 2 times (x 75B)
Class org.jetbrains.kotlin.gradle.tasks.configuration.BaseKotlinCompileConfig         : loaded 2 times (x 72B)
Class org.jetbrains.kotlin.gradle.plugin.mpp.compilationImpl.factory.KotlinCompilationImplFactory$KotlinCompilationTaskNamesContainerFactory: loaded 2 times (x 70B)
Class org.jetbrains.kotlin.gradle.ExperimentalKotlinGradlePluginApi                   : loaded 2 times (x 70B)
Class org.jetbrains.kotlin.statistics.metrics.NumberAnonymizationPolicy$SAFE          : loaded 2 times (x 85B)
Class com.google.common.util.concurrent.UncheckedExecutionException                   : loaded 2 times (x 82B)
Class [Lorg.jetbrains.kotlin.metadata.ProtoBuf$VersionRequirement$Level;              : loaded 2 times (x 69B)
Class org.jetbrains.kotlin.protobuf.WireFormat$JavaType                               : loaded 2 times (x 79B)
Class com.google.common.collect.ImmutableSet$SerializedForm                           : loaded 2 times (x 73B)
Class org.jetbrains.kotlin.gradle.tasks.configuration.AbstractKotlinCompileConfig$2$4 : loaded 2 times (x 75B)
Class org.jetbrains.kotlin.gradle.tasks.KotlinCompile$scriptSources$1                 : loaded 2 times (x 75B)
Class org.jetbrains.kotlin.build.report.metrics.BuildAttribute$Companion              : loaded 2 times (x 71B)
Class org.jetbrains.kotlin.gradle.tasks.configuration.KaptGenerateStubsConfig$Companion: loaded 2 times (x 71B)
Class org.jetbrains.kotlin.gradle.internal.KotlinTestDependencyManagementKt$maybeAddTestDependencyCapability$1: loaded 2 times (x 75B)
Class com.google.common.collect.ImmutableSortedSetFauxverideShim                      : loaded 2 times (x 147B)
Class org.jetbrains.kotlin.gradle.plugin.diagnostics.CheckKotlinGradlePluginConfigurationErrorsKt: loaded 2 times (x 71B)
Class org.jetbrains.kotlin.gradle.plugin.mpp.KotlinJvmAndroidCompilation              : loaded 2 times (x 198B)
Class org.jetbrains.kotlin.gradle.plugin.mpp.ApplyUserDefinedAttributesKt             : loaded 2 times (x 71B)
Class org.jetbrains.kotlin.tooling.core.TypeUtils$WhenMappings                        : loaded 2 times (x 71B)
Class org.jetbrains.kotlin.gradle.utils.FutureImpl                                    : loaded 2 times (x 80B)
Class [Lorg.jetbrains.kotlin.statistics.metrics.NumericalMetrics;                     : loaded 2 times (x 69B)
Class org.gradle.internal.InternalTransformer                                         : loaded 2 times (x 70B)
Class kotlin.jvm.internal.ArrayIteratorKt                                             : loaded 2 times (x 71B)
Class kotlin.DeprecationLevel                                                         : loaded 2 times (x 79B)
Class org.jetbrains.kotlin.descriptors.Visibilities$PrivateToThis                     : loaded 2 times (x 79B)
Class org.jetbrains.kotlin.protobuf.SmallSortedMap$1                                  : loaded 2 times (x 130B)
Class it.unimi.dsi.fastutil.ints.IntArraySet                                          : loaded 2 times (x 235B)
Class kotlin.jvm.JvmStatic                                                            : loaded 2 times (x 70B)
Class kotlin.reflect.jvm.internal.ReflectionFactoryImpl                               : loaded 2 times (x 91B)
Class kotlin.reflect.KProperty$Accessor                                               : loaded 2 times (x 70B)
Class kotlin.collections.ArraysKt___ArraysKt$asSequence$$inlined$Sequence$1           : loaded 2 times (x 75B)
Class org.jetbrains.kotlin.protobuf.CodedOutputStream$ByteBufferOutputStream          : loaded 2 times (x 86B)
Class com.android.manifmerger.ManifestMerger2$MergeFailureException                   : loaded 2 times (x 82B)
Class kotlin.reflect.jvm.internal.KCallableImpl                                       : loaded 2 times (x 105B)
Class com.google.common.collect.ImmutableBiMap$Builder                                : loaded 2 times (x 82B)
Class org.jetbrains.kotlin.gradle.tasks.CompileUsingKotlinDaemonWithNormalization     : loaded 2 times (x 70B)
Class org.jetbrains.kotlin.gradle.plugin.mpp.compilationImpl.factory.KotlinCompilationImplFactory$PostConfigure$Companion: loaded 2 times (x 71B)
Class com.google.common.collect.AbstractMapBasedMultimap$KeySet$1                     : loaded 2 times (x 82B)
Class org.jetbrains.kotlin.gradle.targets.js.npm.DefaultDevNpmDependencyExtension     : loaded 2 times (x 145B)
Class [Lorg.jetbrains.kotlin.gradle.plugin.HasKotlinDependencies;                     : loaded 2 times (x 69B)
Class org.jetbrains.kotlin.gradle.tasks.DefaultKotlinJavaToolchain$Companion$wireJvmTargetToToolchain$1: loaded 2 times (x 75B)
Class org.jetbrains.kotlin.gradle.plugin.KotlinPlatformType                           : loaded 2 times (x 82B)
Class org.jetbrains.kotlin.gradle.plugin.KotlinGradleBuildServices$Companion          : loaded 2 times (x 71B)
Class org.objectweb.asm.ClassWriter                                                   : loaded 2 times (x 106B)
Class com.google.common.cache.CacheLoader$UnsupportedLoadingOperationException        : loaded 2 times (x 82B)
Class org.gradle.internal.classloader.ClasspathUtil$1                                 : loaded 2 times (x 76B)
Class org.jetbrains.kotlin.metadata.ProtoBuf$Effect$EffectType$1                      : loaded 2 times (x 74B)
Class org.jetbrains.kotlin.metadata.ProtoBuf$EffectOrBuilder                          : loaded 2 times (x 70B)
Class kotlin.reflect.jvm.internal.KCallableImpl$_absentArguments$1                    : loaded 2 times (x 79B)
Class org.jetbrains.kotlin.protobuf.BoundedByteString                                 : loaded 2 times (x 112B)
Class kotlin.collections.builders.ListBuilderKt                                       : loaded 2 times (x 71B)
Class org.jetbrains.kotlin.descriptors.DescriptorVisibilities$1                       : loaded 2 times (x 79B)
Class com.google.common.collect.FluentIterable$1                                      : loaded 2 times (x 81B)
Class com.google.common.base.Objects                                                  : loaded 2 times (x 71B)
Class org.jetbrains.kotlin.gradle.plugin.BuildFinishedListenerService$Companion$registerIfAbsent$1: loaded 2 times (x 74B)
Class com.google.common.collect.AbstractMapBasedMultimap$Itr                          : loaded 2 times (x 83B)
Class org.jetbrains.kotlin.gradle.plugin.diagnostics.ToolingDiagnosticRenderingOptions$Companion: loaded 2 times (x 71B)
Class org.jetbrains.kotlin.gradle.dsl.KotlinJvmCompilerOptionsHelper                  : loaded 2 times (x 71B)
Class org.jetbrains.kotlin.gradle.tasks.DefaultKotlinJavaToolchain$Companion$wireJvmTargetToToolchain$2: loaded 2 times (x 75B)
Class org.jetbrains.kotlin.gradle.plugin.ProjectLocalConfigurations$ProjectLocalDisambiguation: loaded 2 times (x 76B)
Class org.jetbrains.kotlin.gradle.plugin.KotlinGradleBuildServices$detectKotlinPluginLoadedInMultipleProjects$onRegister$1$1: loaded 2 times (x 75B)
Class org.jetbrains.kotlin.gradle.plugin.internal.ConfigurationCacheStartParameterAccessor$Factory: loaded 2 times (x 70B)
Class org.objectweb.asm.FieldVisitor                                                  : loaded 2 times (x 77B)
Class com.google.common.collect.IndexedImmutableSet                                   : loaded 2 times (x 150B)
Class com.google.common.collect.ImmutableMap$1                                        : loaded 2 times (x 81B)
Class org.gradle.api.internal.classpath.DefaultModuleRegistry$DefaultModule           : loaded 2 times (x 86B)
Class org.jetbrains.kotlin.metadata.jvm.deserialization.JvmNameResolverKt             : loaded 2 times (x 71B)
Class org.jetbrains.kotlin.descriptors.Visibilities$InvisibleFake                     : loaded 2 times (x 79B)
Class org.jetbrains.kotlin.protobuf.UninitializedMessageException                     : loaded 2 times (x 84B)
Class org.jetbrains.kotlin.metadata.ProtoBuf$TypeParameter$Variance                   : loaded 2 times (x 82B)
Class org.jetbrains.kotlin.metadata.ProtoBuf$Annotation$Argument$Value$1              : loaded 2 times (x 144B)
Class kotlin.reflect.jvm.internal.ClassValueCache                                     : loaded 2 times (x 74B)
Class org.jetbrains.kotlin.name.ClassId                                               : loaded 2 times (x 72B)
Class kotlin.ResultKt                                                                 : loaded 2 times (x 71B)
Class com.google.common.reflect.Reflection                                            : loaded 2 times (x 71B)
Class org.jetbrains.kotlin.buildtools.api.KotlinLogger                                : loaded 2 times (x 70B)
Class com.google.common.collect.FluentIterable$2                                      : loaded 2 times (x 81B)
Class com.google.common.base.Absent                                                   : loaded 2 times (x 80B)
Class com.google.common.collect.NullsFirstOrdering                                    : loaded 2 times (x 115B)
Class org.jetbrains.kotlin.gradle.plugin.diagnostics.CheckKotlinGradlePluginConfigurationErrors_Decorated: loaded 2 times (x 365B)
Class org.jetbrains.kotlin.gradle.plugin.mpp.compilationImpl.KotlinCompilationSourceSetInclusion$DefaultAddSourcesToCompileTask$addSources$1: loaded 2 times (x 79B)
Class org.jetbrains.kotlin.gradle.plugin.diagnostics.checkers.WasmSourceSetsNotFoundChecker$wasmSourceSetRegex$2: loaded 2 times (x 78B)
Class org.jetbrains.kotlin.tooling.core.ExtrasUtilsKt                                 : loaded 2 times (x 71B)
Class org.jetbrains.kotlin.buildtools.api.ExperimentalBuildToolsApi                   : loaded 2 times (x 70B)
Class org.jetbrains.kotlin.gradle.utils.ResourceUtilsKt                               : loaded 2 times (x 71B)
Class org.jetbrains.kotlin.gradle.plugin.KotlinPluginWrapperKt$kotlinPluginVersionFromResources$1: loaded 2 times (x 78B)
Class com.google.common.primitives.Ints                                               : loaded 2 times (x 71B)
Class com.google.common.collect.AbstractIterator                                      : loaded 2 times (x 82B)
Class org.jetbrains.kotlin.metadata.ProtoBuf$VersionRequirement$VersionKind           : loaded 2 times (x 82B)
Class [Lorg.jetbrains.kotlin.metadata.ProtoBuf$Effect$InvocationKind;                 : loaded 2 times (x 69B)
Class org.jetbrains.kotlin.metadata.jvm.JvmProtoBuf$StringTableTypes$Record$Operation$1: loaded 2 times (x 74B)
Class org.jetbrains.kotlin.util.ModuleVisibilityHelper                                : loaded 2 times (x 70B)
Class org.jetbrains.org.objectweb.asm.FieldVisitor                                    : loaded 2 times (x 77B)
Class com.google.common.collect.ListMultimap                                          : loaded 2 times (x 70B)
Class org.jetbrains.kotlin.serialization.deserialization.ProtoEnumFlagsUtilsKt        : loaded 2 times (x 71B)
Class kotlin.Deprecated                                                               : loaded 2 times (x 70B)
Class org.jetbrains.kotlin.metadata.ProtoBuf$Visibility$1                             : loaded 2 times (x 74B)
Class org.jetbrains.kotlin.metadata.deserialization.NameResolver                      : loaded 2 times (x 70B)
Class org.jetbrains.kotlin.protobuf.GeneratedMessageLite$ExtensionDescriptor          : loaded 2 times (x 84B)
Class org.jetbrains.kotlin.protobuf.InvalidProtocolBufferException                    : loaded 2 times (x 84B)
Class org.jetbrains.kotlin.descriptors.Named                                          : loaded 2 times (x 70B)
Class kotlin.Result$Failure                                                           : loaded 2 times (x 72B)
Class org.jetbrains.kotlin.gradle.plugin.sources.DefaultKotlinSourceSetFactory        : loaded 2 times (x 80B)
Class org.jetbrains.kotlin.gradle.plugin.diagnostics.ToolingDiagnostic                : loaded 2 times (x 72B)
Class com.google.common.collect.FluentIterable$3                                      : loaded 2 times (x 81B)
Class org.jetbrains.kotlin.gradle.tasks.UsesKotlinJavaToolchain$DefaultImpls          : loaded 2 times (x 71B)
Class org.jetbrains.kotlin.build.report.metrics.BuildAttributeKind$Companion          : loaded 2 times (x 71B)
Class org.jetbrains.kotlin.gradle.plugin.mpp.KotlinTargetSoftwareComponentImplKt$KotlinTargetSoftwareComponent$1$1$1: loaded 2 times (x 75B)
Class org.jetbrains.kotlin.gradle.tasks.configuration.KaptGenerateStubsConfig$Companion$configureLibraries$1: loaded 2 times (x 79B)
Class org.jetbrains.kotlin.gradle.plugin.mpp.compilationImpl.KotlinCompilationSourceSetInclusion$DefaultAddSourcesToCompileTask$addSources$2: loaded 2 times (x 79B)
Class org.jetbrains.kotlin.gradle.tasks.AbstractKotlinCompile                         : loaded 2 times (x 453B)
Class org.jetbrains.kotlin.gradle.plugin.KotlinCompilationOutput                      : loaded 2 times (x 70B)
Class org.jetbrains.kotlin.gradle.plugin.diagnostics.CheckKotlinGradlePluginConfigurationErrorsKt$addDependsOnFromTasksThatShouldFailWhenErrorsReported$1: loaded 2 times (x 75B)
Class org.jetbrains.kotlin.gradle.plugin.KotlinGradleBuildServices$Parameters$Inject  : loaded 2 times (x 106B)
Class org.jetbrains.kotlin.gradle.plugin.KotlinPluginWrapperKt$kotlinPluginVersionFromResources$1$1: loaded 2 times (x 71B)
Class com.google.common.collect.ArrayListMultimapGwtSerializationDependencies         : loaded 2 times (x 172B)
Class com.google.common.collect.ObjectArrays                                          : loaded 2 times (x 71B)
Class com.google.common.collect.AbstractIndexedListIterator                           : loaded 2 times (x 96B)
Class org.jetbrains.kotlin.protobuf.ByteString$ByteIterator                           : loaded 2 times (x 70B)
Class it.unimi.dsi.fastutil.objects.ObjectBidirectionalIterator                       : loaded 2 times (x 70B)
Class kotlin.reflect.jvm.internal.KotlinReflectionInternalError                       : loaded 2 times (x 82B)
Class org.jetbrains.kotlin.gradle.tasks.TasksProviderKt                               : loaded 2 times (x 71B)
Class com.google.common.collect.ImmutableRangeSet                                     : loaded 2 times (x 115B)
Class build_e6bds663fkaspxkzxxk86iys$_run_closure1                                    : loaded 2 times (x 139B)
Class org.apache.commons.io.output.NullOutputStream                                   : loaded 2 times (x 85B)
Class org.jetbrains.kotlin.tooling.core.Extras$Entry                                  : loaded 2 times (x 72B)
Class org.jetbrains.kotlin.gradle.plugin.sources.InternalKotlinSourceSetKt            : loaded 2 times (x 71B)
Class org.jetbrains.kotlin.gradle.internal.Kapt3GradleSubplugin$Kapt3SubpluginContext : loaded 2 times (x 72B)
Class org.jetbrains.kotlin.gradle.dsl.KotlinJvmCompilerOptionsDefault_Decorated       : loaded 2 times (x 168B)
Class org.jetbrains.kotlin.gradle.plugin.HasKotlinDependencies                        : loaded 2 times (x 70B)
Class org.jetbrains.kotlin.gradle.plugin.BuildEventsListenerRegistryHolder_Decorated  : loaded 2 times (x 119B)
Class org.jetbrains.kotlin.gradle.plugin.statistics.MetricContainer                   : loaded 2 times (x 72B)
Class org.jetbrains.kotlin.gradle.plugin.statistics.old.Pre232IdeaKotlinBuildStatsMXBean: loaded 2 times (x 70B)
Class org.jetbrains.kotlin.gradle.plugin.statistics.KotlinBuildStatsServicesRegistry  : loaded 2 times (x 78B)
Class org.jetbrains.kotlin.gradle.plugin.VariantImplementationFactoriesConfigurator   : loaded 2 times (x 76B)
Class com.google.common.collect.ImmutableMapEntrySet                                  : loaded 2 times (x 151B)
Class org.gradle.api.internal.classpath.Module                                        : loaded 2 times (x 70B)
Class kotlin.KotlinVersion                                                            : loaded 2 times (x 74B)
Class org.jetbrains.kotlin.metadata.deserialization.Flags$FlagField                   : loaded 2 times (x 73B)
Class it.unimi.dsi.fastutil.ints.IntOpenHashSet                                       : loaded 2 times (x 239B)
Class kotlin.reflect.jvm.internal.KClassifierImpl                                     : loaded 2 times (x 70B)
Class kotlin.reflect.KMutableProperty                                                 : loaded 2 times (x 70B)
Class org.jetbrains.kotlin.gradle.plugin.mpp.compilationImpl.DefaultKotlinCompilationConfigurationsContainer: loaded 2 times (x 85B)
Class kotlin.io.FileAlreadyExistsException                                            : loaded 2 times (x 82B)
Class build_6r4vjdbcx45vs6htb1y946fln$_run_closure1                                   : loaded 2 times (x 139B)
Class build_86y5fzoi7q9zsit5w9ov0vxfr                                                 : loaded 2 times (x 180B)
Class org.jetbrains.kotlin.gradle.tasks.KotlinCompile$ClasspathSnapshotProperties_Decorated: loaded 2 times (x 137B)
Class org.jetbrains.kotlin.gradle.plugin.mpp.compilationImpl.KotlinCompilationSourceSetInclusion$Companion$includedSourceSets$2: loaded 2 times (x 78B)
Class org.jetbrains.kotlin.gradle.targets.js.npm.NpmDirectoryDependencyWithExternalsExtension: loaded 2 times (x 70B)
Class org.jetbrains.kotlin.gradle.plugin.KotlinGradleFinishBuildHandler$Companion     : loaded 2 times (x 71B)
Class com.google.common.cache.Weigher                                                 : loaded 2 times (x 70B)
Class org.gradle.api.internal.classpath.UnknownModuleException                        : loaded 2 times (x 82B)
Class org.jetbrains.kotlin.metadata.ProtoBuf$TypeAliasOrBuilder                       : loaded 2 times (x 70B)
Class [Lorg.jetbrains.kotlin.metadata.ProtoBuf$Class$Kind;                            : loaded 2 times (x 69B)
Class kotlin.jvm.internal.PropertyReference                                           : loaded 2 times (x 115B)
Class org.jetbrains.kotlin.config.ApiVersion                                          : loaded 2 times (x 86B)
Class org.apache.commons.io.Charsets                                                  : loaded 2 times (x 71B)
Class org.jetbrains.kotlin.gradle.plugin.mpp.InternalKotlinTargetComponentKt          : loaded 2 times (x 71B)
Class org.jetbrains.kotlin.gradle.plugin.mpp.InternalKotlinTarget$DefaultImpls        : loaded 2 times (x 71B)
Class org.jetbrains.kotlin.gradle.plugin.KotlinPluginLifecycleImpl$executeCurrentStageAndScheduleNext$3: loaded 2 times (x 75B)
Class org.jetbrains.kotlin.gradle.plugin.mpp.compilationImpl.KotlinCompilationRegisterInSourceSetsConfigurator$configure$1: loaded 2 times (x 79B)
Class org.jetbrains.kotlin.gradle.targets.js.npm.NpmDependencyWithExternalsExtension  : loaded 2 times (x 70B)
Class org.jetbrains.kotlin.gradle.plugin.mpp.KotlinUsageContext                       : loaded 2 times (x 70B)
Class org.jetbrains.kotlin.gradle.plugin.KotlinTargetsContainer                       : loaded 2 times (x 70B)
Class org.jetbrains.kotlin.compilerRunner.GradleCliCommonizerKt                       : loaded 2 times (x 71B)
Class org.jetbrains.kotlin.gradle.utils.ConfigurationsKt                              : loaded 2 times (x 71B)
Class org.jetbrains.kotlin.gradle.plugin.StatisticsBuildFlowManager                   : loaded 2 times (x 72B)
Class org.jetbrains.kotlin.gradle.plugin.PluginWrappersKt                             : loaded 2 times (x 71B)
Class com.google.common.base.Stopwatch                                                : loaded 2 times (x 72B)
Class com.google.common.cache.LocalCache$Strength                                     : loaded 2 times (x 81B)
Class com.google.common.cache.Cache                                                   : loaded 2 times (x 70B)
Class org.jetbrains.kotlin.gradle.utils.CompatibilityKt                               : loaded 2 times (x 71B)
Class com.google.common.collect.AbstractIterator$1                                    : loaded 2 times (x 71B)
Class org.jetbrains.kotlin.protobuf.LiteralByteString                                 : loaded 2 times (x 112B)
Class org.jetbrains.kotlin.protobuf.LazyFieldLite                                     : loaded 2 times (x 82B)
Class org.apache.commons.io.output.StringBuilderWriter                                : loaded 2 times (x 100B)
Class [Lorg.apache.commons.io.StandardLineSeparator;                                  : loaded 2 times (x 69B)
Class build_e6bds663fkaspxkzxxk86iys                                                  : loaded 2 times (x 180B)
Class org.apache.commons.io.filefilter.IOFileFilter                                   : loaded 2 times (x 70B)
Class com.google.common.io.AppendableWriter                                           : loaded 2 times (x 100B)
Class org.jetbrains.kotlin.gradle.plugin.mpp.InternalKotlinTargetKt                   : loaded 2 times (x 71B)
Class org.jetbrains.kotlin.gradle.targets.js.dsl.KotlinTargetWithNodeJsDsl            : loaded 2 times (x 70B)
Class org.jetbrains.kotlin.gradle.plugin.sources.DefaultKotlinSourceSetKt$defaultSourceSetLanguageSettingsChecker$1: loaded 2 times (x 78B)
Class org.jetbrains.kotlin.gradle.plugin.sources.InternalKotlinSourceSet              : loaded 2 times (x 70B)
Class org.jetbrains.kotlin.gradle.utils.ObjectCollectionExtKt                         : loaded 2 times (x 71B)
Class org.jetbrains.kotlin.gradle.plugin.KotlinJvmPlugin                              : loaded 2 times (x 80B)
Class org.jetbrains.kotlin.statistics.BuildSessionLogger                              : loaded 2 times (x 77B)
Class org.jetbrains.kotlin.gradle.plugin.internal.ConfigurationCacheStartParameterAccessor: loaded 2 times (x 70B)
Class com.google.common.util.concurrent.AbstractFuture$Cancellation                   : loaded 2 times (x 72B)
Class com.google.common.collect.ImmutableMap$Builder                                  : loaded 2 times (x 82B)
Class org.jetbrains.org.objectweb.asm.MethodVisitor                                   : loaded 2 times (x 105B)
Class com.google.common.collect.LinkedHashMultimap                                    : loaded 2 times (x 175B)
Class com.google.common.collect.AbstractMapBasedMultimap$AsMap$AsMapIterator          : loaded 2 times (x 83B)
Class kotlin.reflect.jvm.internal.ReflectProperties$LazySoftVal                       : loaded 2 times (x 78B)
Class com.google.common.collect.CollectSpliterators$1WithCharacteristics              : loaded 2 times (x 90B)
Class kotlin.io.ByteStreamsKt                                                         : loaded 2 times (x 71B)
Class com.google.common.base.Present                                                  : loaded 2 times (x 81B)
Class com.google.common.collect.AbstractMapBasedMultimap$WrappedCollection$WrappedIterator: loaded 2 times (x 84B)
Class org.jetbrains.kotlin.gradle.utils.FutureKt$future$2$1                           : loaded 2 times (x 95B)
Class org.jetbrains.kotlin.gradle.plugin.internal.BuildIdService$Companion$registerIfAbsent$1$1: loaded 2 times (x 75B)
Class org.jetbrains.kotlin.gradle.targets.js.dsl.KotlinWasmTargetDsl                  : loaded 2 times (x 70B)
Class org.jetbrains.kotlin.gradle.plugin.diagnostics.checkers.DisabledCinteropCommonizationInHmppProjectChecker$runChecks$1: loaded 2 times (x 88B)
Class org.jetbrains.kotlin.gradle.plugin.sources.ConsistencyCheck                     : loaded 2 times (x 72B)
Class org.jetbrains.kotlin.gradle.plugin.sources.DefaultKotlinSourceSetKt$defaultSourceSetLanguageSettingsChecker$2: loaded 2 times (x 78B)
Class org.jetbrains.kotlin.gradle.dsl.KotlinCommonToolOptions                         : loaded 2 times (x 70B)
Class org.jetbrains.kotlin.gradle.plugin.AbstractKotlinPlugin                         : loaded 2 times (x 79B)
Class org.jetbrains.kotlin.gradle.tasks.DefaultKotlinJavaToolchain$Companion$wireJvmTargetToJvm$1: loaded 2 times (x 75B)
Class org.jetbrains.kotlin.gradle.dsl.KotlinMultiplatformExtension                    : loaded 2 times (x 701B)
Class com.google.common.cache.RemovalListener                                         : loaded 2 times (x 70B)
Class org.gradle.api.internal.DefaultClassPathRegistry                                : loaded 2 times (x 76B)
Class javax.inject.Inject                                                             : loaded 2 times (x 70B)
Class kotlin.coroutines.ContinuationInterceptor                                       : loaded 2 times (x 70B)
Class kotlin.reflect.jvm.internal.KPropertyImpl                                       : loaded 2 times (x 115B)
Class org.jetbrains.kotlin.metadata.ProtoBuf$Type$Argument$Projection$1               : loaded 2 times (x 74B)
Class org.jetbrains.kotlin.protobuf.SmallSortedMap$EmptySet$1                         : loaded 2 times (x 78B)
Class org.jetbrains.kotlin.protobuf.AbstractMessageLite$Builder$LimitedInputStream    : loaded 2 times (x 92B)
Class kotlin.jvm.internal.Reflection                                                  : loaded 2 times (x 71B)
Class kotlin.jvm.JvmClassMappingKt                                                    : loaded 2 times (x 71B)
Class kotlin.ranges.ClosedRange                                                       : loaded 2 times (x 70B)
Class kotlin.reflect.KProperty                                                        : loaded 2 times (x 70B)
Class org.jetbrains.kotlin.cli.common.messages.MessageCollector                       : loaded 2 times (x 70B)
Class build_4w0opqjumcyl7t7tbu7pbdhdj                                                 : loaded 2 times (x 180B)
Class org.apache.commons.io.file.DeleteOption                                         : loaded 2 times (x 70B)
Class com.google.common.reflect.Invokable$ConstructorInvokable                        : loaded 2 times (x 107B)
Class com.google.common.collect.ImmutableMultimap$Keys                                : loaded 2 times (x 166B)
Class org.jetbrains.kotlin.gradle.targets.js.npm.DefaultPeerNpmDependencyExtension$delegate$1: loaded 2 times (x 167B)
Class org.jetbrains.kotlin.gradle.targets.js.npm.NpmDependency                        : loaded 2 times (x 97B)
Class org.jetbrains.kotlin.gradle.targets.js.npm.DefaultNpmDependencyExtension        : loaded 2 times (x 152B)
Class org.jetbrains.kotlin.gradle.targets.js.npm.NpmDependency$Scope                  : loaded 2 times (x 79B)
Class org.jetbrains.kotlin.gradle.plugin.sources.FragmentConsistencyChecks$unstableFeaturesCheck$1: loaded 2 times (x 79B)
Class org.jetbrains.kotlin.gradle.plugin.sources.DefaultKotlinSourceSet               : loaded 2 times (x 141B)
Class org.jetbrains.kotlin.gradle.plugin.diagnostics.checkers.AndroidSourceSetLayoutV1SourceSetsNotFoundChecker: loaded 2 times (x 74B)
Class org.jetbrains.kotlin.gradle.plugin.VariantImplementationFactories$Parameters    : loaded 2 times (x 70B)
Class com.google.common.primitives.IntsMethodsForWeb                                  : loaded 2 times (x 71B)
Class org.gradle.api.internal.ClassPathRegistry                                       : loaded 2 times (x 70B)
Class org.gradle.internal.classpath.DefaultClassPath$ImmutableUniqueList              : loaded 2 times (x 199B)
Class org.jetbrains.kotlin.descriptors.Visibilities$Protected                         : loaded 2 times (x 79B)
Class kotlin.jvm.internal.TypeIntrinsics                                              : loaded 2 times (x 71B)
Class org.jetbrains.kotlin.metadata.jvm.JvmProtoBuf$JvmPropertySignature              : loaded 2 times (x 114B)
Class kotlin.collections.IntIterator                                                  : loaded 2 times (x 82B)
Class org.jetbrains.kotlin.metadata.ProtoBuf$ValueParameterOrBuilder                  : loaded 2 times (x 70B)
Class org.jetbrains.kotlin.protobuf.SmallSortedMap$EmptySet$2                         : loaded 2 times (x 78B)
Class org.jetbrains.kotlin.metadata.ProtoBuf$PackageOrBuilder                         : loaded 2 times (x 70B)
Class kotlin.reflect.jvm.internal.ComputableClassValue                                : loaded 2 times (x 80B)
Class kotlin.reflect.jvm.internal.CachesKt$K_CLASS_CACHE$1                            : loaded 2 times (x 78B)
Class build_253umxgfgmn4xyi60nm5rcol8$_run_closure1                                   : loaded 2 times (x 139B)
Class org.apache.commons.io.IOUtils                                                   : loaded 2 times (x 71B)
Class com.google.common.reflect.TypeToken                                             : loaded 2 times (x 73B)
Class com.google.common.collect.NullnessCasts                                         : loaded 2 times (x 71B)
Class com.google.common.collect.MapMakerInternalMap$Segment                           : loaded 2 times (x 142B)
Class com.google.common.base.ExtraObjectsMethodsForWeb                                : loaded 2 times (x 71B)
Class org.jetbrains.kotlin.gradle.plugin.KotlinCompilation$DefaultImpls               : loaded 2 times (x 71B)
Class org.jetbrains.kotlin.gradle.utils.ProviderApiUtilsKt$providerWithLazyConvention$1: loaded 2 times (x 74B)
Class org.jetbrains.kotlin.gradle.plugin.sources.FragmentConsistencyChecks$unstableFeaturesCheck$2: loaded 2 times (x 78B)
Class org.jetbrains.kotlin.gradle.plugin.KotlinPluginLifecycleImpl                    : loaded 2 times (x 80B)
Class org.jetbrains.kotlin.gradle.dsl.KotlinCommonCompilerOptionsDefault              : loaded 2 times (x 96B)
Class org.jetbrains.kotlin.gradle.dsl.KotlinCommonCompilerToolOptionsDefault          : loaded 2 times (x 84B)
Class org.jetbrains.kotlin.gradle.plugin.StatisticsBuildFlowManager_Decorated         : loaded 2 times (x 119B)
Class org.jetbrains.kotlin.gradle.report.BuildReportMode$Companion                    : loaded 2 times (x 71B)
Class org.jetbrains.kotlin.gradle.plugin.VariantImplementationFactories$VariantImplementationFactory: loaded 2 times (x 70B)
Class org.jetbrains.kotlin.metadata.ProtoBuf$EnumEntry                                : loaded 2 times (x 118B)
Class org.jetbrains.kotlin.load.kotlin.KotlinJvmBinaryClass$AnnotationArrayArgumentVisitor: loaded 2 times (x 70B)
Class it.unimi.dsi.fastutil.longs.LongCollection                                      : loaded 2 times (x 70B)
Class org.jetbrains.kotlin.descriptors.DescriptorVisibilities                         : loaded 2 times (x 71B)
Class org.jetbrains.kotlin.descriptors.DeclarationDescriptor                          : loaded 2 times (x 70B)
Class kotlin.text.StringsKt__StringsKt$splitToSequence$2                              : loaded 2 times (x 79B)
Class [Lorg.jetbrains.kotlin.descriptors.CallableMemberDescriptor$Kind;               : loaded 2 times (x 69B)
Class org.jetbrains.kotlin.metadata.jvm.deserialization.JvmMetadataVersion            : loaded 2 times (x 74B)
Class build_dqovjo6dgtpeawthztpfgaqjo$_run_closure1$_closure3                         : loaded 2 times (x 139B)
Class org.gradle.api.internal.classpath.EffectiveClassPath                            : loaded 2 times (x 90B)
Class org.jetbrains.kotlin.compilerRunner.CompilerSystemPropertiesService             : loaded 2 times (x 80B)
Class org.jetbrains.kotlin.gradle.plugin.mpp.compilationImpl.KotlinCompilationImpl$1  : loaded 2 times (x 79B)
Class org.jetbrains.kotlin.gradle.targets.js.npm.SemVer$Companion                     : loaded 2 times (x 71B)
Class org.jetbrains.kotlin.gradle.plugin.mpp.KotlinUsages$KotlinCinteropCompatibility : loaded 2 times (x 77B)
Class org.jetbrains.kotlin.gradle.dsl.ExplicitApiMode                                 : loaded 2 times (x 79B)
Class org.jetbrains.kotlin.gradle.plugin.VariantImplementationFactories$Companion     : loaded 2 times (x 71B)
Class org.jetbrains.kotlin.gradle.plugin.internal.CustomPropertiesFileValueSource$Parameters_Decorated: loaded 2 times (x 134B)
Class org.jetbrains.kotlin.gradle.dsl.KotlinTopLevelExtensionConfig                   : loaded 2 times (x 70B)
Class com.google.common.cache.CacheBuilder                                            : loaded 2 times (x 72B)
Class com.google.common.collect.SingletonImmutableList                                : loaded 2 times (x 207B)
Class org.gradle.internal.classpath.ClassPath                                         : loaded 2 times (x 70B)
Class org.gradle.api.UncheckedIOException                                             : loaded 2 times (x 82B)
Class [Lcom.google.common.collect.ImmutableMapEntry;                                  : loaded 2 times (x 69B)
Class it.unimi.dsi.fastutil.objects.Object2IntMap$FastEntrySet                        : loaded 2 times (x 70B)
Class org.jetbrains.kotlin.load.kotlin.FileBasedKotlinClass$1                         : loaded 2 times (x 88B)
Class kotlin.reflect.jvm.internal.KPackageImpl                                        : loaded 2 times (x 85B)
Class org.jetbrains.kotlin.metadata.deserialization.TypeTable                         : loaded 2 times (x 72B)
Class org.jetbrains.kotlin.tooling.core.TypeUtils                                     : loaded 2 times (x 71B)
Class org.jetbrains.kotlin.gradle.report.ConfigureReporingKt                          : loaded 2 times (x 71B)
Class kotlin.sequences.SequencesKt__SequencesKt$asSequence$$inlined$Sequence$1        : loaded 2 times (x 75B)
Class [Lcom.google.common.reflect.Types$JavaVersion;                                  : loaded 2 times (x 69B)
Class com.google.common.collect.Interners$InternerBuilder                             : loaded 2 times (x 76B)
Class org.jetbrains.kotlin.gradle.incremental.IncrementalModuleInfoProvider           : loaded 2 times (x 70B)
Class org.jetbrains.kotlin.gradle.plugin.mpp.compilationImpl.KotlinCompilationImpl$2  : loaded 2 times (x 79B)
Class org.jetbrains.kotlin.gradle.dsl.PlatformSourceSetConventionsChecker$runChecks$1 : loaded 2 times (x 88B)
Class org.jetbrains.kotlin.gradle.dsl.KotlinJvmCompilerOptionsDefault                 : loaded 2 times (x 106B)
Class org.jetbrains.kotlin.gradle.internal.UsesClassLoadersCachingBuildService        : loaded 2 times (x 70B)
Class com.google.common.collect.ImmutableList$ReverseImmutableList                    : loaded 2 times (x 208B)
Class org.jetbrains.kotlin.load.kotlin.FileBasedKotlinClass$2                         : loaded 2 times (x 88B)
Class kotlin.reflect.jvm.internal.KProperty1Impl$delegateSource$1                     : loaded 2 times (x 79B)
Class org.jetbrains.kotlin.metadata.ProtoBuf$Type$ArgumentOrBuilder                   : loaded 2 times (x 70B)
Class org.jetbrains.kotlin.protobuf.GeneratedMessageLite$GeneratedExtension           : loaded 2 times (x 79B)
Class [Lkotlin.reflect.KDeclarationContainer;                                         : loaded 2 times (x 69B)
Class org.jetbrains.kotlin.gradle.report.ReportingSettings$Companion                  : loaded 2 times (x 71B)
Class kotlin.jvm.internal.Lambda                                                      : loaded 2 times (x 75B)
Class it.unimi.dsi.fastutil.objects.ObjectIterable                                    : loaded 2 times (x 70B)
Class build_a4x7tvv1bvly0grvbfjty46yj                                                 : loaded 2 times (x 180B)
Class com.google.common.io.CharStreams$NullWriter                                     : loaded 2 times (x 99B)
Class com.google.common.io.CharSource$CharSequenceCharSource                          : loaded 2 times (x 86B)
Class org.jetbrains.kotlin.gradle.plugin.DefaultKotlinBasePlugin$addKotlinCompilerConfiguration$3$1: loaded 2 times (x 79B)
Class org.jetbrains.kotlin.gradle.tasks.AbstractKotlinCompile$defaultKotlinJavaToolchain$1: loaded 2 times (x 78B)
Class org.jetbrains.kotlin.daemon.common.MultiModuleICSettings                        : loaded 2 times (x 72B)
Class org.jetbrains.kotlin.cli.common.arguments.Freezable                             : loaded 2 times (x 72B)
Class org.jetbrains.kotlin.gradle.plugin.KotlinCompilationInfoKt                      : loaded 2 times (x 71B)
Class org.jetbrains.kotlin.gradle.tasks.KotlinCompile                                 : loaded 2 times (x 498B)
Class com.google.errorprone.annotations.DoNotMock                                     : loaded 2 times (x 70B)
Class org.jetbrains.kotlin.gradle.internal.StdlibDependencyManagementKt               : loaded 2 times (x 71B)
Class org.jetbrains.kotlin.gradle.utils.ObservableSet                                 : loaded 2 times (x 70B)
Class org.jetbrains.kotlin.gradle.plugin.diagnostics.KotlinToolingDiagnosticsCollectorKt: loaded 2 times (x 71B)
Class org.jetbrains.kotlin.gradle.plugin.mpp.HierarchyAttributeContainer              : loaded 2 times (x 83B)
Class org.jetbrains.kotlin.gradle.tasks.UsesKotlinJavaToolchain                       : loaded 2 times (x 70B)
Class org.jetbrains.kotlin.statistics.metrics.StringOverridePolicy$OVERRIDE           : loaded 2 times (x 85B)
Class org.objectweb.asm.SymbolTable$Entry                                             : loaded 2 times (x 74B)
Class com.google.common.util.concurrent.AbstractFuture$AtomicHelper                   : loaded 2 times (x 78B)
Class it.unimi.dsi.fastutil.objects.Object2IntOpenHashMap                             : loaded 2 times (x 247B)
Class org.jetbrains.kotlin.load.kotlin.FileBasedKotlinClass$3                         : loaded 2 times (x 78B)
Class org.jetbrains.kotlin.metadata.ProtoBuf$Property$1                               : loaded 2 times (x 144B)
Class org.jetbrains.kotlin.metadata.ProtoBuf$Type                                     : loaded 2 times (x 145B)
Class org.jetbrains.kotlin.metadata.ProtoBuf$Class                                    : loaded 2 times (x 180B)
Class build_17ueyoykc2pf06124y3fmo066                                                 : loaded 2 times (x 181B)
Class Native_plugin_loader_gradle                                                     : loaded 2 times (x 130B)
Class org.jetbrains.kotlin.statistics.metrics.IMetricContainer                        : loaded 2 times (x 70B)
Class org.jetbrains.kotlin.gradle.plugin.KotlinPlatformPluginBase                     : loaded 2 times (x 76B)
Class org.jetbrains.kotlin.gradle.plugin.mpp.KotlinTargetComponentWithCoordinatesAndPublication: loaded 2 times (x 70B)
Class org.jetbrains.kotlin.gradle.incremental.UsesIncrementalModuleInfoBuildService   : loaded 2 times (x 70B)
Class org.jetbrains.kotlin.gradle.dsl.PlatformSourceSetConventionsChecker$runChecks$3 : loaded 2 times (x 78B)
Class org.jetbrains.kotlin.gradle.utils.SingleAction                                  : loaded 2 times (x 73B)
Class org.jetbrains.kotlin.gradle.plugin.PropertiesProvider$Companion                 : loaded 2 times (x 71B)
Class org.objectweb.asm.Edge                                                          : loaded 2 times (x 72B)
Class com.google.common.base.Suppliers$SupplierOfInstance                             : loaded 2 times (x 79B)
Class com.google.common.collect.Iterators$1                                           : loaded 2 times (x 81B)
Class org.jetbrains.kotlin.load.kotlin.FileBasedKotlinClass$4                         : loaded 2 times (x 88B)
Class kotlin.properties.Delegates                                                     : loaded 2 times (x 71B)
Class kotlin.Metadata                                                                 : loaded 2 times (x 70B)
Class kotlin.collections.AbstractMutableSet                                           : loaded 2 times (x 142B)
Class org.jetbrains.kotlin.gradle.dsl.KotlinTargetContainerWithJsPresetFunctions      : loaded 2 times (x 70B)
Class org.jetbrains.kotlin.gradle.plugin.mpp.KotlinTargetComponentWithPublication     : loaded 2 times (x 70B)
Class [Lorg.jetbrains.kotlin.gradle.plugin.KotlinCompilation;                         : loaded 2 times (x 69B)
Class build_9441jjnsxxuccr2t0svmcpxuh$_run_closure1                                   : loaded 2 times (x 139B)
Class build_tndtuy5blcz7jklsrqhatf9v$_run_closure1                                    : loaded 2 times (x 139B)
Class com.google.common.reflect.TypeToken$1                                           : loaded 2 times (x 110B)
Class org.jetbrains.kotlin.gradle.tasks.KotlinCompile$defaultKotlinJavaToolchain$1    : loaded 2 times (x 79B)
Class org.jetbrains.kotlin.gradle.tasks.KotlinJavaToolchain$JavaToolchainSetter       : loaded 2 times (x 70B)
Class org.jetbrains.kotlin.gradle.plugin.diagnostics.UsesKotlinToolingDiagnostics     : loaded 2 times (x 70B)
Class org.jetbrains.kotlin.tooling.core.ExtrasPropertyKt$extrasLazyProperty$1         : loaded 2 times (x 94B)
Class org.jetbrains.kotlin.statistics.metrics.BooleanAnonymizationPolicy$SAFE         : loaded 2 times (x 85B)
Class com.google.common.cache.LocalCache$ComputingValueReference                      : loaded 2 times (x 96B)
Class org.jetbrains.kotlin.gradle.plugin.KotlinPluginLifecycleKt$await$1              : loaded 2 times (x 88B)
Class org.jetbrains.kotlin.metadata.ProtoBuf$Class$Kind                               : loaded 2 times (x 82B)
Class org.jetbrains.kotlin.metadata.jvm.JvmProtoBuf$JvmMethodSignatureOrBuilder       : loaded 2 times (x 70B)
Class org.jetbrains.kotlin.metadata.ProtoBuf$Annotation$Argument                      : loaded 2 times (x 108B)
Class org.jetbrains.kotlin.protobuf.GeneratedMessageLite$Builder                      : loaded 2 times (x 128B)
Class org.jetbrains.kotlin.protobuf.WireFormat$FieldType$1                            : loaded 2 times (x 83B)
Class org.jetbrains.kotlin.protobuf.ByteString                                        : loaded 2 times (x 108B)
Class kotlin.reflect.KProperty$Getter                                                 : loaded 2 times (x 70B)
Class kotlin.sequences.SequencesKt___SequencesKt$filterNotNull$1                      : loaded 2 times (x 78B)
Class build_6r4vjdbcx45vs6htb1y946fln                                                 : loaded 2 times (x 180B)
Class com.google.common.reflect.TypeToken$2                                           : loaded 2 times (x 110B)
Class org.jetbrains.kotlin.gradle.internal.KotlinDependenciesManagementKt$configureDefaultVersionsResolutionStrategy$1$1$1: loaded 2 times (x 75B)
Class org.jetbrains.kotlin.gradle.plugin.mpp.compilationImpl.DefaultKotlinCompilationSourceSetsContainer$allKotlinSourceSetsImpl$1$1: loaded 2 times (x 80B)
Class org.jetbrains.kotlin.gradle.plugin.mpp.compilationImpl.DefaultKotlinCompilationSourceSetsContainer: loaded 2 times (x 78B)
Class org.jetbrains.kotlin.gradle.plugin.KotlinPluginLifecycle$Stage$Companion        : loaded 2 times (x 71B)
Class org.jetbrains.kotlin.gradle.plugin.diagnostics.checkers.DeprecatedKotlinNativeTargetsChecker: loaded 2 times (x 74B)
Class org.jetbrains.kotlin.tooling.core.AbstractExtras                                : loaded 2 times (x 141B)
Class com.google.common.cache.LocalCache$Segment                                      : loaded 2 times (x 154B)
Class kotlin.reflect.jvm.internal.ReflectProperties                                   : loaded 2 times (x 71B)
Class org.jetbrains.kotlin.metadata.ProtoBuf$TypeParameter                            : loaded 2 times (x 130B)
Class org.jetbrains.kotlin.metadata.ProtoBuf$ValueParameter$1                         : loaded 2 times (x 144B)
Class [Lorg.jetbrains.kotlin.protobuf.WireFormat$FieldType;                           : loaded 2 times (x 69B)
Class org.jetbrains.kotlin.protobuf.WireFormat$FieldType$2                            : loaded 2 times (x 83B)
Class kotlin.SafePublicationLazyImpl                                                  : loaded 2 times (x 76B)
Class it.unimi.dsi.fastutil.objects.ObjectIterator                                    : loaded 2 times (x 70B)
Class org.jetbrains.kotlin.cli.jvm.compiler.KotlinCoreEnvironment                     : loaded 2 times (x 72B)
Class build_jegdqz7u1sq31mqxwd6dndmk                                                  : loaded 2 times (x 180B)
Class Native_plugin_loader_gradle$NativePluginLoader$Companion                        : loaded 2 times (x 71B)
Class org.jetbrains.kotlin.build.report.metrics.BuildTimes                            : loaded 2 times (x 72B)
Class org.jetbrains.kotlin.gradle.tasks.KotlinCompile$ClasspathSnapshotProperties     : loaded 2 times (x 75B)
Class org.jetbrains.kotlin.gradle.internal.StdlibDependencyManagementKt$addStdlibDependency$1$1: loaded 2 times (x 79B)
Class org.jetbrains.kotlin.gradle.tasks.configuration.BaseKotlinCompileConfig$2$1     : loaded 2 times (x 75B)
Class com.google.common.collect.SortedIterable                                        : loaded 2 times (x 70B)
Class org.jetbrains.kotlin.gradle.plugin.sources.DefaultKotlinSourceSet_Decorated     : loaded 2 times (x 192B)
Class org.jetbrains.kotlin.gradle.plugin.mpp.KotlinCompilationsKt                     : loaded 2 times (x 71B)
Class org.jetbrains.kotlin.gradle.utils.GradleUtilsKt$registerClassLoaderScopedBuildService$1: loaded 2 times (x 74B)
Class org.jetbrains.kotlin.statistics.metrics.StringOverridePolicy                    : loaded 2 times (x 85B)
Class [Lorg.objectweb.asm.SymbolTable$Entry;                                          : loaded 2 times (x 69B)
Class com.google.common.cache.CacheLoader                                             : loaded 2 times (x 74B)
Class com.google.common.collect.Iterators$4                                           : loaded 2 times (x 82B)
Class com.google.common.collect.ImmutableBiMap                                        : loaded 2 times (x 143B)
Class com.google.common.collect.AbstractListMultimap                                  : loaded 2 times (x 172B)
Class org.gradle.internal.installation.GradleInstallation$1                           : loaded 2 times (x 75B)
Class org.gradle.api.internal.classpath.ModuleRegistry                                : loaded 2 times (x 70B)
Class org.jetbrains.org.objectweb.asm.AnnotationVisitor                               : loaded 2 times (x 78B)
Class org.jetbrains.kotlin.protobuf.WireFormat$FieldType$3                            : loaded 2 times (x 83B)
Class org.jetbrains.kotlin.gradle.plugin.mpp.compilationImpl.KotlinCompilationLanguageSettingsConfigurator: loaded 2 times (x 74B)
Class org.jetbrains.kotlin.build.report.metrics.BuildPerformanceMetrics               : loaded 2 times (x 72B)
Class build_jegdqz7u1sq31mqxwd6dndmk$_run_closure1                                    : loaded 2 times (x 139B)
Class org.apache.commons.io.output.NullWriter                                         : loaded 2 times (x 99B)
Class org.jetbrains.kotlin.gradle.logging.GradleKotlinLogger                          : loaded 2 times (x 80B)
Class org.jetbrains.kotlin.gradle.plugin.KotlinPluginLifecycle$ProjectConfigurationResult: loaded 2 times (x 71B)
Class org.jetbrains.kotlin.gradle.internal.KotlinDependenciesManagementKt$configureDefaultVersionsResolutionStrategy$1: loaded 2 times (x 75B)
Class org.jetbrains.kotlin.gradle.model.builder.KotlinModelBuilder$Companion          : loaded 2 times (x 71B)
Class org.jetbrains.kotlin.gradle.plugin.mpp.KotlinUsages                             : loaded 2 times (x 71B)
Class [Lorg.jetbrains.kotlin.build.report.metrics.GradleBuildPerformanceMetric;       : loaded 2 times (x 69B)
Class com.google.common.util.concurrent.internal.InternalFutureFailureAccess          : loaded 2 times (x 72B)
Class com.google.common.collect.Iterators$5                                           : loaded 2 times (x 82B)
Class org.jetbrains.kotlin.metadata.ProtoBuf$VersionRequirement$Level                 : loaded 2 times (x 82B)
Class org.jetbrains.kotlin.metadata.ProtoBuf$VersionRequirementOrBuilder              : loaded 2 times (x 70B)
Class org.jetbrains.kotlin.load.kotlin.FileBasedKotlinClass$3$1                       : loaded 2 times (x 78B)
Class [Lorg.jetbrains.org.objectweb.asm.Type;                                         : loaded 2 times (x 69B)
Class org.jetbrains.kotlin.descriptors.Visibilities$Internal                          : loaded 2 times (x 79B)
Class org.jetbrains.kotlin.metadata.jvm.JvmProtoBuf$JvmMethodSignature$1              : loaded 2 times (x 144B)
Class [Lorg.jetbrains.kotlin.metadata.ProtoBuf$Annotation$Argument$Value$Type;        : loaded 2 times (x 69B)
Class org.jetbrains.kotlin.metadata.ProtoBuf$Contract$1                               : loaded 2 times (x 144B)
Class org.jetbrains.kotlin.metadata.ProtoBuf$Type$1                                   : loaded 2 times (x 144B)
Class org.jetbrains.kotlin.protobuf.WireFormat$FieldType$4                            : loaded 2 times (x 83B)
Class kotlin.reflect.jvm.internal.KDeclarationContainerImpl                           : loaded 2 times (x 84B)
Class org.jetbrains.kotlin.name.FqNameUnsafe                                          : loaded 2 times (x 72B)
Class kotlin.coroutines.intrinsics.IntrinsicsKt__IntrinsicsKt                         : loaded 2 times (x 71B)
Class com.google.common.collect.Ordering                                              : loaded 2 times (x 114B)
Class com.google.common.collect.ImmutableMultimap$Values                              : loaded 2 times (x 126B)
Class com.google.common.collect.ImmutableSortedAsList                                 : loaded 2 times (x 220B)
Class com.google.common.io.Closer$SuppressingSuppressor                               : loaded 2 times (x 75B)
Class org.jetbrains.kotlin.gradle.plugin.HasCompilerOptions                           : loaded 2 times (x 70B)
Class org.jetbrains.kotlin.gradle.plugin.mpp.compilationImpl.DefaultKotlinCompilationFriendPathsResolver$FriendArtifactResolver: loaded 2 times (x 70B)
Class org.jetbrains.kotlin.gradle.targets.js.ir.KotlinJsIrTarget                      : loaded 2 times (x 260B)
Class org.jetbrains.kotlin.gradle.plugin.mpp.DefaultKotlinUsageContext                : loaded 2 times (x 108B)
Class org.jetbrains.kotlin.gradle.plugin.KotlinPluginLifecycleImpl$start$3            : loaded 2 times (x 79B)
Class org.jetbrains.kotlin.gradle.plugin.KotlinMultiplatformPluginWrapper             : loaded 2 times (x 86B)
Class [Lorg.jetbrains.kotlin.statistics.metrics.BooleanMetrics;                       : loaded 2 times (x 69B)
Class com.google.common.util.concurrent.AbstractFuture$UnsafeAtomicHelper             : loaded 2 times (x 78B)
Class com.google.common.cache.LocalCache$LocalManualCache$1                           : loaded 2 times (x 75B)
Class kotlin.sequences.SequencesKt___SequencesKt$flatMap$2                            : loaded 2 times (x 125B)
Class org.jetbrains.kotlin.metadata.ProtoBuf$Expression                               : loaded 2 times (x 120B)
Class org.jetbrains.kotlin.metadata.ProtoBuf$Type$Argument$1                          : loaded 2 times (x 144B)
Class org.jetbrains.kotlin.metadata.deserialization.Flags$EnumLiteFlagField           : loaded 2 times (x 76B)
Class kotlin.reflect.jvm.internal.KProperty1Impl                                      : loaded 2 times (x 128B)
Class com.google.common.collect.Multimaps$CustomSetMultimap                           : loaded 2 times (x 178B)
Class com.google.common.collect.ImmutableSortedMap$1EntrySet                          : loaded 2 times (x 153B)
Class org.jetbrains.kotlin.gradle.plugin.mpp.compilationImpl.KotlinCompilationConfigurationsContainer: loaded 2 times (x 70B)
Class org.jetbrains.kotlin.gradle.internal.StdlibDependencyManagementKt$addStdlibDependency$1: loaded 2 times (x 75B)
Class [Lorg.jetbrains.kotlin.gradle.plugin.KotlinPluginLifecycle$CoroutineStart;      : loaded 2 times (x 69B)
Class org.jetbrains.kotlin.gradle.dsl.IosSourceSetConventionChecker                   : loaded 2 times (x 74B)
Class org.jetbrains.kotlin.gradle.plugin.diagnostics.KotlinGradleProjectChecker       : loaded 2 times (x 70B)
Class org.jetbrains.kotlin.gradle.dsl.KotlinMultiplatformSourceSetConventions         : loaded 2 times (x 70B)
Class org.jetbrains.kotlin.gradle.plugin.sources.KotlinSourceSetFactory$Companion     : loaded 2 times (x 71B)
Class org.jetbrains.kotlin.statistics.metrics.NumberOverridePolicy$SUM                : loaded 2 times (x 85B)
Class org.gradle.api.internal.classpath.DefaultModuleRegistry                         : loaded 2 times (x 83B)
Class org.jetbrains.org.objectweb.asm.ClassReader                                     : loaded 2 times (x 93B)
Class org.jetbrains.kotlin.load.kotlin.KotlinJvmBinaryClass$AnnotationVisitor         : loaded 2 times (x 70B)
Class com.google.common.collect.LinkedHashMultimap$ValueSetLink                       : loaded 2 times (x 70B)
Class org.jetbrains.kotlin.metadata.jvm.deserialization.JvmProtoBufUtil               : loaded 2 times (x 71B)
Class kotlin.KotlinVersionCurrentValue                                                : loaded 2 times (x 71B)
Class org.jetbrains.kotlin.metadata.deserialization.Flags$BooleanFlagField            : loaded 2 times (x 76B)
Class org.jetbrains.kotlin.metadata.ProtoBuf$Annotation$Argument$1                    : loaded 2 times (x 144B)
Class org.jetbrains.kotlin.metadata.ProtoBuf$Function$1                               : loaded 2 times (x 144B)
Class kotlin.collections.builders.MapBuilder$Itr                                      : loaded 2 times (x 72B)
Class org.jetbrains.kotlin.metadata.jvm.JvmProtoBuf$StringTableTypesOrBuilder         : loaded 2 times (x 70B)
Class org.gradle.internal.classloader.ClassLoaderVisitor                              : loaded 2 times (x 76B)
Class org.jetbrains.kotlin.statistics.metrics.StringAnonymizationPolicy               : loaded 2 times (x 78B)
Class org.jetbrains.kotlin.statistics.metrics.NumberAnonymizationPolicy               : loaded 2 times (x 85B)
Class org.jetbrains.kotlin.gradle.report.BuildMetricsService                          : loaded 2 times (x 86B)
Class org.jetbrains.kotlin.gradle.targets.js.npm.NpmDependencyExtensionKt             : loaded 2 times (x 71B)
Class org.jetbrains.kotlin.gradle.plugin.diagnostics.checkers.JsEnvironmentChecker    : loaded 2 times (x 76B)
Class build_253umxgfgmn4xyi60nm5rcol8                                                 : loaded 2 times (x 180B)
Class build_jegdqz7u1sq31mqxwd6dndmk$_run_closure1$_closure3                          : loaded 2 times (x 139B)
Class org.jetbrains.kotlin.gradle.plugin.mpp.compilationImpl.factory.CompositePostConfigure: loaded 2 times (x 75B)
Class com.google.common.util.concurrent.ListenableFuture                              : loaded 2 times (x 70B)
Class com.google.common.cache.ReferenceEntry                                          : loaded 2 times (x 70B)
Class [Lorg.jetbrains.kotlin.gradle.dsl.KotlinVersion;                                : loaded 2 times (x 69B)
Class kotlin.jvm.internal.markers.KMutableSet                                         : loaded 2 times (x 70B)
Class org.jetbrains.kotlin.gradle.plugin.diagnostics.ToolingDiagnosticRenderingOptions: loaded 2 times (x 72B)
Class org.jetbrains.kotlin.gradle.plugin.KotlinTargetWithTests                        : loaded 2 times (x 70B)
Class build_tndtuy5blcz7jklsrqhatf9v                                                  : loaded 2 times (x 180B)
Class org.jetbrains.kotlin.gradle.tasks.KotlinCompilerExecutionStrategy$Companion     : loaded 2 times (x 71B)
Class org.jetbrains.kotlin.gradle.plugin.CompilerPluginConfig                         : loaded 2 times (x 72B)
Class org.jetbrains.kotlin.gradle.model.builder.KotlinModelBuilder                    : loaded 2 times (x 76B)
Class [Lorg.jetbrains.kotlin.tooling.core.HasMutableExtras;                           : loaded 2 times (x 69B)
Class org.jetbrains.kotlin.gradle.plugin.mpp.KotlinAndroidTarget                      : loaded 2 times (x 165B)
Class org.jetbrains.kotlin.gradle.plugin.DefaultKotlinBasePlugin$addKotlinCompilerConfiguration$1: loaded 2 times (x 75B)
Class org.jetbrains.kotlin.gradle.plugin.internal.DefaultCompatibilityConventionRegistrar: loaded 2 times (x 74B)
Class org.jetbrains.kotlin.gradle.plugin.PropertiesProvider                           : loaded 2 times (x 72B)
Class com.google.common.util.concurrent.AbstractFuture                                : loaded 2 times (x 106B)
Class com.google.common.base.FunctionalEquivalence                                    : loaded 2 times (x 83B)
Class com.google.common.collect.Iterators$9                                           : loaded 2 times (x 81B)
Class org.jetbrains.kotlin.descriptors.Visibilities$Private                           : loaded 2 times (x 79B)
Class kotlin.reflect.jvm.internal.CachesKt$CACHE_FOR_NULLABLE_BASE_CLASSIFIERS$1      : loaded 2 times (x 78B)
Class kotlin.coroutines.CoroutineContext$Key                                          : loaded 2 times (x 70B)
Class org.jetbrains.kotlin.compilerRunner.CompilerSystemPropertiesService$Parameters_Decorated: loaded 2 times (x 134B)
Class com.google.common.reflect.TypeResolver$TypeTable                                : loaded 2 times (x 73B)
Class com.google.common.io.CharStreams                                                : loaded 2 times (x 71B)
Class com.google.common.collect.ImmutableMultiset                                     : loaded 2 times (x 163B)
Class [Lorg.jetbrains.kotlin.gradle.dsl.jvm.JvmTargetValidationMode;                  : loaded 2 times (x 69B)
Class org.jetbrains.kotlin.gradle.tasks.DefaultKotlinJavaToolchain$javaVersion$1      : loaded 2 times (x 74B)
Class org.jetbrains.kotlin.gradle.plugin.mpp.MppSourcesJarKt$sourcesJarTask$1         : loaded 2 times (x 95B)
Class org.jetbrains.kotlin.gradle.plugin.mpp.compilationImpl.factory.KotlinCompilationImplFactory$KotlinCompilationOutputFactory: loaded 2 times (x 70B)
Class org.jetbrains.kotlin.gradle.plugin.KotlinCompilationToRunnableFiles             : loaded 2 times (x 70B)
Class org.jetbrains.kotlin.gradle.tooling.BuildKotlinToolingMetadataTaskKt            : loaded 2 times (x 71B)
Class org.jetbrains.kotlin.gradle.plugin.ProjectLocalConfigurations$setupAttributesMatchingStrategy$1$1: loaded 2 times (x 74B)
Class org.jetbrains.kotlin.statistics.BuildSessionLogger$Companion                    : loaded 2 times (x 71B)
Class org.objectweb.asm.RecordComponentVisitor                                        : loaded 2 times (x 77B)
Class com.google.common.cache.CacheLoader$SupplierToCacheLoader                       : loaded 2 times (x 75B)
Class com.google.common.collect.ReverseNaturalOrdering                                : loaded 2 times (x 114B)
Class org.jetbrains.kotlin.metadata.ProtoBuf$VersionRequirement$VersionKind$1         : loaded 2 times (x 74B)
Class org.jetbrains.kotlin.metadata.ProtoBuf$Annotation$1                             : loaded 2 times (x 144B)
Class org.jetbrains.kotlin.protobuf.AbstractParser                                    : loaded 2 times (x 144B)
Class [Lkotlin.Pair;                                                                  : loaded 2 times (x 69B)
Class com.google.common.collect.ImmutableSortedMapFauxverideShim                      : loaded 2 times (x 120B)
Class com.google.common.io.ByteSource$ConcatenatedByteSource                          : loaded 2 times (x 85B)
Class [Lcom.google.common.collect.AbstractIterator$State;                             : loaded 2 times (x 69B)
Class org.jetbrains.kotlin.metadata.ProtoBuf$TypeParameter$Variance$1                 : loaded 2 times (x 74B)
Class com.google.common.reflect.TypeResolver$TypeTable$1                              : loaded 2 times (x 73B)
Class com.google.common.collect.UsingToStringOrdering                                 : loaded 2 times (x 114B)
Class org.jetbrains.kotlin.gradle.plugin.mpp.KotlinCompilationsKt$sam$java_util_concurrent_Callable$0: loaded 2 times (x 75B)
Class org.jetbrains.kotlin.gradle.tasks.KotlinCompilerPluginData                      : loaded 2 times (x 72B)
Class org.jetbrains.kotlin.gradle.targets.js.npm.SemverKt                             : loaded 2 times (x 71B)
Class org.jetbrains.kotlin.gradle.internal.StdlibDependencyManagementKt$isStdlibAddedByUser$1: loaded 2 times (x 79B)
Class org.jetbrains.kotlin.gradle.plugin.mpp.MppSourcesJarKt                          : loaded 2 times (x 71B)
Class org.jetbrains.kotlin.compilerRunner.CompilerSystemPropertiesService$Companion$registerIfAbsent$2$1$1: loaded 2 times (x 75B)
Class org.jetbrains.kotlin.gradle.plugin.KotlinCompilationInfo                        : loaded 2 times (x 88B)
Class org.jetbrains.kotlin.gradle.tasks.BaseKotlinCompile                             : loaded 2 times (x 70B)
Class org.jetbrains.kotlin.gradle.plugin.internal.UsesBuildIdProviderService          : loaded 2 times (x 70B)
Class org.jetbrains.kotlin.gradle.plugin.mpp.compilationImpl.KotlinCompilationSourceSetInclusion$include$1: loaded 2 times (x 79B)
Class org.jetbrains.kotlin.gradle.plugin.mpp.compilationImpl.factory.KotlinCompilationImplFactory$KotlinCompilationDependencyConfigurationsFactory: loaded 2 times (x 70B)
Class org.jetbrains.kotlin.gradle.plugin.KotlinPluginLifecycleCoroutineContextElement$Key: loaded 2 times (x 71B)
Class org.jetbrains.kotlin.gradle.internal.IdeaKt                                     : loaded 2 times (x 71B)
Class org.jetbrains.kotlin.tooling.core.ExtrasPropertyKt                              : loaded 2 times (x 71B)
Class org.jetbrains.kotlin.gradle.dsl.KotlinProjectExtensionKt                        : loaded 2 times (x 71B)
Class org.jetbrains.kotlin.gradle.plugin.KotlinGradleBuildServices$Parameters_Decorated: loaded 2 times (x 134B)
Class org.jetbrains.kotlin.gradle.plugin.DefaultKotlinBasePlugin$addKotlinCompilerConfiguration$3: loaded 2 times (x 75B)
Class [Lorg.jetbrains.kotlin.statistics.metrics.IMetricContainerFactory;              : loaded 2 times (x 69B)
Class org.gradle.internal.service.ServiceLookupException                              : loaded 2 times (x 82B)
Class org.jetbrains.kotlin.metadata.ProtoBuf$Expression$ConstantValue                 : loaded 2 times (x 82B)
Class kotlin.jvm.internal.MutablePropertyReference1Impl                               : loaded 2 times (x 137B)
Class [Lorg.jetbrains.kotlin.protobuf.Internal$EnumLite;                              : loaded 2 times (x 69B)
Class [Lkotlin.sequences.Sequence;                                                    : loaded 2 times (x 69B)
Class org.jetbrains.kotlin.cli.common.CompilerSystemProperties$value$2                : loaded 2 times (x 125B)
Class org.apache.commons.io.file.PathUtils                                            : loaded 2 times (x 71B)
Class build_7gx1eseyeunsveyp444jng6ms                                                 : loaded 2 times (x 180B)
Class com.google.common.io.Resources$UrlByteSource                                    : loaded 2 times (x 85B)
Class org.jetbrains.kotlin.gradle.tasks.GradleCompileTaskProvider_Decorated           : loaded 2 times (x 121B)
Class org.jetbrains.kotlin.gradle.internal.StdlibDependencyManagementKt$isStdlibAddedByUser$2: loaded 2 times (x 78B)
Class org.jetbrains.kotlin.gradle.plugin.hierarchy.KotlinSourceSetTreeClassifierKt$sourceSetTreeClassifier$2: loaded 2 times (x 78B)
Class com.google.common.collect.Lists$ReverseList                                     : loaded 2 times (x 200B)
Class com.google.common.collect.ImmutableSortedSet                                    : loaded 2 times (x 299B)
Class org.jetbrains.kotlin.gradle.targets.js.npm.NpmDirectoryDependencyExtension      : loaded 2 times (x 70B)
Class org.jetbrains.kotlin.gradle.plugin.mpp.KotlinUsageContext$MavenScope            : loaded 2 times (x 79B)
Class [Lcom.google.common.cache.LocalCache$EntryFactory;                              : loaded 2 times (x 69B)
Class org.gradle.internal.classloader.ClassLoaderFactory                              : loaded 2 times (x 70B)
Class build_1dyq12tqaknf8o57q3g81a0f8                                                 : loaded 2 times (x 180B)
Class build_8wd60cx3xu44x0oplhgyd65ci$_run_closure1                                   : loaded 2 times (x 139B)
Class org.apache.commons.io.CloseableURLConnection                                    : loaded 2 times (x 117B)
Class org.jetbrains.kotlin.gradle.tasks.DefaultKotlinJavaToolchain$currentJvmJdkToolsJar$1: loaded 2 times (x 74B)
Class org.jetbrains.kotlin.gradle.plugin.SubpluginEnvironment                         : loaded 2 times (x 72B)
Class org.jetbrains.kotlin.gradle.internal.StdlibDependencyManagementKt$addStdlibDependency$1$1$1: loaded 2 times (x 75B)
Class org.jetbrains.kotlin.gradle.plugin.sources.AbstractKotlinSourceSet              : loaded 2 times (x 141B)
Class org.jetbrains.kotlin.compilerRunner.GradleCliCommonizerKt$maybeCreateCommonizerClasspathConfiguration$1$1: loaded 2 times (x 75B)
Class [Lorg.jetbrains.kotlin.build.report.metrics.ValueType;                          : loaded 2 times (x 69B)
Class com.google.common.cache.LocalCache$LocalManualCache                             : loaded 2 times (x 99B)
Class org.gradle.internal.service.CachingServiceLocator                               : loaded 2 times (x 82B)
Class org.jetbrains.kotlin.load.kotlin.header.ReadKotlinClassHeaderAnnotationVisitor$KotlinMetadataArgumentVisitor$1: loaded 2 times (x 85B)
Class com.google.common.collect.LinkedHashMultimap$ValueEntry                         : loaded 2 times (x 89B)
Class org.jetbrains.kotlin.descriptors.Visibilities$Public                            : loaded 2 times (x 79B)
Class org.jetbrains.kotlin.protobuf.ExtensionRegistryLite$ObjectIntPair               : loaded 2 times (x 72B)
Class org.jetbrains.kotlin.metadata.ProtoBuf$Class$1                                  : loaded 2 times (x 144B)
Class kotlin.reflect.jvm.internal.CachesKt$CACHE_FOR_GENERIC_CLASSIFIERS$1            : loaded 2 times (x 78B)
Class kotlin.collections.AbstractList$IteratorImpl                                    : loaded 2 times (x 82B)
Class org.jetbrains.kotlin.cli.jvm.compiler.KotlinCoreEnvironment$Companion           : loaded 2 times (x 71B)
Class kotlin.KotlinVersion$Companion                                                  : loaded 2 times (x 71B)
Class org.jetbrains.kotlin.gradle.dsl.jvm.JvmTargetValidationMode                     : loaded 2 times (x 79B)
Class org.jetbrains.kotlin.gradle.plugin.BuildFinishedListenerService$Companion$registerIfAbsent$2$1: loaded 2 times (x 79B)
Class org.jetbrains.kotlin.gradle.plugin.KotlinTargetConfiguratorKt$WhenMappings      : loaded 2 times (x 71B)
Class com.google.common.collect.AbstractMapBasedMultimap$KeySet                       : loaded 2 times (x 137B)
Class com.google.common.collect.RegularImmutableSortedSet                             : loaded 2 times (x 299B)
Class org.jetbrains.kotlin.project.model.LanguageSettings                             : loaded 2 times (x 70B)
Class org.jetbrains.kotlin.gradle.plugin.BuildFinishFlowAction$Parameters_Decorated   : loaded 2 times (x 137B)
Class org.jetbrains.kotlin.gradle.plugin.internal.CompatibilityConventionRegistrar$Factory: loaded 2 times (x 70B)
Class org.jetbrains.kotlin.metadata.ProtoBuf$VersionRequirement$1                     : loaded 2 times (x 144B)
Class org.jetbrains.kotlin.metadata.jvm.JvmProtoBuf$StringTableTypes$Record$1         : loaded 2 times (x 144B)
Class org.jetbrains.kotlin.load.kotlin.header.ReadKotlinClassHeaderAnnotationVisitor$KotlinMetadataArgumentVisitor$2: loaded 2 times (x 85B)
Class kotlin.properties.ReadOnlyProperty                                              : loaded 2 times (x 70B)
Class kotlin.jvm.internal.markers.KMutableMap                                         : loaded 2 times (x 70B)
Class kotlin.ranges.IntRange                                                          : loaded 2 times (x 93B)
Class org.jetbrains.org.objectweb.asm.ClassVisitor                                    : loaded 2 times (x 88B)
Class org.jetbrains.kotlin.metadata.jvm.deserialization.JvmNameResolver               : loaded 2 times (x 80B)
Class [Lcom.google.common.collect.HashBiMap$BiEntry;                                  : loaded 2 times (x 69B)
Class com.google.common.reflect.Types$TypeVariableInvocationHandler                   : loaded 2 times (x 75B)
Class org.jetbrains.kotlin.gradle.plugin.mpp.KotlinMetadataTarget                     : loaded 2 times (x 167B)
Class com.google.common.collect.MapMakerInternalMap$InternalEntry                     : loaded 2 times (x 70B)
Class org.jetbrains.kotlin.gradle.plugin.diagnostics.CheckKotlinGradlePluginConfigurationErrorsKt$locateOrRegisterCheckKotlinGradlePluginErrorsTask$taskProvider$1$1: loaded 2 times (x 75B)
Class org.jetbrains.kotlin.gradle.plugin.mpp.InternalKotlinCompilation$DefaultImpls   : loaded 2 times (x 71B)
Class org.jetbrains.kotlin.gradle.plugin.mpp.compilationImpl.KotlinCompilationSourceSetInclusion$DefaultAddSourcesToCompileTask: loaded 2 times (x 74B)
Class [Lorg.jetbrains.kotlin.gradle.plugin.KotlinPluginLifecycle$Stage;               : loaded 2 times (x 69B)
Class org.jetbrains.kotlin.gradle.targets.metadata.KotlinMetadataTargetConfiguratorKt$metadataCompilationsCreated$2: loaded 2 times (x 78B)
Class org.jetbrains.kotlin.gradle.dsl.KotlinGradlePluginDsl                           : loaded 2 times (x 70B)
Class org.jetbrains.kotlin.tooling.core.MutableExtras                                 : loaded 2 times (x 70B)
Class org.jetbrains.kotlin.gradle.plugin.KotlinGradleBuildServices$detectKotlinPluginLoadedInMultipleProjects$onRegister$1: loaded 2 times (x 79B)
Class org.objectweb.asm.commons.InstructionAdapter                                    : loaded 2 times (x 188B)
Class com.google.common.collect.Iterators$10                                          : loaded 2 times (x 81B)
Class com.google.common.collect.ImmutableMapEntry                                     : loaded 2 times (x 85B)
Class org.jetbrains.org.objectweb.asm.Type                                            : loaded 2 times (x 72B)
Class org.jetbrains.kotlin.descriptors.CallableMemberDescriptor$Kind                  : loaded 2 times (x 79B)
Class org.jetbrains.kotlin.metadata.ProtoBuf$TypeParameterOrBuilder                   : loaded 2 times (x 70B)
Class org.jetbrains.kotlin.metadata.ProtoBuf$Property                                 : loaded 2 times (x 148B)
Class org.jetbrains.kotlin.name.FqName                                                : loaded 2 times (x 72B)
Class org.gradle.internal.classloader.DefaultClassLoaderFactory                       : loaded 2 times (x 82B)
Class com.google.common.base.Platform$JdkPatternCompiler                              : loaded 2 times (x 75B)
Class org.jetbrains.kotlin.build.report.metrics.DoNothingBuildMetricsReporter         : loaded 2 times (x 86B)
Class com.google.common.collect.ImmutableMultimap                                     : loaded 2 times (x 147B)
Class com.google.common.base.Predicates                                               : loaded 2 times (x 71B)
Class org.jetbrains.kotlin.gradle.tasks.CompileUsingKotlinDaemon                      : loaded 2 times (x 70B)
Class org.jetbrains.kotlin.gradle.plugin.mpp.KotlinWithJavaTarget                     : loaded 2 times (x 166B)
Class org.jetbrains.kotlin.gradle.dsl.KotlinSingleJavaTargetExtension                 : loaded 2 times (x 124B)
Class org.jetbrains.kotlin.gradle.plugin.KotlinPluginLifecycle$IllegalLifecycleException: loaded 2 times (x 82B)
Class org.jetbrains.kotlin.gradle.plugin.KotlinGradleFinishBuildHandler               : loaded 2 times (x 72B)
Class [Lorg.jetbrains.kotlin.build.report.metrics.BuildPerformanceMetric;             : loaded 2 times (x 69B)
Class org.jetbrains.kotlin.statistics.metrics.StringOverridePolicy$CONCAT             : loaded 2 times (x 85B)
Class org.jetbrains.kotlin.gradle.dsl.KotlinTopLevelExtension                         : loaded 2 times (x 70B)
Class com.google.common.base.Equivalence                                              : loaded 2 times (x 82B)
Class com.google.common.collect.ImmutableMapEntry$NonTerminalImmutableMapEntry        : loaded 2 times (x 85B)
Class org.jetbrains.kotlin.metadata.jvm.deserialization.UtfEncodingKt                 : loaded 2 times (x 71B)
Class org.jetbrains.kotlin.load.kotlin.header.ReadKotlinClassHeaderAnnotationVisitor$KotlinMetadataArgumentVisitor: loaded 2 times (x 86B)
Class kotlin.reflect.jvm.internal.KCallableImpl$_returnType$1                         : loaded 2 times (x 79B)
Class org.jetbrains.kotlin.metadata.jvm.JvmProtoBuf$JvmFieldSignature$1               : loaded 2 times (x 144B)
Class org.jetbrains.kotlin.metadata.jvm.JvmProtoBuf$JvmMethodSignature                : loaded 2 times (x 108B)
Class org.jetbrains.kotlin.metadata.ProtoBuf$TypeTable                                : loaded 2 times (x 109B)
Class org.jetbrains.kotlin.protobuf.MessageLiteOrBuilder                              : loaded 2 times (x 70B)
Class org.jetbrains.kotlin.name.ClassId$Companion                                     : loaded 2 times (x 71B)
Class kotlin.jvm.internal.markers.KMutableListIterator                                : loaded 2 times (x 70B)
Class com.google.common.base.Suppliers                                                : loaded 2 times (x 71B)
Class org.apache.commons.io.output.AbstractByteArrayOutputStream                      : loaded 2 times (x 102B)
Class com.google.common.collect.IndexedImmutableSet$1                                 : loaded 2 times (x 212B)
Class org.jetbrains.kotlin.gradle.plugin.ProjectLocalConfigurationsKt                 : loaded 2 times (x 71B)
Class org.jetbrains.kotlin.gradle.plugin.mpp.compilationImpl.factory.KotlinCompilationImplFactory: loaded 2 times (x 72B)
Class org.jetbrains.kotlin.gradle.internal.KotlinDomApiDependencyManagementKt$addKotlinDomApiDependency$1: loaded 2 times (x 75B)
Class org.jetbrains.kotlin.gradle.plugin.diagnostics.checkers.KotlinTargetAlreadyDeclaredChecker$runChecks$1: loaded 2 times (x 88B)
Class org.jetbrains.kotlin.gradle.plugin.mpp.KotlinTargetWithBinaries                 : loaded 2 times (x 163B)
Class [Lorg.jetbrains.kotlin.gradle.plugin.KotlinSourceSet;                           : loaded 2 times (x 69B)
Class org.jetbrains.kotlin.gradle.plugin.KotlinTargetsContainerWithPresets            : loaded 2 times (x 70B)
Class org.jetbrains.kotlin.statistics.metrics.IMetricContainerFactory                 : loaded 2 times (x 70B)
Class org.jetbrains.kotlin.statistics.MetricValueValidationFailed                     : loaded 2 times (x 82B)
Class org.jetbrains.kotlin.gradle.plugin.PropertiesProvider$localProperties$2         : loaded 2 times (x 79B)
Class com.google.common.cache.CacheBuilder$OneWeigher                                 : loaded 2 times (x 82B)
Class com.google.common.collect.RegularImmutableList                                  : loaded 2 times (x 212B)
Class org.jetbrains.kotlin.load.kotlin.FileBasedKotlinClass                           : loaded 2 times (x 88B)
Class org.jetbrains.kotlin.metadata.ProtoBuf$AnnotationOrBuilder                      : loaded 2 times (x 70B)
Class org.jetbrains.kotlin.protobuf.WireFormat$FieldType                              : loaded 2 times (x 83B)
Class kotlin.reflect.jvm.internal.KDeclarationContainerImpl$Companion                 : loaded 2 times (x 71B)
Class com.android.sdklib.AndroidVersion                                               : loaded 2 times (x 75B)
Class build_2sd8ex6etj9vtds3g5v8bmhk8$_run_closure1                                   : loaded 2 times (x 139B)
Class com.google.common.reflect.Types$ClassOwnership$1LocalClass                      : loaded 2 times (x 71B)
Class com.google.common.collect.ImmutableSortedMap                                    : loaded 2 times (x 217B)
Class org.jetbrains.kotlin.build.report.metrics.BuildMetricsReporterImpl              : loaded 2 times (x 98B)
Class org.jetbrains.kotlin.gradle.tasks.configuration.KaptGenerateStubsConfig         : loaded 2 times (x 72B)
Class org.jetbrains.kotlin.gradle.tasks.configuration.BaseKotlinCompileConfig$1$classpathConfiguration$jvmToolchain$1: loaded 2 times (x 74B)
Class org.jetbrains.kotlin.gradle.targets.js.npm.SemVer                               : loaded 2 times (x 75B)
Class org.jetbrains.kotlin.gradle.utils.WhenPluginEnabledKt$whenPluginsEnabled$1      : loaded 2 times (x 75B)
Class org.jetbrains.kotlin.gradle.tasks.AbstractKotlinCompileTool                     : loaded 2 times (x 366B)
Class [Lorg.jetbrains.kotlin.gradle.report.BuildReportType;                           : loaded 2 times (x 69B)
Class com.google.common.collect.ImmutableBiMapFauxverideShim                          : loaded 2 times (x 120B)
Class org.gradle.internal.classloader.ClasspathUtil                                   : loaded 2 times (x 71B)
Class org.jetbrains.kotlin.metadata.ProtoBuf$TypeAlias                                : loaded 2 times (x 137B)
Class org.jetbrains.kotlin.load.kotlin.KotlinJvmBinaryClass$AnnotationArgumentVisitor : loaded 2 times (x 70B)
Class org.jetbrains.kotlin.load.kotlin.header.KotlinClassHeader$Kind                  : loaded 2 times (x 79B)
Class [Lorg.jetbrains.kotlin.metadata.ProtoBuf$TypeParameter$Variance;                : loaded 2 times (x 69B)
Class org.jetbrains.kotlin.metadata.ProtoBuf$Constructor                              : loaded 2 times (x 124B)
Class kotlin.jvm.internal.PropertyReference0                                          : loaded 2 times (x 127B)
Class kotlin.sequences.EmptySequence                                                  : loaded 2 times (x 78B)
Class it.unimi.dsi.fastutil.Hash                                                      : loaded 2 times (x 70B)
Class kotlin.io.FileSystemException                                                   : loaded 2 times (x 82B)
Class build_c514hd8jyurfdyur8gneph0xe                                                 : loaded 2 times (x 180B)
Class org.jetbrains.kotlin.gradle.dsl.KotlinCommonCompilerOptionsExtensionsKt$usesK2$1: loaded 2 times (x 74B)
Class com.google.common.collect.ComparisonChain                                       : loaded 2 times (x 80B)
Class org.jetbrains.kotlin.gradle.dsl.KotlinCompile                                   : loaded 2 times (x 70B)
Class org.jetbrains.kotlin.gradle.plugin.mpp.compilationImpl.DefaultKotlinCompilationFriendPathsResolver$DefaultFriendArtifactResolver: loaded 2 times (x 74B)
Class org.jetbrains.kotlin.gradle.plugin.diagnostics.checkers.InternalGradlePropertiesUsageChecker$runChecks$1: loaded 2 times (x 88B)
Class org.jetbrains.kotlin.gradle.utils.StringUtilsKt$lowerCamelCaseName$1            : loaded 2 times (x 125B)
Class org.jetbrains.kotlin.gradle.dsl.JvmTarget$Companion                             : loaded 2 times (x 71B)
Class org.jetbrains.kotlin.gradle.plugin.internal.DefaultConfigurationCacheStartParameterAccessor: loaded 2 times (x 77B)
Class org.jetbrains.kotlin.tooling.core.HasExtras                                     : loaded 2 times (x 70B)
Class com.google.common.base.Charsets                                                 : loaded 2 times (x 71B)
Class com.google.common.util.concurrent.Uninterruptibles                              : loaded 2 times (x 71B)
Class org.jetbrains.kotlin.metadata.jvm.JvmProtoBuf$JvmMethodSignature$Builder        : loaded 2 times (x 134B)
Class kotlin.reflect.full.IllegalCallableAccessException                              : loaded 2 times (x 82B)
Class org.jetbrains.kotlin.metadata.jvm.JvmProtoBuf$JvmFieldSignatureOrBuilder        : loaded 2 times (x 70B)
Class org.jetbrains.kotlin.metadata.ProtoBuf$VersionRequirementTableOrBuilder         : loaded 2 times (x 70B)
Class org.jetbrains.kotlin.resolve.scopes.receivers.ReceiverValue                     : loaded 2 times (x 70B)
Class [Lcom.google.common.cache.CacheBuilder$OneWeigher;                              : loaded 2 times (x 69B)
Class kotlin.jvm.internal.PropertyReference1                                          : loaded 2 times (x 127B)
Class org.objectweb.asm.MethodTooLargeException                                       : loaded 2 times (x 83B)
Class [Lorg.jetbrains.kotlin.statistics.ValueAnonymizer;                              : loaded 2 times (x 69B)
Class build_c514hd8jyurfdyur8gneph0xe$_run_closure1                                   : loaded 2 times (x 139B)
Class com.google.common.collect.AbstractMapBasedMultimap$WrappedSet                   : loaded 2 times (x 142B)
Class org.jetbrains.kotlin.statistics.metrics.ConcatMetricContainer$Companion         : loaded 2 times (x 71B)
Class com.google.common.io.CharSource                                                 : loaded 2 times (x 85B)
Class org.jetbrains.kotlin.gradle.plugin.sources.DefaultLanguageSettingsBuilder$freeCompilerArgsProvider$1: loaded 2 times (x 95B)
Class org.jetbrains.kotlin.gradle.targets.js.npm.DevNpmDependencyExtension            : loaded 2 times (x 70B)
Class org.jetbrains.kotlin.gradle.plugin.diagnostics.checkers.PreHmppDependenciesUsageChecker: loaded 2 times (x 74B)
Class org.jetbrains.kotlin.gradle.plugin.AbstractKotlinMultiplatformPluginWrapper     : loaded 2 times (x 86B)
Class org.jetbrains.kotlin.gradle.utils.GradleConfigurationUtilsKt$addGradlePluginMetadataAttributes$1: loaded 2 times (x 75B)
Class org.jetbrains.kotlin.gradle.plugin.internal.DefaultProjectIsolationStartParameterAccessor: loaded 2 times (x 77B)
Class org.gradle.api.specs.Spec                                                       : loaded 2 times (x 70B)
Class org.jetbrains.kotlin.load.kotlin.header.KotlinClassHeader                       : loaded 2 times (x 72B)
Class org.jetbrains.kotlin.serialization.deserialization.ProtoEnumFlagsUtilsKt$WhenMappings: loaded 2 times (x 71B)
Class org.jetbrains.kotlin.descriptors.DelegatedDescriptorVisibility                  : loaded 2 times (x 79B)
Class kotlin.UnsafeLazyImpl                                                           : loaded 2 times (x 76B)
Class kotlin.jvm.internal.PropertyReference2                                          : loaded 2 times (x 127B)
Class kotlin.jvm.internal.MutablePropertyReference                                    : loaded 2 times (x 119B)
Class org.jetbrains.kotlin.name.Name                                                  : loaded 2 times (x 75B)
Class kotlin.LazyKt__LazyJVMKt$WhenMappings                                           : loaded 2 times (x 71B)
Class build_86y5fzoi7q9zsit5w9ov0vxfr$_run_closure1                                   : loaded 2 times (x 139B)
Class org.apache.commons.io.file.PathFilter                                           : loaded 2 times (x 70B)
Class com.google.common.reflect.Types$JavaVersion                                     : loaded 2 times (x 83B)
Class com.google.common.collect.MapMaker                                              : loaded 2 times (x 72B)
Class org.jetbrains.kotlin.gradle.tasks.KotlinCompile$disableMultiModuleIC$2          : loaded 2 times (x 79B)
Class org.jetbrains.kotlin.gradle.plugin.SubpluginEnvironment$Companion               : loaded 2 times (x 71B)
Class org.jetbrains.kotlin.gradle.tasks.configuration.BaseKotlinCompileConfig$Companion: loaded 2 times (x 71B)
Class org.jetbrains.kotlin.gradle.plugin.mpp.compilationImpl.KotlinCompilationImpl$Params: loaded 2 times (x 72B)
Class org.jetbrains.kotlin.gradle.dsl.KotlinJvmOptions$DefaultImpls                   : loaded 2 times (x 71B)
Class org.jetbrains.kotlin.gradle.tooling.BuildKotlinToolingMetadataTask              : loaded 2 times (x 317B)
Class org.jetbrains.kotlin.gradle.plugin.internal.CompatibilityConventionRegistrarKt  : loaded 2 times (x 71B)
Class org.jetbrains.kotlin.build.report.metrics.GradleBuildPerformanceMetric$Companion: loaded 2 times (x 71B)
Class [Lcom.google.common.collect.ImmutableEntry;                                     : loaded 2 times (x 69B)
Class kotlin.reflect.full.IllegalPropertyDelegateAccessException                      : loaded 2 times (x 82B)
Class org.jetbrains.kotlin.metadata.deserialization.Flags                             : loaded 2 times (x 71B)
Class org.jetbrains.kotlin.metadata.ProtoBuf$TypeTable$1                              : loaded 2 times (x 144B)
Class kotlin.LazyThreadSafetyMode                                                     : loaded 2 times (x 79B)
Class kotlin.jvm.internal.ArrayIterator                                               : loaded 2 times (x 79B)
Class it.unimi.dsi.fastutil.HashCommon                                                : loaded 2 times (x 71B)
Class org.jetbrains.kotlin.gradle.tasks.configuration.AbstractKotlinCompileConfig$1$1 : loaded 2 times (x 74B)
Class org.jetbrains.kotlin.gradle.tasks.KotlinCompile$kotlinOptions$1                 : loaded 2 times (x 79B)
Class org.jetbrains.kotlin.gradle.utils.StringUtilsKt                                 : loaded 2 times (x 71B)
Class org.jetbrains.kotlin.tooling.core.ExtrasLazyProperty                            : loaded 2 times (x 70B)
Class org.jetbrains.kotlin.gradle.utils.CompletableFuture                             : loaded 2 times (x 70B)
Class org.jetbrains.kotlin.build.report.metrics.BuildPerformanceMetric                : loaded 2 times (x 70B)
Class [Lorg.jetbrains.kotlin.statistics.metrics.StringOverridePolicy;                 : loaded 2 times (x 69B)
Class com.google.common.cache.LocalCache$LoadingValueReference                        : loaded 2 times (x 96B)
Class org.jetbrains.kotlin.gradle.plugin.KotlinGradleBuildServices                    : loaded 2 times (x 80B)
Class org.jetbrains.kotlin.metadata.ProtoBuf$Function                                 : loaded 2 times (x 149B)
Class kotlin.jvm.internal.SpreadBuilder                                               : loaded 2 times (x 76B)
Class org.jetbrains.kotlin.gradle.tasks.DefaultKotlinJavaToolchain                    : loaded 2 times (x 77B)
Class org.jetbrains.kotlin.gradle.tasks.DefaultKotlinJavaToolchain$Companion          : loaded 2 times (x 71B)
Class org.jetbrains.kotlin.gradle.plugin.sources.DefaultKotlinSourceSet$MetadataDependencyTransformation: loaded 2 times (x 72B)
Class com.google.common.reflect.Invokable$MethodInvokable                             : loaded 2 times (x 107B)
Class com.google.common.io.LineReader$1                                               : loaded 2 times (x 75B)
Class com.google.common.collect.CollectSpliterators                                   : loaded 2 times (x 71B)
Class com.google.common.collect.MapMakerInternalMap$StrongKeyDummyValueEntry          : loaded 2 times (x 82B)
Class org.jetbrains.kotlin.gradle.tasks.configuration.AbstractKotlinCompileConfig$getClasspathSnapshotDir$1: loaded 2 times (x 74B)
Class org.jetbrains.kotlin.gradle.tasks.configuration.AbstractKotlinCompileConfig$1$2 : loaded 2 times (x 74B)
Class org.jetbrains.kotlin.gradle.plugin.diagnostics.checkers.CommonMainOrTestWithDependsOnChecker: loaded 2 times (x 74B)
Class org.jetbrains.kotlin.gradle.plugin.KotlinTarget                                 : loaded 2 times (x 70B)
Class [Lorg.jetbrains.kotlin.statistics.metrics.BooleanAnonymizationPolicy;           : loaded 2 times (x 69B)
Class com.google.common.base.Platform                                                 : loaded 2 times (x 71B)
Class Build_gradle$1                                                                  : loaded 2 times (x 78B)
Class org.jetbrains.kotlin.metadata.ProtoBuf$Effect$InvocationKind                    : loaded 2 times (x 82B)
Class org.jetbrains.kotlin.load.kotlin.header.ReadKotlinClassHeaderAnnotationVisitor  : loaded 2 times (x 80B)
Class org.jetbrains.kotlin.metadata.ProtoBuf$VersionRequirementTable                  : loaded 2 times (x 107B)
Class org.jetbrains.kotlin.protobuf.LazyField                                         : loaded 2 times (x 83B)
Class kotlin.reflect.jvm.internal.CachesKt$K_PACKAGE_CACHE$1                          : loaded 2 times (x 78B)
Class org.jetbrains.kotlin.gradle.plugin.KotlinPluginLifecycle$ProjectConfigurationResult$Failure: loaded 2 times (x 72B)
Class com.google.common.collect.MapMakerInternalMap$Strength                          : loaded 2 times (x 80B)
Class com.google.common.collect.MapMakerInternalMap$StrongKeyDummyValueEntry$LinkedStrongKeyDummyValueEntry: loaded 2 times (x 82B)
Class build_5stk5yrr97f49kw8978vzz4ib$_run_closure1                                   : loaded 2 times (x 139B)
Class com.google.common.collect.AbstractMapBasedMultimap$WrappedList                  : loaded 2 times (x 205B)
Class com.google.common.collect.CompoundOrdering                                      : loaded 2 times (x 115B)
Class [Lorg.jetbrains.kotlin.build.report.metrics.BuildAttributeKind;                 : loaded 2 times (x 69B)
Class org.jetbrains.kotlin.gradle.tasks.K2MultiplatformStructure                      : loaded 2 times (x 74B)
Class org.jetbrains.kotlin.gradle.internal.KotlinDependenciesManagementKt$allNonProjectDependencies$1: loaded 2 times (x 74B)
Class org.jetbrains.kotlin.compilerRunner.CompilerSystemPropertiesService$Parameters  : loaded 2 times (x 70B)
Class org.jetbrains.kotlin.gradle.plugin.mpp.compilationImpl.KotlinCompilationSourceSetsContainer: loaded 2 times (x 70B)
Class org.jetbrains.kotlin.gradle.plugin.ProjectLocalConfigurations                   : loaded 2 times (x 71B)
Class org.jetbrains.kotlin.gradle.plugin.mpp.KotlinUsages$KotlinUsagesDisambiguation  : loaded 2 times (x 76B)
Class org.jetbrains.kotlin.tooling.core.Extras$Key$Companion                          : loaded 2 times (x 71B)
Class org.jetbrains.kotlin.tooling.core.Extras$Key                                    : loaded 2 times (x 72B)
Class [Lorg.objectweb.asm.AnnotationWriter;                                           : loaded 2 times (x 69B)
Class com.google.common.primitives.Ints$IntConverter                                  : loaded 2 times (x 90B)
Class org.jetbrains.kotlin.metadata.ProtoBuf$Expression$ConstantValue$1               : loaded 2 times (x 74B)
Class org.jetbrains.kotlin.descriptors.DescriptorVisibilities$10                      : loaded 2 times (x 76B)
Class kotlin.Triple                                                                   : loaded 2 times (x 72B)
Class org.jetbrains.kotlin.metadata.ProtoBuf$TypeParameter$1                          : loaded 2 times (x 144B)
Class kotlin.text.Regex                                                               : loaded 2 times (x 72B)
Class [Lkotlin.reflect.KClass;                                                        : loaded 2 times (x 69B)
Class org.jetbrains.kotlin.metadata.ProtoBuf$Effect$EffectType                        : loaded 2 times (x 82B)
Class com.google.common.collect.UnmodifiableListIterator                              : loaded 2 times (x 95B)
Class org.objectweb.asm.ClassVisitor                                                  : loaded 2 times (x 88B)
Class [Lorg.objectweb.asm.Symbol;                                                     : loaded 2 times (x 69B)
Class org.jetbrains.kotlin.gradle.tasks.configuration.AbstractKotlinCompileConfig$1$4 : loaded 2 times (x 75B)
Class com.google.common.collect.Lists$ReverseList$1                                   : loaded 2 times (x 99B)
Class com.google.common.collect.ImmutableRangeSet$Builder                             : loaded 2 times (x 77B)
Class [Lcom.google.common.collect.Iterators$EmptyModifiableIterator;                  : loaded 2 times (x 69B)
Class org.jetbrains.kotlin.gradle.plugin.diagnostics.CheckKotlinGradlePluginConfigurationErrors: loaded 2 times (x 317B)
Class org.jetbrains.kotlin.gradle.plugin.sources.DefaultKotlinSourceSetKt             : loaded 2 times (x 71B)
Class org.jetbrains.kotlin.gradle.dsl.KotlinJvmOptions                                : loaded 2 times (x 70B)
Class org.jetbrains.kotlin.gradle.plugin.mpp.HierarchyAttributeContainer$1            : loaded 2 times (x 78B)
Class org.jetbrains.kotlin.gradle.plugin.KotlinPluginLifecycle                        : loaded 2 times (x 70B)
Class org.jetbrains.kotlin.gradle.plugin.KotlinJsPluginWrapper                        : loaded 2 times (x 86B)
Class org.jetbrains.kotlin.gradle.dsl.ToolchainSupport                                : loaded 2 times (x 70B)
Class org.jetbrains.kotlin.tooling.core.Extras                                        : loaded 2 times (x 70B)
Class org.jetbrains.kotlin.gradle.plugin.mpp.InternalKotlinTarget                     : loaded 2 times (x 70B)
Class org.jetbrains.kotlin.statistics.metrics.NumberAnonymizationPolicy$RANDOM_10_PERCENT: loaded 2 times (x 85B)
Class org.jetbrains.kotlin.statistics.metrics.StringMetrics                           : loaded 2 times (x 80B)
Class com.google.common.cache.LocalCache$StrongValueReference                         : loaded 2 times (x 90B)
Class com.google.common.util.concurrent.AbstractFuture$SynchronizedHelper             : loaded 2 times (x 78B)
Class org.jetbrains.kotlin.gradle.dsl.KotlinProjectExtension                          : loaded 2 times (x 122B)
Class org.jetbrains.kotlin.descriptors.DescriptorVisibilities$11                      : loaded 2 times (x 76B)
Class kotlin.reflect.jvm.internal.KCallableImpl$parametersNeedMFVCFlattening$1        : loaded 2 times (x 79B)
Class kotlin.jvm.internal.Ref$ObjectRef                                               : loaded 2 times (x 72B)
Class org.jetbrains.kotlin.metadata.deserialization.BinaryVersion$Companion           : loaded 2 times (x 71B)
Class it.unimi.dsi.fastutil.ints.AbstractIntSet                                       : loaded 2 times (x 233B)
Class kotlin.jvm.internal.ReflectionFactory                                           : loaded 2 times (x 91B)
Class org.jetbrains.kotlin.gradle.plugin.VariantImplementationFactories$Companion$getProvider$1: loaded 2 times (x 75B)
Class org.jetbrains.kotlin.gradle.tasks.CompilerPluginOptions                         : loaded 2 times (x 72B)
Class org.jetbrains.kotlin.gradle.tasks.configuration.AbstractKotlinCompileConfig$1$5 : loaded 2 times (x 75B)
Class org.jetbrains.kotlin.gradle.plugin.mpp.KotlinTargetSoftwareComponentImpl        : loaded 2 times (x 90B)
Class org.jetbrains.kotlin.gradle.plugin.mpp.DefaultKotlinUsageContext$PublishOnlyIf  : loaded 2 times (x 70B)
Class org.jetbrains.kotlin.gradle.dsl.KotlinCommonCompilerOptionsHelper               : loaded 2 times (x 71B)
Class org.jetbrains.kotlin.gradle.plugin.KotlinJvmPlugin$Companion                    : loaded 2 times (x 71B)
Class org.objectweb.asm.Type                                                          : loaded 2 times (x 72B)
Class org.gradle.internal.classloader.VisitableURLClassLoader$InstrumentingVisitableURLClassLoader: loaded 2 times (x 123B)
Class org.jetbrains.kotlin.statistics.metrics.StringOverridePolicy$OVERRIDE_VERSION_IF_NOT_SET: loaded 2 times (x 85B)
Class org.jetbrains.kotlin.descriptors.DescriptorVisibilities$12                      : loaded 2 times (x 76B)
Class org.jetbrains.kotlin.metadata.ProtoBuf$ValueParameter                           : loaded 2 times (x 128B)
Class org.jetbrains.kotlin.metadata.ProtoBuf$ClassOrBuilder                           : loaded 2 times (x 70B)
Class kotlin.jvm.internal.ClassBasedDeclarationContainer                              : loaded 2 times (x 70B)
Class kotlin.coroutines.CoroutineContext$Element$DefaultImpls                         : loaded 2 times (x 71B)
Class kotlin.coroutines.Continuation                                                  : loaded 2 times (x 70B)
Class org.jetbrains.kotlin.gradle.plugin.KotlinTargetComponent                        : loaded 2 times (x 70B)
Class org.jetbrains.kotlin.gradle.dsl.KotlinCommonCompilerToolOptionsHelper           : loaded 2 times (x 71B)
Class org.jetbrains.kotlin.gradle.plugin.KotlinPluginLifecycleImpl$WhenMappings       : loaded 2 times (x 71B)
Class org.jetbrains.kotlin.gradle.plugin.diagnostics.checkers.DeprecatedKotlinNativeTargetsChecker$runChecks$1: loaded 2 times (x 88B)
Class kotlin.comparisons.ComparisonsKt__ComparisonsKt                                 : loaded 2 times (x 71B)
Class org.apache.commons.io.FileUtils                                                 : loaded 2 times (x 71B)
Class com.google.common.collect.MapMakerInternalMap$StrongKeyDummyValueEntry$Helper   : loaded 2 times (x 79B)
Class org.jetbrains.kotlin.gradle.tasks.configuration.AbstractKotlinCompileConfig$1$6 : loaded 2 times (x 75B)
Class [Lorg.jetbrains.kotlin.gradle.tasks.KotlinCompilerExecutionStrategy;            : loaded 2 times (x 69B)
Class org.jetbrains.kotlin.gradle.tasks.FailedCompilationException                    : loaded 2 times (x 82B)
Class org.jetbrains.kotlin.gradle.plugin.mpp.DefaultKotlinUsageContext$1              : loaded 2 times (x 74B)
Class org.jetbrains.kotlin.gradle.plugin.mpp.compilationImpl.KotlinCompilationImpl$associateWith$2: loaded 2 times (x 79B)
Class org.jetbrains.kotlin.gradle.plugin.hierarchy.KotlinSourceSetTreeClassifier      : loaded 2 times (x 70B)
Class org.jetbrains.kotlin.gradle.plugin.mpp.compilationImpl.KotlinCompilationAssociator: loaded 2 times (x 70B)
Class org.jetbrains.kotlin.gradle.plugin.mpp.KotlinNativeTarget                       : loaded 2 times (x 173B)
Class org.jetbrains.kotlin.gradle.plugin.diagnostics.checkers.KotlinSourceSetTreeDependsOnMismatchChecker$runChecks$1: loaded 2 times (x 88B)
Class org.jetbrains.kotlin.gradle.plugin.diagnostics.checkers.PreHmppDependenciesUsageChecker$runChecks$1: loaded 2 times (x 88B)
Class org.jetbrains.kotlin.gradle.plugin.KotlinSourceSetTree$Companion                : loaded 2 times (x 71B)
Class org.jetbrains.kotlin.gradle.plugin.diagnostics.KotlinGradleProjectChecker$Companion: loaded 2 times (x 71B)
Class org.jetbrains.kotlin.gradle.plugin.KotlinGradleBuildServices$Parameters         : loaded 2 times (x 70B)
Class org.jetbrains.kotlin.statistics.fileloggers.MetricsContainer$Companion          : loaded 2 times (x 71B)
Class org.objectweb.asm.ByteVector                                                    : loaded 2 times (x 79B)
Class [Lcom.google.common.cache.CacheBuilder$NullListener;                            : loaded 2 times (x 69B)
Class org.gradle.internal.classloader.VisitableURLClassLoader$Spec                    : loaded 2 times (x 74B)
Class org.gradle.internal.classpath.DefaultClassPath                                  : loaded 2 times (x 90B)
Class org.jetbrains.kotlin.metadata.ProtoBuf$TypeAlias$1                              : loaded 2 times (x 144B)
Class kotlin.reflect.jvm.internal.KMutableProperty1Impl$_setter$1                     : loaded 2 times (x 79B)
Class org.jetbrains.kotlin.metadata.ProtoBuf$Annotation$Argument$ValueOrBuilder       : loaded 2 times (x 70B)
Class it.unimi.dsi.fastutil.ints.IntArrays                                            : loaded 2 times (x 71B)
Class kotlin.Result$Companion                                                         : loaded 2 times (x 71B)
Class kotlin.coroutines.jvm.internal.BaseContinuationImpl                             : loaded 2 times (x 87B)
Class kotlin.text.CharsKt__CharJVMKt                                                  : loaded 2 times (x 71B)
Class it.unimi.dsi.fastutil.Hash$Strategy                                             : loaded 2 times (x 70B)
Class org.jetbrains.kotlin.gradle.plugin.KotlinPluginLifecycleImplKt                  : loaded 2 times (x 71B)
Class org.jetbrains.kotlin.gradle.targets.js.dsl.KotlinJsTargetDsl                    : loaded 2 times (x 70B)
Class kotlin.comparisons.ComparisonsKt                                                : loaded 2 times (x 71B)
Class kotlin.comparisons.ComparisonsKt___ComparisonsKt                                : loaded 2 times (x 71B)
Class org.jetbrains.kotlin.gradle.plugin.mpp.compilationImpl.factory.KotlinCompilationImplFactory$PreConfigure: loaded 2 times (x 70B)
Class com.google.common.reflect.Types$ClassOwnership                                  : loaded 2 times (x 80B)
Class com.google.common.collect.ImmutableSortedMap$1EntrySet$1                        : loaded 2 times (x 212B)
Class org.jetbrains.kotlin.gradle.plugin.mpp.KotlinSoftwareComponentKt                : loaded 2 times (x 71B)
Class org.jetbrains.kotlin.gradle.plugin.mpp.compilationImpl.KotlinCompilationSourceSetInclusion$AddSourcesToCompileTask: loaded 2 times (x 70B)
Class [Lorg.jetbrains.kotlin.gradle.plugin.HasProject;                                : loaded 2 times (x 69B)
Class org.jetbrains.kotlin.gradle.utils.MutableObservableSetImpl                      : loaded 2 times (x 163B)
Class org.jetbrains.kotlin.gradle.tasks.KotlinTasksProvider                           : loaded 2 times (x 72B)
Class org.jetbrains.kotlin.gradle.plugin.KotlinJsCompilerTypeHolder                   : loaded 2 times (x 70B)
Class org.jetbrains.kotlin.gradle.dsl.DefaultToolchainSupport$wireToolchainToTasks$1  : loaded 2 times (x 75B)
Class org.jetbrains.kotlin.gradle.dsl.KotlinCommonCompilerOptions                     : loaded 2 times (x 70B)
Class org.objectweb.asm.Symbol                                                        : loaded 2 times (x 73B)
Class org.jetbrains.kotlin.metadata.ProtoBuf$Effect$1                                 : loaded 2 times (x 144B)
Class org.jetbrains.kotlin.metadata.ProtoBuf$Visibility                               : loaded 2 times (x 82B)
Class org.jetbrains.kotlin.metadata.jvm.JvmProtoBuf                                   : loaded 2 times (x 71B)
Class org.jetbrains.kotlin.metadata.ProtoBuf$ConstructorOrBuilder                     : loaded 2 times (x 70B)
Class kotlin.reflect.KType                                                            : loaded 2 times (x 70B)
Class org.jetbrains.kotlin.gradle.tasks.configuration.AbstractKotlinCompileConfig$2   : loaded 2 times (x 79B)
Class org.jetbrains.kotlin.gradle.tasks.CacheableTasksKt$cacheOnlyIfEnabledForKotlin$1: loaded 2 times (x 75B)
Class org.jetbrains.kotlin.gradle.tasks.AbstractKotlinCompile$compilerRunner$1        : loaded 2 times (x 75B)
Class build_2sd8ex6etj9vtds3g5v8bmhk8                                                 : loaded 2 times (x 180B)
Class com.google.common.io.Java8Compatibility                                         : loaded 2 times (x 71B)
Class com.google.common.io.Closer                                                     : loaded 2 times (x 78B)
Class org.jetbrains.kotlin.build.report.metrics.BuildAttributes                       : loaded 2 times (x 72B)
Class org.jetbrains.kotlin.gradle.plugin.mpp.compilationImpl.KotlinCompilationImpl    : loaded 2 times (x 140B)
Class [Lorg.jetbrains.kotlin.gradle.plugin.mpp.compilationImpl.factory.KotlinCompilationImplFactory$PostConfigure;: loaded 2 times (x 69B)
Class org.jetbrains.kotlin.gradle.plugin.KotlinSourceSet$Companion                    : loaded 2 times (x 71B)
Class [Lorg.jetbrains.kotlin.gradle.report.BuildReportMode;                           : loaded 2 times (x 69B)
Class org.jetbrains.kotlin.statistics.metrics.BooleanOverridePolicy                   : loaded 2 times (x 85B)
Class com.google.common.collect.RegularImmutableMap$Values                            : loaded 2 times (x 207B)
Class org.gradle.internal.classloader.ClassLoaderSpec                                 : loaded 2 times (x 71B)
Class kotlin.reflect.jvm.internal.ReflectProperties$Val$1                             : loaded 2 times (x 71B)
Class org.jetbrains.kotlin.protobuf.SmallSortedMap                                    : loaded 2 times (x 130B)
Class org.jetbrains.kotlin.descriptors.DeclarationDescriptorWithVisibility            : loaded 2 times (x 70B)
Class com.google.common.collect.TransformedListIterator                               : loaded 2 times (x 93B)
Class kotlin.text.DelimitedRangesSequence                                             : loaded 2 times (x 75B)
Class com.google.common.reflect.TypeCapture                                           : loaded 2 times (x 71B)
Class build_17ueyoykc2pf06124y3fmo066$_run_closure1                                   : loaded 2 times (x 139B)
Class com.google.common.io.ByteSource$EmptyByteSource                                 : loaded 2 times (x 85B)
Class org.jetbrains.kotlin.gradle.tasks.DefaultKotlinJavaToolchain$DefaultJavaToolchainSetter: loaded 2 times (x 75B)
Class org.jetbrains.kotlin.build.report.metrics.BuildAttributeKind                    : loaded 2 times (x 79B)
Class org.jetbrains.kotlin.gradle.plugin.mpp.KotlinCompilationsKt$moduleNameForCompilation$1: loaded 2 times (x 75B)
Class org.jetbrains.kotlin.gradle.plugin.sources.KotlinDependencyScopeKt              : loaded 2 times (x 71B)
Class org.jetbrains.kotlin.compilerRunner.CompilerSystemPropertiesService$Companion$registerIfAbsent$2$1: loaded 2 times (x 79B)
Class org.jetbrains.kotlin.gradle.plugin.mpp.KotlinCompilationsKt$addSourcesToKotlinCompileTask$1: loaded 2 times (x 75B)
Class org.jetbrains.kotlin.gradle.internal.KotlinDependenciesManagementKt$configureDefaultVersionsResolutionStrategy$1$1: loaded 2 times (x 75B)
Class org.jetbrains.kotlin.gradle.plugin.diagnostics.CheckKotlinGradlePluginConfigurationErrorsKt$locateOrRegisterCheckKotlinGradlePluginErrorsTask$taskProvider$1: loaded 2 times (x 75B)
Class org.jetbrains.kotlin.gradle.tooling.BuildKotlinToolingMetadataTaskKt$buildKotlinToolingMetadataTask$1: loaded 2 times (x 78B)
Class org.jetbrains.kotlin.gradle.internal.Kapt3GradleSubplugin$Companion             : loaded 2 times (x 71B)
Class [Lorg.jetbrains.kotlin.statistics.metrics.NumberOverridePolicy;                 : loaded 2 times (x 69B)
Class org.objectweb.asm.AnnotationWriter                                              : loaded 2 times (x 79B)
Class com.google.common.cache.CacheStats                                              : loaded 2 times (x 71B)
Class com.google.common.cache.LocalCache$Values                                       : loaded 2 times (x 118B)
Class org.jetbrains.kotlin.load.kotlin.header.KotlinClassHeader$Kind$Companion        : loaded 2 times (x 71B)
Class org.jetbrains.kotlin.protobuf.SmallSortedMap$EmptySet                           : loaded 2 times (x 71B)
Class org.jetbrains.kotlin.protobuf.MessageLite                                       : loaded 2 times (x 70B)
Class kotlin.jvm.internal.markers.KMutableIterable                                    : loaded 2 times (x 70B)
Class it.unimi.dsi.fastutil.objects.ReferenceSet                                      : loaded 2 times (x 70B)
Class kotlin.sequences.TransformingSequence                                           : loaded 2 times (x 75B)
Class kotlin.collections.builders.ListBuilder$Itr                                     : loaded 2 times (x 94B)
Class org.jetbrains.kotlin.protobuf.ByteString$Output                                 : loaded 2 times (x 86B)
Class build_dqovjo6dgtpeawthztpfgaqjo$_run_closure1                                   : loaded 2 times (x 139B)
Class com.google.common.collect.ImmutableMultisetGwtSerializationDependencies         : loaded 2 times (x 125B)
Class [Lcom.google.common.base.Predicate;                                             : loaded 2 times (x 69B)
Class com.google.common.collect.Interners                                             : loaded 2 times (x 71B)
Class com.google.common.io.Closer$Suppressor                                          : loaded 2 times (x 70B)
Class org.jetbrains.kotlin.gradle.tasks.K2MultiplatformStructure$RefinesEdge          : loaded 2 times (x 72B)
Class org.jetbrains.kotlin.gradle.tasks.configuration.TaskConfigAction$configureTask$1: loaded 2 times (x 79B)
Class org.jetbrains.kotlin.gradle.plugin.diagnostics.checkers.DuplicateSourceSetChecker$runChecks$1: loaded 2 times (x 88B)
Class org.jetbrains.kotlin.gradle.dsl.JvmTarget                                       : loaded 2 times (x 79B)
Class org.jetbrains.kotlin.gradle.internal.ClassLoadersCachingBuildService            : loaded 2 times (x 76B)
Class org.jetbrains.kotlin.gradle.plugin.VariantImplementationFactories$Inject        : loaded 2 times (x 106B)
Class org.jetbrains.kotlin.gradle.plugin.VariantImplementationFactoriesConfigurator$Companion: loaded 2 times (x 71B)
Class org.objectweb.asm.RecordComponentWriter                                         : loaded 2 times (x 78B)
Class com.google.common.util.concurrent.AbstractFuture$Listener                       : loaded 2 times (x 72B)
Class org.jetbrains.kotlin.cli.common.ModuleVisibilityHelperImpl                      : loaded 2 times (x 74B)
Class com.android.utils.FileUtils                                                     : loaded 2 times (x 71B)
Class [Lorg.objectweb.asm.Label;                                                      : loaded 2 times (x 69B)
Class com.google.common.collect.ForwardingSet                                         : loaded 2 times (x 151B)
Class org.jetbrains.kotlin.gradle.tasks.KotlinCompile_Decorated                       : loaded 2 times (x 599B)
Class org.jetbrains.kotlin.gradle.plugin.internal.BuildIdService$Companion            : loaded 2 times (x 71B)
Class org.jetbrains.kotlin.gradle.targets.js.dsl.KotlinWasmSubTargetContainerDsl      : loaded 2 times (x 70B)
Class org.jetbrains.kotlin.gradle.plugin.diagnostics.checkers.DisabledCinteropCommonizationInHmppProjectChecker: loaded 2 times (x 74B)
Class org.jetbrains.kotlin.gradle.plugin.diagnostics.checkers.NoKotlinTargetsDeclaredChecker: loaded 2 times (x 74B)
Class org.jetbrains.kotlin.gradle.plugin.KotlinSourceSetContainer                     : loaded 2 times (x 70B)
Class org.objectweb.asm.Attribute                                                     : loaded 2 times (x 77B)
Class com.google.common.base.Supplier                                                 : loaded 2 times (x 70B)
Class org.gradle.internal.classloader.VisitableURLClassLoader                         : loaded 2 times (x 117B)
Class it.unimi.dsi.fastutil.objects.Object2IntMap                                     : loaded 2 times (x 70B)
Class [Lkotlin.DeprecationLevel;                                                      : loaded 2 times (x 69B)
Class kotlin.sequences.GeneratorSequence                                              : loaded 2 times (x 75B)
Class kotlin.reflect.jvm.internal.KClassImpl                                          : loaded 2 times (x 115B)
Class kotlin.sequences.FlatteningSequence$iterator$1                                  : loaded 2 times (x 79B)
Class com.google.common.collect.ImmutableMap$MapViewOfValuesAsSingletonSets           : loaded 2 times (x 125B)
Class com.google.common.collect.RegularImmutableMap                                   : loaded 2 times (x 121B)
Class build_1dyq12tqaknf8o57q3g81a0f8$_run_closure1                                   : loaded 2 times (x 140B)
Class com.google.common.io.CharSource$AsByteSource                                    : loaded 2 times (x 85B)
Class com.google.common.collect.ImmutableList$SerializedForm                          : loaded 2 times (x 73B)
Class org.jetbrains.kotlin.gradle.plugin.sources.InternalKotlinSourceSetKt$awaitPlatformCompilations$1: loaded 2 times (x 88B)
Class [Lorg.jetbrains.kotlin.gradle.plugin.sources.KotlinDependencyScope;             : loaded 2 times (x 69B)
Class org.jetbrains.kotlin.gradle.plugin.mpp.compilationImpl.factory.ConfigurationNaming: loaded 2 times (x 70B)
Class org.jetbrains.kotlin.gradle.plugin.mpp.compilationImpl.DefaultKotlinCompilationPostConfigureKt: loaded 2 times (x 71B)
Class org.jetbrains.kotlin.gradle.plugin.diagnostics.KotlinGradleProjectCheckersRunnerKt: loaded 2 times (x 71B)
Class [Lorg.jetbrains.kotlin.tooling.core.HasExtras;                                  : loaded 2 times (x 69B)
Class org.jetbrains.kotlin.gradle.dsl.DefaultToolchainSupport$wireToolchainToTasks$1$1: loaded 2 times (x 75B)
Class org.jetbrains.kotlin.gradle.utils.SingleActionPerProject                        : loaded 2 times (x 73B)
Class com.google.common.util.concurrent.AbstractFuture$Waiter                         : loaded 2 times (x 72B)
Class org.jetbrains.kotlin.gradle.plugin.DefaultKotlinBasePlugin                      : loaded 2 times (x 82B)
Class org.gradle.internal.Cast                                                        : loaded 2 times (x 71B)
Class org.gradle.api.Action                                                           : loaded 2 times (x 70B)
Class [Lorg.jetbrains.kotlin.metadata.ProtoBuf$VersionRequirement$VersionKind;        : loaded 2 times (x 69B)
Class kotlin.properties.ReadWriteProperty                                             : loaded 2 times (x 70B)
Class org.jetbrains.kotlin.protobuf.CodedOutputStream                                 : loaded 2 times (x 72B)
Class org.jetbrains.kotlin.metadata.ProtoBuf$Annotation                               : loaded 2 times (x 109B)
Class kotlin.collections.AbstractMutableList                                          : loaded 2 times (x 206B)
Class org.jetbrains.kotlin.gradle.plugin.mpp.KotlinUsages$KotlinMetadataDisambiguation: loaded 2 times (x 76B)
Class org.jetbrains.kotlin.gradle.plugin.mpp.compilationImpl.KotlinCompilationFriendPathsResolver: loaded 2 times (x 70B)
Class org.jetbrains.kotlin.cli.common.messages.GradleStyleMessageRenderer             : loaded 2 times (x 78B)
Class org.jetbrains.kotlin.gradle.tasks.configuration.AbstractKotlinCompileConfig$1   : loaded 2 times (x 79B)
Class com.google.common.collect.HashBiMap                                             : loaded 2 times (x 143B)
Class com.google.common.io.Resources                                                  : loaded 2 times (x 71B)
Class com.google.common.collect.MapMakerInternalMap                                   : loaded 2 times (x 161B)
Class [Lorg.jetbrains.kotlin.gradle.plugin.mpp.KotlinUsageContext$MavenScope;         : loaded 2 times (x 69B)
Class org.jetbrains.kotlin.gradle.plugin.mpp.compilationImpl.KotlinCompilationCompilerOptionsFromTargetConfigurator: loaded 2 times (x 74B)
Class org.jetbrains.kotlin.gradle.utils.FailuresKt$ideaSyncClasspathModeUtil$1        : loaded 2 times (x 72B)
Class org.jetbrains.kotlin.gradle.plugin.diagnostics.KotlinToolingDiagnosticsCollector$Inject: loaded 2 times (x 96B)
Class org.jetbrains.kotlin.gradle.dsl.KotlinTargetContainerWithWasmPresetFunctions    : loaded 2 times (x 70B)
Class org.jetbrains.kotlin.gradle.plugin.GradleUtilsKt                                : loaded 2 times (x 71B)
Class org.objectweb.asm.Handler                                                       : loaded 2 times (x 72B)
Class com.google.common.base.Ticker                                                   : loaded 2 times (x 72B)
Class com.google.common.base.Strings                                                  : loaded 2 times (x 71B)
Class org.gradle.internal.agents.InstrumentingClassLoader                             : loaded 2 times (x 70B)
Class [Lorg.jetbrains.kotlin.metadata.jvm.JvmProtoBuf$StringTableTypes$Record$Operation;: loaded 2 times (x 69B)
Class [Lorg.jetbrains.kotlin.load.kotlin.header.KotlinClassHeader$Kind;               : loaded 2 times (x 69B)
Class kotlin.reflect.jvm.internal.KCallableImpl$_typeParameters$1                     : loaded 2 times (x 79B)
Class kotlin.jvm.internal.markers.KMutableIterator                                    : loaded 2 times (x 70B)
Class com.android.SdkConstants                                                        : loaded 2 times (x 71B)
Class org.jetbrains.kotlin.gradle.plugin.sources.KotlinDependencyScope                : loaded 2 times (x 79B)
Class kotlin.KotlinNothingValueException                                              : loaded 2 times (x 82B)
Class org.jetbrains.kotlin.gradle.plugin.mpp.KotlinMetadataCompilation                : loaded 2 times (x 70B)
Class org.jetbrains.kotlin.gradle.utils.FutureKt$future$1                             : loaded 2 times (x 95B)
Class com.google.common.collect.ImmutableSortedSet$Builder                            : loaded 2 times (x 86B)
Class org.jetbrains.kotlin.gradle.tasks.KotlinCompile$javaSources$1                   : loaded 2 times (x 75B)
Class org.jetbrains.kotlin.gradle.plugin.KotlinTarget$DefaultImpls                    : loaded 2 times (x 71B)
Class org.jetbrains.kotlin.gradle.plugin.diagnostics.KotlinToolingDiagnosticsCollector: loaded 2 times (x 76B)
Class org.jetbrains.kotlin.tooling.core.MutableExtrasImpl                             : loaded 2 times (x 165B)
Class org.jetbrains.kotlin.gradle.plugin.statistics.KotlinBuildStatsMXBean            : loaded 2 times (x 70B)
Class org.jetbrains.kotlin.gradle.utils.FileUtilsKt                                   : loaded 2 times (x 71B)
Class [Lcom.google.common.cache.LocalCache$Segment;                                   : loaded 2 times (x 69B)
Class [Lcom.google.common.cache.LocalCache$Strength;                                  : loaded 2 times (x 69B)
Class com.google.common.cache.CacheBuilder$1                                          : loaded 2 times (x 85B)
Class org.gradle.internal.classpath.DefaultClassPath$ImmutableUniqueList$Builder      : loaded 2 times (x 75B)
Class org.jetbrains.kotlin.serialization.deserialization.ProtoEnumFlags               : loaded 2 times (x 71B)
Class kotlin.reflect.jvm.internal.KProperty1Impl$_getter$1                            : loaded 2 times (x 79B)
Class org.jetbrains.kotlin.protobuf.Internal$EnumLite                                 : loaded 2 times (x 70B)
Class org.jetbrains.kotlin.utils.exceptions.KotlinExceptionWithAttachments            : loaded 2 times (x 70B)
Class org.jetbrains.kotlin.gradle.report.GradleBuildMetricsReporter                   : loaded 2 times (x 98B)
Class org.jetbrains.kotlin.gradle.tasks.KotlinCompile$androidLayoutResources$1        : loaded 2 times (x 74B)
Class com.google.common.io.ByteArrayDataOutput                                        : loaded 2 times (x 70B)
Class com.google.common.collect.MapMakerInternalMap$WeakValueReference                : loaded 2 times (x 70B)
Class org.jetbrains.kotlin.gradle.plugin.mpp.KotlinCompilationFactory$DefaultImpls    : loaded 2 times (x 71B)
Class com.google.common.collect.AbstractRangeSet                                      : loaded 2 times (x 114B)
Class org.jetbrains.kotlin.gradle.plugin.diagnostics.checkers.InternalGradlePropertiesUsageChecker: loaded 2 times (x 74B)
Class org.jetbrains.kotlin.gradle.targets.metadata.KotlinMetadataTargetConfiguratorKt : loaded 2 times (x 71B)
Class org.jetbrains.kotlin.gradle.testing.internal.KotlinTestsRegistry$Companion      : loaded 2 times (x 71B)
Class org.jetbrains.kotlin.gradle.dsl.KotlinCommonCompilerToolOptions                 : loaded 2 times (x 70B)
Class org.jetbrains.kotlin.gradle.internal.ClassLoadersCachingBuildService$Companion$registerIfAbsent$1$1: loaded 2 times (x 79B)
Class org.jetbrains.kotlin.gradle.plugin.internal.DefaultConfigurationCacheStartParameterAccessorVariantFactory: loaded 2 times (x 76B)
Class com.google.common.cache.LocalCache                                              : loaded 2 times (x 187B)
Class com.google.common.cache.CacheBuilder$2                                          : loaded 2 times (x 72B)
Class org.jetbrains.kotlin.metadata.jvm.deserialization.JvmNameResolverBase           : loaded 2 times (x 80B)
Class kotlin.jvm.functions.Function4                                                  : loaded 2 times (x 70B)
Class build_2u87o7j9odfzsrbg95b26qnzy                                                 : loaded 2 times (x 181B)
Class org.jetbrains.kotlin.protobuf.RopeByteString                                    : loaded 2 times (x 110B)
Class kotlin.annotation.Target                                                        : loaded 2 times (x 70B)
Class build_4w0opqjumcyl7t7tbu7pbdhdj$_run_closure1                                   : loaded 2 times (x 139B)
Class kotlin.ranges.IntProgression$Companion                                          : loaded 2 times (x 71B)
Class kotlin.collections.builders.MapBuilder                                          : loaded 2 times (x 112B)
Class kotlin.jvm.internal.MutablePropertyReference2                                   : loaded 2 times (x 137B)
Class org.jetbrains.kotlin.build.report.metrics.BuildPerformanceMetrics$Companion     : loaded 2 times (x 71B)
Class org.jetbrains.kotlin.cli.common.arguments.K2JVMCompilerArguments                : loaded 2 times (x 81B)
Class org.jetbrains.kotlin.gradle.plugin.mpp.compilationImpl.DefaultKotlinCompilationSourceSetsContainer$source$1: loaded 2 times (x 79B)
Class org.jetbrains.kotlin.gradle.internal.KotlinTestDependencyManagementKt           : loaded 2 times (x 71B)
Class [Lorg.jetbrains.kotlin.gradle.plugin.sources.ConsistencyCheck;                  : loaded 2 times (x 69B)
Class org.jetbrains.kotlin.gradle.report.ReportingSettings                            : loaded 2 times (x 72B)
Class org.jetbrains.kotlin.statistics.metrics.StringAnonymizationPolicy$ComponentVersionAnonymizer: loaded 2 times (x 78B)
Class [Lcom.google.common.collect.AbstractMapEntry;                                   : loaded 2 times (x 69B)
Class com.google.common.collect.ArrayListMultimap                                     : loaded 2 times (x 172B)
Class org.jetbrains.kotlin.gradle.plugin.KotlinBasePluginWrapper                      : loaded 2 times (x 86B)
Class org.gradle.api.GradleException                                                  : loaded 2 times (x 82B)
Class org.jetbrains.kotlin.protobuf.GeneratedMessageLite$ExtendableMessageOrBuilder   : loaded 2 times (x 70B)
Class org.jetbrains.kotlin.metadata.deserialization.BinaryVersion                     : loaded 2 times (x 74B)
Class kotlin.annotation.Retention                                                     : loaded 2 times (x 70B)
Class org.jetbrains.kotlin.metadata.ProtoBuf$FunctionOrBuilder                        : loaded 2 times (x 70B)
Class org.jetbrains.kotlin.protobuf.GeneratedMessageLite$1                            : loaded 2 times (x 71B)
Class kotlin.reflect.jvm.internal.ReflectProperties$Val                               : loaded 2 times (x 74B)
Class build_5stk5yrr97f49kw8978vzz4ib                                                 : loaded 2 times (x 180B)
Class build_2u87o7j9odfzsrbg95b26qnzy$_run_closure1                                   : loaded 2 times (x 139B)
Class org.apache.commons.io.StandardLineSeparator                                     : loaded 2 times (x 79B)
Class com.google.common.base.Suppliers$MemoizingSupplier                              : loaded 2 times (x 79B)
Class com.google.common.io.CharSource$EmptyCharSource                                 : loaded 2 times (x 86B)
Class org.jetbrains.kotlin.gradle.plugin.ProjectLocalConfigurations$ProjectLocalCompatibility: loaded 2 times (x 76B)
Class org.jetbrains.kotlin.gradle.dsl.KotlinJvmCompilerOptions                        : loaded 2 times (x 70B)
Class org.jetbrains.kotlin.metadata.ProtoBuf$Effect$InvocationKind$1                  : loaded 2 times (x 74B)
Class kotlin.reflect.jvm.internal.KPropertyImpl$_descriptor$1                         : loaded 2 times (x 79B)
Class org.jetbrains.kotlin.metadata.ProtoBuf$Type$Argument$Projection                 : loaded 2 times (x 82B)
Class org.jetbrains.kotlin.metadata.ProtoBuf$EnumEntry$1                              : loaded 2 times (x 144B)
Class kotlin.reflect.jvm.internal.KTypeParameterOwnerImpl                             : loaded 2 times (x 70B)
Class org.gradle.api.internal.classpath.ManifestUtil                                  : loaded 2 times (x 71B)
Class com.google.common.collect.ImmutableList$1                                       : loaded 2 times (x 97B)
Class com.google.common.util.concurrent.ExecutionError                                : loaded 2 times (x 82B)
Class org.jetbrains.kotlin.statistics.metrics.StringAnonymizationPolicy$AllowedListAnonymizer: loaded 2 times (x 79B)
Class [Lcom.google.common.collect.MapMakerInternalMap$Strength;                       : loaded 2 times (x 69B)
Class [Lcom.google.common.io.FileWriteMode;                                           : loaded 2 times (x 69B)
Class org.jetbrains.kotlin.gradle.plugin.KotlinPluginLifecycleImpl$launch$1           : loaded 2 times (x 79B)
Class org.jetbrains.kotlin.gradle.utils.Completable                                   : loaded 2 times (x 72B)
Class org.jetbrains.kotlin.gradle.plugin.statistics.KotlinBuildStatsServicesRegistry$Companion: loaded 2 times (x 71B)
Class org.jetbrains.kotlin.gradle.plugin.internal.DefaultCompatibilityConventionRegistrar$Factory: loaded 2 times (x 76B)
Class org.jetbrains.kotlin.gradle.report.BuildReportType                              : loaded 2 times (x 79B)
Class org.jetbrains.kotlin.metadata.jvm.JvmProtoBuf$JvmPropertySignature$Builder      : loaded 2 times (x 141B)
Class kotlin.reflect.jvm.internal.KPropertyImpl$Companion                             : loaded 2 times (x 71B)
Class org.jetbrains.kotlin.gradle.targets.metadata.KotlinMetadataTargetConfiguratorKt$isNativeSourceSet$2: loaded 2 times (x 95B)
Class it.unimi.dsi.fastutil.objects.ObjectSet                                         : loaded 2 times (x 70B)
Class build_6tfulbst8r69nx0oui8jnpjj8$_run_closure1                                   : loaded 2 times (x 139B)
Class com.google.common.cache.LocalCache$WriteThroughEntry                            : loaded 2 times (x 79B)
Class com.google.common.cache.LocalCache$HashIterator                                 : loaded 2 times (x 86B)
Class com.google.common.collect.Iterables$4                                           : loaded 2 times (x 81B)
Class com.google.common.collect.MapMakerInternalMap$StrongKeyDummyValueSegment        : loaded 2 times (x 142B)
Class org.jetbrains.kotlin.gradle.tasks.DefaultKotlinJavaToolchain$DefaultJdkSetter   : loaded 2 times (x 76B)
Class org.jetbrains.kotlin.cli.common.arguments.CommonCompilerArguments               : loaded 2 times (x 80B)
Class org.jetbrains.kotlin.gradle.plugin.mpp.KotlinOnlyTarget                         : loaded 2 times (x 159B)
Class org.jetbrains.kotlin.gradle.targets.js.npm.BaseNpmDependencyExtension           : loaded 2 times (x 70B)
Class org.jetbrains.kotlin.gradle.dsl.KotlinVersion$Companion                         : loaded 2 times (x 71B)
Class org.jetbrains.kotlin.gradle.InternalKotlinGradlePluginApi                       : loaded 2 times (x 70B)
Class org.jetbrains.kotlin.gradle.dsl.DefaultToolchainSupport                         : loaded 2 times (x 76B)
Class org.jetbrains.kotlin.gradle.plugin.internal.CustomPropertiesFileValueSource     : loaded 2 times (x 82B)
Class com.google.common.cache.LocalCache$EntryFactory                                 : loaded 2 times (x 83B)
Class org.jetbrains.kotlin.metadata.ProtoBuf$Contract                                 : loaded 2 times (x 107B)
Class org.jetbrains.kotlin.metadata.ProtoBuf$VersionRequirementTable$1                : loaded 2 times (x 144B)
Class kotlin.collections.builders.MapBuilder$Companion                                : loaded 2 times (x 71B)
Class org.jetbrains.kotlin.gradle.dsl.KotlinHierarchyDsl                              : loaded 2 times (x 70B)
Class org.jetbrains.kotlin.gradle.utils.MutableObservableSet                          : loaded 2 times (x 70B)
Class org.jetbrains.kotlin.gradle.plugin.mpp.compilationImpl.factory.KotlinCompilationImplFactory$KotlinCompilationSourceSetsContainerFactory: loaded 2 times (x 70B)
Class org.jetbrains.kotlin.gradle.report.UsesBuildMetricsService                      : loaded 2 times (x 70B)
Class org.jetbrains.kotlin.gradle.plugin.hierarchy.KotlinSourceSetTreeClassifierKt    : loaded 2 times (x 71B)
Class com.google.common.reflect.Types$NativeTypeVariableEquals                        : loaded 2 times (x 71B)
Class com.google.common.reflect.TypeParameter                                         : loaded 2 times (x 72B)
Class [Lcom.google.common.collect.MapMaker$Dummy;                                     : loaded 2 times (x 69B)
Class com.google.common.collect.NullsLastOrdering                                     : loaded 2 times (x 115B)
Class org.jetbrains.kotlin.gradle.tasks.TaskOutputsBackup                             : loaded 2 times (x 72B)
Class org.jetbrains.kotlin.gradle.internal.StdlibDependencyManagementKt$configureStdlibVersionAlignment$1$1: loaded 2 times (x 75B)
Class org.jetbrains.kotlin.gradle.dsl.KotlinProjectExtension$awaitSourceSets$1        : loaded 2 times (x 88B)
Class org.jetbrains.kotlin.gradle.plugin.KotlinPluginLifecycle$CoroutineStart         : loaded 2 times (x 79B)
Class org.jetbrains.kotlin.gradle.tasks.TasksProviderKt$sam$org_gradle_api_Action$0   : loaded 2 times (x 75B)
Class org.jetbrains.kotlin.gradle.tooling.BuildKotlinToolingMetadataTask$FromKotlinExtension: loaded 2 times (x 317B)
Class org.jetbrains.kotlin.gradle.utils.FailuresKt                                    : loaded 2 times (x 71B)
Class org.jetbrains.kotlin.gradle.internal.ClassLoadersCachingBuildService$Companion$registerIfAbsent$1$1$1: loaded 2 times (x 75B)
Class org.jetbrains.kotlin.tooling.core.HasMutableExtras                              : loaded 2 times (x 70B)
Class com.google.common.cache.LocalCache$AbstractReferenceEntry                       : loaded 2 times (x 107B)
Class org.gradle.internal.IoActions                                                   : loaded 2 times (x 71B)
Class org.jetbrains.kotlin.metadata.jvm.deserialization.JvmNameResolverBase$WhenMappings: loaded 2 times (x 71B)
Class org.jetbrains.kotlin.metadata.jvm.deserialization.BitEncoding                   : loaded 2 times (x 71B)
Class org.jetbrains.org.objectweb.asm.Attribute                                       : loaded 2 times (x 77B)
Class org.jetbrains.org.objectweb.asm.Label                                           : loaded 2 times (x 73B)
Class org.jetbrains.kotlin.descriptors.Visibilities$Local                             : loaded 2 times (x 79B)
Class org.jetbrains.kotlin.protobuf.WireFormat                                        : loaded 2 times (x 71B)
Class org.jetbrains.kotlin.utils.KotlinExceptionWithAttachments                       : loaded 2 times (x 94B)
Class kotlin.annotation.MustBeDocumented                                              : loaded 2 times (x 70B)
Class [Lkotlin.reflect.KClassifier;                                                   : loaded 2 times (x 69B)
Class kotlin.reflect.jvm.internal.EmptyContainerForLocal                              : loaded 2 times (x 84B)
Class [Lkotlin.LazyThreadSafetyMode;                                                  : loaded 2 times (x 69B)
Class com.google.common.collect.AbstractMapBasedMultimap$WrappedCollection            : loaded 2 times (x 124B)
Class build_7pmvorfh50k4gqxfdnp95v1li                                                 : loaded 2 times (x 181B)
Class com.google.common.collect.ImmutableMapKeySet                                    : loaded 2 times (x 150B)
Class org.jetbrains.kotlin.gradle.internal.Kapt3KotlinGradleSubpluginKt               : loaded 2 times (x 71B)
Class org.jetbrains.kotlin.gradle.dsl.KotlinJvmCompile                                : loaded 2 times (x 70B)
Class com.google.common.collect.ImmutableRangeSet$ComplementRanges                    : loaded 2 times (x 207B)
Class org.jetbrains.kotlin.gradle.internal.Kapt3GradleSubplugin                       : loaded 2 times (x 83B)
Class org.jetbrains.kotlin.statistics.metrics.BooleanOverridePolicy$OR                : loaded 2 times (x 85B)
Class org.jetbrains.kotlin.gradle.plugin.UsesVariantImplementationFactories           : loaded 2 times (x 70B)
Class org.objectweb.asm.SymbolTable                                                   : loaded 2 times (x 72B)
Class com.google.common.cache.CacheLoader$InvalidCacheLoadException                   : loaded 2 times (x 82B)
Class org.gradle.internal.classloader.SystemClassLoaderSpec                           : loaded 2 times (x 71B)
Class [Lorg.jetbrains.kotlin.metadata.ProtoBuf$Effect$EffectType;                     : loaded 2 times (x 69B)
Class it.unimi.dsi.fastutil.ints.IntSets                                              : loaded 2 times (x 71B)
Class kotlin.jvm.internal.markers.KMutableCollection                                  : loaded 2 times (x 70B)
Class kotlin.coroutines.intrinsics.IntrinsicsKt                                       : loaded 2 times (x 71B)
Class kotlin.ranges.IntRange$Companion                                                : loaded 2 times (x 71B)
Class kotlin.collections.EmptyMap                                                     : loaded 2 times (x 109B)
Class kotlin.jvm.internal.PropertyReference1Impl                                      : loaded 2 times (x 127B)
Class kotlin.SafePublicationLazyImpl$Companion                                        : loaded 2 times (x 71B)
Class org.jetbrains.kotlin.gradle.tasks.CacheableTasksKt$cacheOnlyIfEnabledForKotlin$1$1: loaded 2 times (x 74B)
Class com.google.common.collect.FluentIterable                                        : loaded 2 times (x 81B)
Class org.jetbrains.kotlin.gradle.tasks.configuration.BaseKotlinCompileConfig$1$1     : loaded 2 times (x 74B)
Class org.jetbrains.kotlin.gradle.plugin.mpp.compilationImpl.factory.KotlinCompilationImplFactory$PostConfigure: loaded 2 times (x 70B)
Class org.jetbrains.kotlin.gradle.plugin.diagnostics.checkers.NoKotlinTargetsDeclaredChecker$runChecks$1: loaded 2 times (x 88B)
Class org.jetbrains.kotlin.gradle.plugin.mpp.AbstractKotlinTarget$kotlinComponents$2  : loaded 2 times (x 79B)
Class org.jetbrains.kotlin.gradle.plugin.KotlinPlatformType$CompatibilityRule         : loaded 2 times (x 76B)
Class org.jetbrains.kotlin.gradle.plugin.BuildEventsListenerRegistryHolder            : loaded 2 times (x 72B)
Class [Lorg.jetbrains.kotlin.statistics.metrics.BooleanOverridePolicy;                : loaded 2 times (x 69B)
Class org.jetbrains.kotlin.gradle.plugin.internal.CustomPropertiesFileValueSource$Parameters$Inject: loaded 2 times (x 106B)
Class com.google.common.cache.LocalCache$StrongEntry                                  : loaded 2 times (x 108B)
Class com.google.common.util.concurrent.AbstractFuture$TrustedFuture                  : loaded 2 times (x 114B)
Class com.google.common.cache.LoadingCache                                            : loaded 2 times (x 70B)
Class org.jetbrains.kotlin.load.kotlin.FileBasedKotlinClass$InnerClassesInfo          : loaded 2 times (x 74B)
Class org.jetbrains.kotlin.metadata.ProtoBuf$Type$Argument                            : loaded 2 times (x 110B)
Class kotlin.sequences.SequencesKt__SequencesKt$flatten$1                             : loaded 2 times (x 78B)
Class kotlin.coroutines.intrinsics.CoroutineSingletons                                : loaded 2 times (x 79B)
Class kotlin.jvm.internal.MutablePropertyReference1                                   : loaded 2 times (x 137B)
Class [Lorg.jetbrains.kotlin.metadata.ProtoBuf$Modality;                              : loaded 2 times (x 69B)
Class com.android.sdklib.AndroidVersion$AndroidVersionException                       : loaded 2 times (x 82B)
Class it.unimi.dsi.fastutil.objects.ObjectCollection                                  : loaded 2 times (x 70B)
Class com.google.common.base.Suppliers$NonSerializableMemoizingSupplier               : loaded 2 times (x 79B)
Class org.jetbrains.kotlin.statistics.metrics.ConcatMetricContainer                   : loaded 2 times (x 77B)
Class com.google.common.io.ByteStreams$LimitedInputStream                             : loaded 2 times (x 92B)
Class org.jetbrains.kotlin.gradle.tasks.GradleCompileTaskProvider                     : loaded 2 times (x 72B)
Class org.jetbrains.kotlin.gradle.plugin.mpp.KotlinTargetSoftwareComponentImplKt$KotlinTargetSoftwareComponent$1: loaded 2 times (x 95B)
Class org.jetbrains.kotlin.gradle.plugin.internal.BuildIdService                      : loaded 2 times (x 76B)
Class org.jetbrains.kotlin.gradle.plugin.mpp.compilationImpl.factory.KotlinCompilationDependencyConfigurationsFactoriesKt: loaded 2 times (x 71B)
Class org.jetbrains.kotlin.gradle.plugin.mpp.compilationImpl.DefaultKotlinCompilationFriendPathsResolver: loaded 2 times (x 75B)
Class org.jetbrains.kotlin.gradle.plugin.diagnostics.checkers.WasmSourceSetsNotFoundChecker$runChecks$1: loaded 2 times (x 88B)
Class org.jetbrains.kotlin.gradle.dsl.KotlinVersion                                   : loaded 2 times (x 79B)
Class org.objectweb.asm.MethodWriter                                                  : loaded 2 times (x 106B)
Class [Lcom.google.common.cache.Weigher;                                              : loaded 2 times (x 69B)
Class com.google.common.collect.RegularImmutableMap$BucketOverflowException           : loaded 2 times (x 82B)
Class org.jetbrains.kotlin.metadata.ProtoBuf$Modality$1                               : loaded 2 times (x 74B)
Class org.jetbrains.kotlin.resolve.scopes.receivers.Receiver                          : loaded 2 times (x 70B)
Class kotlin.ranges.OpenEndRange                                                      : loaded 2 times (x 70B)
Class kotlin.text.Charsets                                                            : loaded 2 times (x 71B)
Class org.gradle.internal.classloader.ClassLoaderHierarchy                            : loaded 2 times (x 70B)
Class org.jetbrains.kotlin.gradle.plugin.internal.ConfigurationCacheStartParameterAccessorKt: loaded 2 times (x 71B)
Class settings_4m430ucly6ofrh8k0n934ebli                                              : loaded 2 times (x 179B)
Class com.google.common.collect.ImmutableMultimap$1                                   : loaded 2 times (x 82B)
Class com.google.common.collect.AbstractMapBasedMultimap$RandomAccessWrappedList      : loaded 2 times (x 205B)
Class org.jetbrains.kotlin.gradle.plugin.sources.KotlinDependencyScope$Companion      : loaded 2 times (x 71B)
Class org.jetbrains.kotlin.gradle.plugin.KotlinPluginLifecycleKt$launchInStage$1      : loaded 2 times (x 95B)
Class org.jetbrains.kotlin.gradle.tasks.configuration.BaseKotlinCompileConfig$1$3     : loaded 2 times (x 75B)
Class org.jetbrains.kotlin.gradle.tasks.KotlinJvmCompile                              : loaded 2 times (x 70B)
Class org.jetbrains.kotlin.gradle.plugin.mpp.compilationImpl.KotlinCompilationSourceSetsContainerKt: loaded 2 times (x 71B)
Class org.jetbrains.kotlin.gradle.report.BuildReportMode                              : loaded 2 times (x 79B)
Class org.jetbrains.kotlin.statistics.metrics.StringAnonymizationPolicy$RegexControlled: loaded 2 times (x 79B)
Class org.jetbrains.kotlin.statistics.ValueAnonymizer                                 : loaded 2 times (x 70B)
Class org.jetbrains.kotlin.gradle.plugin.VariantImplementationFactories$Companion$getProvider$2$1$1: loaded 2 times (x 75B)
Class org.jetbrains.kotlin.gradle.plugin.internal.ProjectIsolationStartParameterAccessor$Factory: loaded 2 times (x 70B)
Class org.jetbrains.kotlin.metadata.ProtoBuf$VersionRequirement                       : loaded 2 times (x 116B)
Class kotlin.sequences.SequencesKt__SequencesKt$flatten$3                             : loaded 2 times (x 78B)
Class org.jetbrains.kotlin.gradle.plugin.KotlinPlatformType$Companion                 : loaded 2 times (x 71B)
Class org.jetbrains.kotlin.gradle.plugin.KotlinPlatformType$DisambiguationRule        : loaded 2 times (x 76B)
Class org.jetbrains.kotlin.gradle.plugin.diagnostics.checkers.MissingNativeStdlibChecker: loaded 2 times (x 74B)
Class build_dqovjo6dgtpeawthztpfgaqjo                                                 : loaded 2 times (x 180B)
Class com.google.common.reflect.Types$JavaVersion$1                                   : loaded 2 times (x 83B)
Class com.google.common.collect.ImmutableMultimap$2                                   : loaded 2 times (x 81B)
Class org.jetbrains.kotlin.gradle.tasks.KotlinCompile$disableMultiModuleIC$2$1        : loaded 2 times (x 75B)
Class com.google.common.collect.AbstractIterator$State                                : loaded 2 times (x 79B)
Class org.jetbrains.kotlin.gradle.tasks.DefaultKotlinJavaToolchain$javaExecutable$1   : loaded 2 times (x 75B)
Class org.jetbrains.kotlin.build.report.metrics.BuildAttribute                        : loaded 2 times (x 79B)
Class org.jetbrains.kotlin.gradle.plugin.mpp.compilationImpl.KotlinCompilationRegisterInSourceSetsConfigurator: loaded 2 times (x 74B)
Class org.jetbrains.kotlin.gradle.plugin.mpp.compilationImpl.factory.DefaultKotlinCompilationTaskNamesContainerFactory: loaded 2 times (x 74B)
Class [Lorg.jetbrains.kotlin.gradle.targets.js.npm.NpmDependency$Scope;               : loaded 2 times (x 69B)
Class org.jetbrains.kotlin.gradle.plugin.KotlinCompilerPluginSupportPlugin            : loaded 2 times (x 70B)
Class org.jetbrains.kotlin.gradle.plugin.mpp.AbstractKotlinTarget$components$2        : loaded 2 times (x 79B)
Class org.jetbrains.kotlin.gradle.plugin.mpp.KotlinUsages$setupAttributesMatchingStrategy$1: loaded 2 times (x 74B)
Class org.jetbrains.kotlin.gradle.utils.AndroidPluginIdsKt                            : loaded 2 times (x 71B)
Class com.google.common.collect.RegularImmutableBiMap                                 : loaded 2 times (x 148B)
Class com.google.common.cache.LocalCache$ValueReference                               : loaded 2 times (x 70B)
Class org.jetbrains.kotlin.gradle.plugin.KotlinBasePlugin                             : loaded 2 times (x 70B)
Class org.jetbrains.kotlin.descriptors.SourceElement$1                                : loaded 2 times (x 74B)
Class it.unimi.dsi.fastutil.ints.IntArrays$Segment                                    : loaded 2 times (x 71B)
Class it.unimi.dsi.fastutil.ints.IntBidirectionalIterator                             : loaded 2 times (x 70B)
Class org.jetbrains.kotlin.descriptors.annotations.Annotated                          : loaded 2 times (x 70B)
Class kotlin.text.CharsKt__CharKt                                                     : loaded 2 times (x 71B)
Class org.jetbrains.kotlin.gradle.targets.js.npm.NpmDependencyExtensionKt$defaultNpmDependencyDelegate$1: loaded 2 times (x 167B)
Class org.jetbrains.kotlin.gradle.plugin.KotlinPluginLifecycleImpl$launch$coroutine$1 : loaded 2 times (x 76B)
Class org.jetbrains.kotlin.gradle.internal.KotlinDomApiDependencyManagementKt         : loaded 2 times (x 71B)
Class build_9b2fvq5avgtr5ff20jltwy6cf$_run_closure1                                   : loaded 2 times (x 139B)
Class com.google.common.reflect.Types$JavaVersion$2                                   : loaded 2 times (x 83B)
Class com.google.common.reflect.Types                                                 : loaded 2 times (x 71B)
Class com.google.common.hash.PrimitiveSink                                            : loaded 2 times (x 70B)
Class org.jetbrains.kotlin.gradle.tasks.internal.KotlinJvmOptionsCompat               : loaded 2 times (x 103B)
Class org.jetbrains.kotlin.cli.common.arguments.CommonToolArguments                   : loaded 2 times (x 73B)
Class org.jetbrains.kotlin.gradle.utils.FutureKt                                      : loaded 2 times (x 71B)
Class org.jetbrains.kotlin.gradle.logging.GradleLoggingUtilsKt                        : loaded 2 times (x 71B)
Class com.google.common.util.concurrent.AbstractFuture$Failure                        : loaded 2 times (x 72B)
Class com.google.common.base.Equivalence$Equals                                       : loaded 2 times (x 82B)
Class com.google.common.base.PatternCompiler                                          : loaded 2 times (x 70B)
Class org.jetbrains.kotlin.gradle.plugin.mpp.KotlinVariantWithCoordinates             : loaded 2 times (x 108B)
Class org.jetbrains.kotlin.metadata.ProtoBuf$Expression$1                             : loaded 2 times (x 144B)
Class org.jetbrains.kotlin.descriptors.DescriptorVisibility                           : loaded 2 times (x 78B)
Class kotlin.reflect.jvm.internal.CacheByClassKt                                      : loaded 2 times (x 71B)
Class kotlin.coroutines.EmptyCoroutineContext                                         : loaded 2 times (x 77B)
Class com.google.common.collect.SortedSetMultimap                                     : loaded 2 times (x 70B)
Class com.google.common.io.FileWriteMode                                              : loaded 2 times (x 79B)
Class [Lcom.google.common.collect.MapMakerInternalMap$Segment;                        : loaded 2 times (x 69B)
Class [Lorg.apache.commons.io.file.DeleteOption;                                      : loaded 2 times (x 69B)
Class com.google.common.reflect.Types$JavaVersion$3                                   : loaded 2 times (x 83B)
Class com.google.common.collect.ImmutableSetMultimap                                  : loaded 2 times (x 180B)
Class com.google.common.io.CharSink                                                   : loaded 2 times (x 79B)
Class com.google.common.collect.ByFunctionOrdering                                    : loaded 2 times (x 115B)
Class org.jetbrains.kotlin.compilerRunner.GradleCompilerRunner$Companion              : loaded 2 times (x 71B)
Class [Lorg.jetbrains.kotlin.gradle.dsl.PlatformSourceSetConventionsChecker$CheckedPlatformInfo;: loaded 2 times (x 69B)
Class org.jetbrains.kotlin.gradle.plugin.diagnostics.KotlinGradleProjectCheckerContext: loaded 2 times (x 72B)
Class org.jetbrains.kotlin.gradle.plugin.diagnostics.checkers.DuplicateSourceSetChecker: loaded 2 times (x 74B)
Class org.jetbrains.kotlin.gradle.dsl.KotlinTargetContainerWithNativeShortcuts        : loaded 2 times (x 70B)
Class org.jetbrains.kotlin.gradle.plugin.DefaultKotlinBasePlugin$setupAttributeMatchingStrategy$1$1: loaded 2 times (x 79B)
Class org.jetbrains.kotlin.statistics.metrics.NumericalMetrics$Companion              : loaded 2 times (x 71B)
Class [Lorg.jetbrains.kotlin.statistics.metrics.NumberAnonymizationPolicy;            : loaded 2 times (x 69B)
Class org.jetbrains.kotlin.statistics.metrics.NumberOverridePolicy$OVERRIDE           : loaded 2 times (x 85B)
Class org.objectweb.asm.Label                                                         : loaded 2 times (x 73B)
Class org.objectweb.asm.CurrentFrame                                                  : loaded 2 times (x 73B)
Class org.objectweb.asm.ClassTooLargeException                                        : loaded 2 times (x 83B)
Class com.google.common.collect.PeekingIterator                                       : loaded 2 times (x 70B)
Class com.google.common.cache.LocalCache$ValueIterator                                : loaded 2 times (x 86B)
Class org.jetbrains.kotlin.metadata.ProtoBuf$ExpressionOrBuilder                      : loaded 2 times (x 70B)
Class kotlin.InitializedLazyImpl                                                      : loaded 2 times (x 76B)
Class [Lorg.jetbrains.kotlin.metadata.ProtoBuf$Type$Argument$Projection;              : loaded 2 times (x 69B)
Class kotlin.jvm.internal.MutablePropertyReference0                                   : loaded 2 times (x 137B)
Class org.jetbrains.kotlin.metadata.ProtoBuf$ContractOrBuilder                        : loaded 2 times (x 70B)
Class [Lorg.jetbrains.kotlin.metadata.ProtoBuf$Visibility;                            : loaded 2 times (x 69B)
Class com.google.common.reflect.Types$JavaVersion$4                                   : loaded 2 times (x 83B)
Class com.google.common.collect.Maps$IteratorBasedAbstractMap                         : loaded 2 times (x 125B)
Class com.google.common.io.ByteSource$AsCharSource                                    : loaded 2 times (x 86B)
Class com.google.common.collect.MapMakerInternalMap$InternalEntryHelper               : loaded 2 times (x 70B)
Class com.google.common.collect.Table                                                 : loaded 2 times (x 70B)
Class org.jetbrains.kotlin.gradle.tasks.configuration.AbstractKotlinCompileConfig$2$2$1: loaded 2 times (x 75B)
Class org.jetbrains.kotlin.build.report.metrics.BuildAttributes$Companion             : loaded 2 times (x 71B)
Class org.jetbrains.kotlin.gradle.tasks.KotlinCompilationTask                         : loaded 2 times (x 70B)
Class org.jetbrains.kotlin.gradle.plugin.mpp.compilationImpl.factory.KotlinCompilationImplFactory$ProcessResourcesTaskNameFactory: loaded 2 times (x 70B)
Class com.google.common.collect.RangeGwtSerializationDependencies                     : loaded 2 times (x 71B)
Class org.jetbrains.kotlin.gradle.internal.KotlinDependenciesManagementKt             : loaded 2 times (x 71B)
Class org.jetbrains.kotlin.gradle.plugin.DefaultKotlinBasePlugin$setupAttributeMatchingStrategy$1$2: loaded 2 times (x 79B)
Class org.jetbrains.kotlin.gradle.plugin.internal.CustomPropertiesFileValueSource$Inject: loaded 2 times (x 113B)
Class org.objectweb.asm.Frame                                                         : loaded 2 times (x 73B)
Class org.objectweb.asm.MethodVisitor                                                 : loaded 2 times (x 105B)
Class com.google.common.cache.LocalCache$EntryFactory$1                               : loaded 2 times (x 83B)
Class [Lcom.google.common.cache.RemovalListener;                                      : loaded 2 times (x 69B)
Class org.jetbrains.org.objectweb.asm.MethodWriter                                    : loaded 2 times (x 106B)
Class org.jetbrains.kotlin.metadata.jvm.deserialization.JvmMetadataVersion$Companion  : loaded 2 times (x 71B)
Class org.jetbrains.kotlin.metadata.jvm.JvmProtoBuf$JvmPropertySignature$1            : loaded 2 times (x 144B)
Class org.jetbrains.kotlin.metadata.ProtoBuf$EnumEntryOrBuilder                       : loaded 2 times (x 70B)
Class kotlin.reflect.jvm.internal.CachesKt                                            : loaded 2 times (x 71B)
Class org.jetbrains.kotlin.descriptors.ValidateableDescriptor                         : loaded 2 times (x 70B)
Class kotlin.reflect.jvm.internal.KCallableImpl$_annotations$1                        : loaded 2 times (x 79B)
Class it.unimi.dsi.fastutil.Stack                                                     : loaded 2 times (x 70B)
Class com.google.common.reflect.Types$JavaVersion$5                                   : loaded 2 times (x 71B)
Class [Lcom.google.common.reflect.Types$ClassOwnership;                               : loaded 2 times (x 69B)
Class org.jetbrains.kotlin.compilerRunner.UsesCompilerSystemPropertiesService         : loaded 2 times (x 70B)
Class org.jetbrains.kotlin.gradle.plugin.mpp.compilationImpl.KotlinCompilationSourceSetInclusion$Companion: loaded 2 times (x 71B)
Class com.google.common.collect.RangeSet                                              : loaded 2 times (x 70B)
Class org.jetbrains.kotlin.gradle.plugin.diagnostics.checkers.MissingNativeStdlibChecker$runChecks$1: loaded 2 times (x 88B)
Class [Lorg.jetbrains.kotlin.gradle.plugin.sources.android.AndroidVariantType;        : loaded 2 times (x 69B)
Class org.jetbrains.kotlin.gradle.plugin.sources.android.AndroidVariantType           : loaded 2 times (x 79B)
Class org.jetbrains.kotlin.gradle.plugin.mpp.KotlinTargetSoftwareComponent            : loaded 2 times (x 89B)
Class org.jetbrains.kotlin.gradle.plugin.mpp.KotlinVariant                            : loaded 2 times (x 101B)
Class org.jetbrains.kotlin.gradle.utils.WhenPluginEnabledKt                           : loaded 2 times (x 71B)
Class org.jetbrains.kotlin.tooling.core.ExtrasProperty                                : loaded 2 times (x 70B)
Class org.jetbrains.kotlin.gradle.plugin.VariantImplementationFactories               : loaded 2 times (x 75B)
Class com.google.common.cache.LocalCache$EntryFactory$2                               : loaded 2 times (x 83B)
Class kotlin.reflect.KMutableProperty$Setter                                          : loaded 2 times (x 70B)
Class org.jetbrains.kotlin.load.kotlin.FileBasedKotlinClass$OuterAndInnerName         : loaded 2 times (x 72B)
Class org.gradle.internal.classloader.FilteringClassLoader                            : loaded 2 times (x 105B)
Class com.google.common.collect.RegularImmutableMap$KeySet                            : loaded 2 times (x 150B)
Class com.google.common.collect.Multimaps                                             : loaded 2 times (x 71B)
Class org.jetbrains.kotlin.tooling.core.Extras$Entry$Companion                        : loaded 2 times (x 71B)
Class com.google.common.collect.CollectCollectors                                     : loaded 2 times (x 71B)
Class org.jetbrains.kotlin.gradle.targets.js.dsl.KotlinWasmWasiTargetDsl              : loaded 2 times (x 70B)
Class org.jetbrains.kotlin.gradle.plugin.diagnostics.checkers.DisabledNativeTargetsChecker: loaded 2 times (x 74B)
Class org.jetbrains.kotlin.gradle.internal.CompilerArgumentAware                      : loaded 2 times (x 70B)
Class org.objectweb.asm.ModuleWriter                                                  : loaded 2 times (x 82B)
Class com.google.common.cache.LocalCache$EntryFactory$3                               : loaded 2 times (x 83B)
Class com.google.common.base.Ticker$1                                                 : loaded 2 times (x 72B)
Class com.google.common.collect.ImmutableMapEntrySet$RegularEntrySet                  : loaded 2 times (x 151B)
Class [Lorg.jetbrains.kotlin.metadata.ProtoBuf$Expression$ConstantValue;              : loaded 2 times (x 69B)
Class org.jetbrains.kotlin.metadata.ProtoBuf$Effect                                   : loaded 2 times (x 113B)
Class org.jetbrains.org.objectweb.asm.RecordComponentVisitor                          : loaded 2 times (x 77B)
Class com.google.common.base.Equivalence$Identity                                     : loaded 2 times (x 82B)
Class org.jetbrains.kotlin.cli.common.messages.MessageRenderer                        : loaded 2 times (x 70B)
Class com.google.common.base.PairwiseEquivalence                                      : loaded 2 times (x 83B)
Class org.jetbrains.kotlin.gradle.plugin.KotlinGradleBuildServices$Inject             : loaded 2 times (x 100B)
Class [Lkotlin.jvm.functions.Function1;                                               : loaded 2 times (x 69B)
Class Native_plugin_loader_gradle$NativePluginLoader                                  : loaded 2 times (x 72B)
Class org.jetbrains.kotlin.gradle.tasks.K2MultiplatformStructure_Decorated            : loaded 2 times (x 135B)
Class org.jetbrains.kotlin.compilerRunner.GradleCompilerRunner                        : loaded 2 times (x 73B)
Class org.jetbrains.kotlin.gradle.dsl.AndroidMainSourceSetConventionsChecker$runChecks$1: loaded 2 times (x 88B)
Class org.jetbrains.kotlin.gradle.plugin.sources.FragmentConsistencyChecks            : loaded 2 times (x 72B)
Class org.jetbrains.kotlin.gradle.plugin.mpp.InternalKotlinTargetComponent            : loaded 2 times (x 93B)
Class org.jetbrains.kotlin.gradle.utils.ProviderApiUtilsKt                            : loaded 2 times (x 71B)
Class org.jetbrains.kotlin.gradle.internal.tasks.TaskWithLocalState                   : loaded 2 times (x 70B)
Class org.jetbrains.kotlin.statistics.metrics.BooleanMetrics                          : loaded 2 times (x 80B)
Class com.google.common.cache.LocalCache$EntryFactory$4                               : loaded 2 times (x 83B)
Class org.jetbrains.org.objectweb.asm.Context                                         : loaded 2 times (x 72B)
Class org.jetbrains.kotlin.descriptors.Visibility                                     : loaded 2 times (x 79B)
Class kotlin.reflect.jvm.internal.KCallableImpl$_parameters$1                         : loaded 2 times (x 79B)
Class org.jetbrains.kotlin.protobuf.RopeByteString$RopeInputStream                    : loaded 2 times (x 92B)
Class org.jetbrains.kotlin.protobuf.CodedInputStream                                  : loaded 2 times (x 72B)
Class kotlin.sequences.ConstrainedOnceSequence                                        : loaded 2 times (x 75B)
Class build_a4x7tvv1bvly0grvbfjty46yj$_run_closure1                                   : loaded 2 times (x 139B)
Class build_7gx1eseyeunsveyp444jng6ms$_run_closure1                                   : loaded 2 times (x 139B)
Class org.jetbrains.kotlin.gradle.dsl.KotlinCommonCompilerOptionsExtensionsKt         : loaded 2 times (x 71B)
Class com.google.common.io.ByteStreams$1                                              : loaded 2 times (x 85B)
Class com.google.common.collect.ReverseOrdering                                       : loaded 2 times (x 115B)
Class org.jetbrains.kotlin.gradle.plugin.sources.KotlinDependencyScopeKt$WhenMappings : loaded 2 times (x 71B)
Class org.jetbrains.kotlin.gradle.tasks.K2MultiplatformCompilationTask                : loaded 2 times (x 70B)
Class org.jetbrains.kotlin.gradle.plugin.sources.FragmentConsistencyChecks$languageVersionCheck$1: loaded 2 times (x 79B)
Class org.jetbrains.kotlin.gradle.plugin.mpp.DecoratedKotlinCompilation               : loaded 2 times (x 191B)
Class [Lorg.jetbrains.kotlin.gradle.plugin.KotlinPlatformType;                        : loaded 2 times (x 69B)
Class org.jetbrains.kotlin.statistics.metrics.NumberOverridePolicy$AVERAGE            : loaded 2 times (x 85B)
Class org.jetbrains.kotlin.gradle.plugin.VariantImplementationFactories$Parameters$Inject: loaded 2 times (x 106B)
Class com.google.common.cache.LocalCache$EntryFactory$5                               : loaded 2 times (x 83B)
Class org.jetbrains.kotlin.gradle.utils.Completable$await$1                           : loaded 2 times (x 88B)
Class [Lkotlin.reflect.KProperty;                                                     : loaded 2 times (x 69B)
Class org.jetbrains.kotlin.protobuf.MessageLite$Builder                               : loaded 2 times (x 70B)
Class kotlin.reflect.jvm.internal.CachesKt$CACHE_FOR_BASE_CLASSIFIERS$1               : loaded 2 times (x 78B)
Class org.jetbrains.kotlin.mpp.DeclarationSymbolMarker                                : loaded 2 times (x 70B)
Class org.jetbrains.kotlin.compilerRunner.CompilerSystemPropertiesService$Companion   : loaded 2 times (x 71B)
Class org.apache.commons.io.output.AppendableWriter                                   : loaded 2 times (x 100B)
Class org.jetbrains.kotlin.gradle.plugin.mpp.MppSourcesJarKt$sourcesJarTaskNamed$result$1: loaded 2 times (x 79B)
Class org.jetbrains.kotlin.gradle.tasks.configuration.BaseKotlinCompileConfig$1       : loaded 2 times (x 79B)
Class org.jetbrains.kotlin.gradle.plugin.UsesBuildFinishedListenerService             : loaded 2 times (x 70B)
Class org.jetbrains.kotlin.gradle.plugin.mpp.compilationImpl.factory.ConfigurationNaming$Default: loaded 2 times (x 75B)
Class org.jetbrains.kotlin.gradle.plugin.mpp.compilationImpl.KotlinCompilationSourceSetInclusion: loaded 2 times (x 72B)
Class org.jetbrains.kotlin.gradle.targets.jvm.KotlinJvmTarget                         : loaded 2 times (x 172B)
Class org.jetbrains.kotlin.gradle.targets.js.dsl.KotlinWasmJsTargetDsl                : loaded 2 times (x 70B)
Class org.jetbrains.kotlin.gradle.plugin.diagnostics.checkers.DisabledNativeTargetsChecker$runChecks$1: loaded 2 times (x 88B)
Class org.jetbrains.kotlin.gradle.plugin.KotlinPluginLifecycleImpl$await$2$1          : loaded 2 times (x 79B)
Class org.jetbrains.kotlin.gradle.plugin.sources.DefaultLanguageSettingsBuilder       : loaded 2 times (x 100B)
Class org.jetbrains.kotlin.gradle.plugin.sources.FragmentConsistencyChecks$languageVersionCheck$2: loaded 2 times (x 78B)
Class org.jetbrains.kotlin.gradle.dsl.KotlinTargetContainerWithPresetFunctions        : loaded 2 times (x 70B)
Class org.jetbrains.kotlin.gradle.utils.GradleConfigurationUtilsKt                    : loaded 2 times (x 71B)
Class org.jetbrains.kotlin.gradle.plugin.StatisticsBuildFlowManager$subscribeForBuildResult$1: loaded 2 times (x 75B)
Class org.jetbrains.kotlin.gradle.plugin.internal.CustomPropertiesFileValueSource$Parameters: loaded 2 times (x 70B)
Class com.google.common.cache.LocalCache$EntryFactory$6                               : loaded 2 times (x 83B)
Class Build_gradle                                                                    : loaded 2 times (x 130B)
Class org.gradle.internal.installation.CurrentGradleInstallationLocator               : loaded 2 times (x 71B)
Class org.jetbrains.kotlin.metadata.ProtoBuf$VersionRequirement$Level$1               : loaded 2 times (x 74B)
Class org.jetbrains.kotlin.protobuf.FieldSet$1                                        : loaded 2 times (x 71B)
Class com.google.common.io.LineReader                                                 : loaded 2 times (x 72B)
Class build_e6bds663fkaspxkzxxk86iys$_run_closure1$_closure3                          : loaded 2 times (x 139B)
Class build_8wd60cx3xu44x0oplhgyd65ci                                                 : loaded 2 times (x 180B)
Class org.objectweb.asm.ClassReader                                                   : loaded 2 times (x 93B)
Class org.apache.commons.io.output.ThresholdingOutputStream                           : loaded 2 times (x 94B)
Class com.google.common.collect.ImmutableMultimap$Builder                             : loaded 2 times (x 83B)
Class org.jetbrains.kotlin.statistics.metrics.SumMetricContainer                      : loaded 2 times (x 80B)
Class com.google.common.io.ByteSource$SlicedByteSource                                : loaded 2 times (x 85B)
Class org.jetbrains.kotlin.gradle.tasks.DefaultKotlinJavaToolchain$getToolsJarFromJvm$1: loaded 2 times (x 75B)
Class org.jetbrains.kotlin.build.report.metrics.GcMetrics                             : loaded 2 times (x 72B)
Class org.jetbrains.kotlin.gradle.tasks.configuration.BaseKotlinCompileConfig$2       : loaded 2 times (x 79B)
Class org.jetbrains.kotlin.gradle.plugin.BuildFinishedListenerService$Companion$registerIfAbsent$2$1$1: loaded 2 times (x 75B)
Class com.google.common.collect.Maps$KeySet                                           : loaded 2 times (x 137B)
Class org.jetbrains.kotlin.gradle.plugin.mpp.InternalKotlinCompilation                : loaded 2 times (x 70B)
Class org.jetbrains.kotlin.gradle.plugin.AbstractKotlinJsPluginWrapper                : loaded 2 times (x 86B)
Class org.jetbrains.kotlin.gradle.plugin.KotlinPluginWrapperKt                        : loaded 2 times (x 71B)
Class com.google.common.cache.LocalCache$EntryFactory$7                               : loaded 2 times (x 83B)
Class org.gradle.internal.service.DefaultServiceLocator                               : loaded 2 times (x 83B)
Class build_cn2297hmwbpzjgvb5cb788dmi                                                 : loaded 2 times (x 180B)
Class kotlin.properties.ObservableProperty                                            : loaded 2 times (x 83B)
Class org.jetbrains.kotlin.metadata.ProtoBuf$Class$Kind$1                             : loaded 2 times (x 74B)
Class org.jetbrains.kotlin.protobuf.SmallSortedMap$Entry                              : loaded 2 times (x 88B)
Class org.jetbrains.kotlin.metadata.ProtoBuf$Package$1                                : loaded 2 times (x 144B)
Class kotlin.reflect.KMutableProperty0                                                : loaded 2 times (x 70B)
Class kotlin.reflect.KClassifier                                                      : loaded 2 times (x 70B)
Class kotlin.coroutines.jvm.internal.CompletedContinuation                            : loaded 2 times (x 75B)
Class kotlin.coroutines.jvm.internal.SuspendFunction                                  : loaded 2 times (x 70B)
Class kotlin.sequences.DropTakeSequence                                               : loaded 2 times (x 70B)
Class com.google.common.collect.ImmutableMultimap$EntryCollection                     : loaded 2 times (x 127B)
Class com.google.common.collect.ComparisonChain$InactiveComparisonChain               : loaded 2 times (x 80B)
Class org.jetbrains.kotlin.gradle.tasks.KotlinCompile$scriptExtensions$1              : loaded 2 times (x 79B)
Class org.jetbrains.kotlin.gradle.tasks.K2MultiplatformStructure$Fragment             : loaded 2 times (x 72B)
Class org.jetbrains.kotlin.compilerRunner.CompilerSystemPropertiesService$Companion$registerIfAbsent$1: loaded 2 times (x 75B)
Class org.jetbrains.kotlin.gradle.plugin.diagnostics.checkers.AndroidPluginWithoutAndroidTargetChecker: loaded 2 times (x 74B)
Class org.jetbrains.kotlin.statistics.metrics.NumberOverridePolicy                    : loaded 2 times (x 85B)
Class org.jetbrains.kotlin.statistics.metrics.StringAnonymizationPolicy$AllowedListAnonymizer$Companion: loaded 2 times (x 71B)
Class org.jetbrains.kotlin.gradle.plugin.internal.ProjectIsolationStartParameterAccessorKt: loaded 2 times (x 71B)
Class org.jetbrains.kotlin.gradle.testing.internal.KotlinTestsRegistry                : loaded 2 times (x 72B)
Class com.google.common.cache.LocalCache$EntryFactory$8                               : loaded 2 times (x 83B)
Class org.gradle.internal.installation.CurrentGradleInstallation                      : loaded 2 times (x 73B)
Class kotlin.jvm.internal.StringCompanionObject                                       : loaded 2 times (x 71B)
Class org.jetbrains.kotlin.metadata.ProtoBuf$Annotation$ArgumentOrBuilder             : loaded 2 times (x 70B)
Class org.jetbrains.kotlin.protobuf.FieldSet$FieldDescriptorLite                      : loaded 2 times (x 70B)
Class org.jetbrains.kotlin.protobuf.AbstractMessageLite                               : loaded 2 times (x 98B)
Class kotlin.reflect.KMutableProperty1                                                : loaded 2 times (x 70B)
Class kotlin.jvm.internal.Ref$BooleanRef                                              : loaded 2 times (x 71B)
Class kotlin.coroutines.intrinsics.IntrinsicsKt__IntrinsicsJvmKt                      : loaded 2 times (x 71B)
Class kotlin.coroutines.jvm.internal.CoroutineStackFrame                              : loaded 2 times (x 70B)
Class build_7pmvorfh50k4gqxfdnp95v1li$_run_closure1                                   : loaded 2 times (x 139B)
Class com.google.common.collect.ForwardingObject                                      : loaded 2 times (x 72B)
Class org.jetbrains.kotlin.gradle.tasks.KotlinCompilerExecutionStrategy               : loaded 2 times (x 79B)
Class org.jetbrains.kotlin.gradle.plugin.mpp.InternalKotlinCompilationKt$awaitAllKotlinSourceSets$1: loaded 2 times (x 88B)
Class org.jetbrains.kotlin.gradle.plugin.sources.DefaultKotlinSourceSet$special$$inlined$Iterable$1: loaded 2 times (x 79B)
Class org.jetbrains.kotlin.gradle.plugin.mpp.compilationImpl.factory.KotlinCompilationImplFactory$KotlinCompilerOptionsFactory$Options: loaded 2 times (x 72B)
Class org.jetbrains.kotlin.gradle.plugin.KotlinCompilation                            : loaded 2 times (x 70B)
Class org.jetbrains.kotlin.gradle.plugin.KotlinTargetConfiguratorKt                   : loaded 2 times (x 71B)
Class org.jetbrains.kotlin.tooling.core.Extras$Type$Companion                         : loaded 2 times (x 71B)
Class com.google.common.cache.CacheLoader$1                                           : loaded 2 times (x 75B)
Class com.google.common.collect.ImmutableList$SubList                                 : loaded 2 times (x 208B)
Class org.gradle.util.internal.GUtil                                                  : loaded 2 times (x 71B)
Class kotlin.sequences.FlatteningSequence                                             : loaded 2 times (x 75B)
Class org.jetbrains.kotlin.metadata.jvm.JvmProtoBuf$StringTableTypes$Record           : loaded 2 times (x 119B)
Class [Lorg.jetbrains.org.objectweb.asm.Label;                                        : loaded 2 times (x 69B)
Class org.jetbrains.kotlin.protobuf.FieldSet                                          : loaded 2 times (x 72B)
Class kotlin.reflect.KMutableProperty2                                                : loaded 2 times (x 70B)
Class org.jetbrains.kotlin.descriptors.SourceElement                                  : loaded 2 times (x 70B)
Class kotlin.io.NoSuchFileException                                                   : loaded 2 times (x 82B)
Class org.jetbrains.kotlin.gradle.plugin.mpp.InternalKotlinTargetKt$isSourcesPublishableFuture$2: loaded 2 times (x 95B)
Class org.jetbrains.kotlin.gradle.plugin.mpp.KotlinCompilationFactory                 : loaded 2 times (x 70B)
Class org.jetbrains.kotlin.gradle.dsl.IosSourceSetConventionChecker$runChecks$1       : loaded 2 times (x 88B)
Class org.jetbrains.kotlin.gradle.plugin.mpp.AbstractKotlinCompilation                : loaded 2 times (x 191B)
Class org.jetbrains.kotlin.gradle.plugin.diagnostics.checkers.UnusedSourceSetsChecker : loaded 2 times (x 74B)
Class org.jetbrains.kotlin.gradle.utils.Future                                        : loaded 2 times (x 70B)
Class org.jetbrains.kotlin.gradle.plugin.BuildFinishFlowAction$Parameters             : loaded 2 times (x 70B)
Class com.google.common.util.concurrent.AbstractFuture$SetFuture                      : loaded 2 times (x 75B)
Class com.google.common.cache.AbstractCache$StatsCounter                              : loaded 2 times (x 70B)
Class [Lorg.jetbrains.kotlin.metadata.ProtoBuf$MemberKind;                            : loaded 2 times (x 69B)
Class kotlin.ranges.IntProgressionIterator                                            : loaded 2 times (x 82B)
Class org.jetbrains.kotlin.metadata.ProtoBuf$Annotation$Argument$Value$Type$1         : loaded 2 times (x 74B)
Class org.jetbrains.kotlin.metadata.ProtoBuf$TypeOrBuilder                            : loaded 2 times (x 70B)
Class org.jetbrains.kotlin.metadata.ProtoBuf$TypeTableOrBuilder                       : loaded 2 times (x 70B)
Class org.jetbrains.kotlin.metadata.ProtoBuf$Package                                  : loaded 2 times (x 129B)
Class kotlin.coroutines.jvm.internal.DebugProbesKt                                    : loaded 2 times (x 71B)
Class kotlin.coroutines.CoroutineContext                                              : loaded 2 times (x 70B)
Class it.unimi.dsi.fastutil.ints.IntSets$EmptySet                                     : loaded 2 times (x 234B)
Class build_6tfulbst8r69nx0oui8jnpjj8                                                 : loaded 2 times (x 180B)
Class org.objectweb.asm.Context                                                       : loaded 2 times (x 72B)
Class com.google.common.reflect.Types$TypeVariableImpl                                : loaded 2 times (x 72B)
Class com.google.common.io.LineBuffer                                                 : loaded 2 times (x 75B)
Class com.google.common.collect.MapMakerInternalMap$1                                 : loaded 2 times (x 83B)
Class org.jetbrains.kotlin.gradle.plugin.mpp.KotlinTargetSoftwareComponentImplKt      : loaded 2 times (x 71B)
Class org.jetbrains.kotlin.gradle.targets.js.dsl.KotlinJsSubTargetContainerDsl        : loaded 2 times (x 70B)
Class org.jetbrains.kotlin.tooling.core.MutableExtrasImpl$Companion                   : loaded 2 times (x 71B)
Class org.jetbrains.kotlin.gradle.plugin.KotlinGradleBuildServices$Companion$registerIfAbsent$1: loaded 2 times (x 75B)
Class org.jetbrains.kotlin.statistics.fileloggers.MetricsContainer                    : loaded 2 times (x 77B)
Class org.jetbrains.kotlin.gradle.plugin.internal.ProjectIsolationStartParameterAccessor: loaded 2 times (x 70B)
Class com.google.common.collect.Iterators$MergingIterator                             : loaded 2 times (x 81B)
Class org.gradle.internal.installation.GradleInstallation                             : loaded 2 times (x 75B)
Class [Lorg.jetbrains.kotlin.descriptors.DescriptorVisibility;                        : loaded 2 times (x 69B)
Class kotlin.reflect.jvm.internal.KPackageImpl$data$1                                 : loaded 2 times (x 79B)
Class org.jetbrains.kotlin.metadata.deserialization.ProtoTypeTableUtilKt              : loaded 2 times (x 71B)
Class org.jetbrains.kotlin.metadata.ProtoBuf$Annotation$Argument$Value$Type           : loaded 2 times (x 82B)
Class kotlin.collections.CollectionsKt__IteratorsJVMKt$iterator$1                     : loaded 2 times (x 79B)
Class com.google.common.collect.ForwardingCollection                                  : loaded 2 times (x 130B)
Class com.google.common.collect.LexicographicalOrdering                               : loaded 2 times (x 115B)
Class org.jetbrains.kotlin.gradle.dsl.KotlinJvmCompile$DefaultImpls                   : loaded 2 times (x 71B)
Class org.jetbrains.kotlin.gradle.plugin.mpp.compilationImpl.factory.KotlinCompilationImplFactory$create$1: loaded 2 times (x 75B)
Class com.google.common.collect.ElementTypesAreNonnullByDefault                       : loaded 2 times (x 70B)
Class org.jetbrains.kotlin.gradle.tasks.KotlinJavaToolchain                           : loaded 2 times (x 70B)
Class org.jetbrains.kotlin.gradle.plugin.BuildFinishFlowAction                        : loaded 2 times (x 74B)
Class org.jetbrains.kotlin.statistics.metrics.BooleanMetrics$Companion                : loaded 2 times (x 71B)
Class org.jetbrains.kotlin.gradle.plugin.internal.CompatibilityConventionRegistrar    : loaded 2 times (x 70B)
Class com.google.common.collect.Iterables                                             : loaded 2 times (x 71B)
Class org.jetbrains.kotlin.metadata.jvm.JvmProtoBuf$StringTableTypes$Record$Operation : loaded 2 times (x 82B)
Class org.jetbrains.kotlin.metadata.ProtoBuf$Annotation$Builder                       : loaded 2 times (x 136B)
Class kotlin.ranges.IntProgression                                                    : loaded 2 times (x 81B)
Class kotlin.jvm.internal.markers.KMutableList                                        : loaded 2 times (x 70B)
Class org.jetbrains.kotlin.gradle.plugin.mpp.KotlinJvmCompilation                     : loaded 2 times (x 200B)
Class org.jetbrains.kotlin.gradle.plugin.KotlinCompilation$Companion                  : loaded 2 times (x 71B)
Class com.google.common.collect.Lists$RandomAccessReverseList                         : loaded 2 times (x 200B)
Class org.jetbrains.kotlin.gradle.dsl.ToolchainSupport$Companion                      : loaded 2 times (x 71B)
Class org.jetbrains.kotlin.gradle.plugin.KotlinSourceSet                              : loaded 2 times (x 70B)

---------------  S Y S T E M  ---------------

OS:
 Windows 11 , 64 bit Build 26100 (10.0.26100.8246)
OS uptime: 8 days 2:39 hours

CPU: total 8 (initial active 8) (4 cores per cpu, 2 threads per core) family 6 model 140 stepping 2 microcode 0x38, cx8, cmov, fxsr, ht, mmx, 3dnowpref, sse, sse2, sse3, ssse3, sse4.1, sse4.2, popcnt, lzcnt, tsc, tscinvbit, avx, avx2, aes, erms, clmul, bmi1, bmi2, adx, avx512f, avx512dq, avx512cd, avx512bw, avx512vl, sha, fma, vzeroupper, avx512_vpopcntdq, avx512_vpclmulqdq, avx512_vaes, avx512_vnni, clflush, clflushopt, clwb, avx512_vbmi2, avx512_vbmi, rdtscp, rdpid, fsrm, gfni, avx512_bitalg, f16c, pku, cet_ibt, cet_ss, avx512_ifma
Processor Information for the first 8 processors :
  Max Mhz: 1498, Current Mhz: 1498, Mhz Limit: 1498

Memory: 4k page, system-wide physical 7930M (558M free)
TotalPageFile size 32506M (AvailPageFile size 4M)
current process WorkingSet (physical memory assigned to process): 2152M, peak: 2207M
current process commit charge ("private bytes"): 2894M, peak: 2898M

vm_info: OpenJDK 64-Bit Server VM (21.0.8+-14196175-b1038.72) for windows-amd64 JRE (21.0.8+-14196175-b1038.72), built on 2025-10-01T10:24:33Z by "builder" with MS VC++ 16.10 / 16.11 (VS2019)

END.
