version 2
JvmtiExport can_access_local_variables 0
JvmtiExport can_hotswap_or_post_breakpoint 1
JvmtiExport can_post_on_exceptions 0
# 904 ciObject found
instanceKlass org/gradle/api/internal/tasks/DefaultTaskContainer
ciInstanceKlass java/lang/ThreadLocal$ThreadLocalMap 1 1 143 9 7 12 1 1 1 10 7 12 1 1 1 9 12 1 7 1 9 12 1 1 9 7 12 1 1 10 12 1 10 12 1 1 10 12 1 1 9 12 1 1 10 12 1 1 10 12 1 1 10 12 1 1 10 12 1 1 10 12 1 1 10 12 1 1 10 12 1 1 10 12 1 10 12 1 10 12 1 10 12 1 10 12 1 1 1 3 1 1 1 1 1 1 1 1 1 1 1 1 1 1 1 1 1 1 1 1 1 1 1 1 100 1 1 1 1 1 1 1 1 1 1 1 1 1 1 1 1 1 1 1 1 1 1 1 1 1 1 1 1 1 1
ciInstanceKlass java/lang/ThreadLocal$ThreadLocalMap$Entry 1 1 37 10 7 12 1 1 1 9 7 12 1 1 1 1 1 1 1 1 1 1 1 1 1 1 1 1 1 1 1 1 100 1 1 100 1 1 1
ciInstanceKlass java/util/SequencedMap 1 1 157 11 100 12 1 1 1 11 100 12 1 1 1 11 100 12 1 1 1 100 1 11 12 1 1 100 1 10 12 1 1 11 12 1 1 11 12 1 1 100 1 10 12 100 1 10 12 1 100 1 10 100 1 10 100 1 100 1 1 1 1 1 1 1 1 1 1 1 1 1 1 1 1 1 1 1 1 1 1 1 1 1 1 1 1 1 1 1 1 1 1 1 1 1 1 1 1 1 1 1 1 1 1 1 1 1 1 100 1 8 1 1 12 10 1 1 1 8 1 1 1 8 1 1 8 1 1 1 8 1 1 1 8 1 1 1 8 1 1 1 8 1 1 1 8 1 1 1 8 1 1 1 8 1 1 8 1
instanceKlass com/android/tools/r8/internal/uZ
instanceKlass com/android/tools/r8/internal/uK
instanceKlass com/android/tools/r8/internal/vK
ciInstanceKlass java/util/LinkedHashMap 1 1 386 9 7 12 1 1 1 9 12 1 1 9 12 1 9 7 12 1 1 9 12 1 10 7 12 1 1 1 10 12 1 1 10 12 1 1 9 12 1 9 12 1 1 9 12 1 10 12 1 1 7 1 10 10 12 1 1 10 12 1 10 12 1 1 9 12 1 1 9 12 1 10 12 1 1 10 7 12 1 1 1 10 12 1 10 12 1 10 12 10 12 1 1 10 100 12 1 1 1 10 12 1 1 10 12 1 1 9 7 1 10 12 1 10 12 1 1 9 12 1 1 7 1 10 12 1 7 1 100 1 10 10 12 1 1 10 12 1 1 9 12 1 1 7 1 10 7 1 10 12 1 9 12 1 7 1 10 100 1 10 11 7 12 1 1 1 100 1 10 11 7 12 1 1 100 1 100 1 10 8 1 10 12 1 1 10 12 1 10 12 1 1 10 12 1 10 12 1 1 10 100 1 10 12 1 100 1 1 1 1 5 0 1 1 1 3 1 3 1 3 1 1 1 1 1 1 1 1 1 1 1 1 1 1 1 1 1 1 1 1 1 1 1 1 1 1 1 1 1 1 1 1 1 1 1 1 1 1 1 1 1 1 1 1 1 1 1 100 1 1 1 1 1 1 1 1 7 1 1 1 1 1 1 1 1 1 1 1 1 1 1 1 1 1 1 1 1 1 1 1 1 1 1 1 1 100 1 1 1 1 1 1 1 1 1 1 1 1 1 1 100 1 1 1 1 1 1 1 1 1 100 1 1 1 1 1 1 1 1 1 1 1 1 1 1 1 1 1 1 1 1 1 1 1 1 1 1 1 1 1 1 1 100 1 100 1 100 1 100 1 1 1 1 1 100 1 100 1 1 1 1 1 1 1 1 1
instanceKlass org/jetbrains/kotlin/container/UnresolvedServiceException
instanceKlass com/android/tools/r8/internal/Av
instanceKlass java/nio/charset/IllegalCharsetNameException
instanceKlass java/lang/IllegalThreadStateException
instanceKlass java/nio/charset/UnsupportedCharsetException
instanceKlass com/google/protobuf/Utf8$UnpairedSurrogateException
instanceKlass org/apache/commons/lang/NullArgumentException
instanceKlass java/util/regex/PatternSyntaxException
instanceKlass java/nio/file/InvalidPathException
instanceKlass java/nio/file/ProviderMismatchException
instanceKlass java/security/InvalidParameterException
instanceKlass java/lang/NumberFormatException
instanceKlass org/gradle/internal/service/UnknownServiceException
instanceKlass org/gradle/internal/service/UnknownServiceException
ciInstanceKlass java/lang/IllegalArgumentException 1 1 35 10 7 12 1 1 1 10 12 1 10 12 1 10 12 1 100 1 1 1 1 5 0 1 1 1 1 1 1 1 1 1 1 1 1
ciInstanceKlass java/lang/module/ModuleDescriptor 1 1 516 10 7 12 1 1 1 9 7 12 1 1 1 100 1 10 9 12 1 1 9 12 1 1 9 12 1 11 7 12 1 1 1 9 12 1 1 9 7 12 1 1 1 11 12 1 1 9 12 1 9 12 1 9 12 1 11 12 1 1 18 12 1 1 11 100 12 1 1 1 11 12 1 11 12 1 1 11 12 1 1 9 12 1 9 12 1 9 12 1 9 12 1 9 12 1 9 12 1 9 12 1 9 12 1 1 11 12 1 1 11 7 12 1 1 1 11 12 1 1 10 12 1 9 100 12 1 1 1 10 100 12 1 1 1 10 7 12 1 1 1 10 100 12 1 1 1 10 12 1 100 1 10 10 12 10 12 1 1 8 1 10 12 1 10 10 7 12 1 1 1 10 12 1 1 10 12 1 10 12 1 1 10 100 12 1 1 10 12 1 10 12 1 11 10 100 12 1 1 10 12 1 10 12 1 1 11 10 12 1 10 12 1 8 1 8 1 10 12 1 11 12 1 8 1 8 1 8 1 8 1 8 1 8 1 7 1 10 12 1 100 1 8 1 10 12 1 7 1 10 12 1 11 12 11 12 1 10 12 1 1 100 1 10 100 12 1 1 1 10 100 12 1 1 1 10 12 1 10 12 1 1 8 1 10 12 1 1 18 11 12 1 11 12 1 1 8 1 10 100 12 1 1 1 11 12 1 1 11 7 1 7 1 10 100 1 11 12 11 12 1 1 10 100 12 1 1 1 10 12 1 10 12 1 10 12 1 10 9 100 12 1 1 1 10 12 1 1 10 7 12 1 1 7 1 10 10 7 12 1 1 1 1 1 1 1 1 1 1 1 1 1 1 1 1 1 1 1 1 1 1 1 1 1 1 1 1 1 1 1 1 1 1 1 1 1 1 1 1 1 1 1 1 1 1 1 1 1 1 1 1 1 1 1 1 1 1 1 1 1 100 1 1 1 1 1 1 1 1 1 1 1 1 1 1 1 1 1 1 1 1 1 1 1 1 1 1 1 1 1 1 1 1 1 1 1 1 1 1 1 1 1 1 1 1 1 1 1 1 1 100 1 100 1 100 1 100 1 100 1 100 1 100 1 1 16 15 10 16 1 15 10 12 16 15 10 100 12 1 1 1 1 1 1 1 1 1 1 1 1 1 100 1 100 1 1
staticfield java/lang/module/ModuleDescriptor $assertionsDisabled Z 1
instanceKlass com/google/common/escape/Platform$1
instanceKlass org/jetbrains/kotlin/load/kotlin/KotlinBinaryClassCache$cache$1
instanceKlass com/google/crypto/tink/aead/internal/InsecureNonceAesGcmJce$1
instanceKlass com/google/crypto/tink/subtle/Random$1
instanceKlass org/jetbrains/kotlin/com/intellij/util/io/IOUtil$1
instanceKlass org/gradle/internal/exceptions/DefaultMultiCauseException$HideStacktrace
instanceKlass com/sun/xml/bind/v2/ClassFactory$1
instanceKlass java/lang/ThreadLocal$SuppliedThreadLocal
instanceKlass java/util/concurrent/locks/ReentrantReadWriteLock$Sync$ThreadLocalHoldCounter
instanceKlass org/codehaus/groovy/runtime/GroovyCategorySupport$MyThreadLocal
instanceKlass org/gradle/internal/file/ThreadLocalBufferProvider$1
instanceKlass org/gradle/api/internal/DefaultMutationGuard$GuardState
instanceKlass org/gradle/internal/deprecation/DeprecationLogger$1
instanceKlass jdk/internal/math/FloatingDecimal$1
instanceKlass jdk/internal/jimage/ImageBufferCache$1
instanceKlass jdk/internal/misc/CarrierThreadLocal
ciInstanceKlass java/lang/ThreadLocal 1 1 332 9 7 12 1 1 1 3 10 7 12 1 1 1 7 1 10 12 1 1 10 7 12 1 1 10 12 1 9 12 1 1 10 7 12 1 1 1 10 12 1 1 9 12 1 1 100 1 100 1 10 10 12 1 10 12 1 1 10 7 12 1 1 1 9 7 12 1 1 1 10 12 1 10 12 1 1 10 12 1 1 10 12 1 1 10 12 1 1 7 1 10 12 1 1 9 12 1 10 12 1 10 12 10 12 1 1 10 12 1 9 12 1 1 10 12 10 12 1 100 1 10 8 1 10 7 12 1 1 1 10 100 12 1 1 1 10 100 12 1 1 1 100 1 9 100 12 1 1 1 18 12 1 1 10 100 12 1 1 1 100 1 18 12 1 1 10 12 1 1 100 1 100 1 10 12 1 9 100 12 1 1 1 10 100 12 1 1 1 11 12 1 1 11 100 12 1 1 11 12 1 100 1 8 1 11 12 1 1 10 12 1 1 11 100 12 1 1 1 10 100 12 1 1 1 11 12 1 1 10 7 12 1 1 10 12 1 10 1 1 1 1 1 1 1 1 1 1 1 1 1 1 1 1 1 1 1 1 1 1 1 1 1 1 1 1 1 1 1 1 1 1 1 1 1 1 1 1 1 1 1 1 1 1 1 1 1 1 1 1 1 1 1 1 1 1 1 1 1 1 1 1 1 1 1 16 15 10 12 16 16 15 10 12 15 10 100 12 1 1 1 1 1 1 1 1 1 100 1 100 1 1
staticfield java/lang/ThreadLocal TRACE_VTHREAD_LOCALS Z 0
staticfield java/lang/ThreadLocal nextHashCode Ljava/util/concurrent/atomic/AtomicInteger; java/util/concurrent/atomic/AtomicInteger
staticfield java/lang/ThreadLocal $assertionsDisabled Z 1
instanceKlass java/rmi/server/RemoteObjectInvocationHandler$MethodToHash_Maps$1
instanceKlass com/sun/jmx/mbeanserver/DefaultMXBeanMappingFactory$Mappings
instanceKlass com/sun/jmx/mbeanserver/MBeanIntrospector$MBeanInfoMap
instanceKlass com/sun/jmx/mbeanserver/MBeanIntrospector$PerInterfaceMap
instanceKlass org/gradle/internal/reflect/ReflectionCache$WeaklyClassReferencingCache
instanceKlass java/lang/ClassValue$ClassValueMap
ciInstanceKlass java/util/WeakHashMap 1 1 399 7 1 10 7 12 1 1 1 7 1 10 9 7 12 1 1 1 100 1 100 1 10 8 1 10 12 1 1 10 12 1 10 12 1 1 10 12 1 3 10 7 12 1 1 1 8 1 10 12 1 10 7 12 1 1 1 10 12 1 1 9 12 1 1 9 12 1 1 9 12 1 1 4 10 12 1 11 100 12 1 1 1 6 0 10 100 12 1 1 1 10 12 1 1 10 12 1 1 9 12 1 1 10 12 1 1 10 12 1 1 10 7 12 1 1 10 12 1 10 12 1 1 9 12 1 10 12 1 9 12 1 1 9 12 1 9 12 10 12 1 10 10 12 1 1 10 12 1 10 12 1 1 10 12 1 1 10 12 1 1 9 12 1 10 12 1 10 12 1 1 100 1 3 10 12 1 1 11 12 1 1 11 100 12 1 1 1 11 100 12 1 1 1 11 12 100 1 11 12 1 11 12 1 10 12 1 1 10 10 7 12 1 1 1 10 12 1 9 12 1 1 7 1 10 12 1 9 12 1 1 100 1 10 9 12 100 1 10 10 100 12 1 1 10 12 1 11 100 12 1 1 1 100 1 10 11 100 12 1 1 8 1 10 12 1 10 12 10 1 1 3 1 1 1 1 1 1 1 1 1 1 1 1 1 1 1 1 1 1 1 1 1 1 1 1 1 1 1 1 1 1 1 1 1 100 1 1 1 1 1 100 1 1 1 1 1 1 1 1 1 1 1 1 1 1 1 1 1 1 1 1 1 1 1 1 1 1 1 1 1 1 1 100 1 1 1 1 1 1 1 1 1 1 1 1 1 1 1 1 1 1 1 1 1 1 1 1 1 1 100 1 100 1 100 1 100 1 100 1 100 1 100 1 100 1 1 1 1 1 1 1 1 1 1 1 1 1 1
staticfield java/util/WeakHashMap NULL_KEY Ljava/lang/Object; java/lang/Object
ciInstanceKlass java/util/WeakHashMap$Entry 1 1 112 10 7 12 1 1 1 9 7 12 1 1 1 9 12 1 1 9 12 1 1 10 12 1 1 10 7 12 1 1 1 100 1 10 12 1 11 10 100 12 1 1 1 10 12 1 11 10 100 12 1 1 1 100 1 10 12 1 10 12 1 1 8 1 10 12 1 10 12 1 1 1 1 1 1 1 1 1 1 1 1 1 1 1 1 1 1 1 1 1 1 1 1 1 1 1 1 1 1 1 1 1 1 1 1 1 1 1 1 1 100 1
ciInstanceKlass jdk/internal/util/WeakReferenceKey 1 1 92 10 7 12 1 1 1 10 7 12 1 1 1 9 7 12 1 1 1 10 12 1 1 7 1 11 12 1 1 10 10 12 1 1 100 1 10 12 10 100 12 1 1 1 10 100 12 1 1 1 10 12 1 1 8 1 10 100 12 1 1 10 12 1 10 12 1 1 1 1 1 1 1 1 1 1 1 1 1 1 1 1 1 1 1 1 1 1 1 1 1 1
ciInstanceKlass java/lang/Void 1 1 31 10 100 12 1 1 1 8 1 10 7 12 1 1 1 9 7 12 1 1 1 1 1 1 1 1 1 1 1 1 1
staticfield java/lang/Void TYPE Ljava/lang/Class; java/lang/Class
# instanceKlass java/lang/invoke/LambdaForm$DMH+0x000000080250b800
# instanceKlass java/lang/invoke/LambdaForm$DMH+0x000000080250b400
# instanceKlass java/lang/invoke/LambdaForm$DMH+0x000000080250b000
instanceKlass jdk/internal/math/FormattedFPDecimal
instanceKlass  @bci org/gradle/internal/watch/registry/impl/WatchableHierarchies removeDirectSymlinks (Lorg/gradle/internal/snapshot/SnapshotHierarchy;Lorg/gradle/internal/watch/registry/impl/WatchableHierarchies$Invalidator;)Lorg/gradle/internal/snapshot/SnapshotHierarchy; 2 <appendix> argL0 ; # org/gradle/internal/watch/registry/impl/WatchableHierarchies$$Lambda+0x0000000802503548
instanceKlass org/gradle/internal/remote/internal/inet/SocketConnection$1
instanceKlass  @bci org/gradle/internal/watch/registry/impl/WatchableHierarchies isAncestorASymlink (Ljava/util/Map;Ljava/io/File;)Z 27 <appendix> member <vmtarget> ; # org/gradle/internal/watch/registry/impl/WatchableHierarchies$$Lambda+0x0000000802503058
instanceKlass  @bci org/gradle/internal/watch/registry/impl/WatchableHierarchies removeIndirectlySymlinkedRoots (Lorg/gradle/internal/snapshot/SnapshotHierarchy;Lorg/gradle/internal/watch/registry/impl/WatchableHierarchies$Invalidator;)Lorg/gradle/internal/snapshot/SnapshotHierarchy; 27 <appendix> member <vmtarget> ; # org/gradle/internal/watch/registry/impl/WatchableHierarchies$$Lambda+0x0000000802502df0
instanceKlass  @bci org/gradle/internal/watch/registry/impl/WatchableHierarchies removeIndirectlySymlinkedRoots (Lorg/gradle/internal/snapshot/SnapshotHierarchy;Lorg/gradle/internal/watch/registry/impl/WatchableHierarchies$Invalidator;)Lorg/gradle/internal/snapshot/SnapshotHierarchy; 15 <appendix> member <vmtarget> ; # org/gradle/internal/watch/registry/impl/WatchableHierarchies$$Lambda+0x0000000802502b68
instanceKlass  @bci org/gradle/internal/watch/vfs/impl/WatchingVirtualFileSystem lambda$afterBuildFinished$7 (Lorg/gradle/internal/snapshot/SnapshotHierarchy;)Lorg/gradle/internal/snapshot/SnapshotHierarchy; 4 <appendix> member <vmtarget> ; # org/gradle/internal/watch/vfs/impl/WatchingVirtualFileSystem$$Lambda+0x0000000802502910
instanceKlass  @bci org/gradle/internal/watch/vfs/impl/WatchingVirtualFileSystem afterBuildFinished ()V 2 <appendix> member <vmtarget> ; # org/gradle/internal/watch/vfs/impl/WatchingVirtualFileSystem$$Lambda+0x0000000802502680
instanceKlass  @bci org/gradle/launcher/daemon/server/exec/CleanUpVirtualFileSystemAfterBuild startAsyncCleanupAfterBuild ()Ljava/util/concurrent/CompletableFuture; 18 <appendix> argL0 ; # org/gradle/launcher/daemon/server/exec/CleanUpVirtualFileSystemAfterBuild$$Lambda+0x0000000802502430
instanceKlass  @bci org/gradle/launcher/daemon/server/exec/CleanUpVirtualFileSystemAfterBuild lambda$startAsyncCleanupAfterBuild$1 (Lorg/gradle/internal/service/ServiceRegistry;)Ljava/util/concurrent/CompletableFuture; 1 <appendix> member <vmtarget> ; # org/gradle/launcher/daemon/server/exec/CleanUpVirtualFileSystemAfterBuild$$Lambda+0x00000008025021d8
instanceKlass  @bci org/gradle/launcher/daemon/server/exec/CleanUpVirtualFileSystemAfterBuild startAsyncCleanupAfterBuild ()Ljava/util/concurrent/CompletableFuture; 10 <appendix> member <vmtarget> ; # org/gradle/launcher/daemon/server/exec/CleanUpVirtualFileSystemAfterBuild$$Lambda+0x0000000802501f60
# instanceKlass java/lang/invoke/LambdaForm$MH+0x0000000802508400
# instanceKlass java/lang/invoke/LambdaForm$MH+0x0000000802508000
instanceKlass org/gradle/internal/work/DefaultWorkerLeaseService$1
instanceKlass org/gradle/cache/internal/DefaultCleanupProgressMonitor
instanceKlass org/gradle/cache/CleanupProgressMonitor
instanceKlass org/gradle/initialization/layout/ProjectCacheDir$1
instanceKlass org/gradle/cache/internal/VersionSpecificCacheCleanupAction
instanceKlass  @bci org/gradle/internal/session/BuildSessionState close ()V 14 <appendix> member <vmtarget> ; # org/gradle/internal/session/BuildSessionState$$Lambda+0x00000008025010d8
instanceKlass org/gradle/launcher/exec/BuildActionResult
instanceKlass org/gradle/tooling/internal/provider/serialization/SerializedPayload
instanceKlass  @bci org/gradle/workers/internal/WorkerDaemonClientsManager$StopSessionScopedWorkers beforeComplete ()V 17 <appendix> argL0 ; # org/gradle/workers/internal/WorkerDaemonClientsManager$StopSessionScopedWorkers$$Lambda+0x00000008024f89c0
instanceKlass org/gradle/api/internal/cache/DefaultCacheConfigurations$MustBeConfiguredCleanupFrequency
instanceKlass org/gradle/execution/PassThruCancellableOperationManager
instanceKlass  @bci org/apache/tools/ant/ComponentHelper getDataTypeDefinitions ()Ljava/util/Hashtable; 52 <appendix> member <vmtarget> ; # org/apache/tools/ant/ComponentHelper$$Lambda+0x0000000802504c30
instanceKlass  @bci org/apache/tools/ant/ComponentHelper getDataTypeDefinitions ()Ljava/util/Hashtable; 41 <appendix> member <vmtarget> ; # org/apache/tools/ant/ComponentHelper$$Lambda+0x00000008025049a8
instanceKlass org/apache/tools/ant/IntrospectionHelper$NestedCreator
instanceKlass org/apache/tools/ant/IntrospectionHelper$AttributeSetter
instanceKlass org/apache/tools/ant/IntrospectionHelper
instanceKlass  @bci org/gradle/execution/plan/DefaultPlanExecutor$ExecutorWorker run ()V 90 <appendix> member <vmtarget> ; # org/gradle/execution/plan/DefaultPlanExecutor$ExecutorWorker$$Lambda+0x00000008025004e0
instanceKlass  @bci org/gradle/execution/plan/DefaultPlanExecutor$MergedQueues close ()V 5 <appendix> member <vmtarget> ; # org/gradle/execution/plan/DefaultPlanExecutor$MergedQueues$$Lambda+0x0000000802500288
instanceKlass  @bci org/gradle/internal/jvm/inspection/CachingJvmMetadataDetector invalidateItemsMatching (Ljava/util/function/Predicate;)V 17 <appendix> member <vmtarget> ; # org/gradle/internal/jvm/inspection/CachingJvmMetadataDetector$$Lambda+0x0000000802500000
instanceKlass  @bci org/gradle/jvm/internal/services/PlatformJvmServices$1 lambda$configure$1 (Lorg/gradle/internal/jvm/inspection/JvmMetadataDetector;Ljava/util/function/Predicate;)V 5 <appendix> member <vmtarget> ; # org/gradle/jvm/internal/services/PlatformJvmServices$1$$Lambda+0x00000008024f8738
instanceKlass  @bci org/gradle/internal/jvm/inspection/InvalidJvmInstallationCacheInvalidator close ()V 4 <appendix> argL0 ; # org/gradle/internal/jvm/inspection/InvalidJvmInstallationCacheInvalidator$$Lambda+0x00000008024ffc48
instanceKlass  @bci org/gradle/cache/internal/DefaultCacheCleanupExecutor cleanup ()V 5 <appendix> member <vmtarget> ; # org/gradle/cache/internal/DefaultCacheCleanupExecutor$$Lambda+0x00000008024ff9e0
instanceKlass  @bci org/gradle/cache/internal/DefaultMultiProcessSafeIndexedCache finishWork ()V 12 <appendix> member <vmtarget> ; # org/gradle/cache/internal/DefaultMultiProcessSafeIndexedCache$$Lambda+0x00000008024ff788
instanceKlass  @bci org/gradle/cache/internal/DefaultCacheCoordinator beforeLockRelease (Lorg/gradle/cache/FileLock;)V 35 <appendix> member <vmtarget> ; # org/gradle/cache/internal/DefaultCacheCoordinator$$Lambda+0x00000008024ff530
instanceKlass  @bci org/gradle/cache/internal/DefaultCacheCoordinator close ()V 42 <appendix> member <vmtarget> ; # org/gradle/cache/internal/DefaultCacheCoordinator$$Lambda+0x00000008024ff2d8
instanceKlass org/gradle/internal/work/DefaultWorkerLeaseService$ConfiguredRegistries$1
instanceKlass org/gradle/internal/watch/vfs/impl/WatchingVirtualFileSystem$2$1
instanceKlass org/gradle/internal/watch/vfs/BuildFinishedFileSystemWatchingBuildOperationType$Result
instanceKlass org/gradle/internal/watch/vfs/impl/DefaultFileSystemWatchingStatistics$VirtualFileSystemStatistics
instanceKlass  @bci org/gradle/internal/watch/vfs/impl/DefaultFileSystemWatchingStatistics lambda$getStatistics$1 (Lcom/google/common/collect/EnumMultiset;Lorg/gradle/internal/snapshot/FileSystemLocationSnapshot;)V 2 <appendix> member <vmtarget> ; # org/gradle/internal/watch/vfs/impl/DefaultFileSystemWatchingStatistics$$Lambda+0x00000008024fe6f8
instanceKlass  @bci org/gradle/internal/watch/vfs/impl/DefaultFileSystemWatchingStatistics getStatistics (Lorg/gradle/internal/snapshot/SnapshotHierarchy;)Lorg/gradle/internal/watch/vfs/impl/DefaultFileSystemWatchingStatistics$VirtualFileSystemStatistics; 13 <appendix> member <vmtarget> ; # org/gradle/internal/watch/vfs/impl/DefaultFileSystemWatchingStatistics$$Lambda+0x00000008024fe490
instanceKlass org/gradle/internal/watch/vfs/impl/DefaultFileSystemWatchingStatistics
instanceKlass org/gradle/internal/snapshot/SnapshotHierarchy$NodeDiffListener$1
instanceKlass  @bci org/gradle/internal/watch/registry/impl/WatchableHierarchies retainOnlyMatchingSnapshots (Lorg/gradle/internal/snapshot/SnapshotHierarchy;Lorg/gradle/internal/watch/registry/impl/WatchableHierarchies$Invalidator;Ljava/util/function/Predicate;)Lorg/gradle/internal/snapshot/SnapshotHierarchy; 18 <appendix> member <vmtarget> ; # org/gradle/internal/watch/registry/impl/WatchableHierarchies$$Lambda+0x00000008024fd820
instanceKlass org/gradle/internal/watch/registry/impl/WatchableHierarchies$InvalidatorVisitor
instanceKlass  @bci org/gradle/internal/watch/registry/impl/WatchableHierarchies removeUnwatchedSnapshots (Lorg/gradle/internal/snapshot/SnapshotHierarchy;Lorg/gradle/internal/watch/registry/impl/WatchableHierarchies$Invalidator;)Lorg/gradle/internal/snapshot/SnapshotHierarchy; 3 <appendix> member <vmtarget> ; # org/gradle/internal/watch/registry/impl/WatchableHierarchies$$Lambda+0x00000008024fd318
instanceKlass  @bci org/gradle/internal/watch/registry/impl/WatchableHierarchies buildWatchableFilesFromHierarchies (Ljava/util/Collection;)Lorg/gradle/internal/file/FileHierarchySet; 9 <appendix> argL0 ; # org/gradle/internal/watch/registry/impl/WatchableHierarchies$$Lambda+0x00000008024fd0b8
instanceKlass  @bci org/gradle/internal/watch/registry/impl/WatchableHierarchies removeWatchedHierarchiesOverLimit (Lorg/gradle/internal/snapshot/SnapshotHierarchy;Ljava/util/function/Predicate;ILorg/gradle/internal/watch/registry/impl/WatchableHierarchies$Invalidator;)Lorg/gradle/internal/snapshot/SnapshotHierarchy; 5 <appendix> member <vmtarget> ; # org/gradle/internal/watch/registry/impl/WatchableHierarchies$$Lambda+0x00000008024fce30
instanceKlass  @bci org/gradle/internal/watch/registry/impl/AbstractFileWatcherUpdater updateVfsBeforeBuildFinished (Lorg/gradle/internal/snapshot/SnapshotHierarchy;ILjava/util/List;)Lorg/gradle/internal/snapshot/SnapshotHierarchy; 14 <appendix> member <vmtarget> ; # org/gradle/internal/watch/registry/impl/AbstractFileWatcherUpdater$$Lambda+0x00000008024fcba8
instanceKlass  @bci org/gradle/internal/watch/vfs/impl/WatchingVirtualFileSystem$2 call (Lorg/gradle/internal/operations/BuildOperationContext;)Lorg/gradle/internal/snapshot/SnapshotHierarchy; 140 <appendix> member <vmtarget> ; # org/gradle/internal/watch/vfs/impl/WatchingVirtualFileSystem$2$$Lambda+0x00000008024fc950
instanceKlass org/gradle/internal/watch/registry/impl/DefaultFileWatcherRegistry$2
instanceKlass  @bci org/gradle/internal/watch/registry/impl/DefaultFileWatcherRegistry getAndResetStatistics ()Lorg/gradle/internal/watch/registry/FileWatcherRegistry$FileWatchingStatistics; 35 <appendix> member <vmtarget> ; # org/gradle/internal/watch/registry/impl/DefaultFileWatcherRegistry$$Lambda+0x00000008024fc468
instanceKlass org/gradle/internal/watch/vfs/BuildFinishedFileSystemWatchingBuildOperationType$Details$1
instanceKlass org/gradle/internal/watch/vfs/BuildFinishedFileSystemWatchingBuildOperationType$Details
instanceKlass org/gradle/internal/watch/vfs/impl/WatchingVirtualFileSystem$2
instanceKlass  @bci org/gradle/internal/watch/vfs/impl/WatchingVirtualFileSystem beforeBuildFinished (Lorg/gradle/internal/watch/registry/WatchMode;Lorg/gradle/internal/watch/vfs/VfsLogging;Lorg/gradle/internal/watch/vfs/WatchLogging;Lorg/gradle/internal/operations/BuildOperationRunner;I)V 8 <appendix> member <vmtarget> ; # org/gradle/internal/watch/vfs/impl/WatchingVirtualFileSystem$$Lambda+0x00000008024f3a58
instanceKlass org/gradle/api/internal/tasks/execution/statistics/TaskExecutionStatistics
instanceKlass org/gradle/internal/buildevents/TaskExecutionStatisticsReporter
instanceKlass org/gradle/internal/logging/text/AbstractStyledTextOutput$StyleOverrideTextOutput
instanceKlass  @bci org/gradle/tooling/internal/provider/runner/ToolingApiBuildEventListenerFactory report (Ljava/io/File;Lorg/gradle/problems/buildtree/ProblemReporter$ProblemConsumer;)V 4 <appendix> argL0 ; # org/gradle/tooling/internal/provider/runner/ToolingApiBuildEventListenerFactory$$Lambda+0x00000008024f84d8
instanceKlass org/gradle/tooling/internal/protocol/events/InternalProblemDescriptor
instanceKlass org/gradle/tooling/internal/protocol/problem/InternalProblemDetailsVersion2
instanceKlass org/gradle/tooling/internal/provider/runner/AggregatingProblemConsumer
instanceKlass  @bci org/gradle/internal/buildtree/ProblemReportingBuildActionRunner reportProblems (Ljava/io/File;)Ljava/util/List; 10 <appendix> member <vmtarget> ; # org/gradle/internal/buildtree/ProblemReportingBuildActionRunner$$Lambda+0x00000008024f2bc0
instanceKlass org/gradle/problems/buildtree/ProblemReporter$ProblemConsumer
instanceKlass  @bci org/gradle/api/internal/artifacts/DependencyManagementBuildScopeServices$2 beforeModelDiscarded (Lorg/gradle/api/internal/GradleInternal;Z)V 7 <appendix> argL0 ; # org/gradle/api/internal/artifacts/DependencyManagementBuildScopeServices$2$$Lambda+0x00000008024f8000
# instanceKlass java/lang/invoke/LambdaForm$MH+0x00000008024f1c00
# instanceKlass java/lang/invoke/LambdaForm$MH+0x00000008024f1800
# instanceKlass java/lang/invoke/LambdaForm$MH+0x00000008024f1400
# instanceKlass java/lang/invoke/LambdaForm$MH+0x00000008024f1000
instanceKlass  @bci org/gradle/internal/build/DefaultBuildLifecycleController fireBeforeModelDiscarded (Z)Lorg/gradle/internal/build/ExecutionResult; 18 <appendix> member <vmtarget> ; # org/gradle/internal/build/DefaultBuildLifecycleController$$Lambda+0x00000008024f2738
instanceKlass  @bci org/gradle/internal/model/StateTransitionController transition (Lorg/gradle/internal/model/StateTransitionController$State;Lorg/gradle/internal/model/StateTransitionController$State;Ljava/util/function/Function;)Lorg/gradle/internal/build/ExecutionResult; 8 <appendix> member <vmtarget> ; # org/gradle/internal/model/StateTransitionController$$Lambda+0x00000008024f24e0
instanceKlass  @bci org/gradle/internal/build/DefaultBuildLifecycleController beforeModelDiscarded (Z)Lorg/gradle/internal/build/ExecutionResult; 12 <appendix> member <vmtarget> ; # org/gradle/internal/build/DefaultBuildLifecycleController$$Lambda+0x00000008024f2268
instanceKlass  @bci org/gradle/internal/buildtree/DefaultBuildTreeFinishExecutor finishBuildTree (Ljava/util/List;)Ljava/lang/RuntimeException; 101 <appendix> member <vmtarget> ; # org/gradle/internal/buildtree/DefaultBuildTreeFinishExecutor$$Lambda+0x00000008024f2000
instanceKlass com/intellij/util/containers/LinkedCustomHashMap$LinkedHashIterator
instanceKlass  @bci com/intellij/openapi/extensions/impl/ExtensionPointImpl removeExtensionPointListener (Lcom/intellij/openapi/extensions/ExtensionPointListener;)V 12 <appendix> member <vmtarget> ; # com/intellij/openapi/extensions/impl/ExtensionPointImpl$$Lambda+0x00000008024f4298
instanceKlass com/intellij/util/containers/ConcurrentRefHashMap$EntrySet$1
instanceKlass java/util/AbstractMap$1$1
# instanceKlass java/lang/invoke/LambdaForm$MH+0x00000008024f0c00
# instanceKlass java/lang/invoke/LambdaForm$MH+0x00000008024f0800
instanceKlass org/jetbrains/kotlin/library/KotlinLibrary
instanceKlass org/jetbrains/kotlin/library/IrLibrary
instanceKlass org/jetbrains/kotlin/library/MetadataLibrary
instanceKlass org/jetbrains/kotlin/library/BaseKotlinLibrary
instanceKlass com/google/common/io/Closeables
instanceKlass com/android/builder/internal/aapt/v2/Aapt2DaemonImpl$AllowShutdown
instanceKlass org/jetbrains/kotlin/statistics/BuildSessionLogger$Companion$listProfileFiles$lambda$3$$inlined$sortedBy$1
instanceKlass org/jetbrains/kotlin/statistics/AnonymizerUtilsKt
instanceKlass org/jetbrains/kotlin/statistics/fileloggers/MetricsContainer$MetricDescriptor
instanceKlass org/jetbrains/kotlin/statistics/BuildSession
instanceKlass org/jetbrains/kotlin/gradle/plugin/statistics/DaemonReuseCounter$Companion
instanceKlass org/jetbrains/kotlin/gradle/plugin/statistics/DaemonReuseCounter
instanceKlass org/jetbrains/kotlin/gradle/plugin/statistics/IDaemonReuseCounterMXBean
instanceKlass org/jetbrains/kotlin/gradle/plugin/statistics/BuildFinishMetrics
instanceKlass  @bci org/gradle/internal/build/event/DefaultBuildEventsListenerRegistry unsubscribeAll ()V 27 <appendix> member <vmtarget> ; # org/gradle/internal/build/event/DefaultBuildEventsListenerRegistry$$Lambda+0x0000000801d0fa10
instanceKlass  @bci org/gradle/internal/build/event/DefaultBuildEventsListenerRegistry unsubscribeAll ()V 16 <appendix> argL0 ; # org/gradle/internal/build/event/DefaultBuildEventsListenerRegistry$$Lambda+0x0000000801d0f7a0
instanceKlass org/jetbrains/kotlin/gradle/plugin/internal/state/TaskExecutionResults
instanceKlass org/jetbrains/kotlin/gradle/plugin/internal/state/TaskLoggers
instanceKlass  @bci org/gradle/api/services/internal/RegisteredBuildServiceProvider maybeStop ()V 34 <appendix> member <vmtarget> ; # org/gradle/api/services/internal/RegisteredBuildServiceProvider$$Lambda+0x0000000801d0f538
instanceKlass  @bci org/gradle/api/services/internal/RegisteredBuildServiceProvider maybeStop ()V 5 <appendix> member <vmtarget> ; # org/gradle/api/services/internal/RegisteredBuildServiceProvider$$Lambda+0x0000000801d0f2d0
instanceKlass  @bci org/gradle/api/services/internal/DefaultBuildServicesRegistry lambda$discardAll$9 (ZLorg/gradle/api/NamedDomainObjectSet;)Ljava/lang/Object; 11 <appendix> member <vmtarget> ; # org/gradle/api/services/internal/DefaultBuildServicesRegistry$$Lambda+0x0000000801d0f068
instanceKlass  @bci org/gradle/api/services/internal/DefaultBuildServicesRegistry discardAll (Z)V 3 <appendix> member <vmtarget> ; # org/gradle/api/services/internal/DefaultBuildServicesRegistry$$Lambda+0x0000000801d0edf0
instanceKlass  @bci org/jetbrains/kotlin/gradle/plugin/statistics/BuildFlowService$Inject $gradleInit ()V 1 <appendix> member <vmtarget> ; # org/jetbrains/kotlin/gradle/plugin/statistics/BuildFlowService$Inject$$Lambda+0x00000008024ecfe8
instanceKlass  @bci org/jetbrains/kotlin/gradle/plugin/statistics/BuildFlowService$Parameters$Inject $gradleInit ()V 1 <appendix> member <vmtarget> ; # org/jetbrains/kotlin/gradle/plugin/statistics/BuildFlowService$Parameters$Inject$$Lambda+0x00000008024eca50
instanceKlass org/jetbrains/kotlin/gradle/plugin/statistics/BuildFlowService$Parameters$Inject
instanceKlass org/jetbrains/kotlin/gradle/plugin/cocoapods/KotlinCocoapodsPlugin$Companion
instanceKlass org/jetbrains/kotlin/gradle/plugin/cocoapods/KotlinCocoapodsPlugin
instanceKlass org/jetbrains/kotlin/gradle/plugin/statistics/KotlinBuildStatHandler$collectAppliedPluginsStatistics$1
instanceKlass org/jetbrains/kotlin/gradle/plugin/statistics/KotlinBuildStatHandler$collectConfigurationTimeMetrics$statisticOverhead$1$1
instanceKlass org/jetbrains/kotlin/gradle/plugin/statistics/KotlinBuildStatHandler$collectConfigurationTimeMetrics$1
instanceKlass  @bci org/gradle/api/services/internal/DefaultBuildServicesRegistry lambda$findRegistrations$2 (Ljava/lang/Class;Ljava/lang/String;Lorg/gradle/api/NamedDomainObjectSet;)Lcom/google/common/collect/ImmutableSet; 6 <appendix> member <vmtarget> ; # org/gradle/api/services/internal/DefaultBuildServicesRegistry$$Lambda+0x0000000801d0eb98
instanceKlass  @bci org/gradle/api/services/internal/DefaultBuildServicesRegistry findRegistrations (Ljava/lang/Class;Ljava/lang/String;)Ljava/util/Set; 3 <appendix> member <vmtarget> ; # org/gradle/api/services/internal/DefaultBuildServicesRegistry$$Lambda+0x0000000801d0e920
instanceKlass org/gradle/internal/flow/services/BuildFlowScope$setBuildWorkResult$1$1
instanceKlass org/gradle/api/flow/BuildWorkResult
instanceKlass  @bci org/gradle/api/internal/artifacts/DependencyManagementGradleUserHomeScopeServices$2 buildFinished (Lorg/gradle/BuildResult;)V 7 <appendix> argL0 ; # org/gradle/api/internal/artifacts/DependencyManagementGradleUserHomeScopeServices$2$$Lambda+0x0000000801d0ba20
instanceKlass  @bci org/gradle/internal/build/DefaultBuildLifecycleController lambda$finishBuild$12 (Ljava/lang/Throwable;Lorg/gradle/internal/build/ExecutionResult;)Lorg/gradle/internal/build/ExecutionResult; 63 <appendix> member <vmtarget> ; # org/gradle/internal/build/DefaultBuildLifecycleController$$Lambda+0x0000000801d0e498
instanceKlass  @bci org/gradle/internal/model/StateTransitionController transition (Ljava/util/List;Lorg/gradle/internal/model/StateTransitionController$State;Ljava/util/function/Function;)Lorg/gradle/internal/build/ExecutionResult; 8 <appendix> member <vmtarget> ; # org/gradle/internal/model/StateTransitionController$$Lambda+0x0000000801d0e240
instanceKlass  @bci org/gradle/internal/build/DefaultBuildLifecycleController finishBuild (Ljava/lang/Throwable;)Lorg/gradle/internal/build/ExecutionResult; 12 <appendix> member <vmtarget> ; # org/gradle/internal/build/DefaultBuildLifecycleController$$Lambda+0x0000000801d0dfc8
instanceKlass  @bci org/gradle/composite/internal/DefaultIncludedBuildRegistry visitBuilds (Ljava/util/function/Consumer;)V 18 <appendix> argL0 ; # org/gradle/composite/internal/DefaultIncludedBuildRegistry$$Lambda+0x0000000801d0b7b0
instanceKlass  @bci org/gradle/internal/buildtree/DefaultBuildTreeFinishExecutor finishBuildTree (Ljava/util/List;)Ljava/lang/RuntimeException; 14 <appendix> member <vmtarget> ; # org/gradle/internal/buildtree/DefaultBuildTreeFinishExecutor$$Lambda+0x0000000801d0dd60
instanceKlass org/gradle/composite/internal/OperationFiringBuildTreeFinishExecutor$1
instanceKlass com/flutter/gradle/FlutterPlugin$addFlutterTasks$1$1$1$1$1
instanceKlass com/flutter/gradle/FlutterPlugin$addFlutterTasks$1$1$1$1
instanceKlass com/android/build/gradle/tasks/PackageApplication$Companion$baselineProfileDataForJson$$inlined$sortBy$1
instanceKlass com/android/ide/common/build/BaselineProfileDetails
instanceKlass com/google/wireless/android/sdk/stats/GradleBuildProjectMetricsOrBuilder
instanceKlass com/android/build/gradle/tasks/PackageAndroidArtifact$IncrementalSplitterRunnable$doExecute$1
instanceKlass com/android/build/gradle/tasks/PackageAndroidArtifact$Companion$doTask$4
instanceKlass com/android/build/gradle/tasks/PackageAndroidArtifact$Companion$doTask$3
instanceKlass com/android/build/gradle/tasks/PackageAndroidArtifact$Companion$doTask$2
instanceKlass com/android/signflinger/ApkSigningBlock
instanceKlass com/android/signflinger/SigningBlockUtils
instanceKlass com/android/apksig/DefaultApkSignerEngine$OutputApkSigningBlockRequestImpl
instanceKlass sun/security/rsa/RSACore$BlindingRandomPair
instanceKlass sun/security/rsa/RSACore$BlindingParameters
instanceKlass  @bci sun/security/rsa/RSACore getBlindingRandomPair (Ljava/math/BigInteger;Ljava/math/BigInteger;Ljava/math/BigInteger;)Lsun/security/rsa/RSACore$BlindingRandomPair; 10 <appendix> argL0 ; # sun/security/rsa/RSACore$$Lambda+0x0000000801d54630
instanceKlass com/android/apksig/JcaSignerEngine
instanceKlass  @bci com/android/apksig/SignerEngineFactory getImplementation (Lcom/android/apksig/KeyConfig;Ljava/lang/String;Ljava/security/spec/AlgorithmParameterSpec;)Lcom/android/apksig/SignerEngine; 10 <appendix> member <vmtarget> ; # com/android/apksig/SignerEngineFactory$$Lambda+0x00000008024e4a70
instanceKlass  @bci com/android/apksig/SignerEngineFactory getImplementation (Lcom/android/apksig/KeyConfig;Ljava/lang/String;Ljava/security/spec/AlgorithmParameterSpec;)Lcom/android/apksig/SignerEngine; 3 <appendix> member <vmtarget> ; # com/android/apksig/SignerEngineFactory$$Lambda+0x00000008024e45b0
instanceKlass com/android/apksig/SignerEngine
instanceKlass com/android/apksig/SignerEngineFactory
instanceKlass com/android/apksig/internal/apk/ApkSigningBlockUtilsLite
instanceKlass com/android/apksig/internal/apk/v2/V2SchemeSigner$V2SignatureSchemeBlock$Signer
instanceKlass com/android/apksig/internal/apk/v2/V2SchemeSigner$V2SignatureSchemeBlock$SignedData
instanceKlass com/android/apksig/internal/util/ByteBufferUtils
instanceKlass com/android/apksig/internal/x509/RSAPublicKey
instanceKlass com/android/apksig/internal/asn1/Asn1OpaqueObject
instanceKlass com/android/apksig/internal/asn1/Asn1BerParser$BerToJavaConverter
instanceKlass  @bci com/android/apksig/internal/asn1/Asn1BerParser parseSequence (Lcom/android/apksig/internal/asn1/ber/BerDataValue;Ljava/lang/Class;Z)Ljava/lang/Object; 6 <appendix> argL0 ; # com/android/apksig/internal/asn1/Asn1BerParser$$Lambda+0x00000008024e29b0
instanceKlass com/android/apksig/internal/asn1/Asn1BerParser$AnnotatedField
instanceKlass com/android/apksig/internal/asn1/Asn1Field
instanceKlass com/android/apksig/internal/pkcs7/AlgorithmIdentifier
instanceKlass com/android/apksig/internal/asn1/ber/BerEncoding$1
instanceKlass com/android/apksig/internal/asn1/Asn1BerParser$1
instanceKlass com/android/apksig/internal/asn1/Asn1Class
instanceKlass com/android/apksig/internal/asn1/ber/BerDataValue
instanceKlass com/android/apksig/internal/asn1/ber/BerEncoding
instanceKlass com/android/apksig/internal/asn1/ber/ByteBufferBerDataValueReader
instanceKlass com/android/apksig/internal/asn1/ber/BerDataValueReader
instanceKlass com/android/apksig/internal/asn1/Asn1BerParser
instanceKlass com/android/apksig/internal/x509/SubjectPublicKeyInfo
instanceKlass com/android/apksig/internal/apk/ApkSigningBlockUtils$SigningSchemeBlockAndDigests
instanceKlass com/android/apksig/internal/apk/ApkSigningBlockUtils$ChunkSupplier$Chunk
instanceKlass com/android/apksig/internal/util/MessageDigestSink
instanceKlass com/android/apksig/util/ReadableDataSink
instanceKlass com/android/apksig/util/DataSink
instanceKlass com/android/apksig/util/DataSinks
instanceKlass com/android/apksig/internal/apk/ApkSigningBlockUtils$ChunkDigester
instanceKlass  @bci com/android/apksig/internal/apk/ApkSigningBlockUtils computeOneMbChunkContentDigests (Lcom/android/apksig/util/RunnablesExecutor;Ljava/util/Set;[Lcom/android/apksig/util/DataSource;Ljava/util/Map;)V 185 <appendix> member <vmtarget> ; # com/android/apksig/internal/apk/ApkSigningBlockUtils$$Lambda+0x00000008024de410
instanceKlass com/android/apksig/internal/apk/ApkSigningBlockUtils$ChunkSupplier
instanceKlass com/android/apksig/internal/apk/ApkSigningBlockUtils$ChunkDigests
instanceKlass com/android/apksig/internal/apk/v2/V2SchemeSigner
instanceKlass com/android/apksig/internal/apk/ApkSigningBlockUtils$SignerConfig
instanceKlass com/android/apksig/internal/util/ByteBufferDataSource
instanceKlass com/android/apksig/internal/zip/ZipUtils
instanceKlass com/android/apksig/internal/util/Pair
instanceKlass com/android/apksig/zip/ZipSections
instanceKlass com/android/apksig/internal/apk/ApkSigningBlockUtils
instanceKlass com/android/apksig/internal/util/FileChannelDataSource
instanceKlass com/android/apksig/util/DataSources
instanceKlass  @bci com/android/zipflinger/StableArchive close ()V 61 <appendix> argL0 ; # com/android/zipflinger/StableArchive$$Lambda+0x00000008024daa48
instanceKlass  @bci com/android/zipflinger/StableArchive close ()V 19 <appendix> argL0 ; # com/android/zipflinger/StableArchive$$Lambda+0x00000008024da7d8
instanceKlass  @bci com/android/zipflinger/StableArchive close ()V 4 <appendix> argL0 ; # com/android/zipflinger/StableArchive$$Lambda+0x00000008024da568
instanceKlass com/google/common/collect/HashBiMap$Itr
instanceKlass  @bci com/android/builder/internal/packaging/IncrementalPackager addFiles (Ljava/util/Collection;)V 302 <appendix> member <vmtarget> ; # com/android/builder/internal/packaging/IncrementalPackager$$Lambda+0x00000008024d9690
instanceKlass  @bci com/android/builder/internal/packaging/IncrementalPackager addFiles (Ljava/util/Collection;)V 295 <appendix> member <vmtarget> ; # com/android/builder/internal/packaging/IncrementalPackager$$Lambda+0x00000008024d93f8
instanceKlass  @bci com/android/builder/internal/packaging/IncrementalPackager addFiles (Ljava/util/Collection;)V 178 <appendix> argL0 ; # com/android/builder/internal/packaging/IncrementalPackager$$Lambda+0x00000008024d8c58
instanceKlass  @bci com/android/builder/internal/packaging/IncrementalPackager addFiles (Ljava/util/Collection;)V 153 <appendix> argL0 ; # com/android/builder/internal/packaging/IncrementalPackager$$Lambda+0x00000008024d89e8
instanceKlass  @bci com/android/builder/internal/packaging/IncrementalPackager addFiles (Ljava/util/Collection;)V 119 <appendix> member <vmtarget> ; # com/android/builder/internal/packaging/IncrementalPackager$$Lambda+0x00000008024d8760
instanceKlass com/android/builder/internal/packaging/ApkFlinger$writeFile$1
instanceKlass  @bci com/android/builder/internal/packaging/IncrementalPackager addFiles (Ljava/util/Collection;)V 31 <appendix> member <vmtarget> ; # com/android/builder/internal/packaging/IncrementalPackager$$Lambda+0x00000008024d8280
instanceKlass  @bci com/android/builder/internal/packaging/IncrementalPackager addFiles (Ljava/util/Collection;)V 18 <appendix> argL0 ; # com/android/builder/internal/packaging/IncrementalPackager$$Lambda+0x00000008024d8000
instanceKlass com/android/builder/internal/packaging/ApkFlinger$writeZip$ignorePredicate$1
instanceKlass com/android/zipflinger/StableArchive
instanceKlass com/android/zipflinger/SynchronizedArchive
instanceKlass com/android/apksig/util/RunnablesExecutor$1
instanceKlass  @bci com/android/apksig/util/RunnablesExecutor <clinit> ()V 0 <appendix> argL0 ; # com/android/apksig/util/RunnablesExecutor$$Lambda+0x00000008024d70e8
instanceKlass com/android/apksig/ApkSignerEngine$OutputApkSigningBlockRequest2
instanceKlass com/android/apksig/ApkSignerEngine$OutputJarSignatureRequest
instanceKlass com/android/apksig/ApkSignerEngine$InspectJarEntryRequest
instanceKlass com/android/apksig/ApkSignerEngine$OutputApkSigningBlockRequest
instanceKlass com/android/apksig/DefaultApkSignerEngine
instanceKlass  @bci com/android/apksig/DefaultApkSignerEngine$Builder setTargetedSignerConfigs ()V 4 <appendix> argL0 ; # com/android/apksig/DefaultApkSignerEngine$Builder$$Lambda+0x00000008024d61e8
instanceKlass com/android/apksig/DefaultApkSignerEngine$Builder
instanceKlass com/android/apksig/DefaultApkSignerEngine$SignerConfig
instanceKlass com/android/apksig/KeyConfig
instanceKlass com/android/apksig/DefaultApkSignerEngine$SignerConfig$Builder
instanceKlass com/android/apksig/util/DataSource
instanceKlass com/android/apksig/ApkSignerEngine
instanceKlass com/android/signflinger/SignedApk
instanceKlass com/android/signflinger/SignedApkOptions
instanceKlass com/android/signflinger/SignedApkOptions$Builder
instanceKlass com/android/builder/internal/packaging/ApkFlinger$3
instanceKlass com/android/builder/internal/packaging/ApkFlinger$2
instanceKlass com/android/builder/internal/packaging/ApkFlinger$WhenMappings
instanceKlass com/android/builder/internal/packaging/ApkFlinger$Companion
instanceKlass com/android/builder/internal/packaging/ApkFlinger
instanceKlass  @bci com/android/builder/internal/packaging/IncrementalPackager updateSingleEntryJars (Ljava/util/Collection;)V 139 <appendix> argL0 ; # com/android/builder/internal/packaging/IncrementalPackager$$Lambda+0x00000008024d3840
instanceKlass  @bci com/android/builder/internal/packaging/IncrementalPackager updateSingleEntryJars (Ljava/util/Collection;)V 119 <appendix> argL0 ; # com/android/builder/internal/packaging/IncrementalPackager$$Lambda+0x00000008024d35c0
instanceKlass  @bci com/android/builder/internal/packaging/IncrementalPackager updateSingleEntryJars (Ljava/util/Collection;)V 36 <appendix> argL0 ; # com/android/builder/internal/packaging/IncrementalPackager$$Lambda+0x00000008024d3350
instanceKlass  @bci com/android/builder/internal/packaging/IncrementalPackager updateSingleEntryJars (Ljava/util/Collection;)V 18 <appendix> argL0 ; # com/android/builder/internal/packaging/IncrementalPackager$$Lambda+0x00000008024d30d0
instanceKlass  @bci com/android/builder/internal/packaging/IncrementalPackager deleteFiles (Ljava/util/Collection;)V 36 <appendix> argL0 ; # com/android/builder/internal/packaging/IncrementalPackager$$Lambda+0x00000008024d2e60
instanceKlass  @bci com/android/builder/internal/packaging/IncrementalPackager deleteFiles (Ljava/util/Collection;)V 18 <appendix> argL0 ; # com/android/builder/internal/packaging/IncrementalPackager$$Lambda+0x00000008024d2be0
instanceKlass  @bci com/android/builder/internal/packaging/IncrementalPackager getPackagedFileUpdates (Ljava/util/Collection;Ljava/lang/String;)Ljava/util/List; 7 <appendix> member <vmtarget> ; # com/android/builder/internal/packaging/IncrementalPackager$$Lambda+0x00000008024d2968
instanceKlass  @bci com/android/builder/internal/packaging/IncrementalPackager updateFiles ()V 68 <appendix> member <vmtarget> ; # com/android/builder/internal/packaging/IncrementalPackager$$Lambda+0x00000008024d26b0
instanceKlass com/android/builder/internal/packaging/PackagedFileUpdates
instanceKlass com/google/common/base/Predicates$CompositionPredicate
instanceKlass  @bci com/android/builder/internal/packaging/IncrementalPackager updateFiles ()V 31 <appendix> argL0 ; # com/android/builder/internal/packaging/IncrementalPackager$$Lambda+0x00000008024d0238
instanceKlass com/android/builder/internal/packaging/DexIncrementalRenameManager$1
instanceKlass  @bci com/android/builder/internal/packaging/DexIncrementalRenameManager update (Ljava/util/Map;)Ljava/util/Set; 613 <appendix> argL0 ; # com/android/builder/internal/packaging/DexIncrementalRenameManager$$Lambda+0x00000008024cdbd0
instanceKlass  @bci com/android/builder/internal/packaging/DexIncrementalRenameManager update (Ljava/util/Map;)Ljava/util/Set; 603 <appendix> argL0 ; # com/android/builder/internal/packaging/DexIncrementalRenameManager$$Lambda+0x00000008024cd960
instanceKlass com/android/builder/internal/packaging/PackagedFileUpdate
instanceKlass  @bci com/android/builder/internal/packaging/DexIncrementalRenameManager update (Ljava/util/Map;)Ljava/util/Set; 593 <appendix> member <vmtarget> ; # com/android/builder/internal/packaging/DexIncrementalRenameManager$$Lambda+0x00000008024cd4a0
instanceKlass com/android/builder/internal/packaging/DexIncrementalRenameManager$Bucket
instanceKlass  @bci com/android/builder/internal/packaging/DexIncrementalRenameManager update (Ljava/util/Map;)Ljava/util/Set; 566 <appendix> member <vmtarget> ; # com/android/builder/internal/packaging/DexIncrementalRenameManager$$Lambda+0x00000008024cfb30
instanceKlass  @bci com/android/builder/internal/packaging/DexIncrementalRenameManager update (Ljava/util/Map;)Ljava/util/Set; 43 <appendix> argL0 ; # com/android/builder/internal/packaging/DexIncrementalRenameManager$$Lambda+0x00000008024cf8e0
instanceKlass com/android/builder/internal/packaging/DexIncrementalRenameManager$DexFileComparator
instanceKlass  @bci com/android/builder/internal/packaging/DexIncrementalRenameManager update (Ljava/util/Map;)Ljava/util/Set; 21 <appendix> argL0 ; # com/android/builder/internal/packaging/DexIncrementalRenameManager$$Lambda+0x00000008024cf398
instanceKlass  @bci com/android/builder/internal/packaging/DexIncrementalRenameManager update (Ljava/util/Map;)Ljava/util/Set; 11 <appendix> argL0 ; # com/android/builder/internal/packaging/DexIncrementalRenameManager$$Lambda+0x00000008024cf118
instanceKlass com/android/builder/files/NativeLibraryAbiPredicate
instanceKlass com/android/builder/internal/packaging/DexIncrementalRenameManager
instanceKlass com/android/tools/build/apkzlib/zfile/ApkZFileCreatorFactory
instanceKlass com/android/build/gradle/internal/packaging/ApkCreatorFactories
instanceKlass com/android/tools/build/apkzlib/zfile/ApkCreator
instanceKlass com/android/builder/internal/packaging/IncrementalPackager
instanceKlass  @bci com/android/build/gradle/internal/packaging/IncrementalPackagerBuilder build ()Lcom/android/builder/internal/packaging/IncrementalPackager; 54 <appendix> member <vmtarget> ; # com/android/build/gradle/internal/packaging/IncrementalPackagerBuilder$$Lambda+0x00000008024ce000
instanceKlass  @bci com/android/build/gradle/internal/packaging/IncrementalPackagerBuilder withSigning (Lcom/android/build/gradle/internal/signing/SigningConfigData;Lcom/android/build/gradle/internal/signing/SigningConfigVersions;I[B)Lcom/android/build/gradle/internal/packaging/IncrementalPackagerBuilder; 195 <appendix> argL0 ; # com/android/build/gradle/internal/packaging/IncrementalPackagerBuilder$$Lambda+0x00000008024cb9c8
instanceKlass com/android/apksig/util/RunnablesProvider
instanceKlass com/android/apksig/util/RunnablesExecutor
instanceKlass com/android/build/gradle/internal/packaging/IncrementalPackagerBuilder$1
instanceKlass com/android/tools/build/apkzlib/sign/SigningOptions$Builder
instanceKlass com/android/tools/build/apkzlib/sign/SigningOptions
instanceKlass com/android/ide/common/signing/CertificateInfo
instanceKlass java/security/KeyStore$PrivateKeyEntry
instanceKlass java/security/KeyStore$Entry
instanceKlass  @bci sun/security/pkcs12/PKCS12KeyStore internalGetKey (Lsun/security/pkcs12/PKCS12KeyStore$Entry;[C)Ljava/security/Key; 227 <appendix> member <vmtarget> ; # sun/security/pkcs12/PKCS12KeyStore$$Lambda+0x0000000801d52ff8
instanceKlass sun/security/pkcs/EncryptedPrivateKeyInfo
instanceKlass java/security/KeyStore$PasswordProtection
instanceKlass sun/security/tools/KeyStoreUtil
instanceKlass com/sun/crypto/provider/PKCS12PBECipherCore
instanceKlass sun/security/util/PBEUtil
instanceKlass  @bci sun/security/pkcs12/PKCS12KeyStore engineLoad (Ljava/io/InputStream;[C)V 844 <adapter> ; # java/lang/invoke/LambdaForm$MH+0x00000008024ccc00
instanceKlass  @cpi sun/security/pkcs12/PKCS12KeyStore 1788 form vmentry <vmtarget> ; # java/lang/invoke/LambdaForm$DMH+0x00000008024cc800
instanceKlass  @bci sun/security/pkcs12/PKCS12KeyStore engineLoad (Ljava/io/InputStream;[C)V 844 <appendix> form vmentry <vmtarget> ; # java/lang/invoke/LambdaForm$DMH+0x00000008024cc400
instanceKlass  @bci sun/security/pkcs12/PKCS12KeyStore engineLoad (Ljava/io/InputStream;[C)V 844 <appendix> member <vmtarget> ; # sun/security/pkcs12/PKCS12KeyStore$$Lambda+0x0000000801d51d10
instanceKlass  @cpi sun/security/pkcs12/PKCS12KeyStore 1796 form vmentry <vmtarget> ; # java/lang/invoke/LambdaForm$DMH+0x00000008024cc000
instanceKlass sun/security/pkcs12/MacData
instanceKlass  @bci com/sun/crypto/provider/PBKDF2KeyImpl <init> (Ljavax/crypto/spec/PBEKeySpec;Ljava/lang/String;)V 237 <appendix> member <vmtarget> ; # com/sun/crypto/provider/PBKDF2KeyImpl$$Lambda+0x0000000801d51850
instanceKlass com/sun/crypto/provider/PBKDF2KeyImpl$1
instanceKlass com/sun/crypto/provider/PBKDF2KeyImpl
instanceKlass javax/crypto/interfaces/PBEKey
instanceKlass  @bci com/sun/crypto/provider/PBEKey <init> (Ljavax/crypto/spec/PBEKeySpec;Ljava/lang/String;Z)V 150 <appendix> member <vmtarget> ; # com/sun/crypto/provider/PBEKey$$Lambda+0x0000000801d50df0
instanceKlass com/sun/crypto/provider/PBEKey
instanceKlass javax/crypto/SecretKeyFactory
instanceKlass javax/crypto/spec/PBEKeySpec
instanceKlass javax/crypto/SecretKeyFactorySpi
instanceKlass sun/security/util/PBEUtil$PBES2Params
instanceKlass  @bci sun/security/pkcs12/PKCS12KeyStore engineLoad (Ljava/io/InputStream;[C)V 592 <appendix> member <vmtarget> ; # sun/security/pkcs12/PKCS12KeyStore$$Lambda+0x0000000801d4f0b0
instanceKlass sun/security/pkcs12/PKCS12KeyStore$RetryWithZero
instanceKlass javax/crypto/spec/PBEParameterSpec
instanceKlass  @bci sun/security/util/DerInputStream checkNextTag (B)Z 2 <appendix> member <vmtarget> ; # sun/security/util/DerInputStream$$Lambda+0x0000000801d4e9a8
instanceKlass  @bci com/android/tools/build/apkzlib/zfile/ApkCreatorFactory$CreationData builder ()Lcom/android/tools/build/apkzlib/zfile/ApkCreatorFactory$CreationData$Builder; 15 <appendix> argL0 ; # com/android/tools/build/apkzlib/zfile/ApkCreatorFactory$CreationData$$Lambda+0x00000008024c9f70
instanceKlass com/android/tools/build/apkzlib/zfile/ApkCreatorFactory
instanceKlass com/android/tools/build/apkzlib/zfile/ApkCreatorFactory$CreationData$Builder
instanceKlass com/android/tools/build/apkzlib/zfile/ApkCreatorFactory$CreationData
instanceKlass com/android/build/gradle/internal/packaging/IncrementalPackagerBuilder
instanceKlass com/android/build/gradle/internal/manifest/ManifestData$AndroidTarget
instanceKlass com/android/build/gradle/internal/manifest/ManifestData
instanceKlass com/android/build/gradle/internal/manifest/ManifestDataKt
instanceKlass  @bci com/android/builder/files/IncrementalRelativeFileSets fromZip (Lcom/android/builder/files/ZipCentralDirectory;Lcom/android/ide/common/resources/FileStatus;)Lcom/google/common/collect/ImmutableMap; 8 <appendix> member <vmtarget> ; # com/android/builder/files/IncrementalRelativeFileSets$$Lambda+0x00000008024c1a58
instanceKlass  @bci com/android/builder/files/IncrementalRelativeFileSets fromZip (Lcom/android/builder/files/ZipCentralDirectory;Lcom/android/builder/files/KeyedFileCache;Ljava/util/Set;)Ljava/util/Map; 33 <appendix> member <vmtarget> ; # com/android/builder/files/IncrementalRelativeFileSets$$Lambda+0x00000008024c1800
instanceKlass com/android/builder/files/IncrementalRelativeFileSets
instanceKlass com/android/builder/files/IncrementalChanges
instanceKlass com/android/build/gradle/tasks/PackageAndroidArtifact$IncrementalSplitterRunnable$doExecute$cache$1
instanceKlass  @bci com/android/build/gradle/tasks/PackageAndroidArtifact$IncrementalSplitterRunnable$Inject $gradleInit ()V 1 <appendix> member <vmtarget> ; # com/android/build/gradle/tasks/PackageAndroidArtifact$IncrementalSplitterRunnable$Inject$$Lambda+0x00000008024c3530
instanceKlass com/android/build/gradle/tasks/PackageAndroidArtifact$IncrementalSplitterRunnable$Companion
instanceKlass  @bci com/android/build/gradle/tasks/PackageAndroidArtifact$SplitterParams$Inject $gradleInit ()V 1 <appendix> member <vmtarget> ; # com/android/build/gradle/tasks/PackageAndroidArtifact$SplitterParams$Inject$$Lambda+0x00000008024c2d10
# instanceKlass java/lang/invoke/LambdaForm$MH+0x00000008024c0800
instanceKlass com/android/build/gradle/internal/signing/SigningConfigProviderParams$Companion
instanceKlass  @bci com/android/build/gradle/tasks/PackageAndroidArtifact$SplitterParams_Decorated $gradleInit ()V 1 <appendix> member <vmtarget> ; # com/android/build/gradle/tasks/PackageAndroidArtifact$SplitterParams_Decorated$$Lambda+0x00000008024c79a8
instanceKlass com/android/build/gradle/tasks/PackageAndroidArtifact$SplitterParams
instanceKlass com/android/build/gradle/tasks/PackageAndroidArtifact$IncrementalSplitterRunnable
instanceKlass com/android/build/gradle/tasks/PackageAndroidArtifact$Companion$checkFileNameUniqueness$repeatingFileNameOptional$2
instanceKlass com/android/build/gradle/tasks/PackageAndroidArtifact$Companion$checkFileNameUniqueness$repeatingFileNameOptional$1
instanceKlass com/android/build/gradle/tasks/PackageAndroidArtifact$Companion$checkFileNameUniqueness$fileOutputs$1
instanceKlass  @bci org/gradle/api/internal/changedetection/state/PropertiesFileAwareClasspathResourceHasher hashProperties (Ljava/io/InputStream;Lorg/gradle/api/internal/changedetection/state/ResourceEntryFilter;)Lorg/gradle/internal/hash/HashCode; 72 <appendix> member <vmtarget> ; # org/gradle/api/internal/changedetection/state/PropertiesFileAwareClasspathResourceHasher$$Lambda+0x0000000801d0daf8
instanceKlass  @bci org/gradle/api/internal/changedetection/state/PropertiesFileAwareClasspathResourceHasher hashProperties (Ljava/io/InputStream;Lorg/gradle/api/internal/changedetection/state/ResourceEntryFilter;)Lorg/gradle/internal/hash/HashCode; 53 <appendix> member <vmtarget> ; # org/gradle/api/internal/changedetection/state/PropertiesFileAwareClasspathResourceHasher$$Lambda+0x0000000801d0d870
instanceKlass  @bci org/gradle/api/internal/changedetection/state/PropertiesFileAwareClasspathResourceHasher lambda$tryHash$4 (Lorg/gradle/internal/fingerprint/hashing/ZipEntryContext;Lorg/gradle/api/internal/changedetection/state/ResourceEntryFilter;)Lorg/gradle/internal/hash/HashCode; 8 <appendix> member <vmtarget> ; # org/gradle/api/internal/changedetection/state/PropertiesFileAwareClasspathResourceHasher$$Lambda+0x0000000801d0d378
instanceKlass  @bci org/gradle/api/internal/changedetection/state/PropertiesFileAwareClasspathResourceHasher tryHash (Lorg/gradle/internal/fingerprint/hashing/ZipEntryContext;)Ljava/util/Optional; 15 <appendix> member <vmtarget> ; # org/gradle/api/internal/changedetection/state/PropertiesFileAwareClasspathResourceHasher$$Lambda+0x0000000801d0d100
instanceKlass  @bci org/gradle/api/internal/changedetection/state/PropertiesFileAwareClasspathResourceHasher matchingFiltersFor (Ljava/util/function/Supplier;)Lorg/gradle/api/internal/changedetection/state/ResourceEntryFilter; 25 <appendix> argL0 ; # org/gradle/api/internal/changedetection/state/PropertiesFileAwareClasspathResourceHasher$$Lambda+0x0000000801d0ce90
instanceKlass  @bci org/gradle/api/internal/changedetection/state/PropertiesFileAwareClasspathResourceHasher matchingFiltersFor (Ljava/util/function/Supplier;)Lorg/gradle/api/internal/changedetection/state/ResourceEntryFilter; 15 <appendix> member <vmtarget> ; # org/gradle/api/internal/changedetection/state/PropertiesFileAwareClasspathResourceHasher$$Lambda+0x0000000801d0cc08
instanceKlass com/google/common/hash/Java8Compatibility
instanceKlass com/google/common/hash/Hashing$Sha256Holder
instanceKlass com/android/build/gradle/internal/dsl/ModulePropertyKey$OptionalString$Companion
instanceKlass com/android/build/gradle/tasks/PackageAndroidArtifact$nativeLibrariesAndDexPackagingModeNames$1$parser$1
instanceKlass com/android/builder/core/DefaultManifestParser
instanceKlass com/android/builder/core/ManifestAttributeSupplier
instanceKlass com/android/build/gradle/tasks/PackageAndroidArtifact$nativeLibrariesAndDexPackagingModeNames$1
instanceKlass com/android/utils/LineCollector
instanceKlass com/android/ide/common/process/ProcessResultImpl
instanceKlass com/android/ide/common/process/DefaultProcessExecutor$1
instanceKlass com/android/utils/StdLogger
instanceKlass com/android/ide/common/process/DefaultProcessExecutor
instanceKlass com/android/build/gradle/internal/tasks/OptimizeResourcesTaskKt
instanceKlass  @bci com/android/build/gradle/internal/tasks/OptimizeResourcesTask$Aapt2OptimizeWorkAction$Inject $gradleInit ()V 1 <appendix> member <vmtarget> ; # com/android/build/gradle/internal/tasks/OptimizeResourcesTask$Aapt2OptimizeWorkAction$Inject$$Lambda+0x00000008024be840
instanceKlass  @bci com/android/build/gradle/internal/tasks/OptimizeResourcesTask$OptimizeResourcesParams$Inject $gradleInit ()V 1 <appendix> member <vmtarget> ; # com/android/build/gradle/internal/tasks/OptimizeResourcesTask$OptimizeResourcesParams$Inject$$Lambda+0x00000008024be2a8
instanceKlass com/android/build/gradle/internal/tasks/OptimizeResourcesTask$OptimizeResourcesParams$Inject
instanceKlass  @bci com/android/build/gradle/internal/tasks/OptimizeResourcesTask$OptimizeResourcesParams_Decorated $gradleInit ()V 1 <appendix> member <vmtarget> ; # com/android/build/gradle/internal/tasks/OptimizeResourcesTask$OptimizeResourcesParams_Decorated$$Lambda+0x00000008024bdc90
instanceKlass com/android/build/gradle/internal/tasks/OptimizeResourcesTask$OptimizeResourcesParams_Decorated
instanceKlass com/android/build/gradle/internal/tasks/OptimizeResourcesTask$OptimizeResourcesParams
instanceKlass com/android/build/gradle/internal/tasks/OptimizeResourcesTask$Aapt2OptimizeWorkAction
instanceKlass com/android/builder/internal/aapt/AaptConvertConfig
instanceKlass  @bci com/android/build/gradle/internal/res/ConvertProtoResourcesAction$Inject $gradleInit ()V 1 <appendix> member <vmtarget> ; # com/android/build/gradle/internal/res/ConvertProtoResourcesAction$Inject$$Lambda+0x00000008024bcbe0
instanceKlass  @bci com/android/build/gradle/internal/res/ConvertProtoResourcesParams$Inject $gradleInit ()V 1 <appendix> member <vmtarget> ; # com/android/build/gradle/internal/res/ConvertProtoResourcesParams$Inject$$Lambda+0x00000008024bc5f8
instanceKlass  @bci com/android/build/gradle/internal/res/ConvertProtoResourcesParams_Decorated $gradleInit ()V 1 <appendix> member <vmtarget> ; # com/android/build/gradle/internal/res/ConvertProtoResourcesParams_Decorated$$Lambda+0x00000008024bc018
instanceKlass com/android/build/gradle/internal/res/ConvertProtoResourcesParams
instanceKlass com/android/build/gradle/internal/res/ConvertProtoResourcesAction
instanceKlass com/android/build/shrinker/ResourceShrinkerImplKt
instanceKlass com/android/build/shrinker/ApkArchiveFormat
instanceKlass com/android/build/shrinker/ArchiveFormat
instanceKlass  @bci com/android/build/shrinker/PossibleResourcesMarker possibleFormatting (Ljava/lang/String;)Ljava/util/stream/Stream; 21 <appendix> member <vmtarget> ; # com/android/build/shrinker/PossibleResourcesMarker$$Lambda+0x00000008024b39c8
instanceKlass  @bci com/android/build/shrinker/PossibleResourcesMarker possibleWebResources (Ljava/util/Set;Ljava/lang/String;)Ljava/util/stream/Stream; 107 <appendix> member <vmtarget> ; # com/android/build/shrinker/PossibleResourcesMarker$$Lambda+0x00000008024b3750
instanceKlass  @bci com/android/build/shrinker/PossibleResourcesMarker possibleWebResources (Ljava/util/Set;Ljava/lang/String;)Ljava/util/stream/Stream; 95 <appendix> member <vmtarget> ; # com/android/build/shrinker/PossibleResourcesMarker$$Lambda+0x00000008024b34c8
instanceKlass com/google/common/primitives/Longs$AsciiDigits
instanceKlass com/google/common/primitives/Longs
instanceKlass  @bci com/android/build/shrinker/PossibleResourcesMarker lambda$markPossibleResourcesReachable$3 (Ljava/lang/String;Lcom/android/ide/common/resources/usage/ResourceUsageModel$Resource;)V 6 <appendix> member <vmtarget> ; # com/android/build/shrinker/PossibleResourcesMarker$$Lambda+0x00000008024b2b30
instanceKlass  @bci com/google/common/collect/CollectSpliterators$FlatMapSpliterator forEachRemaining (Ljava/util/function/Consumer;)V 28 <appendix> member <vmtarget> ; # com/google/common/collect/CollectSpliterators$FlatMapSpliterator$$Lambda+0x00000008024b28c8
instanceKlass  @bci com/android/build/shrinker/PossibleResourcesMarker lambda$markPossibleResourcesReachable$4 (Ljava/util/Set;Ljava/lang/String;)Ljava/util/stream/Stream; 240 <appendix> member <vmtarget> ; # com/android/build/shrinker/PossibleResourcesMarker$$Lambda+0x00000008024b2660
instanceKlass  @bci com/google/common/collect/Streams concat ([Ljava/util/stream/Stream;)Ljava/util/stream/Stream; 122 <appendix> member <vmtarget> ; # com/google/common/collect/Streams$$Lambda+0x00000008024b2408
instanceKlass  @bci com/google/common/collect/CollectSpliterators$FlatMapSpliteratorOfObject <init> (Ljava/util/Spliterator;Ljava/util/Spliterator;Ljava/util/function/Function;IJ)V 4 <appendix> argL0 ; # com/google/common/collect/CollectSpliterators$FlatMapSpliteratorOfObject$$Lambda+0x00000008024b21b8
instanceKlass com/google/common/collect/CollectSpliterators$FlatMapSpliterator$Factory
instanceKlass com/google/common/collect/CollectSpliterators$FlatMapSpliterator
instanceKlass  @bci com/google/common/collect/Streams concat ([Ljava/util/stream/Stream;)Ljava/util/stream/Stream; 107 <appendix> argL0 ; # com/google/common/collect/Streams$$Lambda+0x00000008024b17c8
instanceKlass com/google/common/math/LongMath
instanceKlass com/google/common/collect/Streams
instanceKlass  @bci com/android/build/shrinker/PossibleResourcesMarker possiblePrefixMatch (Ljava/lang/String;)Ljava/util/stream/Stream; 13 <appendix> member <vmtarget> ; # com/android/build/shrinker/PossibleResourcesMarker$$Lambda+0x00000008024b10d0
instanceKlass  @bci com/android/build/shrinker/PossibleResourcesMarker markPossibleResourcesReachable ()V 93 <appendix> argL0 ; # com/android/build/shrinker/PossibleResourcesMarker$$Lambda+0x00000008024b0e70
instanceKlass  @bci com/android/build/shrinker/PossibleResourcesMarker markPossibleResourcesReachable ()V 83 <appendix> member <vmtarget> ; # com/android/build/shrinker/PossibleResourcesMarker$$Lambda+0x00000008024b0bf8
instanceKlass  @bci com/android/build/shrinker/PossibleResourcesMarker markPossibleResourcesReachable ()V 71 <appendix> member <vmtarget> ; # com/android/build/shrinker/PossibleResourcesMarker$$Lambda+0x00000008024b0978
instanceKlass java/util/stream/ReduceOps$6ReducingSink
instanceKlass  @bci java/util/stream/IntPipeline min ()Ljava/util/OptionalInt; 1 <appendix> argL0 ; # java/util/stream/IntPipeline$$Lambda+0x0000000801d4dc08
instanceKlass  @bci com/android/build/shrinker/PossibleResourcesMarker markPossibleResourcesReachable ()V 40 <appendix> argL0 ; # com/android/build/shrinker/PossibleResourcesMarker$$Lambda+0x00000008024b0728
instanceKlass  @bci com/android/build/shrinker/PossibleResourcesMarker markPossibleResourcesReachable ()V 12 <appendix> argL0 ; # com/android/build/shrinker/PossibleResourcesMarker$$Lambda+0x00000008024b04b8
instanceKlass com/android/build/shrinker/PossibleResourcesMarker
instanceKlass  @bci com/android/build/shrinker/ResourceShrinkerModel lambda$keepPossiblyReferencedResources$3 ()Ljava/lang/String; 61 <adapter> ; # java/lang/invoke/LambdaForm$MH+0x00000008024b7800
# instanceKlass java/lang/invoke/LambdaForm$DMH+0x00000008024b7400
instanceKlass  @bci com/android/build/shrinker/ResourceShrinkerModel lambda$keepPossiblyReferencedResources$3 ()Ljava/lang/String; 61 <appendix> form vmentry <vmtarget> ; # java/lang/invoke/LambdaForm$MH+0x00000008024b7000
# instanceKlass java/lang/invoke/LambdaForm$MH+0x00000008024b6c00
instanceKlass  @bci com/android/build/shrinker/ResourceShrinkerModel lambda$keepPossiblyReferencedResources$3 ()Ljava/lang/String; 61 <appendix> form names 7 function resolvedHandle form vmentry <vmtarget> ; # java/lang/invoke/LambdaForm$DMH+0x00000008024b6800
instanceKlass  @bci com/android/build/shrinker/ResourceShrinkerModel lambda$keepPossiblyReferencedResources$3 ()Ljava/lang/String; 61 <appendix> argL3 form vmentry <vmtarget> ; # java/lang/invoke/LambdaForm$MH+0x00000008024b6400
# instanceKlass java/lang/invoke/LambdaForm$MH+0x00000008024b6000
# instanceKlass java/lang/invoke/LambdaForm$MH+0x00000008024b5c00
# instanceKlass java/lang/invoke/LambdaForm$MH+0x00000008024b5800
# instanceKlass java/lang/invoke/LambdaForm$MH+0x00000008024b5400
instanceKlass  @bci com/android/build/shrinker/ResourceShrinkerModel lambda$keepPossiblyReferencedResources$3 ()Ljava/lang/String; 61 <appendix> form names 11 function resolvedHandle form vmentry <vmtarget> ; # java/lang/invoke/LambdaForm$DMH+0x00000008024b5000
instanceKlass  @bci com/android/build/shrinker/ResourceShrinkerModel lambda$keepPossiblyReferencedResources$3 ()Ljava/lang/String; 61 <appendix> argL1 form vmentry <vmtarget> ; # java/lang/invoke/LambdaForm$MH+0x00000008024b4c00
# instanceKlass java/lang/invoke/LambdaForm$MH+0x00000008024b4800
# instanceKlass java/lang/invoke/LambdaForm$MH+0x00000008024b4400
# instanceKlass java/lang/invoke/LambdaForm$MH+0x00000008024b4000
instanceKlass  @bci com/android/build/shrinker/ResourceShrinkerModel lambda$keepPossiblyReferencedResources$3 ()Ljava/lang/String; 37 <appendix> argL0 ; # com/android/build/shrinker/ResourceShrinkerModel$$Lambda+0x00000008024b0000
instanceKlass  @bci com/android/build/shrinker/ResourceShrinkerModel lambda$keepPossiblyReferencedResources$3 ()Ljava/lang/String; 27 <appendix> argL0 ; # com/android/build/shrinker/ResourceShrinkerModel$$Lambda+0x00000008024a8ce0
instanceKlass  @bci com/android/build/shrinker/ResourceShrinkerModel lambda$keepPossiblyReferencedResources$3 ()Ljava/lang/String; 17 <appendix> argL0 ; # com/android/build/shrinker/ResourceShrinkerModel$$Lambda+0x00000008024a8a70
instanceKlass  @bci com/android/build/shrinker/ResourceShrinkerModel keepPossiblyReferencedResources ()V 42 <appendix> member <vmtarget> ; # com/android/build/shrinker/ResourceShrinkerModel$$Lambda+0x00000008024a9d98
instanceKlass com/android/resources/ResourceUrl
instanceKlass com/android/build/shrinker/graph/ReferencesForResourceFinder$webTokenizers$2$1
instanceKlass com/android/ide/common/resources/usage/WebTokenizers
instanceKlass com/android/build/shrinker/graph/ReferencesForResourceFinder$Companion
instanceKlass com/android/build/shrinker/graph/ReferencesForResourceFinder
# instanceKlass java/lang/invoke/LambdaForm$DMH+0x00000008024a8400
instanceKlass com/android/build/shrinker/usages/ToolsAttributeUsageRecorder$processRawXml$1
instanceKlass  @bci javax/xml/stream/FactoryFinder newInstance (Ljava/lang/Class;Ljava/lang/String;Ljava/lang/ClassLoader;ZZ)Ljava/lang/Object; 104 <appendix> member <vmtarget> ; # javax/xml/stream/FactoryFinder$$Lambda+0x0000000801d4d9b0
instanceKlass  @bci javax/xml/stream/FactoryFinder find (Ljava/lang/Class;Ljava/lang/String;Ljava/lang/ClassLoader;Ljava/lang/String;)Ljava/lang/Object; 168 <appendix> member <vmtarget> ; # javax/xml/stream/FactoryFinder$$Lambda+0x0000000801d4d758
instanceKlass javax/xml/stream/FactoryFinder$1
instanceKlass  @bci javax/xml/stream/FactoryFinder find (Ljava/lang/Class;Ljava/lang/String;Ljava/lang/ClassLoader;Ljava/lang/String;)Ljava/lang/Object; 1 <appendix> member <vmtarget> ; # javax/xml/stream/FactoryFinder$$Lambda+0x0000000801d4d2a0
instanceKlass javax/xml/stream/FactoryFinder
instanceKlass com/android/build/shrinker/usages/ToolsAttributeUsageRecorder$recordUsages$2
instanceKlass com/android/build/shrinker/usages/ToolsAttributeUsageRecorder$recordUsages$1
instanceKlass com/android/build/shrinker/usages/AppCompat
instanceKlass  @bci com/android/tools/r8/internal/de forEachRemaining (Ljava/util/function/Consumer;)V 28 <appendix> member <vmtarget> ; # com/android/tools/r8/internal/de$$Lambda+0x00000008024a7800
instanceKlass  @bci com/android/tools/r8/r0 a (Lcom/android/tools/r8/graph/D2;)V 86 <appendix> member <vmtarget> ; # com/android/tools/r8/r0$$Lambda+0x00000008024a7598
instanceKlass  @bci com/android/tools/r8/internal/dg0 a ([Ljava/util/stream/Stream;)Ljava/util/stream/Stream; 211 <appendix> member <vmtarget> ; # com/android/tools/r8/internal/dg0$$Lambda+0x00000008024a7340
instanceKlass  @bci com/android/tools/r8/internal/ee <init> (Ljava/util/Spliterator;Ljava/util/Spliterator;Ljava/util/function/Function;IJ)V 1 <appendix> argL0 ; # com/android/tools/r8/internal/ee$$Lambda+0x00000008024a70f0
instanceKlass  @cpi com/google/common/collect/CollectSpliterators$FlatMapSpliteratorOfObject 33 form vmentry <vmtarget> ; # java/lang/invoke/LambdaForm$DMH+0x00000008024a8000
instanceKlass com/android/tools/r8/internal/ce
instanceKlass com/android/tools/r8/internal/de
instanceKlass com/android/tools/r8/internal/fe
instanceKlass  @bci com/android/tools/r8/internal/dg0 a ([Ljava/util/stream/Stream;)Ljava/util/stream/Stream; 196 <appendix> argL0 ; # com/android/tools/r8/internal/dg0$$Lambda+0x00000008024a64c8
instanceKlass  @bci com/android/tools/r8/r0 a (Lcom/android/tools/r8/graph/D2;)V 56 <appendix> argL0 ; # com/android/tools/r8/r0$$Lambda+0x00000008024a6258
instanceKlass  @bci com/android/tools/r8/r0 a (Lcom/android/tools/r8/graph/D2;)V 46 <appendix> argL0 ; # com/android/tools/r8/r0$$Lambda+0x00000008024a5fd8
instanceKlass  @bci com/android/tools/r8/r0 a (Lcom/android/tools/r8/graph/D2;)V 29 <appendix> argL0 ; # com/android/tools/r8/r0$$Lambda+0x00000008024a5d68
instanceKlass  @bci com/android/tools/r8/r0 a (Lcom/android/tools/r8/graph/D2;)V 19 <appendix> argL0 ; # com/android/tools/r8/r0$$Lambda+0x00000008024a5ae8
instanceKlass com/android/ide/common/resources/usage/WebTokenizers$WebTokensCallback
instanceKlass com/android/tools/r8/r0
instanceKlass com/android/tools/r8/ResourceShrinker
instanceKlass com/android/build/shrinker/usages/AnalysisAdapter
instanceKlass com/android/tools/r8/ResourceShrinker$ReferenceChecker
instanceKlass com/android/build/shrinker/usages/R8ResourceShrinker$runResourceShrinkerAnalysis$provider$1
instanceKlass com/android/build/shrinker/usages/R8ResourceShrinker
instanceKlass com/android/build/shrinker/usages/MethodVisitingStatus
instanceKlass com/android/build/shrinker/usages/DexFileAnalysisCallback$Companion
instanceKlass com/android/build/shrinker/usages/DexFileAnalysisCallback
instanceKlass com/android/build/shrinker/usages/AnalysisCallback
instanceKlass com/android/build/shrinker/usages/DexUsageRecorder$recordUsages$3
instanceKlass com/android/build/shrinker/usages/DexUsageRecorder$recordUsages$2
instanceKlass com/android/build/shrinker/usages/DexUsageRecorder$recordUsages$1
instanceKlass com/android/build/shrinker/obfuscation/ClassAndMethod
instanceKlass shadow/bundletool/com/android/utils/PathUtils
instanceKlass com/android/tools/profgen/ArtProfileDexMetadata
instanceKlass com/android/tools/profgen/ArtProfileSerializer$V0_1_0_P$write$lambda$1$$inlined$sortedBy$1
instanceKlass com/android/tools/profgen/ArtProfileSerializer$METADATA_0_0_2$write$lambda$1$$inlined$sortedBy$1
instanceKlass com/android/tools/profgen/FileSectionType$Companion
instanceKlass com/android/tools/profgen/WritableFileSection
instanceKlass com/android/tools/profgen/ArtProfileSerializerKt
instanceKlass com/android/tools/profgen/ArtProfileSerializer$V0_1_5_S$write$$inlined$sortedBy$1
instanceKlass com/android/tools/profgen/ProfileExtractorKt
instanceKlass com/android/tools/profgen/ArtProfileSerializer$Companion
instanceKlass com/android/ide/common/resources/usage/ResourceStore$addResource$updated$1
instanceKlass com/android/ide/common/resources/usage/ResourceId
instanceKlass com/android/ide/common/resources/usage/ResourceUsageModel
instanceKlass com/android/ide/common/resources/usage/ResourceUsageModel$Resource
instanceKlass com/android/tools/profgen/SerializerInfo
instanceKlass com/android/tools/profgen/ArtProfile
instanceKlass com/android/ide/common/resources/ResourcesUtil
instanceKlass com/android/tools/profgen/DexFileData
instanceKlass com/android/build/shrinker/EntryWrapper
instanceKlass com/android/build/shrinker/ResourceTableUtilKt
instanceKlass com/android/tools/profgen/ArtProfileKt
instanceKlass jdk/nio/zipfs/ByteArrayChannel
instanceKlass kotlin/UShort$Companion
instanceKlass kotlin/UShort
instanceKlass  @bci com/android/build/shrinker/ResourceShrinkerModel readResourceTable (Ljava/nio/file/Path;)Lcom/android/aapt/Resources$ResourceTable; 11 <appendix> member <vmtarget> ; # com/android/build/shrinker/ResourceShrinkerModel$$Lambda+0x0000000802499778
instanceKlass com/android/ide/common/resources/usage/ResourceStore$Companion
instanceKlass com/android/ide/common/resources/usage/ResourceStore
instanceKlass com/android/build/shrinker/obfuscation/ObfuscatedClasses$Builder
instanceKlass com/android/build/shrinker/obfuscation/ObfuscatedClasses$Companion
instanceKlass com/android/build/shrinker/obfuscation/ObfuscatedClasses
instanceKlass com/android/build/shrinker/ResourceShrinkerModel
instanceKlass com/android/build/shrinker/LoggerAndFileDebugReporter
instanceKlass com/android/build/shrinker/ShrinkerDebugReporter
instanceKlass kotlin/UByte$Companion
instanceKlass kotlin/UByte
instanceKlass com/android/build/shrinker/ResourceShrinkerImpl
instanceKlass com/android/build/shrinker/ResourceShrinker
instanceKlass com/android/tools/profgen/EncodingKt
instanceKlass com/android/build/shrinker/obfuscation/ProguardMappingsRecorder
instanceKlass com/android/build/shrinker/obfuscation/ObfuscationMappingsRecorder
instanceKlass com/android/build/shrinker/graph/ProtoResourcesGraphBuilder
instanceKlass com/android/build/shrinker/graph/ResourcesGraphBuilder
instanceKlass com/android/build/shrinker/gatherer/ProtoResourceTableGatherer
instanceKlass com/android/build/shrinker/gatherer/ResourcesGatherer
instanceKlass com/android/build/shrinker/usages/ToolsAttributeUsageRecorder$Companion
instanceKlass com/android/build/shrinker/usages/ToolsAttributeUsageRecorder
instanceKlass com/android/build/shrinker/usages/ProtoAndroidManifestUsageRecorder
instanceKlass com/android/build/shrinker/usages/DexUsageRecorder
instanceKlass com/android/build/shrinker/usages/ResourceUsageRecorder
instanceKlass com/android/tools/profgen/DexFile$Companion
instanceKlass com/android/tools/profgen/DexFile
instanceKlass com/android/tools/profgen/DexHeader$Companion
instanceKlass com/android/tools/profgen/DexHeader
instanceKlass com/android/tools/profgen/Span$Companion
instanceKlass com/android/tools/profgen/Span
instanceKlass com/android/tools/profgen/Endian$Companion
instanceKlass  @bci com/android/build/gradle/internal/transforms/ShrinkProtoResourcesAction$Inject $gradleInit ()V 1 <appendix> member <vmtarget> ; # com/android/build/gradle/internal/transforms/ShrinkProtoResourcesAction$Inject$$Lambda+0x0000000802497958
instanceKlass com/android/tools/profgen/DexFileParserKt
instanceKlass  @bci com/android/build/gradle/internal/transforms/ShrinkProtoResourcesParams$Inject $gradleInit ()V 1 <appendix> member <vmtarget> ; # com/android/build/gradle/internal/transforms/ShrinkProtoResourcesParams$Inject$$Lambda+0x0000000802496ce0
instanceKlass  @bci com/android/build/gradle/internal/transforms/ShrinkProtoResourcesParams_Decorated $gradleInit ()V 1 <appendix> member <vmtarget> ; # com/android/build/gradle/internal/transforms/ShrinkProtoResourcesParams_Decorated$$Lambda+0x00000008024966c8
instanceKlass com/android/build/gradle/internal/transforms/ShrinkProtoResourcesParams
instanceKlass com/android/builder/packaging/DexFileComparator
instanceKlass com/android/builder/packaging/DexFileNameSupplier
instanceKlass com/android/tools/profgen/TypeMap
instanceKlass com/android/tools/profgen/ObfuscationMap$Companion
instanceKlass com/android/build/gradle/internal/transforms/ShrinkProtoResourcesAction
instanceKlass com/android/tools/profgen/ObfuscationMap
instanceKlass com/android/build/gradle/internal/tasks/CompileArtProfileTask$CompileArtProfileWorkAction$run$diagnostics$1
instanceKlass  @bci com/android/build/gradle/internal/tasks/CompileArtProfileTask$CompileArtProfileWorkAction$Inject $gradleInit ()V 1 <appendix> member <vmtarget> ; # com/android/build/gradle/internal/tasks/CompileArtProfileTask$CompileArtProfileWorkAction$Inject$$Lambda+0x0000000802494948
instanceKlass  @bci com/android/build/gradle/internal/tasks/CompileArtProfileTask$CompileArtProfileWorkAction$Parameters$Inject $gradleInit ()V 1 <appendix> member <vmtarget> ; # com/android/build/gradle/internal/tasks/CompileArtProfileTask$CompileArtProfileWorkAction$Parameters$Inject$$Lambda+0x0000000802494390
instanceKlass  @bci com/android/build/gradle/internal/tasks/CompileArtProfileTask$CompileArtProfileWorkAction$Parameters_Decorated $gradleInit ()V 1 <appendix> member <vmtarget> ; # com/android/build/gradle/internal/tasks/CompileArtProfileTask$CompileArtProfileWorkAction$Parameters_Decorated$$Lambda+0x000000080248fb90
instanceKlass com/android/build/gradle/internal/tasks/CompileArtProfileTask$doTaskAction$1
instanceKlass com/android/tools/r8/dex/f
instanceKlass com/android/tools/r8/internal/dX
instanceKlass  @bci com/android/tools/r8/R8 run (Lcom/android/tools/r8/R8Command;Ljava/util/concurrent/ExecutorService;)V 17 <appendix> member <vmtarget> ; # com/android/tools/r8/R8$$Lambda+0x000000080248e838
instanceKlass com/android/tools/r8/internal/U9
instanceKlass com/android/tools/r8/internal/R8
instanceKlass  @bci com/android/tools/r8/internal/v8 a (Lcom/android/tools/r8/graph/D2;Lcom/android/tools/r8/ClassFileConsumer;Lcom/android/tools/r8/internal/pL;Ljava/util/Optional;Lcom/android/tools/r8/SourceFileEnvironment;)V 1871 <appendix> member <vmtarget> ; # com/android/tools/r8/internal/v8$$Lambda+0x000000080248dae8
instanceKlass  @bci com/android/tools/r8/internal/v8 c (Lcom/android/tools/r8/internal/eb;Lcom/android/tools/r8/internal/pL;Lcom/android/tools/r8/internal/wd;Lcom/android/tools/r8/internal/Eu;Lcom/android/tools/r8/graph/C5;)V 695 <appendix> member <vmtarget> ; # com/android/tools/r8/internal/v8$$Lambda+0x000000080248d890
instanceKlass  @bci com/android/tools/r8/internal/v8 c (Lcom/android/tools/r8/internal/eb;Lcom/android/tools/r8/internal/pL;Lcom/android/tools/r8/internal/wd;Lcom/android/tools/r8/internal/Eu;Lcom/android/tools/r8/graph/C5;)V 689 <appendix> member <vmtarget> ; # com/android/tools/r8/internal/v8$$Lambda+0x000000080248d638
instanceKlass com/android/tools/r8/internal/Sq
instanceKlass  @bci com/android/tools/r8/internal/v8 a (Lcom/android/tools/r8/graph/D2;Lcom/android/tools/r8/ClassFileConsumer;Lcom/android/tools/r8/internal/pL;Ljava/util/Optional;Lcom/android/tools/r8/SourceFileEnvironment;)V 1843 <appendix> member <vmtarget> ; # com/android/tools/r8/internal/v8$$Lambda+0x000000080248cf40
instanceKlass  @bci com/android/tools/r8/internal/v8 a (Lcom/android/tools/r8/graph/g1;Lcom/android/tools/r8/internal/wd;)V 184 <appendix> member <vmtarget> ; # com/android/tools/r8/internal/v8$$Lambda+0x000000080248cce8
instanceKlass  @cpi com/android/tools/r8/internal/v8 945 form vmentry <vmtarget> ; # java/lang/invoke/LambdaForm$DMH+0x0000000802490400
instanceKlass  @bci com/android/tools/r8/internal/v8 a (Lcom/android/tools/r8/graph/g1;Lcom/android/tools/r8/internal/wd;)V 178 <appendix> member <vmtarget> ; # com/android/tools/r8/internal/v8$$Lambda+0x000000080248ca90
instanceKlass  @bci com/android/tools/r8/internal/v8 a (Lcom/android/tools/r8/graph/D2;Lcom/android/tools/r8/ClassFileConsumer;Lcom/android/tools/r8/internal/pL;Ljava/util/Optional;Lcom/android/tools/r8/SourceFileEnvironment;)V 818 <appendix> member <vmtarget> ; # com/android/tools/r8/internal/v8$$Lambda+0x000000080248c838
instanceKlass  @cpi com/android/tools/r8/internal/v8 529 form vmentry <vmtarget> ; # java/lang/invoke/LambdaForm$DMH+0x0000000802490000
instanceKlass com/android/tools/r8/internal/u8
instanceKlass  @bci com/android/tools/r8/internal/v8 a (Lcom/android/tools/r8/graph/D2;Lcom/android/tools/r8/ClassFileConsumer;Lcom/android/tools/r8/internal/pL;Ljava/util/Optional;Lcom/android/tools/r8/SourceFileEnvironment;)V 811 <appendix> member <vmtarget> ; # com/android/tools/r8/internal/v8$$Lambda+0x000000080248c3b0
instanceKlass com/android/tools/r8/internal/t8
instanceKlass com/android/tools/r8/internal/ei0
instanceKlass com/android/tools/r8/internal/ws
instanceKlass com/android/tools/r8/internal/gi0
instanceKlass com/android/tools/r8/internal/W7
instanceKlass  @bci com/android/tools/r8/internal/v8 b (Lcom/android/tools/r8/ClassFileConsumer;Lcom/android/tools/r8/utils/j;)V 153 <appendix> argL0 ; # com/android/tools/r8/internal/v8$$Lambda+0x000000080248a760
instanceKlass  @bci com/android/tools/r8/internal/v8 b (Lcom/android/tools/r8/ClassFileConsumer;Lcom/android/tools/r8/utils/j;)V 145 <appendix> member <vmtarget> ; # com/android/tools/r8/internal/v8$$Lambda+0x000000080248a4d8
instanceKlass  @bci com/android/tools/r8/internal/v8 <init> (Lcom/android/tools/r8/graph/y;Lcom/android/tools/r8/dex/W;)V 46 <appendix> member <vmtarget> ; # com/android/tools/r8/internal/v8$$Lambda+0x000000080248a260
instanceKlass com/android/tools/r8/internal/v8
instanceKlass  @bci com/android/tools/r8/naming/W0 a (Lcom/android/tools/r8/graph/y;Lcom/android/tools/r8/graph/I2;Lcom/android/tools/r8/graph/I2;Ljava/util/IdentityHashMap;)V 147 <appendix> member <vmtarget> ; # com/android/tools/r8/naming/W0$$Lambda+0x00000008024895b8
instanceKlass  @bci com/android/tools/r8/synthesis/I b (Lcom/android/tools/r8/graph/I2;Ljava/util/Set;Lcom/android/tools/r8/graph/I2;Ljava/util/List;)V 4 <appendix> member <vmtarget> ; # com/android/tools/r8/synthesis/I$$Lambda+0x0000000802489350
instanceKlass  @bci com/android/tools/r8/synthesis/I a (Lcom/android/tools/r8/graph/I2;)Ljava/util/Set; 33 <appendix> member <vmtarget> ; # com/android/tools/r8/synthesis/I$$Lambda+0x00000008024890e8
instanceKlass  @bci com/android/tools/r8/synthesis/I a (Lcom/android/tools/r8/graph/I2;Ljava/util/Set;Lcom/android/tools/r8/graph/I2;Ljava/util/List;)V 4 <appendix> member <vmtarget> ; # com/android/tools/r8/synthesis/I$$Lambda+0x0000000802488e80
instanceKlass  @bci com/android/tools/r8/synthesis/I a (Lcom/android/tools/r8/graph/I2;)Ljava/util/Set; 15 <appendix> member <vmtarget> ; # com/android/tools/r8/synthesis/I$$Lambda+0x0000000802488c18
instanceKlass  @bci com/android/tools/r8/naming/W0 a (Lcom/android/tools/r8/graph/B1;Lcom/android/tools/r8/graph/D2;)V 2 <appendix> member <vmtarget> ; # com/android/tools/r8/naming/W0$$Lambda+0x0000000802488990
instanceKlass  @bci com/android/tools/r8/naming/W0 a (Lcom/android/tools/r8/graph/y;)Lcom/android/tools/r8/naming/r0; 57 <appendix> member <vmtarget> ; # com/android/tools/r8/naming/W0$$Lambda+0x0000000802488728
instanceKlass  @bci com/android/tools/r8/internal/u9 a (Lcom/android/tools/r8/internal/z9;Lcom/android/tools/r8/utils/structural/a;Lcom/android/tools/r8/graph/O;)I 6 <appendix> argL0 ; # com/android/tools/r8/internal/u9$$Lambda+0x0000000802488250
instanceKlass  @bci com/android/tools/r8/internal/b9 a (Lcom/android/tools/r8/internal/z9;Lcom/android/tools/r8/utils/structural/a;Lcom/android/tools/r8/graph/O;)I 6 <appendix> argL0 ; # com/android/tools/r8/internal/b9$$Lambda+0x0000000802488000
instanceKlass com/android/tools/r8/graph/N
instanceKlass  @bci com/android/tools/r8/graph/G a (Lcom/android/tools/r8/graph/O;Lcom/android/tools/r8/utils/structural/A;)V 40 <appendix> argL0 ; # com/android/tools/r8/graph/G$$Lambda+0x0000000802487928
instanceKlass com/android/tools/r8/graph/M
instanceKlass  @bci com/android/tools/r8/graph/G a (Lcom/android/tools/r8/graph/O;Lcom/android/tools/r8/utils/structural/A;)V 24 <appendix> argL0 ; # com/android/tools/r8/graph/G$$Lambda+0x0000000802487438
instanceKlass  @bci com/android/tools/r8/internal/G9 a (Lcom/android/tools/r8/internal/z9;Lcom/android/tools/r8/utils/structural/a;Lcom/android/tools/r8/graph/O;)I 6 <appendix> argL0 ; # com/android/tools/r8/internal/G9$$Lambda+0x00000008024871e8
instanceKlass com/android/tools/r8/graph/K
instanceKlass  @bci com/android/tools/r8/utils/structural/A a (Ljava/util/function/Function;Lcom/android/tools/r8/utils/structural/u;)Lcom/android/tools/r8/utils/structural/A; 2 <appendix> argL0 ; # com/android/tools/r8/utils/structural/A$$Lambda+0x0000000802486cf8
instanceKlass com/android/tools/r8/graph/L
instanceKlass  @bci com/android/tools/r8/graph/G a (Lcom/android/tools/r8/graph/O;Lcom/android/tools/r8/utils/structural/A;)V 2 <appendix> argL0 ; # com/android/tools/r8/graph/G$$Lambda+0x0000000802486808
instanceKlass  @bci com/android/tools/r8/graph/G a (Lcom/android/tools/r8/graph/G;Lcom/android/tools/r8/utils/structural/a;)I 11 <appendix> member <vmtarget> ; # com/android/tools/r8/graph/G$$Lambda+0x00000008024865b0
instanceKlass com/android/tools/r8/graph/O
instanceKlass  @bci com/android/tools/r8/internal/h9 a (Lcom/android/tools/r8/utils/structural/A;)V 17 <appendix> argL0 ; # com/android/tools/r8/internal/h9$$Lambda+0x0000000802486100
instanceKlass  @bci com/android/tools/r8/internal/h9 a (Lcom/android/tools/r8/utils/structural/A;)V 9 <appendix> argL0 ; # com/android/tools/r8/internal/h9$$Lambda+0x0000000802485e90
instanceKlass  @bci com/android/tools/r8/internal/h9 a (Lcom/android/tools/r8/utils/structural/A;)V 1 <appendix> argL0 ; # com/android/tools/r8/internal/h9$$Lambda+0x0000000802485c40
instanceKlass  @bci com/android/tools/r8/internal/h9 a (Lcom/android/tools/r8/utils/structural/o;)V 0 <appendix> argL0 ; # com/android/tools/r8/internal/h9$$Lambda+0x00000008024859f0
instanceKlass  @bci com/android/tools/r8/internal/u9 a (Lcom/android/tools/r8/utils/structural/A;)V 9 <appendix> argL0 ; # com/android/tools/r8/internal/u9$$Lambda+0x00000008024857a0
instanceKlass  @bci com/android/tools/r8/internal/u9 a (Lcom/android/tools/r8/utils/structural/A;)V 1 <appendix> argL0 ; # com/android/tools/r8/internal/u9$$Lambda+0x0000000802485550
instanceKlass  @bci com/android/tools/r8/internal/u9 a (Lcom/android/tools/r8/utils/structural/o;)V 0 <appendix> argL0 ; # com/android/tools/r8/internal/u9$$Lambda+0x0000000802485300
instanceKlass com/android/tools/r8/internal/q9
instanceKlass com/android/tools/r8/internal/s9
instanceKlass com/android/tools/r8/internal/Ta
instanceKlass  @bci com/android/tools/r8/internal/hn0 a (Lcom/android/tools/r8/utils/structural/A;)V 1 <appendix> argL0 ; # com/android/tools/r8/internal/hn0$$Lambda+0x0000000802484a08
instanceKlass  @bci com/android/tools/r8/internal/hn0 r ()Lcom/android/tools/r8/utils/structural/y; 0 <appendix> argL0 ; # com/android/tools/r8/internal/hn0$$Lambda+0x00000008024847b8
instanceKlass  @bci com/android/tools/r8/internal/b9 a (Lcom/android/tools/r8/utils/structural/A;)V 9 <appendix> argL0 ; # com/android/tools/r8/internal/b9$$Lambda+0x0000000802484548
instanceKlass  @bci com/android/tools/r8/internal/b9 a (Lcom/android/tools/r8/utils/structural/A;)V 1 <appendix> argL0 ; # com/android/tools/r8/internal/b9$$Lambda+0x00000008024842f8
instanceKlass  @bci com/android/tools/r8/internal/b9 a (Lcom/android/tools/r8/utils/structural/o;)V 0 <appendix> argL0 ; # com/android/tools/r8/internal/b9$$Lambda+0x00000008024840a8
instanceKlass com/android/tools/r8/internal/va
instanceKlass  @bci com/android/tools/r8/internal/G9 a (Lcom/android/tools/r8/utils/structural/A;)V 9 <appendix> argL0 ; # com/android/tools/r8/internal/G9$$Lambda+0x0000000802483c00
instanceKlass  @bci com/android/tools/r8/internal/G9 a (Lcom/android/tools/r8/utils/structural/A;)V 1 <appendix> argL0 ; # com/android/tools/r8/internal/G9$$Lambda+0x0000000802483980
instanceKlass  @bci com/android/tools/r8/internal/G9 a (Lcom/android/tools/r8/utils/structural/o;)V 0 <appendix> argL0 ; # com/android/tools/r8/internal/G9$$Lambda+0x0000000802483730
instanceKlass com/android/tools/r8/internal/O9
instanceKlass  @bci com/android/tools/r8/graph/G a (Lcom/android/tools/r8/utils/structural/o;)V 70 <appendix> member <vmtarget> ; # com/android/tools/r8/graph/G$$Lambda+0x0000000802483290
instanceKlass com/android/tools/r8/internal/tK
instanceKlass  @bci com/android/tools/r8/internal/dC forEach (Ljava/util/function/Consumer;)V 14 <appendix> member <vmtarget> ; # com/android/tools/r8/internal/dC$$Lambda+0x0000000802482df0
instanceKlass  @bci com/android/tools/r8/internal/kn a (Lcom/android/tools/r8/graph/D2;Lcom/android/tools/r8/graph/I2;)[Lcom/android/tools/r8/graph/j1; 2 <appendix> member <vmtarget> ; # com/android/tools/r8/internal/kn$$Lambda+0x0000000802482b68
instanceKlass  @bci com/android/tools/r8/internal/kn <init> (Lcom/android/tools/r8/graph/y;)V 34 <appendix> member <vmtarget> ; # com/android/tools/r8/internal/kn$$Lambda+0x0000000802482900
instanceKlass com/android/tools/r8/internal/kn
instanceKlass  @bci com/android/tools/r8/internal/yh a (Ljava/lang/Iterable;)V 2 <appendix> member <vmtarget> ; # com/android/tools/r8/internal/yh$$Lambda+0x0000000802482458
instanceKlass  @bci com/android/tools/r8/internal/NA a (Lcom/android/tools/r8/internal/KA;Lcom/android/tools/r8/graph/D2;Lcom/android/tools/r8/internal/MA;)V 72 <appendix> member <vmtarget> ; # com/android/tools/r8/internal/NA$$Lambda+0x00000008024821f0
instanceKlass  @bci com/android/tools/r8/internal/CZ b (Lcom/android/tools/r8/internal/yh;Lcom/android/tools/r8/internal/NA;Ljava/util/concurrent/ExecutorService;)V 104 <appendix> argL0 ; # com/android/tools/r8/internal/CZ$$Lambda+0x0000000802481f70
instanceKlass  @bci com/android/tools/r8/internal/IA a (Lcom/android/tools/r8/internal/NA;)Lcom/android/tools/r8/internal/HA; 10 <appendix> argL0 ; # com/android/tools/r8/internal/IA$$Lambda+0x0000000802481cf0
instanceKlass  @bci com/android/tools/r8/internal/Bh a (Lcom/android/tools/r8/internal/TR;)V 16 <appendix> argL0 ; # com/android/tools/r8/internal/Bh$$Lambda+0x0000000802481838
instanceKlass  @bci com/android/tools/r8/internal/Bh b ()V 6 <appendix> argL0 ; # com/android/tools/r8/internal/Bh$$Lambda+0x00000008024815d8
instanceKlass  @bci com/android/tools/r8/internal/Bh b ()V 1 <appendix> argL0 ; # com/android/tools/r8/internal/Bh$$Lambda+0x0000000802481378
instanceKlass  @bci com/android/tools/r8/internal/CZ a ()V 4 <appendix> argL0 ; # com/android/tools/r8/internal/CZ$$Lambda+0x0000000802481118
instanceKlass  @bci com/android/tools/r8/internal/TR b ()Z 14 <appendix> argL0 ; # com/android/tools/r8/internal/TR$$Lambda+0x0000000802480e68
instanceKlass  @bci com/android/tools/r8/internal/Bh c ()V 9 <appendix> member <vmtarget> ; # com/android/tools/r8/internal/Bh$$Lambda+0x0000000802480c00
instanceKlass  @bci com/android/tools/r8/internal/Bh c ()V 3 <appendix> member <vmtarget> ; # com/android/tools/r8/internal/Bh$$Lambda+0x0000000802480998
instanceKlass  @bci com/android/tools/r8/internal/CZ b ()V 4 <appendix> argL0 ; # com/android/tools/r8/internal/CZ$$Lambda+0x0000000802480738
instanceKlass  @bci com/android/tools/r8/internal/CZ a (Lcom/android/tools/r8/internal/yh;Lcom/android/tools/r8/internal/NA;Ljava/util/concurrent/ExecutorService;)V 240 <appendix> argL0 ; # com/android/tools/r8/internal/CZ$$Lambda+0x00000008024804d8
instanceKlass  @bci com/android/tools/r8/internal/Bh a (Lcom/android/tools/r8/internal/yh;Ljava/util/concurrent/ExecutorService;)V 74 <appendix> member <vmtarget> ; # com/android/tools/r8/internal/Bh$$Lambda+0x0000000802480270
instanceKlass com/android/tools/r8/internal/zh
instanceKlass  @bci com/android/tools/r8/internal/TR a ()Lcom/android/tools/r8/internal/dC; 26 <appendix> argL0 ; # com/android/tools/r8/internal/TR$$Lambda+0x000000080247cd18
instanceKlass  @bci com/android/tools/r8/internal/TR a ()Lcom/android/tools/r8/internal/dC; 5 <appendix> argL0 ; # com/android/tools/r8/internal/TR$$Lambda+0x000000080247ca68
instanceKlass  @bci com/android/tools/r8/graph/E0 i (Ljava/util/function/Consumer;)V 29 <appendix> member <vmtarget> ; # com/android/tools/r8/graph/E0$$Lambda+0x000000080247c800
instanceKlass  @bci com/android/tools/r8/internal/TR a (Lcom/android/tools/r8/graph/y;Lcom/android/tools/r8/graph/E0;Ljava/util/function/Consumer;)Lcom/android/tools/r8/internal/TR; 91 <appendix> member <vmtarget> ; # com/android/tools/r8/internal/TR$$Lambda+0x000000080247dbf0
instanceKlass  @bci com/android/tools/r8/internal/Bh a (Lcom/android/tools/r8/internal/yh;Ljava/util/concurrent/ExecutorService;)V 11 <appendix> member <vmtarget> ; # com/android/tools/r8/internal/Bh$$Lambda+0x000000080247d988
instanceKlass com/android/tools/r8/internal/TR
instanceKlass  @bci com/android/tools/r8/internal/CZ a (Lcom/android/tools/r8/internal/yh;Ljava/util/concurrent/ExecutorService;)V 7 <appendix> member <vmtarget> ; # com/android/tools/r8/internal/CZ$$Lambda+0x000000080247d4e0
instanceKlass  @bci com/android/tools/r8/graph/H4 b (Lcom/android/tools/r8/graph/w2;Ljava/util/function/Function;)Lcom/android/tools/r8/graph/j1; 73 <appendix> member <vmtarget> ; # com/android/tools/r8/graph/H4$$Lambda+0x000000080247d278
instanceKlass  @bci com/android/tools/r8/internal/BK a (Lcom/android/tools/r8/internal/Nq;Ljava/util/function/Consumer;)Lcom/android/tools/r8/graph/C5; 31 <appendix> member <vmtarget> ; # com/android/tools/r8/internal/BK$$Lambda+0x000000080247d000
instanceKlass com/android/tools/r8/internal/Bk
instanceKlass  @bci com/android/tools/r8/internal/Zb a (Lcom/android/tools/r8/internal/ac;Ljava/util/concurrent/ExecutorService;)V 542 <appendix> member <vmtarget> ; # com/android/tools/r8/internal/Zb$$Lambda+0x000000080247fa40
instanceKlass  @bci com/android/tools/r8/internal/C9 a ()Ljava/util/List; 37 <appendix> member <vmtarget> ; # com/android/tools/r8/internal/C9$$Lambda+0x000000080247f7d8
instanceKlass  @bci com/android/tools/r8/internal/C9 a (Lcom/android/tools/r8/internal/ac;Ljava/util/function/Consumer;)V 5 <appendix> argL0 ; # com/android/tools/r8/internal/C9$$Lambda+0x000000080247f568
instanceKlass  @bci com/android/tools/r8/internal/C9 a ()Ljava/util/List; 27 <appendix> member <vmtarget> ; # com/android/tools/r8/internal/C9$$Lambda+0x000000080247f300
instanceKlass  @bci com/android/tools/r8/internal/C9 a (Ljava/util/function/Consumer;)V 28 <appendix> member <vmtarget> ; # com/android/tools/r8/internal/C9$$Lambda+0x000000080247f098
instanceKlass  @bci com/android/tools/r8/internal/C9 a (Ljava/util/function/Consumer;)V 10 <appendix> member <vmtarget> ; # com/android/tools/r8/internal/C9$$Lambda+0x000000080247ee30
instanceKlass  @bci com/android/tools/r8/internal/C9 a ()Ljava/util/List; 15 <appendix> member <vmtarget> ; # com/android/tools/r8/internal/C9$$Lambda+0x000000080247ebc8
instanceKlass  @bci com/android/tools/r8/internal/mn0 a (Lcom/android/tools/r8/internal/G9;I)Lcom/android/tools/r8/internal/xk; 3 <appendix> member <vmtarget> ; # com/android/tools/r8/internal/mn0$$Lambda+0x000000080247e970
instanceKlass  @cpi com/android/tools/r8/internal/mn0 478 form vmentry <vmtarget> ; # java/lang/invoke/LambdaForm$DMH+0x000000080247c400
instanceKlass  @bci com/android/tools/r8/internal/Vk a (Lcom/android/tools/r8/internal/jn;Lcom/android/tools/r8/internal/E9;)Lcom/android/tools/r8/graph/w2; 80 <appendix> member <vmtarget> ; # com/android/tools/r8/internal/Vk$$Lambda+0x000000080247e718
instanceKlass  @bci com/android/tools/r8/graph/V4 <init> (Ljava/util/List;)V 4 <appendix> argL0 ; # com/android/tools/r8/graph/V4$$Lambda+0x000000080247e4a8
instanceKlass com/android/tools/r8/internal/ge
instanceKlass  @bci com/android/tools/r8/internal/NA a (Lcom/android/tools/r8/graph/D2;)Lcom/android/tools/r8/internal/MA; 5 <appendix> argL0 ; # com/android/tools/r8/internal/NA$$Lambda+0x000000080247e000
instanceKlass  @bci com/android/tools/r8/internal/yh c (Lcom/android/tools/r8/graph/C5;Lcom/android/tools/r8/internal/E9;)V 58 <appendix> member <vmtarget> ; # com/android/tools/r8/internal/yh$$Lambda+0x000000080247bc78
instanceKlass  @bci com/android/tools/r8/graph/q3 a (Ljava/util/List;Lcom/android/tools/r8/graph/s3;)V 2 <appendix> member <vmtarget> ; # com/android/tools/r8/graph/q3$$Lambda+0x000000080247b9c0
instanceKlass  @bci com/android/tools/r8/graph/q3 a (Ljava/util/List;Lcom/android/tools/r8/graph/z3;)V 2 <appendix> member <vmtarget> ; # com/android/tools/r8/graph/q3$$Lambda+0x000000080247b708
instanceKlass  @bci com/android/tools/r8/graph/q3 a (Lcom/android/tools/r8/graph/y3;)V 99 <appendix> member <vmtarget> ; # com/android/tools/r8/graph/q3$$Lambda+0x000000080247b4a0
instanceKlass  @bci com/android/tools/r8/graph/q3 a (Lcom/android/tools/r8/graph/y3;)V 92 <appendix> member <vmtarget> ; # com/android/tools/r8/graph/q3$$Lambda+0x000000080247b238
instanceKlass  @bci com/android/tools/r8/graph/q3 a (Lcom/android/tools/r8/graph/y3;)V 85 <appendix> member <vmtarget> ; # com/android/tools/r8/graph/q3$$Lambda+0x000000080247afd0
instanceKlass  @bci com/android/tools/r8/graph/q3 a (Lcom/android/tools/r8/graph/y3;)V 69 <appendix> member <vmtarget> ; # com/android/tools/r8/graph/q3$$Lambda+0x000000080247ad68
instanceKlass  @bci com/android/tools/r8/graph/q3 a (Lcom/android/tools/r8/graph/y3;)V 62 <appendix> member <vmtarget> ; # com/android/tools/r8/graph/q3$$Lambda+0x000000080247ab00
instanceKlass  @bci com/android/tools/r8/graph/q3 a (Lcom/android/tools/r8/graph/y3;)V 55 <appendix> member <vmtarget> ; # com/android/tools/r8/graph/q3$$Lambda+0x000000080247a898
instanceKlass  @bci com/android/tools/r8/internal/B7 a (Lcom/android/tools/r8/internal/G9;Lcom/android/tools/r8/graph/w2;)Lcom/android/tools/r8/internal/xk; 2 <appendix> member <vmtarget> ; # com/android/tools/r8/internal/B7$$Lambda+0x000000080247a640
instanceKlass  @bci com/android/tools/r8/internal/VB a (Lcom/android/tools/r8/internal/G9;Lcom/android/tools/r8/graph/w2;)Lcom/android/tools/r8/internal/xk; 2 <appendix> member <vmtarget> ; # com/android/tools/r8/internal/VB$$Lambda+0x000000080247a3e8
instanceKlass  @bci com/android/tools/r8/internal/jT a (Lcom/android/tools/r8/graph/C5;Lcom/android/tools/r8/internal/E9;)V 25 <appendix> member <vmtarget> ; # com/android/tools/r8/internal/jT$$Lambda+0x000000080247a180
instanceKlass com/android/tools/r8/internal/z6
instanceKlass  @bci com/android/tools/r8/internal/jT a (Lcom/android/tools/r8/graph/C5;Lcom/android/tools/r8/internal/E9;)V 12 <appendix> member <vmtarget> ; # com/android/tools/r8/internal/jT$$Lambda+0x0000000802479ce0
instanceKlass  @bci com/android/tools/r8/internal/CZ a (Lcom/android/tools/r8/graph/C5;Lcom/android/tools/r8/internal/E9;Lcom/android/tools/r8/ir/optimize/info/y;Lcom/android/tools/r8/internal/yh;Lcom/android/tools/r8/internal/Je;)V 33 <appendix> member <vmtarget> ; # com/android/tools/r8/internal/CZ$$Lambda+0x0000000802479a88
instanceKlass  @bci com/android/tools/r8/internal/SM a (Lcom/android/tools/r8/internal/Mq;)Ljava/util/ArrayList; 10 <appendix> member <vmtarget> ; # com/android/tools/r8/internal/SM$$Lambda+0x0000000802479820
instanceKlass  @bci com/android/tools/r8/internal/CZ a (Lcom/android/tools/r8/graph/D2;Lcom/android/tools/r8/internal/E9;Lcom/android/tools/r8/internal/yh;Lcom/android/tools/r8/internal/NA;)V 12 <appendix> member <vmtarget> ; # com/android/tools/r8/internal/CZ$$Lambda+0x00000008024795b8
instanceKlass  @bci com/android/tools/r8/internal/Zb a (Lcom/android/tools/r8/internal/ac;Ljava/util/concurrent/ExecutorService;)V 484 <appendix> member <vmtarget> ; # com/android/tools/r8/internal/Zb$$Lambda+0x0000000802479350
instanceKlass  @bci com/android/tools/r8/internal/Zb a (Ljava/util/Collection;)V 11 <appendix> member <vmtarget> ; # com/android/tools/r8/internal/Zb$$Lambda+0x00000008024790e8
instanceKlass  @bci com/android/tools/r8/internal/Zb b (Ljava/util/Collection;)Ljava/util/ArrayDeque; 176 <appendix> member <vmtarget> ; # com/android/tools/r8/internal/Zb$$Lambda+0x0000000802478e60
instanceKlass  @cpi com/android/tools/r8/internal/Zb 156 form vmentry <vmtarget> ; # java/lang/invoke/LambdaForm$DMH+0x000000080247c000
instanceKlass  @bci com/android/tools/r8/internal/Zb b (Ljava/util/Collection;)Ljava/util/ArrayDeque; 126 <appendix> argL0 ; # com/android/tools/r8/internal/Zb$$Lambda+0x0000000802478bf0
instanceKlass  @bci com/android/tools/r8/internal/Zb b (Ljava/util/Collection;)Ljava/util/ArrayDeque; 46 <appendix> argL0 ; # com/android/tools/r8/internal/Zb$$Lambda+0x0000000802478980
instanceKlass  @bci com/android/tools/r8/internal/JK a (Lcom/android/tools/r8/graph/D0;Lcom/android/tools/r8/graph/y;Lcom/android/tools/r8/graph/j;Lcom/android/tools/r8/graph/C5;)Lcom/android/tools/r8/internal/JK; 364 <appendix> member <vmtarget> ; # com/android/tools/r8/internal/JK$$Lambda+0x0000000802478718
instanceKlass  @bci com/android/tools/r8/internal/JK a (Lcom/android/tools/r8/graph/D0;Lcom/android/tools/r8/graph/y;Lcom/android/tools/r8/graph/j;Lcom/android/tools/r8/graph/C5;)Lcom/android/tools/r8/internal/JK; 350 <appendix> member <vmtarget> ; # com/android/tools/r8/internal/JK$$Lambda+0x00000008024784b0
instanceKlass  @bci com/android/tools/r8/internal/VR a (Lcom/android/tools/r8/graph/H0;Lcom/android/tools/r8/graph/I2;)Lcom/android/tools/r8/graph/E0; 44 <appendix> argL0 ; # com/android/tools/r8/internal/VR$$Lambda+0x0000000802478250
instanceKlass  @bci com/android/tools/r8/internal/VR a (Lcom/android/tools/r8/graph/H0;Lcom/android/tools/r8/graph/I2;)Lcom/android/tools/r8/graph/E0; 24 <appendix> argL0 ; # com/android/tools/r8/internal/VR$$Lambda+0x0000000802478000
instanceKlass  @bci com/android/tools/r8/internal/VR a (Lcom/android/tools/r8/graph/H0;)Lcom/android/tools/r8/graph/E0; 41 <appendix> member <vmtarget> ; # com/android/tools/r8/internal/VR$$Lambda+0x0000000802474400
instanceKlass  @bci com/android/tools/r8/internal/CZ a (Lcom/android/tools/r8/internal/E9;Lcom/android/tools/r8/internal/h00;Lcom/android/tools/r8/graph/D2;)V 10 <appendix> member <vmtarget> ; # com/android/tools/r8/internal/CZ$$Lambda+0x0000000802474ce8
instanceKlass  @bci com/android/tools/r8/internal/CZ a (Lcom/android/tools/r8/internal/E9;Lcom/android/tools/r8/internal/h00;Lcom/android/tools/r8/graph/D2;)V 3 <appendix> argL0 ; # com/android/tools/r8/internal/CZ$$Lambda+0x0000000802474a68
instanceKlass  @bci com/android/tools/r8/internal/CZ a (Lcom/android/tools/r8/internal/E9;Ljava/util/concurrent/ExecutorService;)V 35 <appendix> member <vmtarget> ; # com/android/tools/r8/internal/CZ$$Lambda+0x0000000802474800
instanceKlass com/android/tools/r8/ir/desugar/varhandle/VarHandleDesugaringMethods
instanceKlass  @bci com/android/tools/r8/internal/mn0 b (Lcom/android/tools/r8/graph/y;Lcom/android/tools/r8/internal/nn0;Ljava/util/Collection;)V 88 <appendix> member <vmtarget> ; # com/android/tools/r8/internal/mn0$$Lambda+0x0000000802475970
instanceKlass  @bci com/android/tools/r8/internal/mn0 b (Lcom/android/tools/r8/graph/y;Lcom/android/tools/r8/internal/nn0;Ljava/util/Collection;)V 81 <appendix> member <vmtarget> ; # com/android/tools/r8/internal/mn0$$Lambda+0x0000000802475708
instanceKlass  @bci com/android/tools/r8/internal/mn0 b (Lcom/android/tools/r8/graph/y;Lcom/android/tools/r8/internal/nn0;Ljava/util/Collection;)V 70 <appendix> member <vmtarget> ; # com/android/tools/r8/internal/mn0$$Lambda+0x00000008024754a0
instanceKlass  @bci com/android/tools/r8/internal/mn0 b (Lcom/android/tools/r8/graph/y;Lcom/android/tools/r8/internal/nn0;Ljava/util/Collection;)V 56 <appendix> argL0 ; # com/android/tools/r8/internal/mn0$$Lambda+0x0000000802475250
instanceKlass  @bci com/android/tools/r8/internal/mn0 b (Lcom/android/tools/r8/graph/y;Lcom/android/tools/r8/internal/nn0;Ljava/util/Collection;)V 50 <appendix> argL0 ; # com/android/tools/r8/internal/mn0$$Lambda+0x0000000802475000
instanceKlass  @bci com/android/tools/r8/internal/mn0 a (Lcom/android/tools/r8/internal/Ge;Lcom/android/tools/r8/internal/Q8;)V 57 <appendix> member <vmtarget> ; # com/android/tools/r8/internal/mn0$$Lambda+0x0000000802477cb8
instanceKlass  @bci com/android/tools/r8/internal/mn0 a (Lcom/android/tools/r8/internal/Ge;Lcom/android/tools/r8/internal/Q8;)V 51 <appendix> argL0 ; # com/android/tools/r8/internal/mn0$$Lambda+0x0000000802477a48
instanceKlass  @bci com/android/tools/r8/internal/mn0 a (Lcom/android/tools/r8/internal/Ge;Lcom/android/tools/r8/internal/Q8;)V 45 <appendix> argL0 ; # com/android/tools/r8/internal/mn0$$Lambda+0x00000008024777c8
instanceKlass  @bci com/android/tools/r8/internal/mn0 a (Lcom/android/tools/r8/graph/y;Lcom/android/tools/r8/internal/nn0;Ljava/util/Collection;)V 82 <appendix> member <vmtarget> ; # com/android/tools/r8/internal/mn0$$Lambda+0x0000000802477560
instanceKlass  @bci com/android/tools/r8/internal/mn0 a (Lcom/android/tools/r8/graph/y;Lcom/android/tools/r8/internal/nn0;Ljava/util/Collection;)V 71 <appendix> member <vmtarget> ; # com/android/tools/r8/internal/mn0$$Lambda+0x00000008024772f8
instanceKlass  @bci com/android/tools/r8/internal/mn0 a (Lcom/android/tools/r8/graph/y;Lcom/android/tools/r8/internal/nn0;Ljava/util/Collection;)V 56 <appendix> argL0 ; # com/android/tools/r8/internal/mn0$$Lambda+0x00000008024770a8
instanceKlass  @bci com/android/tools/r8/internal/mn0 a (Lcom/android/tools/r8/graph/y;Lcom/android/tools/r8/internal/nn0;Ljava/util/Collection;)V 50 <appendix> argL0 ; # com/android/tools/r8/internal/mn0$$Lambda+0x0000000802476e58
instanceKlass  @bci com/android/tools/r8/internal/mn0 a (Lcom/android/tools/r8/internal/Ge;Lcom/android/tools/r8/internal/Q8;)V 32 <appendix> member <vmtarget> ; # com/android/tools/r8/internal/mn0$$Lambda+0x0000000802476bf0
instanceKlass  @bci com/android/tools/r8/internal/mn0 a (Lcom/android/tools/r8/internal/Ge;Lcom/android/tools/r8/internal/Q8;)V 26 <appendix> argL0 ; # com/android/tools/r8/internal/mn0$$Lambda+0x0000000802476980
instanceKlass  @bci com/android/tools/r8/internal/mn0 a (Lcom/android/tools/r8/internal/Ge;Lcom/android/tools/r8/internal/Q8;)V 20 <appendix> argL0 ; # com/android/tools/r8/internal/mn0$$Lambda+0x0000000802476700
instanceKlass  @bci com/android/tools/r8/internal/al b (Lcom/android/tools/r8/internal/Q8;Lcom/android/tools/r8/internal/Ge;Lcom/android/tools/r8/graph/D2;Lcom/android/tools/r8/graph/w2;Lcom/android/tools/r8/graph/l1;)Lcom/android/tools/r8/graph/j1; 7 <appendix> member <vmtarget> ; # com/android/tools/r8/internal/al$$Lambda+0x00000008024764a8
instanceKlass  @bci com/android/tools/r8/internal/al b (Lcom/android/tools/r8/internal/Q8;Lcom/android/tools/r8/internal/Ge;Lcom/android/tools/r8/graph/D2;Ljava/lang/Iterable;)V 133 <appendix> member <vmtarget> ; # com/android/tools/r8/internal/al$$Lambda+0x0000000802476240
instanceKlass com/android/tools/r8/internal/Yk
instanceKlass  @bci com/android/tools/r8/internal/Hk a (Lcom/android/tools/r8/graph/w2;ZLcom/android/tools/r8/internal/Q8;Lcom/android/tools/r8/graph/C5;Ljava/util/function/Supplier;)[Lcom/android/tools/r8/graph/w2; 14 <appendix> member <vmtarget> ; # com/android/tools/r8/internal/Hk$$Lambda+0x00000008024738e0
instanceKlass  @bci com/android/tools/r8/internal/Hk b (Lcom/android/tools/r8/graph/w2;ZLcom/android/tools/r8/internal/Q8;Lcom/android/tools/r8/graph/C5;Ljava/util/function/Supplier;)Lcom/android/tools/r8/graph/w2; 10 <appendix> member <vmtarget> ; # com/android/tools/r8/internal/Hk$$Lambda+0x0000000802473678
instanceKlass  @cpi com/android/tools/r8/internal/Hk 397 form vmentry <vmtarget> ; # java/lang/invoke/LambdaForm$DMH+0x0000000802474000
instanceKlass  @bci com/android/tools/r8/internal/al a (Lcom/android/tools/r8/internal/Q8;Lcom/android/tools/r8/internal/Ge;Lcom/android/tools/r8/graph/D2;Lcom/android/tools/r8/graph/w2;Lcom/android/tools/r8/graph/l1;)Lcom/android/tools/r8/graph/j1; 7 <appendix> member <vmtarget> ; # com/android/tools/r8/internal/al$$Lambda+0x0000000802473420
instanceKlass  @bci com/android/tools/r8/internal/al b (Lcom/android/tools/r8/internal/Q8;Lcom/android/tools/r8/internal/Ge;Lcom/android/tools/r8/graph/D2;Ljava/lang/Iterable;)V 24 <appendix> member <vmtarget> ; # com/android/tools/r8/internal/al$$Lambda+0x00000008024731b8
instanceKlass  @bci com/android/tools/r8/internal/al a (Lcom/android/tools/r8/internal/Ge;Lcom/android/tools/r8/internal/Q8;)V 43 <appendix> member <vmtarget> ; # com/android/tools/r8/internal/al$$Lambda+0x0000000802472f50
instanceKlass  @bci com/android/tools/r8/internal/al a (Lcom/android/tools/r8/synthesis/M;Lcom/android/tools/r8/graph/E2;Lcom/android/tools/r8/graph/G;)V 34 <appendix> member <vmtarget> ; # com/android/tools/r8/internal/al$$Lambda+0x0000000802472cf8
instanceKlass  @bci com/android/tools/r8/internal/al a (Lcom/android/tools/r8/internal/Zk;Lcom/android/tools/r8/graph/D2;Ljava/util/List;Lcom/android/tools/r8/graph/D2;Lcom/android/tools/r8/graph/D2;)V 270 <appendix> member <vmtarget> ; # com/android/tools/r8/internal/al$$Lambda+0x0000000802472a90
instanceKlass  @bci com/android/tools/r8/internal/al a (Lcom/android/tools/r8/internal/Zk;Lcom/android/tools/r8/graph/D2;Ljava/util/List;Lcom/android/tools/r8/graph/D2;Lcom/android/tools/r8/graph/D2;)V 257 <appendix> argL0 ; # com/android/tools/r8/internal/al$$Lambda+0x0000000802472830
instanceKlass  @bci com/android/tools/r8/internal/Zk a ()Lcom/android/tools/r8/synthesis/H; 13 <appendix> argL0 ; # com/android/tools/r8/internal/Zk$$Lambda+0x00000008024725e0
instanceKlass  @bci com/android/tools/r8/internal/al a (Lcom/android/tools/r8/graph/g1;Lcom/android/tools/r8/graph/I2;Lcom/android/tools/r8/synthesis/M;)V 65 <appendix> member <vmtarget> ; # com/android/tools/r8/internal/al$$Lambda+0x0000000802472388
instanceKlass  @bci com/android/tools/r8/internal/al a (Lcom/android/tools/r8/graph/I2;Lcom/android/tools/r8/graph/I2;ZLcom/android/tools/r8/synthesis/l;)Lcom/android/tools/r8/graph/g1; 139 <appendix> member <vmtarget> ; # com/android/tools/r8/internal/al$$Lambda+0x0000000802472120
instanceKlass  @bci com/android/tools/r8/internal/al a (Lcom/android/tools/r8/graph/I2;Lcom/android/tools/r8/graph/D2;Lcom/android/tools/r8/internal/Zk;Lcom/android/tools/r8/internal/Q8;)Lcom/android/tools/r8/graph/D2; 106 <appendix> member <vmtarget> ; # com/android/tools/r8/internal/al$$Lambda+0x0000000802471eb8
instanceKlass  @bci com/android/tools/r8/internal/al a (Lcom/android/tools/r8/graph/I2;Lcom/android/tools/r8/graph/D2;Lcom/android/tools/r8/internal/Zk;Lcom/android/tools/r8/internal/Q8;)Lcom/android/tools/r8/graph/D2; 96 <appendix> member <vmtarget> ; # com/android/tools/r8/internal/al$$Lambda+0x0000000802471c50
instanceKlass  @bci com/android/tools/r8/internal/Zk a ()Lcom/android/tools/r8/synthesis/H; 7 <appendix> argL0 ; # com/android/tools/r8/internal/Zk$$Lambda+0x0000000802471a00
instanceKlass  @bci com/android/tools/r8/internal/al a (Lcom/android/tools/r8/internal/Ge;Lcom/android/tools/r8/internal/Q8;)V 32 <appendix> member <vmtarget> ; # com/android/tools/r8/internal/al$$Lambda+0x0000000802471520
instanceKlass  @bci com/android/tools/r8/internal/Vk b (Lcom/android/tools/r8/internal/jn;Lcom/android/tools/r8/internal/Q8;)V 119 <appendix> member <vmtarget> ; # com/android/tools/r8/internal/Vk$$Lambda+0x00000008024712b8
instanceKlass  @bci com/android/tools/r8/internal/Vk b (Lcom/android/tools/r8/internal/jn;Lcom/android/tools/r8/internal/Q8;)V 113 <appendix> member <vmtarget> ; # com/android/tools/r8/internal/Vk$$Lambda+0x0000000802471050
instanceKlass  @bci com/android/tools/r8/internal/Vk b (Lcom/android/tools/r8/internal/jn;Lcom/android/tools/r8/internal/Q8;)V 102 <appendix> member <vmtarget> ; # com/android/tools/r8/internal/Vk$$Lambda+0x0000000802470df8
instanceKlass  @bci com/android/tools/r8/internal/Vk a (Lcom/android/tools/r8/internal/jn;Lcom/android/tools/r8/internal/Q8;)Lcom/android/tools/r8/graph/D2; 114 <appendix> member <vmtarget> ; # com/android/tools/r8/internal/Vk$$Lambda+0x0000000802470b90
instanceKlass  @bci com/android/tools/r8/internal/Vk a (Lcom/android/tools/r8/internal/jn;Lcom/android/tools/r8/internal/Q8;)Lcom/android/tools/r8/graph/D2; 104 <appendix> member <vmtarget> ; # com/android/tools/r8/internal/Vk$$Lambda+0x0000000802470928
instanceKlass  @bci com/android/tools/r8/internal/Vk a (Lcom/android/tools/r8/internal/jn;Lcom/android/tools/r8/internal/Q8;)Lcom/android/tools/r8/graph/D2; 94 <appendix> member <vmtarget> ; # com/android/tools/r8/internal/Vk$$Lambda+0x00000008024706d0
instanceKlass  @bci com/android/tools/r8/internal/in a ()Lcom/android/tools/r8/graph/G; 80 <appendix> member <vmtarget> ; # com/android/tools/r8/internal/in$$Lambda+0x0000000802470468
instanceKlass  @bci com/android/tools/r8/internal/l00 a (Lcom/android/tools/r8/graph/C5;Lcom/android/tools/r8/internal/jn;Lcom/android/tools/r8/graph/I2;Lcom/android/tools/r8/synthesis/M;Lcom/android/tools/r8/internal/nn;)V 156 <appendix> member <vmtarget> ; # com/android/tools/r8/internal/l00$$Lambda+0x000000080246fcd0
instanceKlass  @bci com/android/tools/r8/internal/l00 a (Lcom/android/tools/r8/internal/jn;Lcom/android/tools/r8/internal/nn;)Ljava/util/LinkedHashMap; 16 <appendix> member <vmtarget> ; # com/android/tools/r8/internal/l00$$Lambda+0x000000080246fa68
instanceKlass  @bci com/android/tools/r8/internal/CA a (Lcom/android/tools/r8/graph/C5;Lcom/android/tools/r8/graph/j1;Lcom/android/tools/r8/synthesis/M;)V 595 <appendix> argL0 ; # com/android/tools/r8/internal/CA$$Lambda+0x000000080246f818
instanceKlass  @bci com/android/tools/r8/internal/NA a (Lcom/android/tools/r8/graph/D2;Lcom/android/tools/r8/graph/H2;Lcom/android/tools/r8/graph/E2;Lcom/android/tools/r8/graph/y;Ljava/util/function/Consumer;Ljava/util/function/Consumer;)Lcom/android/tools/r8/graph/C5; 15 <appendix> member <vmtarget> ; # com/android/tools/r8/internal/NA$$Lambda+0x000000080246f5b0
instanceKlass  @bci com/android/tools/r8/internal/NA a (Lcom/android/tools/r8/graph/D2;Lcom/android/tools/r8/graph/H2;Lcom/android/tools/r8/graph/E2;Lcom/android/tools/r8/graph/y;Ljava/util/function/Consumer;Ljava/util/function/Consumer;)Lcom/android/tools/r8/graph/C5; 9 <appendix> argL0 ; # com/android/tools/r8/internal/NA$$Lambda+0x000000080246f360
instanceKlass  @bci com/android/tools/r8/internal/CA a (Lcom/android/tools/r8/graph/C5;Lcom/android/tools/r8/internal/EA;)Lcom/android/tools/r8/graph/C5; 62 <appendix> member <vmtarget> ; # com/android/tools/r8/internal/CA$$Lambda+0x000000080246f0f8
instanceKlass  @bci com/android/tools/r8/internal/CA a (Lcom/android/tools/r8/graph/C5;Lcom/android/tools/r8/internal/EA;)Lcom/android/tools/r8/graph/C5; 56 <appendix> member <vmtarget> ; # com/android/tools/r8/internal/CA$$Lambda+0x000000080246ee90
instanceKlass com/android/tools/r8/internal/FA
instanceKlass  @bci com/android/tools/r8/internal/l00 a (Lcom/android/tools/r8/synthesis/V;Lcom/android/tools/r8/internal/ln;Lcom/android/tools/r8/internal/nn;Lcom/android/tools/r8/graph/C5;)V 7 <appendix> member <vmtarget> ; # com/android/tools/r8/internal/l00$$Lambda+0x000000080246e990
instanceKlass  @bci com/android/tools/r8/internal/l00 b (Lcom/android/tools/r8/graph/D2;Lcom/android/tools/r8/internal/ln;Lcom/android/tools/r8/internal/nn;Lcom/android/tools/r8/synthesis/V;)V 13 <appendix> member <vmtarget> ; # com/android/tools/r8/internal/l00$$Lambda+0x000000080246e728
instanceKlass  @bci com/android/tools/r8/internal/l00 b (Lcom/android/tools/r8/graph/D2;Lcom/android/tools/r8/internal/ln;Lcom/android/tools/r8/internal/nn;Lcom/android/tools/r8/synthesis/V;)V 5 <appendix> member <vmtarget> ; # com/android/tools/r8/internal/l00$$Lambda+0x000000080246e4a0
instanceKlass  @bci com/android/tools/r8/internal/l00 a (Lcom/android/tools/r8/graph/D2;Lcom/android/tools/r8/internal/ln;Lcom/android/tools/r8/internal/Q8;)V 38 <appendix> member <vmtarget> ; # com/android/tools/r8/internal/l00$$Lambda+0x000000080246e238
instanceKlass  @bci com/android/tools/r8/internal/l00 a (Lcom/android/tools/r8/graph/D2;Lcom/android/tools/r8/internal/ln;Lcom/android/tools/r8/internal/Q8;)V 28 <appendix> member <vmtarget> ; # com/android/tools/r8/internal/l00$$Lambda+0x000000080246dfd0
instanceKlass  @bci com/android/tools/r8/internal/l00 a (Lcom/android/tools/r8/graph/D2;Lcom/android/tools/r8/internal/ln;Lcom/android/tools/r8/internal/Q8;)V 15 <appendix> argL0 ; # com/android/tools/r8/internal/l00$$Lambda+0x000000080246dd80
instanceKlass  @bci com/android/tools/r8/internal/l00 a (Lcom/android/tools/r8/internal/Ge;Lcom/android/tools/r8/internal/Q8;)V 51 <appendix> member <vmtarget> ; # com/android/tools/r8/internal/l00$$Lambda+0x000000080246db18
instanceKlass com/android/tools/r8/internal/Qk
instanceKlass com/android/tools/r8/internal/l00
instanceKlass com/android/tools/r8/internal/ac
instanceKlass com/android/tools/r8/internal/VB
instanceKlass com/android/tools/r8/internal/Zb
instanceKlass com/android/tools/r8/internal/ih
instanceKlass  @bci com/android/tools/r8/shaking/h a (Lcom/android/tools/r8/graph/y;)V 46 <appendix> argL0 ; # com/android/tools/r8/shaking/h$$Lambda+0x000000080246b7a8
instanceKlass  @bci com/android/tools/r8/graph/r4 f (Lcom/android/tools/r8/graph/I2;)Lcom/android/tools/r8/graph/b0; 101 <appendix> member <vmtarget> ; # com/android/tools/r8/graph/r4$$Lambda+0x000000080246b540
instanceKlass  @bci com/android/tools/r8/graph/r4 f (Lcom/android/tools/r8/graph/I2;)Lcom/android/tools/r8/graph/b0; 60 <appendix> member <vmtarget> ; # com/android/tools/r8/graph/r4$$Lambda+0x000000080246b2d8
instanceKlass  @bci com/android/tools/r8/graph/r4 f (Lcom/android/tools/r8/graph/I2;)Lcom/android/tools/r8/graph/b0; 28 <appendix> member <vmtarget> ; # com/android/tools/r8/graph/r4$$Lambda+0x000000080246b070
instanceKlass  @bci com/android/tools/r8/shaking/S1 a (Lcom/android/tools/r8/graph/r4;Lcom/android/tools/r8/internal/dl0;)Lcom/android/tools/r8/graph/x0; 218 <appendix> member <vmtarget> ; # com/android/tools/r8/shaking/S1$$Lambda+0x000000080246adf8
instanceKlass  @bci com/android/tools/r8/shaking/S1 a (Lcom/android/tools/r8/graph/r4;Lcom/android/tools/r8/internal/dl0;)Lcom/android/tools/r8/graph/x0; 212 <appendix> member <vmtarget> ; # com/android/tools/r8/shaking/S1$$Lambda+0x000000080246ab70
instanceKlass com/android/tools/r8/shaking/S1
instanceKlass com/google/common/util/concurrent/NullnessCasts
instanceKlass  @bci com/android/tools/r8/graph/c4 a (Lcom/android/tools/r8/graph/E0;Lcom/android/tools/r8/graph/V;)V 82 <appendix> member <vmtarget> ; # com/android/tools/r8/graph/c4$$Lambda+0x000000080246a490
instanceKlass com/android/tools/r8/internal/mn0
instanceKlass com/google/common/util/concurrent/InterruptibleTask$DoNothingRunnable
instanceKlass com/android/tools/r8/internal/AW
instanceKlass  @bci com/android/tools/r8/L8 a (Lcom/android/tools/r8/utils/j;Lcom/android/tools/r8/utils/w;ZLcom/android/tools/r8/D8Command;Lcom/android/tools/r8/R8Command;Ljava/util/concurrent/ExecutorService;)V 9 <appendix> member <vmtarget> ; # com/android/tools/r8/L8$$Lambda+0x0000000802468f48
instanceKlass  @bci com/android/tools/r8/utils/w <init> (Lcom/android/tools/r8/graph/B1;Lcom/android/tools/r8/internal/V60;)V 342 <appendix> argL0 ; # com/android/tools/r8/utils/w$$Lambda+0x0000000802468cc8
instanceKlass com/android/tools/r8/L8
instanceKlass  @bci com/android/tools/r8/shaking/f3 p ()Z 2132 <appendix> member <vmtarget> ; # com/android/tools/r8/shaking/f3$$Lambda+0x0000000802468000
instanceKlass com/android/tools/r8/internal/gt
instanceKlass com/android/tools/r8/internal/rt
instanceKlass com/android/tools/r8/internal/bt
instanceKlass com/android/tools/r8/W
instanceKlass  @bci com/android/tools/r8/internal/WA <init> (Ljava/nio/file/Path;)V 1 <appendix> argL0 ; # com/android/tools/r8/internal/WA$$Lambda+0x0000000802467190
instanceKlass  @bci com/android/tools/r8/BaseCommand$Builder addLibraryFiles (Ljava/util/Collection;)Lcom/android/tools/r8/BaseCommand$Builder; 4 <appendix> member <vmtarget> ; # com/android/tools/r8/BaseCommand$Builder$$Lambda+0x0000000802466f38
instanceKlass com/android/tools/r8/V
instanceKlass com/android/builder/dexing/L8Tool$WhenMappings
instanceKlass com/android/builder/dexing/L8Tool
instanceKlass com/android/builder/dexing/KeepRulesConfig
instanceKlass  @bci com/android/tools/r8/tracereferences/a a (Ljava/util/HashSet;Ljava/util/HashSet;Ljava/util/HashMap;Ljava/util/HashMap;)V 674 <appendix> argL0 ; # com/android/tools/r8/tracereferences/a$$Lambda+0x0000000802465060
instanceKlass com/android/tools/r8/references/PackageReference
instanceKlass  @bci com/android/tools/r8/tracereferences/a a (Lcom/android/tools/r8/references/MethodReference;)V 8 <appendix> argL0 ; # com/android/tools/r8/tracereferences/a$$Lambda+0x0000000802464ba0
instanceKlass  @bci com/android/tools/r8/tracereferences/a a (Ljava/util/HashSet;Ljava/util/HashSet;Ljava/util/HashMap;Ljava/util/HashMap;)V 582 <appendix> argL0 ; # com/android/tools/r8/tracereferences/a$$Lambda+0x0000000802464930
instanceKlass  @bci com/android/tools/r8/tracereferences/a a (Ljava/util/HashSet;Ljava/util/HashSet;Ljava/util/HashMap;Ljava/util/HashMap;)V 201 <appendix> argL0 ; # com/android/tools/r8/tracereferences/a$$Lambda+0x00000008024646c0
instanceKlass  @bci com/android/tools/r8/tracereferences/a a (Ljava/util/HashSet;Ljava/util/HashSet;Ljava/util/HashMap;Ljava/util/HashMap;)V 9 <appendix> argL0 ; # com/android/tools/r8/tracereferences/a$$Lambda+0x0000000802464450
instanceKlass  @bci com/android/tools/r8/internal/pj0 acceptField (Lcom/android/tools/r8/tracereferences/TraceReferencesConsumer$TracedField;Lcom/android/tools/r8/DiagnosticsHandler;)V 18 <appendix> argL0 ; # com/android/tools/r8/internal/pj0$$Lambda+0x00000008024641e0
instanceKlass com/android/tools/r8/tracereferences/TraceReferencesConsumer$FieldAccessFlags
instanceKlass com/android/tools/r8/tracereferences/TraceReferencesConsumer$MethodAccessFlags
instanceKlass com/android/tools/r8/internal/M1
instanceKlass com/android/tools/r8/tracereferences/TraceReferencesConsumer$ClassAccessFlags
instanceKlass  @bci com/android/tools/r8/internal/pj0 acceptMethod (Lcom/android/tools/r8/tracereferences/TraceReferencesConsumer$TracedMethod;Lcom/android/tools/r8/DiagnosticsHandler;)V 18 <appendix> argL0 ; # com/android/tools/r8/internal/pj0$$Lambda+0x0000000802462e80
instanceKlass  @bci com/android/tools/r8/tracereferences/i a (Lcom/android/tools/r8/graph/w2;Lcom/android/tools/r8/graph/U4;Ljava/util/function/Function;)V 34 <appendix> member <vmtarget> ; # com/android/tools/r8/tracereferences/i$$Lambda+0x0000000802462c18
instanceKlass  @bci com/android/tools/r8/tracereferences/i a (Lcom/android/tools/r8/graph/w2;Lcom/android/tools/r8/internal/D6;Ljava/util/function/Function;Lcom/android/tools/r8/graph/U4;)V 22 <appendix> member <vmtarget> ; # com/android/tools/r8/tracereferences/i$$Lambda+0x00000008024629b0
instanceKlass  @bci com/android/tools/r8/tracereferences/i a (Lcom/android/tools/r8/graph/w2;Lcom/android/tools/r8/internal/D6;Ljava/util/function/Function;Lcom/android/tools/r8/graph/U4;)V 16 <appendix> member <vmtarget> ; # com/android/tools/r8/tracereferences/i$$Lambda+0x0000000802462748
instanceKlass com/android/tools/r8/tracereferences/TraceReferencesConsumer$AccessFlags
instanceKlass  @bci com/android/tools/r8/tracereferences/i g (Lcom/android/tools/r8/graph/w2;)V 98 <appendix> member <vmtarget> ; # com/android/tools/r8/tracereferences/i$$Lambda+0x00000008024622a0
instanceKlass  @bci com/android/tools/r8/tracereferences/i a (Lcom/android/tools/r8/internal/QP;)V 224 <appendix> argL0 ; # com/android/tools/r8/tracereferences/i$$Lambda+0x0000000802462030
instanceKlass  @bci com/android/tools/r8/tracereferences/i j (Lcom/android/tools/r8/graph/l1;)V 56 <appendix> member <vmtarget> ; # com/android/tools/r8/tracereferences/i$$Lambda+0x0000000802461dc8
instanceKlass  @bci com/android/tools/r8/tracereferences/i a (Lcom/android/tools/r8/graph/w2;)V 115 <appendix> argL0 ; # com/android/tools/r8/tracereferences/i$$Lambda+0x0000000802461b58
instanceKlass  @bci com/android/tools/r8/tracereferences/i a (Lcom/android/tools/r8/graph/w2;Lcom/android/tools/r8/graph/U4;Ljava/util/function/Function;)V 15 <appendix> member <vmtarget> ; # com/android/tools/r8/tracereferences/i$$Lambda+0x00000008024618f0
instanceKlass  @bci com/android/tools/r8/tracereferences/i e (Lcom/android/tools/r8/graph/w2;)V 95 <appendix> argL0 ; # com/android/tools/r8/tracereferences/i$$Lambda+0x0000000802461680
instanceKlass com/android/tools/r8/tracereferences/TraceReferencesConsumer$TracedField
instanceKlass  @bci com/android/tools/r8/graph/U4$c a (Lcom/android/tools/r8/graph/D2;Lcom/android/tools/r8/graph/y;)Lcom/android/tools/r8/graph/H0; 23 <appendix> member <vmtarget> ; # com/android/tools/r8/graph/U4$c$$Lambda+0x0000000802460ca8
instanceKlass com/android/tools/r8/diagnostic/DefinitionMethodContext
instanceKlass  @bci com/android/tools/r8/tracereferences/k a (Lcom/android/tools/r8/tracereferences/TraceReferencesConsumer;)V 154 <appendix> member <vmtarget> ; # com/android/tools/r8/tracereferences/k$$Lambda+0x0000000802460528
instanceKlass com/android/tools/r8/references/FieldReference
instanceKlass com/android/tools/r8/diagnostic/DefinitionFieldContext
instanceKlass  @bci com/android/tools/r8/tracereferences/k a (Lcom/android/tools/r8/tracereferences/TraceReferencesConsumer;)V 143 <appendix> member <vmtarget> ; # com/android/tools/r8/tracereferences/k$$Lambda+0x000000080245fab8
instanceKlass  @bci com/android/tools/r8/tracereferences/j a (Lcom/android/tools/r8/graph/D2;Lcom/android/tools/r8/graph/I2;Lcom/android/tools/r8/diagnostic/DefinitionContext;)V 11 <appendix> member <vmtarget> ; # com/android/tools/r8/tracereferences/j$$Lambda+0x000000080245f850
instanceKlass  @bci com/android/tools/r8/tracereferences/j a (Lcom/android/tools/r8/graph/I2;Lcom/android/tools/r8/diagnostic/DefinitionContext;)V 52 <appendix> member <vmtarget> ; # com/android/tools/r8/tracereferences/j$$Lambda+0x000000080245f5e8
instanceKlass com/android/tools/r8/diagnostic/internal/c
instanceKlass com/android/tools/r8/diagnostic/DefinitionClassContext
instanceKlass com/android/tools/r8/diagnostic/DefinitionContext
instanceKlass com/android/tools/r8/diagnostic/internal/b
instanceKlass com/android/tools/r8/diagnostic/internal/d
instanceKlass com/android/tools/r8/tracereferences/TraceReferencesConsumer$TracedMethod
instanceKlass com/android/tools/r8/tracereferences/TraceReferencesConsumer$TracedClass
instanceKlass com/android/tools/r8/internal/uj0
instanceKlass com/android/tools/r8/tracereferences/j
instanceKlass  @bci com/android/tools/r8/tracereferences/TraceReferences c (Lcom/android/tools/r8/tracereferences/TraceReferencesCommand;Lcom/android/tools/r8/utils/w;)V 498 <appendix> member <vmtarget> ; # com/android/tools/r8/tracereferences/TraceReferences$$Lambda+0x000000080245d1f8
instanceKlass com/android/tools/r8/tracereferences/k
instanceKlass  @bci com/android/tools/r8/graph/q4 <init> (Lcom/android/tools/r8/internal/rL;Lcom/android/tools/r8/internal/yd;Lcom/android/tools/r8/internal/i00;Lcom/android/tools/r8/utils/w;)V 127 <appendix> member <vmtarget> ; # com/android/tools/r8/graph/q4$$Lambda+0x000000080245c9f0
instanceKlass  @bci com/android/tools/r8/dex/C c (I)Lcom/android/tools/r8/graph/u5; 3 <appendix> member <vmtarget> ; # com/android/tools/r8/dex/C$$Lambda+0x000000080245c798
instanceKlass  @bci com/android/tools/r8/dex/C a (I)Lcom/android/tools/r8/graph/r0; 3 <appendix> member <vmtarget> ; # com/android/tools/r8/dex/C$$Lambda+0x000000080245c540
instanceKlass  @bci com/android/tools/r8/dex/C b (I)Lcom/android/tools/r8/graph/u0; 8 <appendix> argL0 ; # com/android/tools/r8/dex/C$$Lambda+0x000000080245c2f0
instanceKlass  @bci com/android/tools/r8/dex/C b (I)Lcom/android/tools/r8/graph/u0; 2 <appendix> member <vmtarget> ; # com/android/tools/r8/dex/C$$Lambda+0x000000080245c098
instanceKlass  @bci com/android/tools/r8/dex/C a (Ljava/util/function/Consumer;Lcom/android/tools/r8/graph/B;)V 654 <appendix> argL0 ; # com/android/tools/r8/dex/C$$Lambda+0x000000080245be48
instanceKlass com/android/tools/r8/dex/A
instanceKlass  @bci com/android/tools/r8/dex/C a (I[Lcom/android/tools/r8/dex/code/z1;)Lcom/android/tools/r8/graph/W0; 55 <appendix> member <vmtarget> ; # com/android/tools/r8/dex/C$$Lambda+0x000000080245b990
instanceKlass  @bci com/android/tools/r8/dex/C a (I[Lcom/android/tools/r8/dex/code/z1;)Lcom/android/tools/r8/graph/W0; 3 <appendix> member <vmtarget> ; # com/android/tools/r8/dex/C$$Lambda+0x000000080245b738
instanceKlass com/android/tools/r8/dex/code/A1
instanceKlass com/android/tools/r8/dex/code/N
instanceKlass  @bci com/android/tools/r8/dex/C a (I[Lcom/android/tools/r8/graph/t2;[Lcom/android/tools/r8/graph/u2;Z)[Lcom/android/tools/r8/graph/j1; 30 <appendix> argL0 ; # com/android/tools/r8/dex/C$$Lambda+0x0000000802458b60
instanceKlass  @bci com/android/tools/r8/dex/C a (I[Lcom/android/tools/r8/graph/t2;[Lcom/android/tools/r8/graph/u2;Z)[Lcom/android/tools/r8/graph/j1; 15 <appendix> argL0 ; # com/android/tools/r8/dex/C$$Lambda+0x0000000802458910
instanceKlass  @bci com/android/tools/r8/dex/C a (I[Lcom/android/tools/r8/graph/s2;[Lcom/android/tools/r8/graph/N2;)[Lcom/android/tools/r8/graph/g1; 15 <appendix> argL0 ; # com/android/tools/r8/dex/C$$Lambda+0x00000008024586c0
instanceKlass com/android/tools/r8/dex/B
instanceKlass  @bci com/android/tools/r8/dex/C e (I)Lcom/android/tools/r8/graph/f1; 3 <appendix> member <vmtarget> ; # com/android/tools/r8/dex/C$$Lambda+0x0000000802458228
instanceKlass  @bci com/android/tools/r8/dex/C d (I)Lcom/android/tools/r8/dex/z; 8 <appendix> argL0 ; # com/android/tools/r8/dex/C$$Lambda+0x0000000802450800
instanceKlass  @bci com/android/tools/r8/dex/C d (I)Lcom/android/tools/r8/dex/z; 2 <appendix> member <vmtarget> ; # com/android/tools/r8/dex/C$$Lambda+0x0000000802451c48
instanceKlass com/android/tools/r8/dex/z
instanceKlass  @bci com/android/tools/r8/dex/a a (Lcom/android/tools/r8/dex/C;Ljava/util/Queue;Lcom/android/tools/r8/graph/B;)V 7 <appendix> member <vmtarget> ; # com/android/tools/r8/dex/a$$Lambda+0x00000008024517a0
instanceKlass  @bci com/android/tools/r8/dex/a b (Ljava/util/ArrayList;Ljava/util/concurrent/ConcurrentLinkedQueue;)V 735 <appendix> member <vmtarget> ; # com/android/tools/r8/dex/a$$Lambda+0x0000000802451548
instanceKlass  @bci com/android/tools/r8/dex/C h (I)Lcom/android/tools/r8/graph/K2; 11 <appendix> member <vmtarget> ; # com/android/tools/r8/dex/C$$Lambda+0x0000000802453c60
instanceKlass com/android/tools/r8/internal/dV
instanceKlass com/android/tools/r8/dex/n
instanceKlass com/android/tools/r8/dex/E
instanceKlass com/android/tools/r8/graph/s5
instanceKlass com/android/tools/r8/dex/C
instanceKlass  @bci java/util/concurrent/Executors$AutoShutdownDelegatedExecutorService <init> (Ljava/util/concurrent/ExecutorService;)V 6 <appendix> member <vmtarget> ; # java/util/concurrent/Executors$AutoShutdownDelegatedExecutorService$$Lambda+0x0000000801d4b5d8
instanceKlass  @bci com/android/tools/r8/tracereferences/TraceReferences c (Lcom/android/tools/r8/tracereferences/TraceReferencesCommand;Lcom/android/tools/r8/utils/w;)V 110 <appendix> member <vmtarget> ; # com/android/tools/r8/tracereferences/TraceReferences$$Lambda+0x0000000802457d68
instanceKlass  @bci com/android/tools/r8/tracereferences/TraceReferences c (Lcom/android/tools/r8/tracereferences/TraceReferencesCommand;Lcom/android/tools/r8/utils/w;)V 67 <appendix> member <vmtarget> ; # com/android/tools/r8/tracereferences/TraceReferences$$Lambda+0x0000000802457b00
instanceKlass  @bci com/android/tools/r8/tracereferences/TraceReferences c (Lcom/android/tools/r8/tracereferences/TraceReferencesCommand;Lcom/android/tools/r8/utils/w;)V 45 <appendix> member <vmtarget> ; # com/android/tools/r8/tracereferences/TraceReferences$$Lambda+0x0000000802457898
instanceKlass  @bci com/android/tools/r8/tracereferences/TraceReferences c (Lcom/android/tools/r8/tracereferences/TraceReferencesCommand;Lcom/android/tools/r8/utils/w;)V 31 <appendix> member <vmtarget> ; # com/android/tools/r8/tracereferences/TraceReferences$$Lambda+0x0000000802457630
instanceKlass  @bci com/android/tools/r8/tracereferences/TraceReferences c (Lcom/android/tools/r8/tracereferences/TraceReferencesCommand;Lcom/android/tools/r8/utils/w;)V 17 <appendix> member <vmtarget> ; # com/android/tools/r8/tracereferences/TraceReferences$$Lambda+0x00000008024573c8
instanceKlass  @bci com/android/tools/r8/tracereferences/TraceReferences b (Lcom/android/tools/r8/tracereferences/TraceReferencesCommand;Lcom/android/tools/r8/utils/w;)V 6 <appendix> member <vmtarget> ; # com/android/tools/r8/tracereferences/TraceReferences$$Lambda+0x0000000802457170
instanceKlass com/android/tools/r8/internal/S60
instanceKlass  @bci com/android/tools/r8/utils/w <init> ()V 336 <appendix> argL0 ; # com/android/tools/r8/utils/w$$Lambda+0x0000000802456c68
instanceKlass com/android/tools/r8/tracereferences/TraceReferences
instanceKlass  @bci com/android/tools/r8/tracereferences/TraceReferencesCommand$Builder build ()Lcom/android/tools/r8/tracereferences/TraceReferencesCommand; 16 <appendix> member <vmtarget> ; # com/android/tools/r8/tracereferences/TraceReferencesCommand$Builder$$Lambda+0x00000008024567d8
instanceKlass com/android/tools/r8/tracereferences/f
instanceKlass com/android/tools/r8/tracereferences/c
instanceKlass com/android/tools/r8/tracereferences/TraceReferencesCommand$Builder
instanceKlass com/android/tools/r8/tracereferences/TraceReferencesCommand
instanceKlass com/android/tools/r8/tracereferences/TraceReferencesConsumer$TracedReference
instanceKlass com/android/tools/r8/internal/pj0
instanceKlass com/android/tools/r8/tracereferences/TraceReferencesKeepRules$Builder
instanceKlass com/android/tools/r8/tracereferences/a
instanceKlass com/android/tools/r8/tracereferences/TraceReferencesConsumer$ForwardingConsumer
instanceKlass com/android/tools/r8/tracereferences/TraceReferencesConsumer
instanceKlass com/android/builder/dexing/TraceReferenceToolKt
instanceKlass  @bci com/android/build/gradle/internal/tasks/L8DexWorkAction$Inject $gradleInit ()V 1 <appendix> member <vmtarget> ; # com/android/build/gradle/internal/tasks/L8DexWorkAction$Inject$$Lambda+0x0000000802454360
instanceKlass  @bci com/android/build/gradle/internal/tasks/L8DexWorkAction$Params$Inject $gradleInit ()V 1 <appendix> member <vmtarget> ; # com/android/build/gradle/internal/tasks/L8DexWorkAction$Params$Inject$$Lambda+0x000000080244fda8
instanceKlass  @bci com/android/build/gradle/internal/tasks/L8DexWorkAction$Params_Decorated $gradleInit ()V 1 <appendix> member <vmtarget> ; # com/android/build/gradle/internal/tasks/L8DexWorkAction$Params_Decorated$$Lambda+0x000000080244f7a0
instanceKlass com/android/build/gradle/internal/tasks/L8DexDesugarLibTask$doTaskAction$1
instanceKlass  @bci com/android/tools/r8/dex/k a (Lcom/android/tools/r8/graph/y;)V 227 <appendix> member <vmtarget> ; # com/android/tools/r8/dex/k$$Lambda+0x000000080244e8b8
instanceKlass com/android/tools/r8/u
instanceKlass  @bci com/android/tools/r8/dex/k a (Lcom/android/tools/r8/naming/r0;Lcom/android/tools/r8/DataResourceConsumer;Lcom/android/tools/r8/internal/V60;Lcom/android/tools/r8/graph/I2;Ljava/util/List;)V 41 <appendix> argL0 ; # com/android/tools/r8/dex/k$$Lambda+0x000000080244e3a0
instanceKlass  @bci com/android/tools/r8/dex/k a (Lcom/android/tools/r8/naming/r0;Lcom/android/tools/r8/DataResourceConsumer;Lcom/android/tools/r8/internal/V60;Lcom/android/tools/r8/graph/I2;Ljava/util/List;)V 31 <appendix> argL0 ; # com/android/tools/r8/dex/k$$Lambda+0x000000080244e130
instanceKlass  @bci com/android/tools/r8/dex/k a (Lcom/android/tools/r8/naming/r0;Lcom/android/tools/r8/DataResourceConsumer;Lcom/android/tools/r8/internal/V60;Lcom/android/tools/r8/graph/I2;Ljava/util/List;)V 21 <appendix> member <vmtarget> ; # com/android/tools/r8/dex/k$$Lambda+0x000000080244deb8
instanceKlass  @bci com/android/tools/r8/graph/l a (Ljava/util/function/BiConsumer;Lcom/android/tools/r8/graph/I2;Ljava/util/Map;)V 13 <appendix> member <vmtarget> ; # com/android/tools/r8/graph/l$$Lambda+0x000000080244dc50
instanceKlass  @bci com/android/tools/r8/graph/l a (Ljava/util/function/BiConsumer;)V 5 <appendix> member <vmtarget> ; # com/android/tools/r8/graph/l$$Lambda+0x000000080244d9e8
instanceKlass  @bci com/android/tools/r8/dex/k a (Lcom/android/tools/r8/graph/y;)V 212 <appendix> member <vmtarget> ; # com/android/tools/r8/dex/k$$Lambda+0x000000080244d780
instanceKlass  @bci com/android/tools/r8/dex/f0 b (Lcom/android/tools/r8/DataEntryResource;)Lcom/android/tools/r8/DataEntryResource; 123 <appendix> argL0 ; # com/android/tools/r8/dex/f0$$Lambda+0x000000080244d510
instanceKlass  @bci com/android/tools/r8/dex/f0 b (Lcom/android/tools/r8/DataEntryResource;)Lcom/android/tools/r8/DataEntryResource; 5 <appendix> argL0 ; # com/android/tools/r8/dex/f0$$Lambda+0x000000080244d2a0
instanceKlass com/android/tools/r8/dex/h
instanceKlass com/android/tools/r8/dex/e0
instanceKlass com/android/tools/r8/dex/f0
instanceKlass com/android/tools/r8/naming/N
instanceKlass  @bci com/android/tools/r8/internal/V3 a (Lcom/android/tools/r8/TextOutputStream;)V 25 <appendix> member <vmtarget> ; # com/android/tools/r8/internal/V3$$Lambda+0x000000080244bae8
instanceKlass com/android/builder/dexing/R8Tool$wireArtProfileRewriting$residualArtProfileConsumer$1$getHumanReadableArtProfileConsumer$1
instanceKlass com/android/tools/r8/TextOutputStream
instanceKlass  @bci com/android/tools/r8/internal/V3 a (Lcom/android/tools/r8/naming/r0;Lcom/android/tools/r8/graph/B1;Lcom/android/tools/r8/internal/k4;Lcom/android/tools/r8/internal/V3$a;)V 19 <appendix> member <vmtarget> ; # com/android/tools/r8/internal/V3$$Lambda+0x000000080244b3f0
instanceKlass  @bci com/android/tools/r8/internal/V3 a (Lcom/android/tools/r8/graph/y;Lcom/android/tools/r8/naming/r0;)Lcom/android/tools/r8/internal/V3; 53 <appendix> member <vmtarget> ; # com/android/tools/r8/internal/V3$$Lambda+0x000000080244b188
instanceKlass  @bci com/android/tools/r8/internal/V3 a (Lcom/android/tools/r8/graph/y;Lcom/android/tools/r8/naming/r0;)Lcom/android/tools/r8/internal/V3; 47 <appendix> member <vmtarget> ; # com/android/tools/r8/internal/V3$$Lambda+0x000000080244af20
instanceKlass  @bci com/android/tools/r8/internal/h1 a (Lcom/android/tools/r8/graph/D2;Lcom/android/tools/r8/graph/y;)V 3 <appendix> member <vmtarget> ; # com/android/tools/r8/internal/h1$$Lambda+0x000000080244acb8
instanceKlass  @bci com/android/tools/r8/internal/i1 a (Lcom/android/tools/r8/graph/y;)Lcom/android/tools/r8/internal/i1; 9 <appendix> member <vmtarget> ; # com/android/tools/r8/internal/i1$$Lambda+0x000000080244aa50
instanceKlass  @bci com/android/tools/r8/internal/i1 a (Lcom/android/tools/r8/graph/y;)Lcom/android/tools/r8/internal/i1; 3 <appendix> member <vmtarget> ; # com/android/tools/r8/internal/i1$$Lambda+0x000000080244a7e8
instanceKlass com/android/tools/r8/internal/Dd
instanceKlass com/android/tools/r8/internal/Ed
instanceKlass com/android/tools/r8/internal/Fd
instanceKlass com/android/tools/r8/internal/bm
instanceKlass com/android/tools/r8/ByteDataView
instanceKlass java/util/zip/Adler32
instanceKlass  @bci com/android/tools/r8/dex/L a (II)Lcom/android/tools/r8/dex/G; 2813 <appendix> member <vmtarget> ; # com/android/tools/r8/dex/L$$Lambda+0x0000000802449a10
instanceKlass  @bci com/android/tools/r8/dex/L a (II)Lcom/android/tools/r8/dex/G; 2783 <appendix> member <vmtarget> ; # com/android/tools/r8/dex/L$$Lambda+0x00000008024497a8
instanceKlass  @bci com/android/tools/r8/dex/L a (II)Lcom/android/tools/r8/dex/G; 2704 <appendix> member <vmtarget> ; # com/android/tools/r8/dex/L$$Lambda+0x0000000802449540
instanceKlass  @bci com/android/tools/r8/dex/L a (II)Lcom/android/tools/r8/dex/G; 2676 <appendix> member <vmtarget> ; # com/android/tools/r8/dex/L$$Lambda+0x00000008024492d8
instanceKlass  @bci com/android/tools/r8/dex/L a (II)Lcom/android/tools/r8/dex/G; 2646 <appendix> member <vmtarget> ; # com/android/tools/r8/dex/L$$Lambda+0x0000000802449070
instanceKlass  @bci com/android/tools/r8/dex/L a (II)Lcom/android/tools/r8/dex/G; 2616 <appendix> member <vmtarget> ; # com/android/tools/r8/dex/L$$Lambda+0x0000000802448e08
instanceKlass  @bci com/android/tools/r8/dex/L a (II)Lcom/android/tools/r8/dex/G; 2586 <appendix> member <vmtarget> ; # com/android/tools/r8/dex/L$$Lambda+0x0000000802448ba0
instanceKlass  @bci com/android/tools/r8/dex/L a (II)Lcom/android/tools/r8/dex/G; 2523 <appendix> member <vmtarget> ; # com/android/tools/r8/dex/L$$Lambda+0x0000000802448938
instanceKlass  @bci com/android/tools/r8/dex/H a (Lcom/android/tools/r8/dex/L;IIII)Ljava/util/ArrayList; 1051 <appendix> argL0 ; # com/android/tools/r8/dex/H$$Lambda+0x00000008024486e8
instanceKlass com/android/tools/r8/dex/I
instanceKlass  @bci com/android/tools/r8/dex/L a (Lcom/android/tools/r8/graph/s0;)V 253 <appendix> member <vmtarget> ; # com/android/tools/r8/dex/L$$Lambda+0x0000000802448258
instanceKlass  @bci com/android/tools/r8/dex/L a (Lcom/android/tools/r8/graph/s0;)V 184 <appendix> member <vmtarget> ; # com/android/tools/r8/dex/L$$Lambda+0x0000000802448000
instanceKlass  @bci com/android/tools/r8/dex/L a (Lcom/android/tools/r8/graph/s0;)V 112 <appendix> member <vmtarget> ; # com/android/tools/r8/dex/L$$Lambda+0x0000000802447d68
instanceKlass  @bci com/android/tools/r8/graph/s0 a (Lcom/android/tools/r8/graph/p5;)Ljava/util/ArrayList; 6 <appendix> member <vmtarget> ; # com/android/tools/r8/graph/s0$$Lambda+0x0000000802447a98
instanceKlass  @bci com/android/tools/r8/graph/s0 c (Lcom/android/tools/r8/graph/p5;)Ljava/util/ArrayList; 6 <appendix> member <vmtarget> ; # com/android/tools/r8/graph/s0$$Lambda+0x00000008024477c8
instanceKlass  @bci com/android/tools/r8/graph/s0 b (Lcom/android/tools/r8/graph/p5;)Ljava/util/ArrayList; 6 <appendix> member <vmtarget> ; # com/android/tools/r8/graph/s0$$Lambda+0x00000008024474f8
instanceKlass  @bci com/android/tools/r8/dex/L a (II)Lcom/android/tools/r8/dex/G; 2257 <appendix> member <vmtarget> ; # com/android/tools/r8/dex/L$$Lambda+0x0000000802447290
instanceKlass  @bci com/android/tools/r8/dex/L a (II)Lcom/android/tools/r8/dex/G; 2250 <appendix> member <vmtarget> ; # com/android/tools/r8/dex/L$$Lambda+0x0000000802447028
instanceKlass  @bci com/android/tools/r8/dex/L a (II)Lcom/android/tools/r8/dex/G; 2231 <appendix> member <vmtarget> ; # com/android/tools/r8/dex/L$$Lambda+0x0000000802446dc0
instanceKlass  @bci com/android/tools/r8/dex/L a (II)Lcom/android/tools/r8/dex/G; 2224 <appendix> member <vmtarget> ; # com/android/tools/r8/dex/L$$Lambda+0x0000000802446b58
instanceKlass  @bci com/android/tools/r8/dex/L a (Lcom/android/tools/r8/graph/u0;)V 84 <appendix> member <vmtarget> ; # com/android/tools/r8/dex/L$$Lambda+0x0000000802446888
instanceKlass  @bci com/android/tools/r8/dex/L a (II)Lcom/android/tools/r8/dex/G; 2205 <appendix> member <vmtarget> ; # com/android/tools/r8/dex/L$$Lambda+0x0000000802446620
instanceKlass  @bci com/android/tools/r8/dex/L a (II)Lcom/android/tools/r8/dex/G; 2198 <appendix> member <vmtarget> ; # com/android/tools/r8/dex/L$$Lambda+0x00000008024463b8
instanceKlass  @bci com/android/tools/r8/dex/L a (II)Lcom/android/tools/r8/dex/G; 2179 <appendix> member <vmtarget> ; # com/android/tools/r8/dex/L$$Lambda+0x0000000802446150
instanceKlass  @bci com/android/tools/r8/dex/L a (II)Lcom/android/tools/r8/dex/G; 2172 <appendix> member <vmtarget> ; # com/android/tools/r8/dex/L$$Lambda+0x0000000802445ee8
instanceKlass  @bci com/android/tools/r8/graph/K4 g ()I 2 <appendix> member <vmtarget> ; # com/android/tools/r8/graph/K4$$Lambda+0x0000000802445c60
instanceKlass  @bci com/android/tools/r8/graph/K4 f ()I 2 <appendix> member <vmtarget> ; # com/android/tools/r8/graph/K4$$Lambda+0x00000008024459d8
instanceKlass  @bci com/android/tools/r8/dex/L a (Ljava/lang/Iterable;)V 6 <appendix> member <vmtarget> ; # com/android/tools/r8/dex/L$$Lambda+0x0000000802445708
instanceKlass  @bci com/android/tools/r8/dex/L a (Ljava/util/List;)V 11 <appendix> member <vmtarget> ; # com/android/tools/r8/dex/L$$Lambda+0x0000000802445438
instanceKlass  @bci com/android/tools/r8/dex/L a (II)Lcom/android/tools/r8/dex/G; 2153 <appendix> member <vmtarget> ; # com/android/tools/r8/dex/L$$Lambda+0x00000008024451d0
instanceKlass  @bci com/android/tools/r8/dex/L a (II)Lcom/android/tools/r8/dex/G; 2146 <appendix> member <vmtarget> ; # com/android/tools/r8/dex/L$$Lambda+0x0000000802444f68
instanceKlass com/android/tools/r8/internal/on
instanceKlass  @bci com/android/tools/r8/dex/L a (Lcom/android/tools/r8/graph/e1;Lcom/android/tools/r8/dex/y;Lcom/android/tools/r8/graph/r5;)V 23 <appendix> member <vmtarget> ; # com/android/tools/r8/dex/L$$Lambda+0x0000000802444a60
instanceKlass  @bci com/android/tools/r8/dex/L a (II)Lcom/android/tools/r8/dex/G; 2127 <appendix> member <vmtarget> ; # com/android/tools/r8/dex/L$$Lambda+0x00000008024447f8
instanceKlass  @bci com/android/tools/r8/dex/L a (II)Lcom/android/tools/r8/dex/G; 2120 <appendix> member <vmtarget> ; # com/android/tools/r8/dex/L$$Lambda+0x0000000802444590
instanceKlass  @bci com/android/tools/r8/dex/L a (II)Lcom/android/tools/r8/dex/G; 2088 <appendix> member <vmtarget> ; # com/android/tools/r8/dex/L$$Lambda+0x0000000802444328
instanceKlass  @bci com/android/tools/r8/dex/L a (II)Lcom/android/tools/r8/dex/G; 2081 <appendix> member <vmtarget> ; # com/android/tools/r8/dex/L$$Lambda+0x00000008024440c0
instanceKlass  @bci com/android/tools/r8/dex/L a (II)Lcom/android/tools/r8/dex/G; 2054 <appendix> member <vmtarget> ; # com/android/tools/r8/dex/L$$Lambda+0x0000000802443e58
instanceKlass  @bci com/android/tools/r8/dex/L a (II)Lcom/android/tools/r8/dex/G; 2047 <appendix> member <vmtarget> ; # com/android/tools/r8/dex/L$$Lambda+0x0000000802443bf0
instanceKlass com/android/tools/r8/dex/G
instanceKlass com/android/tools/r8/dex/o
instanceKlass  @bci com/android/tools/r8/internal/TN b (Lcom/android/tools/r8/graph/I2;)Z 10 <appendix> member <vmtarget> ; # com/android/tools/r8/internal/TN$$Lambda+0x00000008024434b8
instanceKlass  @bci com/android/tools/r8/internal/TN a (Lcom/android/tools/r8/graph/I2;)Z 10 <appendix> member <vmtarget> ; # com/android/tools/r8/internal/TN$$Lambda+0x0000000802443200
instanceKlass com/android/tools/r8/dex/u
instanceKlass  @bci com/android/tools/r8/dex/w a (Lcom/android/tools/r8/internal/A50;)Ljava/util/ArrayList; 93 <appendix> member <vmtarget> ; # com/android/tools/r8/dex/w$$Lambda+0x0000000802442d40
instanceKlass  @bci com/android/tools/r8/dex/w a (Lcom/android/tools/r8/internal/A50;)Ljava/util/ArrayList; 78 <appendix> member <vmtarget> ; # com/android/tools/r8/dex/w$$Lambda+0x0000000802442ad8
instanceKlass  @bci com/android/tools/r8/dex/w a (Lcom/android/tools/r8/internal/A50;)Ljava/util/ArrayList; 69 <appendix> argL0 ; # com/android/tools/r8/dex/w$$Lambda+0x0000000802442858
instanceKlass com/android/tools/r8/dex/v
instanceKlass com/android/tools/r8/dex/H
instanceKlass  @bci com/android/tools/r8/dex/k a (Lcom/android/tools/r8/graph/r5;Lcom/android/tools/r8/ByteBufferProvider;Lcom/android/tools/r8/dex/t0;Lcom/android/tools/r8/internal/ij0;)Lcom/android/tools/r8/dex/F; 53 <appendix> member <vmtarget> ; # com/android/tools/r8/dex/k$$Lambda+0x0000000802442188
instanceKlass com/android/tools/r8/dex/F
instanceKlass  @bci com/android/tools/r8/graph/s0 <init> (Lcom/android/tools/r8/graph/D2;)V 86 <appendix> member <vmtarget> ; # com/android/tools/r8/graph/s0$$Lambda+0x0000000802441ce0
instanceKlass  @bci com/android/tools/r8/graph/m3 b ()Z 1 <appendix> argL0 ; # com/android/tools/r8/graph/m3$$Lambda+0x0000000802441818
instanceKlass  @bci com/android/tools/r8/graph/I4 e ()Z 1 <appendix> argL0 ; # com/android/tools/r8/graph/I4$$Lambda+0x00000008024415a8
instanceKlass  @bci com/android/tools/r8/graph/n1 a (Lcom/android/tools/r8/dex/X;Ljava/util/Collection;)V 2 <appendix> member <vmtarget> ; # com/android/tools/r8/graph/n1$$Lambda+0x0000000802441340
instanceKlass  @bci com/android/tools/r8/graph/D2 a (Lcom/android/tools/r8/naming/r0;)Lcom/android/tools/r8/graph/f1; 74 <appendix> member <vmtarget> ; # com/android/tools/r8/graph/D2$$Lambda+0x0000000802440e18
instanceKlass  @bci com/android/tools/r8/dex/L a ()Lcom/android/tools/r8/dex/L; 68 <appendix> member <vmtarget> ; # com/android/tools/r8/dex/L$$Lambda+0x0000000802440bb0
instanceKlass  @bci com/android/tools/r8/graph/X0 a (Lcom/android/tools/r8/utils/structural/A;)V 9 <appendix> argL0 ; # com/android/tools/r8/graph/X0$$Lambda+0x0000000802440960
instanceKlass  @bci com/android/tools/r8/graph/X0 a (Lcom/android/tools/r8/utils/structural/A;)V 1 <appendix> argL0 ; # com/android/tools/r8/graph/X0$$Lambda+0x0000000802440710
instanceKlass  @bci com/android/tools/r8/graph/X0 a (Lcom/android/tools/r8/graph/W0;Lcom/android/tools/r8/utils/structural/a;)I 30 <appendix> argL0 ; # com/android/tools/r8/graph/X0$$Lambda+0x00000008024404c0
instanceKlass  @bci com/android/tools/r8/graph/W0$a a (Lcom/android/tools/r8/utils/structural/A;)V 17 <appendix> argL0 ; # com/android/tools/r8/graph/W0$a$$Lambda+0x0000000802440250
instanceKlass  @bci com/android/tools/r8/utils/structural/A g (Ljava/util/function/Function;)Lcom/android/tools/r8/utils/structural/A; 17 <appendix> argL0 ; # com/android/tools/r8/utils/structural/A$$Lambda+0x0000000802440000
instanceKlass  @bci com/android/tools/r8/utils/structural/A g (Ljava/util/function/Function;)Lcom/android/tools/r8/utils/structural/A; 12 <appendix> argL0 ; # com/android/tools/r8/utils/structural/A$$Lambda+0x000000080243d400
instanceKlass  @bci com/android/tools/r8/utils/structural/A g (Ljava/util/function/Function;)Lcom/android/tools/r8/utils/structural/A; 2 <appendix> argL0 ; # com/android/tools/r8/utils/structural/A$$Lambda+0x000000080243dcc0
instanceKlass  @bci com/android/tools/r8/graph/W0$a a (Lcom/android/tools/r8/utils/structural/A;)V 9 <appendix> argL0 ; # com/android/tools/r8/graph/W0$a$$Lambda+0x000000080243da50
instanceKlass  @bci com/android/tools/r8/graph/W0$a a (Lcom/android/tools/r8/utils/structural/A;)V 1 <appendix> argL0 ; # com/android/tools/r8/graph/W0$a$$Lambda+0x000000080243d800
instanceKlass  @bci com/android/tools/r8/graph/W0$a a (Lcom/android/tools/r8/graph/W0;Lcom/android/tools/r8/utils/structural/a;)I 30 <appendix> argL0 ; # com/android/tools/r8/graph/W0$a$$Lambda+0x000000080243fd28
instanceKlass  @bci com/android/tools/r8/dex/k a (Lcom/android/tools/r8/graph/r5;Lcom/android/tools/r8/ByteBufferProvider;Lcom/android/tools/r8/dex/t0;Lcom/android/tools/r8/internal/ij0;)Lcom/android/tools/r8/dex/F; 40 <appendix> member <vmtarget> ; # com/android/tools/r8/dex/k$$Lambda+0x000000080243fad0
instanceKlass com/android/tools/r8/dex/s
instanceKlass com/android/tools/r8/dex/y
instanceKlass com/android/tools/r8/graph/x5
instanceKlass com/android/tools/r8/dex/L
instanceKlass  @bci com/android/tools/r8/graph/r5 a (Ljava/util/List;)V 106 <appendix> member <vmtarget> ; # com/android/tools/r8/graph/r5$$Lambda+0x000000080243e520
instanceKlass  @bci com/android/tools/r8/graph/r5 a (Ljava/util/List;)V 100 <appendix> argL0 ; # com/android/tools/r8/graph/r5$$Lambda+0x000000080243e258
instanceKlass  @bci com/android/tools/r8/dex/k a (Ljava/util/concurrent/ExecutorService;Ljava/util/List;Ljava/util/ArrayList;Lcom/android/tools/r8/internal/ij0;)V 27 <appendix> member <vmtarget> ; # com/android/tools/r8/dex/k$$Lambda+0x000000080243e000
instanceKlass  @bci com/android/tools/r8/dex/k a (Lcom/android/tools/r8/naming/J0;)Lcom/android/tools/r8/graph/H2; 100 <appendix> member <vmtarget> ; # com/android/tools/r8/dex/k$$Lambda+0x000000080243bbb0
instanceKlass com/android/tools/r8/dex/g
instanceKlass  @bci com/android/tools/r8/dex/W toString ()Ljava/lang/String; 35 <appendix> member <vmtarget> ; # com/android/tools/r8/dex/W$$Lambda+0x000000080243b6e8
instanceKlass  @bci com/android/tools/r8/dex/W toString ()Ljava/lang/String; 21 <appendix> argL0 ; # com/android/tools/r8/dex/W$$Lambda+0x000000080243b478
instanceKlass  @bci com/android/tools/r8/naming/M0 a ()Lcom/android/tools/r8/naming/J0; 255 <appendix> member <vmtarget> ; # com/android/tools/r8/naming/M0$$Lambda+0x000000080243b210
instanceKlass com/android/tools/r8/naming/A0
instanceKlass com/android/tools/r8/naming/J0
instanceKlass com/android/tools/r8/naming/K0
instanceKlass  @bci com/android/tools/r8/naming/L0 a (Lcom/android/tools/r8/MapIdProvider;)Lcom/android/tools/r8/MapIdProvider; 7 <appendix> argL0 ; # com/android/tools/r8/naming/L0$$Lambda+0x000000080243a8e8
instanceKlass com/android/tools/r8/MapIdProvider
instanceKlass  @bci com/android/tools/r8/internal/Rb0 r ()Ljava/lang/String; 82 <appendix> member <vmtarget> ; # com/android/tools/r8/internal/Rb0$$Lambda+0x000000080243a450
instanceKlass  @bci com/android/tools/r8/internal/Rb0 r ()Ljava/lang/String; 48 <appendix> member <vmtarget> ; # com/android/tools/r8/internal/Rb0$$Lambda+0x000000080243a1e8
instanceKlass com/android/tools/r8/internal/bx
instanceKlass com/android/tools/r8/internal/dx
instanceKlass  @bci com/android/tools/r8/internal/eX r ()Ljava/lang/String; 46 <appendix> member <vmtarget> ; # com/android/tools/r8/internal/eX$$Lambda+0x0000000802438e80
instanceKlass  @bci com/android/tools/r8/naming/N0 toString ()Ljava/lang/String; 27 <appendix> form vmentry <vmtarget> ; # java/lang/invoke/LambdaForm$MH+0x000000080243d000
instanceKlass  @bci com/android/tools/r8/naming/N0 toString ()Ljava/lang/String; 27 <appendix> argL3 form vmentry <vmtarget> ; # java/lang/invoke/LambdaForm$MH+0x000000080243cc00
# instanceKlass java/lang/invoke/LambdaForm$MH+0x000000080243c800
# instanceKlass java/lang/invoke/LambdaForm$MH+0x000000080243c400
# instanceKlass java/lang/invoke/LambdaForm$MH+0x000000080243c000
instanceKlass  @bci com/android/tools/r8/naming/V a (Lcom/android/tools/r8/naming/V;)I 29 <appendix> member <vmtarget> ; # com/android/tools/r8/naming/V$$Lambda+0x0000000802438c08
instanceKlass  @bci com/android/tools/r8/naming/V a (Lcom/android/tools/r8/naming/V;)I 18 <appendix> argL0 ; # com/android/tools/r8/naming/V$$Lambda+0x0000000802438998
instanceKlass  @bci com/android/tools/r8/naming/V a (Lcom/android/tools/r8/naming/V;)I 8 <appendix> argL0 ; # com/android/tools/r8/naming/V$$Lambda+0x0000000802438728
instanceKlass  @bci com/android/tools/r8/naming/V a (Lcom/android/tools/r8/naming/V;)I 0 <appendix> argL0 ; # com/android/tools/r8/naming/V$$Lambda+0x00000008024384b8
instanceKlass  @bci com/android/tools/r8/naming/k a (Lcom/android/tools/r8/internal/gb;)V 173 <appendix> argL0 ; # com/android/tools/r8/naming/k$$Lambda+0x0000000802438268
instanceKlass  @bci com/android/tools/r8/naming/k a (Lcom/android/tools/r8/internal/gb;)V 58 <appendix> member <vmtarget> ; # com/android/tools/r8/naming/k$$Lambda+0x0000000802438000
instanceKlass com/android/tools/r8/internal/ZC
instanceKlass  @bci com/android/tools/r8/naming/k a (Lcom/android/tools/r8/internal/gb;)V 48 <appendix> member <vmtarget> ; # com/android/tools/r8/naming/k$$Lambda+0x0000000802432d38
instanceKlass com/android/tools/r8/naming/L0
instanceKlass  @bci com/android/tools/r8/naming/b g ()Lcom/android/tools/r8/naming/b; 48 <appendix> member <vmtarget> ; # com/android/tools/r8/naming/b$$Lambda+0x00000008024336e0
instanceKlass  @bci com/android/tools/r8/naming/b g ()Lcom/android/tools/r8/naming/b; 5 <appendix> argL0 ; # com/android/tools/r8/naming/b$$Lambda+0x0000000802433470
instanceKlass com/android/tools/r8/MapIdEnvironment
instanceKlass com/android/tools/r8/naming/M0
instanceKlass com/android/tools/r8/naming/k$c
instanceKlass  @bci com/android/tools/r8/naming/b$a b ()Lcom/android/tools/r8/internal/Eu; 9 <appendix> member <vmtarget> ; # com/android/tools/r8/naming/b$a$$Lambda+0x0000000802437a60
instanceKlass  @bci com/android/tools/r8/internal/iO a (Lcom/android/tools/r8/internal/Tz;Ljava/util/Map$Entry;)V 64 <appendix> argL0 ; # com/android/tools/r8/internal/iO$$Lambda+0x0000000802437800
instanceKlass  @bci com/android/tools/r8/internal/iO a ()V 32 <appendix> member <vmtarget> ; # com/android/tools/r8/internal/iO$$Lambda+0x0000000802437598
instanceKlass  @bci com/android/tools/r8/internal/hO a ()V 99 <appendix> argL0 ; # com/android/tools/r8/internal/hO$$Lambda+0x0000000802437338
instanceKlass com/android/tools/r8/internal/I
instanceKlass com/android/tools/r8/internal/gx
instanceKlass  @bci com/android/tools/r8/internal/hO a ()V 74 <appendix> member <vmtarget> ; # com/android/tools/r8/internal/hO$$Lambda+0x0000000802436418
instanceKlass  @bci com/android/tools/r8/internal/iO b ()Lcom/android/tools/r8/naming/b; 9 <appendix> argL0 ; # com/android/tools/r8/internal/iO$$Lambda+0x0000000802435b18
instanceKlass  @bci com/android/tools/r8/internal/TY a (Ljava/util/Map;Lcom/android/tools/r8/internal/SY;)V 22 <appendix> argL0 ; # com/android/tools/r8/internal/TY$$Lambda+0x00000008024358a8
instanceKlass  @bci com/android/tools/r8/internal/TY a ()V 13 <appendix> member <vmtarget> ; # com/android/tools/r8/internal/TY$$Lambda+0x0000000802435640
instanceKlass  @bci com/android/tools/r8/internal/L9 a (IILjava/lang/String;Ljava/lang/String;Ljava/lang/String;[Ljava/lang/String;)V 22 <appendix> argL0 ; # com/android/tools/r8/internal/L9$$Lambda+0x00000008024353d0
instanceKlass com/android/tools/r8/internal/Xf0
instanceKlass com/android/tools/r8/kotlin/l0$b
instanceKlass  @bci com/android/tools/r8/internal/tc0 a (IILjava/lang/Object;)Lcom/android/tools/r8/internal/tc0; 36 <adapter> ; # java/lang/invoke/LambdaForm$MH+0x0000000802432000
# instanceKlass java/lang/invoke/LambdaForm$DMH+0x0000000802431c00
instanceKlass  @bci com/android/tools/r8/internal/tc0 a (IILjava/lang/Object;)Lcom/android/tools/r8/internal/tc0; 36 <appendix> form vmentry <vmtarget> ; # java/lang/invoke/LambdaForm$DMH+0x0000000802431800
instanceKlass  @bci com/android/tools/r8/internal/tc0 a (IILjava/lang/Object;)Lcom/android/tools/r8/internal/tc0; 36 <appendix> member <vmtarget> ; # com/android/tools/r8/internal/tc0$$Lambda+0x0000000802434988
instanceKlass  @cpi com/android/tools/r8/internal/tc0 81 form vmentry <vmtarget> ; # java/lang/invoke/LambdaForm$DMH+0x0000000802431400
instanceKlass com/android/tools/r8/kotlin/l0$a
instanceKlass  @bci com/android/tools/r8/kotlin/l0 a (Lcom/android/tools/r8/kotlin/j0;Lcom/android/tools/r8/kotlin/m0;)Ljava/lang/String; 29 <appendix> member <vmtarget> ; # com/android/tools/r8/kotlin/l0$$Lambda+0x00000008024344d0
instanceKlass  @bci com/android/tools/r8/kotlin/l0 a (Lcom/android/tools/r8/kotlin/j0;Lcom/android/tools/r8/kotlin/m0;)Ljava/lang/String; 23 <appendix> argL0 ; # com/android/tools/r8/kotlin/l0$$Lambda+0x0000000802434250
instanceKlass com/android/tools/r8/kotlin/l0$c
instanceKlass  @bci com/android/tools/r8/internal/Bh0 a (Ljava/lang/String;CI)[Ljava/lang/String; 42 <appendix> member <vmtarget> ; # com/android/tools/r8/internal/Bh0$$Lambda+0x000000080242fc70
instanceKlass  @cpi com/android/tools/r8/internal/Bh0 108 form vmentry <vmtarget> ; # java/lang/invoke/LambdaForm$DMH+0x0000000802431000
instanceKlass  @bci com/android/tools/r8/kotlin/j0 a (Lcom/android/tools/r8/internal/Qi0;)V 3 <appendix> member <vmtarget> ; # com/android/tools/r8/kotlin/j0$$Lambda+0x000000080242f9e8
instanceKlass  @bci com/android/tools/r8/kotlin/l0 a (Lcom/android/tools/r8/kotlin/j0;Lcom/android/tools/r8/kotlin/m0;)Ljava/lang/String; 7 <appendix> member <vmtarget> ; # com/android/tools/r8/kotlin/l0$$Lambda+0x000000080242f780
instanceKlass com/android/tools/r8/internal/tc0
instanceKlass com/android/tools/r8/kotlin/m0
instanceKlass com/android/tools/r8/kotlin/j0
instanceKlass com/android/tools/r8/kotlin/l0
instanceKlass  @bci com/android/tools/r8/internal/gO a (Lcom/android/tools/r8/graph/C5;Ljava/util/List;Lcom/android/tools/r8/internal/NY;Z)V 1130 <appendix> member <vmtarget> ; # com/android/tools/r8/internal/gO$$Lambda+0x000000080242e658
instanceKlass  @bci com/android/tools/r8/internal/EL a (Ljava/util/List;)V 1 <appendix> argL0 ; # com/android/tools/r8/internal/EL$$Lambda+0x000000080242e390
instanceKlass  @bci com/android/tools/r8/internal/gO a (Lcom/android/tools/r8/synthesis/I;)Lcom/android/tools/r8/internal/gO; 28 <appendix> argL0 ; # com/android/tools/r8/internal/gO$$Lambda+0x000000080242e130
instanceKlass  @bci com/android/tools/r8/internal/gO a (Ljava/util/function/Function;Lcom/android/tools/r8/naming/g;Lcom/android/tools/r8/internal/LY;Lcom/android/tools/r8/naming/V$b;Lcom/android/tools/r8/naming/N0;Lcom/android/tools/r8/naming/N0;Lcom/android/tools/r8/naming/s0;Z)Lcom/android/tools/r8/naming/k$b; 410 <appendix> argL0 ; # com/android/tools/r8/internal/gO$$Lambda+0x000000080242ded0
instanceKlass com/android/tools/r8/internal/Pb0
instanceKlass com/android/tools/r8/internal/Qb0
instanceKlass  @bci com/android/tools/r8/internal/gO a (Lcom/android/tools/r8/naming/MapVersion;Lcom/android/tools/r8/graph/g1;)V 260 <appendix> argL0 ; # com/android/tools/r8/internal/gO$$Lambda+0x000000080242d7f8
instanceKlass  @bci com/android/tools/r8/internal/gO a (Lcom/android/tools/r8/naming/MapVersion;Lcom/android/tools/r8/graph/g1;)V 314 <appendix> argL0 ; # com/android/tools/r8/internal/gO$$Lambda+0x000000080242d598
instanceKlass  @bci com/android/tools/r8/internal/gO a (Lcom/android/tools/r8/graph/C5;Ljava/util/List;Lcom/android/tools/r8/internal/NY;Z)V 1846 <appendix> member <vmtarget> ; # com/android/tools/r8/internal/gO$$Lambda+0x000000080242d040
instanceKlass com/android/tools/r8/internal/hO
instanceKlass  @bci com/android/tools/r8/internal/gO a (Lcom/android/tools/r8/graph/C5;Ljava/util/List;Lcom/android/tools/r8/internal/NY;Z)V 1817 <adapter> ; # java/lang/invoke/LambdaForm$MH+0x0000000802430c00
# instanceKlass java/lang/invoke/LambdaForm$DMH+0x0000000802430800
instanceKlass  @bci com/android/tools/r8/internal/gO a (Lcom/android/tools/r8/graph/C5;Ljava/util/List;Lcom/android/tools/r8/internal/NY;Z)V 1817 <appendix> form vmentry <vmtarget> ; # java/lang/invoke/LambdaForm$DMH+0x0000000802430400
instanceKlass  @bci com/android/tools/r8/internal/gO a (Lcom/android/tools/r8/graph/C5;Ljava/util/List;Lcom/android/tools/r8/internal/NY;Z)V 1817 <appendix> member <vmtarget> ; # com/android/tools/r8/internal/gO$$Lambda+0x000000080242cb98
instanceKlass  @cpi com/android/tools/r8/internal/gO 744 form vmentry <vmtarget> ; # java/lang/invoke/LambdaForm$DMH+0x0000000802430000
instanceKlass com/android/tools/r8/internal/Vl
instanceKlass  @bci com/android/tools/r8/internal/gO b (Lcom/android/tools/r8/naming/k$b;Lcom/android/tools/r8/naming/mappinginformation/e;)V 1 <appendix> argL0 ; # com/android/tools/r8/internal/gO$$Lambda+0x000000080242c400
instanceKlass  @bci com/android/tools/r8/internal/gO a (Lcom/android/tools/r8/graph/C5;Ljava/util/List;Lcom/android/tools/r8/internal/NY;Z)V 1017 <appendix> member <vmtarget> ; # com/android/tools/r8/internal/gO$$Lambda+0x000000080242c198
instanceKlass  @bci com/android/tools/r8/internal/gO a (Lcom/android/tools/r8/naming/k$b;Lcom/android/tools/r8/naming/mappinginformation/e;)V 1 <appendix> argL0 ; # com/android/tools/r8/internal/gO$$Lambda+0x000000080242bf38
instanceKlass  @bci com/android/tools/r8/internal/gO a (Lcom/android/tools/r8/graph/C5;Ljava/util/List;Lcom/android/tools/r8/internal/NY;Z)V 1716 <appendix> member <vmtarget> ; # com/android/tools/r8/internal/gO$$Lambda+0x000000080242bcd0
instanceKlass  @bci com/android/tools/r8/naming/k$a a (Lcom/android/tools/r8/naming/N0;Lcom/android/tools/r8/naming/V$b;Lcom/android/tools/r8/naming/N0;Ljava/lang/String;)Lcom/android/tools/r8/naming/k$b; 22 <appendix> argL0 ; # com/android/tools/r8/naming/k$a$$Lambda+0x000000080242ba60
instanceKlass com/android/tools/r8/naming/k$b
instanceKlass  @bci com/android/tools/r8/internal/gO a (Ljava/util/Map;Lcom/android/tools/r8/graph/w2;)Lcom/android/tools/r8/naming/V$b; 4 <appendix> member <vmtarget> ; # com/android/tools/r8/internal/gO$$Lambda+0x000000080242b570
instanceKlass  @bci com/android/tools/r8/internal/gO a (Lcom/android/tools/r8/graph/C5;Ljava/util/List;Lcom/android/tools/r8/internal/NY;Z)V 1159 <appendix> argL0 ; # com/android/tools/r8/internal/gO$$Lambda+0x000000080242b300
instanceKlass  @bci com/android/tools/r8/internal/gO a (Lcom/android/tools/r8/graph/C5;Ljava/util/List;Lcom/android/tools/r8/internal/NY;Z)V 1049 <appendix> member <vmtarget> ; # com/android/tools/r8/internal/gO$$Lambda+0x000000080242b088
instanceKlass  @bci com/android/tools/r8/internal/Y60 a (Lcom/android/tools/r8/graph/w2;)Lcom/android/tools/r8/internal/Y60; 7 <appendix> argL0 ; # com/android/tools/r8/internal/Y60$$Lambda+0x000000080242ae18
instanceKlass  @bci com/android/tools/r8/naming/r0 a (Lcom/android/tools/r8/graph/E2;Lcom/android/tools/r8/graph/B1;)Lcom/android/tools/r8/graph/E2; 32 <appendix> argL0 ; # com/android/tools/r8/naming/r0$$Lambda+0x000000080242a8d8
instanceKlass  @bci com/android/tools/r8/naming/r0 a (Lcom/android/tools/r8/graph/E2;Lcom/android/tools/r8/graph/B1;)Lcom/android/tools/r8/graph/E2; 22 <appendix> member <vmtarget> ; # com/android/tools/r8/naming/r0$$Lambda+0x000000080242a660
instanceKlass com/android/tools/r8/internal/SY
instanceKlass com/android/tools/r8/internal/fO
instanceKlass com/android/tools/r8/graph/a1
instanceKlass com/android/tools/r8/internal/NY
instanceKlass com/android/tools/r8/internal/OY
instanceKlass  @bci com/android/tools/r8/internal/EL a (Lcom/android/tools/r8/graph/y;Lcom/android/tools/r8/utils/j;Lcom/android/tools/r8/internal/cX;Lcom/android/tools/r8/internal/Vh;)Lcom/android/tools/r8/naming/b; 196 <appendix> argL0 ; # com/android/tools/r8/internal/EL$$Lambda+0x0000000802429488
instanceKlass  @bci com/android/tools/r8/naming/k$a a (Lcom/android/tools/r8/naming/V;)Lcom/android/tools/r8/naming/g; 54 <appendix> argL0 ; # com/android/tools/r8/naming/k$a$$Lambda+0x0000000802429218
instanceKlass com/android/tools/r8/naming/V
instanceKlass com/android/tools/r8/naming/U
instanceKlass  @bci com/android/tools/r8/internal/gO a ()Lcom/android/tools/r8/internal/gO; 37 <appendix> member <vmtarget> ; # com/android/tools/r8/internal/gO$$Lambda+0x0000000802428d10
instanceKlass  @bci com/android/tools/r8/internal/gO a (Lcom/android/tools/r8/internal/cX;)Lcom/android/tools/r8/internal/gO; 31 <appendix> argL0 ; # com/android/tools/r8/internal/gO$$Lambda+0x0000000802428ab0
instanceKlass com/android/tools/r8/naming/k
instanceKlass  @bci com/android/tools/r8/naming/b$a a (Ljava/lang/String;Ljava/lang/String;Lcom/android/tools/r8/position/Position;)Lcom/android/tools/r8/naming/k$a; 9 <appendix> member <vmtarget> ; # com/android/tools/r8/naming/b$a$$Lambda+0x00000008024285b8
instanceKlass com/android/tools/r8/internal/gO
instanceKlass com/android/tools/r8/naming/g
instanceKlass com/android/tools/r8/naming/h
instanceKlass com/android/tools/r8/naming/x0
instanceKlass com/android/tools/r8/naming/P
instanceKlass com/android/tools/r8/internal/wb
instanceKlass com/android/tools/r8/naming/N0
instanceKlass com/android/tools/r8/naming/v0
instanceKlass com/android/tools/r8/naming/mappinginformation/e
instanceKlass com/android/tools/r8/internal/iO
instanceKlass com/android/tools/r8/internal/Yl
instanceKlass com/android/tools/r8/internal/Wl
instanceKlass com/android/tools/r8/internal/TY
instanceKlass com/android/tools/r8/internal/UY
instanceKlass com/android/tools/r8/internal/QY
instanceKlass com/android/tools/r8/internal/N9
instanceKlass  @bci com/android/tools/r8/internal/Yh a (Ljava/util/List;Lcom/android/tools/r8/utils/w;)Lcom/android/tools/r8/internal/Vh; 91 <appendix> member <vmtarget> ; # com/android/tools/r8/internal/Yh$$Lambda+0x0000000802421fb8
instanceKlass com/android/tools/r8/internal/Vh
instanceKlass  @bci com/android/tools/r8/internal/Yh a (Ljava/util/List;Lcom/android/tools/r8/utils/w;)Lcom/android/tools/r8/internal/Vh; 76 <appendix> member <vmtarget> ; # com/android/tools/r8/internal/Yh$$Lambda+0x0000000802421b20
instanceKlass com/android/tools/r8/internal/Sh
instanceKlass com/android/tools/r8/internal/Wh
instanceKlass com/android/tools/r8/internal/Th
instanceKlass  @bci com/android/tools/r8/internal/Yh a (Lcom/android/tools/r8/graph/y;Lcom/android/tools/r8/dex/t0;)V 425 <appendix> member <vmtarget> ; # com/android/tools/r8/internal/Yh$$Lambda+0x0000000802420dc8
instanceKlass  @bci com/android/tools/r8/internal/Uh a (II)V 29 <appendix> argL0 ; # com/android/tools/r8/internal/Uh$$Lambda+0x0000000802420b58
instanceKlass com/android/tools/r8/internal/Xh
instanceKlass  @bci com/android/tools/r8/internal/Yh a (Lcom/android/tools/r8/graph/y;Lcom/android/tools/r8/dex/t0;)V 387 <appendix> argL0 ; # com/android/tools/r8/internal/Yh$$Lambda+0x00000008024206b0
instanceKlass com/android/tools/r8/internal/Uh
instanceKlass com/android/tools/r8/internal/aL
instanceKlass com/android/tools/r8/internal/WY
instanceKlass  @bci com/android/tools/r8/internal/EL a (Lcom/android/tools/r8/graph/D2;Lcom/android/tools/r8/graph/y;)Ljava/util/IdentityHashMap; 73 <appendix> argL0 ; # com/android/tools/r8/internal/EL$$Lambda+0x000000080241fcc0
instanceKlass  @bci com/android/tools/r8/graph/D2 b2 ()Lcom/android/tools/r8/internal/dC; 5 <appendix> member <vmtarget> ; # com/android/tools/r8/graph/D2$$Lambda+0x000000080241fa28
instanceKlass com/android/tools/r8/internal/PY
instanceKlass com/android/tools/r8/internal/VY
instanceKlass com/android/tools/r8/internal/EL
instanceKlass com/android/tools/r8/internal/Yh
instanceKlass  @bci com/android/tools/r8/graph/r5 <init> (Lcom/android/tools/r8/graph/y;Lcom/android/tools/r8/graph/r5;Lcom/android/tools/r8/internal/pL;Ljava/util/Set;Ljava/util/Map;Ljava/util/Collection;Ljava/util/Collection;Ljava/util/Collection;Ljava/util/Collection;Ljava/util/Collection;Ljava/util/Collection;ILcom/android/tools/r8/internal/vf0;Lcom/android/tools/r8/dex/t0;Lcom/android/tools/r8/internal/ij0;)V 723 <appendix> member <vmtarget> ; # com/android/tools/r8/graph/r5$$Lambda+0x000000080241ec68
instanceKlass  @bci com/android/tools/r8/graph/r5 <init> (Lcom/android/tools/r8/graph/y;Lcom/android/tools/r8/graph/r5;Lcom/android/tools/r8/internal/pL;Ljava/util/Set;Ljava/util/Map;Ljava/util/Collection;Ljava/util/Collection;Ljava/util/Collection;Ljava/util/Collection;Ljava/util/Collection;Ljava/util/Collection;ILcom/android/tools/r8/internal/vf0;Lcom/android/tools/r8/dex/t0;Lcom/android/tools/r8/internal/ij0;)V 717 <appendix> member <vmtarget> ; # com/android/tools/r8/graph/r5$$Lambda+0x000000080241ea10
instanceKlass  @bci com/android/tools/r8/graph/r5 <init> (Lcom/android/tools/r8/graph/y;Lcom/android/tools/r8/graph/r5;Lcom/android/tools/r8/internal/pL;Ljava/util/Set;Ljava/util/Map;Ljava/util/Collection;Ljava/util/Collection;Ljava/util/Collection;Ljava/util/Collection;Ljava/util/Collection;Ljava/util/Collection;ILcom/android/tools/r8/internal/vf0;Lcom/android/tools/r8/dex/t0;Lcom/android/tools/r8/internal/ij0;)V 683 <appendix> member <vmtarget> ; # com/android/tools/r8/graph/r5$$Lambda+0x000000080241e508
instanceKlass  @bci com/android/tools/r8/graph/r5 <init> (Lcom/android/tools/r8/graph/y;Lcom/android/tools/r8/graph/r5;Lcom/android/tools/r8/internal/pL;Ljava/util/Set;Ljava/util/Map;Ljava/util/Collection;Ljava/util/Collection;Ljava/util/Collection;Ljava/util/Collection;Ljava/util/Collection;Ljava/util/Collection;ILcom/android/tools/r8/internal/vf0;Lcom/android/tools/r8/dex/t0;Lcom/android/tools/r8/internal/ij0;)V 656 <appendix> member <vmtarget> ; # com/android/tools/r8/graph/r5$$Lambda+0x000000080241e2a0
instanceKlass  @bci com/android/tools/r8/graph/r5 <init> (Lcom/android/tools/r8/graph/y;Lcom/android/tools/r8/graph/r5;Lcom/android/tools/r8/internal/pL;Ljava/util/Set;Ljava/util/Map;Ljava/util/Collection;Ljava/util/Collection;Ljava/util/Collection;Ljava/util/Collection;Ljava/util/Collection;Ljava/util/Collection;ILcom/android/tools/r8/internal/vf0;Lcom/android/tools/r8/dex/t0;Lcom/android/tools/r8/internal/ij0;)V 629 <appendix> member <vmtarget> ; # com/android/tools/r8/graph/r5$$Lambda+0x000000080241e038
instanceKlass  @bci com/android/tools/r8/graph/r5 <init> (Lcom/android/tools/r8/graph/y;Lcom/android/tools/r8/graph/r5;Lcom/android/tools/r8/internal/pL;Ljava/util/Set;Ljava/util/Map;Ljava/util/Collection;Ljava/util/Collection;Ljava/util/Collection;Ljava/util/Collection;Ljava/util/Collection;Ljava/util/Collection;ILcom/android/tools/r8/internal/vf0;Lcom/android/tools/r8/dex/t0;Lcom/android/tools/r8/internal/ij0;)V 602 <appendix> member <vmtarget> ; # com/android/tools/r8/graph/r5$$Lambda+0x000000080241ddd0
instanceKlass  @bci com/android/tools/r8/graph/r5 <init> (Lcom/android/tools/r8/graph/y;Lcom/android/tools/r8/graph/r5;Lcom/android/tools/r8/internal/pL;Ljava/util/Set;Ljava/util/Map;Ljava/util/Collection;Ljava/util/Collection;Ljava/util/Collection;Ljava/util/Collection;Ljava/util/Collection;Ljava/util/Collection;ILcom/android/tools/r8/internal/vf0;Lcom/android/tools/r8/dex/t0;Lcom/android/tools/r8/internal/ij0;)V 575 <appendix> member <vmtarget> ; # com/android/tools/r8/graph/r5$$Lambda+0x000000080241db68
instanceKlass  @bci com/android/tools/r8/graph/r5 a (Ljava/util/Set;Ljava/util/LinkedHashSet;Lcom/android/tools/r8/graph/D2;)V 27 <appendix> member <vmtarget> ; # com/android/tools/r8/graph/r5$$Lambda+0x000000080241d900
instanceKlass  @bci com/android/tools/r8/graph/r5 a (Ljava/util/Set;Ljava/util/LinkedHashSet;Lcom/android/tools/r8/graph/D2;)V 18 <appendix> member <vmtarget> ; # com/android/tools/r8/graph/r5$$Lambda+0x000000080241d678
instanceKlass  @bci com/android/tools/r8/graph/r5 a (Ljava/util/Set;Ljava/util/LinkedHashSet;Lcom/android/tools/r8/utils/structural/g;)V 85 <appendix> member <vmtarget> ; # com/android/tools/r8/graph/r5$$Lambda+0x000000080241d410
instanceKlass  @bci com/android/tools/r8/graph/r5 a (Ljava/util/Set;Ljava/util/LinkedHashSet;Lcom/android/tools/r8/utils/structural/g;)V 76 <appendix> member <vmtarget> ; # com/android/tools/r8/graph/r5$$Lambda+0x000000080241d140
instanceKlass  @bci com/android/tools/r8/graph/r5 a (Ljava/util/Set;Ljava/util/LinkedHashSet;Lcom/android/tools/r8/internal/vf0;)V 4 <appendix> member <vmtarget> ; # com/android/tools/r8/graph/r5$$Lambda+0x000000080241ced8
instanceKlass com/android/tools/r8/internal/Df0
instanceKlass  @bci com/android/tools/r8/graph/r5 <init> (Lcom/android/tools/r8/graph/y;Lcom/android/tools/r8/graph/r5;Lcom/android/tools/r8/internal/pL;Ljava/util/Set;Ljava/util/Map;Ljava/util/Collection;Ljava/util/Collection;Ljava/util/Collection;Ljava/util/Collection;Ljava/util/Collection;Ljava/util/Collection;ILcom/android/tools/r8/internal/vf0;Lcom/android/tools/r8/dex/t0;Lcom/android/tools/r8/internal/ij0;)V 376 <appendix> member <vmtarget> ; # com/android/tools/r8/graph/r5$$Lambda+0x000000080241c9e8
instanceKlass  @bci com/android/tools/r8/graph/r5 <init> (Lcom/android/tools/r8/graph/y;Lcom/android/tools/r8/graph/r5;Lcom/android/tools/r8/internal/pL;Ljava/util/Set;Ljava/util/Map;Ljava/util/Collection;Ljava/util/Collection;Ljava/util/Collection;Ljava/util/Collection;Ljava/util/Collection;Ljava/util/Collection;ILcom/android/tools/r8/internal/vf0;Lcom/android/tools/r8/dex/t0;Lcom/android/tools/r8/internal/ij0;)V 370 <appendix> member <vmtarget> ; # com/android/tools/r8/graph/r5$$Lambda+0x000000080241c790
instanceKlass  @bci com/android/tools/r8/graph/r5 <init> (Lcom/android/tools/r8/graph/y;Lcom/android/tools/r8/graph/r5;Lcom/android/tools/r8/internal/pL;Ljava/util/Set;Ljava/util/Map;Ljava/util/Collection;Ljava/util/Collection;Ljava/util/Collection;Ljava/util/Collection;Ljava/util/Collection;Ljava/util/Collection;ILcom/android/tools/r8/internal/vf0;Lcom/android/tools/r8/dex/t0;Lcom/android/tools/r8/internal/ij0;)V 338 <appendix> member <vmtarget> ; # com/android/tools/r8/graph/r5$$Lambda+0x000000080241c528
instanceKlass  @bci com/android/tools/r8/graph/r5 a (Lcom/android/tools/r8/utils/structural/e;)Ljava/util/Comparator; 1 <appendix> member <vmtarget> ; # com/android/tools/r8/graph/r5$$Lambda+0x000000080241c258
instanceKlass  @bci com/android/tools/r8/graph/r5 <init> (Lcom/android/tools/r8/graph/y;Lcom/android/tools/r8/graph/r5;Lcom/android/tools/r8/internal/pL;Ljava/util/Set;Ljava/util/Map;Ljava/util/Collection;Ljava/util/Collection;Ljava/util/Collection;Ljava/util/Collection;Ljava/util/Collection;Ljava/util/Collection;ILcom/android/tools/r8/internal/vf0;Lcom/android/tools/r8/dex/t0;Lcom/android/tools/r8/internal/ij0;)V 317 <appendix> member <vmtarget> ; # com/android/tools/r8/graph/r5$$Lambda+0x000000080241c000
instanceKlass  @bci com/android/tools/r8/graph/r5 <init> (Lcom/android/tools/r8/graph/y;Lcom/android/tools/r8/graph/r5;Lcom/android/tools/r8/internal/pL;Ljava/util/Set;Ljava/util/Map;Ljava/util/Collection;Ljava/util/Collection;Ljava/util/Collection;Ljava/util/Collection;Ljava/util/Collection;Ljava/util/Collection;ILcom/android/tools/r8/internal/vf0;Lcom/android/tools/r8/dex/t0;Lcom/android/tools/r8/internal/ij0;)V 253 <appendix> member <vmtarget> ; # com/android/tools/r8/graph/r5$$Lambda+0x000000080241bd98
instanceKlass  @bci com/android/tools/r8/graph/r5 <init> (Lcom/android/tools/r8/graph/y;Lcom/android/tools/r8/graph/r5;Lcom/android/tools/r8/internal/pL;Ljava/util/Set;Ljava/util/Map;Ljava/util/Collection;Ljava/util/Collection;Ljava/util/Collection;Ljava/util/Collection;Ljava/util/Collection;Ljava/util/Collection;ILcom/android/tools/r8/internal/vf0;Lcom/android/tools/r8/dex/t0;Lcom/android/tools/r8/internal/ij0;)V 247 <appendix> argL0 ; # com/android/tools/r8/graph/r5$$Lambda+0x000000080241bad0
instanceKlass com/android/tools/r8/graph/r5
instanceKlass  @bci com/android/tools/r8/dex/k a (Ljava/util/concurrent/ExecutorService;Ljava/util/List;Ljava/util/ArrayList;)Ljava/util/ArrayList; 3 <appendix> member <vmtarget> ; # com/android/tools/r8/dex/k$$Lambda+0x000000080241b0f8
instanceKlass  @bci com/android/tools/r8/graph/i5 a (Lcom/android/tools/r8/graph/i5;Lcom/android/tools/r8/naming/r0;)I 12 <appendix> argL0 ; # com/android/tools/r8/graph/i5$$Lambda+0x000000080241aea8
instanceKlass  @bci com/android/tools/r8/graph/e1 H0 ()V 48 <appendix> argL0 ; # com/android/tools/r8/graph/e1$$Lambda+0x000000080241abe0
instanceKlass  @bci com/android/tools/r8/graph/D2 b (Lcom/android/tools/r8/dex/X;)V 119 <appendix> member <vmtarget> ; # com/android/tools/r8/graph/D2$$Lambda+0x000000080241a978
instanceKlass  @bci com/android/tools/r8/graph/n1 a (Lcom/android/tools/r8/dex/X;[Lcom/android/tools/r8/graph/n1;)V 2 <appendix> member <vmtarget> ; # com/android/tools/r8/graph/n1$$Lambda+0x000000080241a710
instanceKlass  @bci com/android/tools/r8/graph/u0 a (Lcom/android/tools/r8/naming/r0;)V 49 <appendix> member <vmtarget> ; # com/android/tools/r8/graph/u0$$Lambda+0x000000080241a440
instanceKlass  @bci com/android/tools/r8/graph/D2 b (Lcom/android/tools/r8/dex/X;)V 98 <appendix> member <vmtarget> ; # com/android/tools/r8/graph/D2$$Lambda+0x000000080241a1d8
instanceKlass  @bci com/android/tools/r8/dex/k a (Lcom/android/tools/r8/utils/j;Ljava/util/concurrent/ExecutorService;)V 541 <appendix> member <vmtarget> ; # com/android/tools/r8/dex/k$$Lambda+0x0000000802419f70
instanceKlass  @bci com/android/tools/r8/dex/n0 a ()V 161 <appendix> member <vmtarget> ; # com/android/tools/r8/dex/n0$$Lambda+0x0000000802419cf8
instanceKlass  @bci com/android/tools/r8/dex/n0 a ()V 141 <appendix> member <vmtarget> ; # com/android/tools/r8/dex/n0$$Lambda+0x0000000802419a80
instanceKlass  @bci com/android/tools/r8/dex/n0 a ()V 121 <appendix> member <vmtarget> ; # com/android/tools/r8/dex/n0$$Lambda+0x0000000802419808
instanceKlass  @bci com/android/tools/r8/dex/n0 a ()V 101 <appendix> member <vmtarget> ; # com/android/tools/r8/dex/n0$$Lambda+0x0000000802419590
instanceKlass  @bci com/android/tools/r8/dex/n0 a ()V 81 <appendix> member <vmtarget> ; # com/android/tools/r8/dex/n0$$Lambda+0x0000000802419318
instanceKlass  @bci com/android/tools/r8/dex/n0 a ()V 58 <appendix> member <vmtarget> ; # com/android/tools/r8/dex/n0$$Lambda+0x00000008024190a0
instanceKlass  @bci com/android/tools/r8/dex/n0 a ()V 38 <appendix> member <vmtarget> ; # com/android/tools/r8/dex/n0$$Lambda+0x0000000802418e28
instanceKlass  @bci com/android/tools/r8/dex/n0 a (Ljava/util/Set;Ljava/util/function/Function;)V 3 <appendix> member <vmtarget> ; # com/android/tools/r8/dex/n0$$Lambda+0x0000000802418bc0
instanceKlass  @bci com/android/tools/r8/dex/n0 a ()V 18 <appendix> member <vmtarget> ; # com/android/tools/r8/dex/n0$$Lambda+0x0000000802418948
instanceKlass  @bci com/android/tools/r8/graph/W0 a (Lcom/android/tools/r8/graph/W0;)Lcom/android/tools/r8/graph/Z0; 27 <appendix> argL0 ; # com/android/tools/r8/graph/W0$$Lambda+0x0000000802417d10
instanceKlass  @bci com/android/tools/r8/dex/t0 a (Lcom/android/tools/r8/graph/E2;Ljava/util/AbstractMap;Ljava/util/HashMap;Ljava/util/function/Consumer;Lcom/android/tools/r8/graph/B1;)Z 28 <appendix> member <vmtarget> ; # com/android/tools/r8/dex/t0$$Lambda+0x00000008024175a0
instanceKlass  @bci com/android/tools/r8/dex/n0 b (Lcom/android/tools/r8/graph/E2;)Z 15 <appendix> member <vmtarget> ; # com/android/tools/r8/dex/n0$$Lambda+0x0000000802417338
instanceKlass  @bci com/android/tools/r8/dex/n0 a (Lcom/android/tools/r8/graph/E2;)Z 28 <appendix> member <vmtarget> ; # com/android/tools/r8/dex/n0$$Lambda+0x00000008024170b0
instanceKlass  @bci com/android/tools/r8/dex/n0 a (Lcom/android/tools/r8/graph/w2;)Z 36 <appendix> member <vmtarget> ; # com/android/tools/r8/dex/n0$$Lambda+0x0000000802416e28
instanceKlass  @bci com/android/tools/r8/graph/D2 a (Lcom/android/tools/r8/graph/y;Lcom/android/tools/r8/dex/M;Lcom/android/tools/r8/internal/pL;)V 265 <appendix> member <vmtarget> ; # com/android/tools/r8/graph/D2$$Lambda+0x0000000802416bc0
instanceKlass  @bci com/android/tools/r8/dex/n0 a (Lcom/android/tools/r8/graph/l1;)Z 36 <appendix> member <vmtarget> ; # com/android/tools/r8/dex/n0$$Lambda+0x0000000802416938
instanceKlass  @bci com/android/tools/r8/graph/D2 a (Lcom/android/tools/r8/graph/y;Lcom/android/tools/r8/dex/M;Lcom/android/tools/r8/internal/pL;)V 254 <appendix> member <vmtarget> ; # com/android/tools/r8/graph/D2$$Lambda+0x00000008024166d0
instanceKlass  @bci com/android/tools/r8/dex/n0 a (Lcom/android/tools/r8/graph/H2;)Z 45 <appendix> member <vmtarget> ; # com/android/tools/r8/dex/n0$$Lambda+0x0000000802416448
instanceKlass  @bci com/android/tools/r8/dex/n0 a (Lcom/android/tools/r8/graph/I2;)Z 53 <appendix> member <vmtarget> ; # com/android/tools/r8/dex/n0$$Lambda+0x00000008024161c0
instanceKlass  @bci com/android/tools/r8/dex/n0 a (Lcom/android/tools/r8/graph/D2;)Z 41 <appendix> member <vmtarget> ; # com/android/tools/r8/dex/n0$$Lambda+0x0000000802415f38
instanceKlass com/android/tools/r8/internal/oC
instanceKlass com/android/tools/r8/internal/kC
instanceKlass com/android/tools/r8/dex/r0
instanceKlass  @bci com/android/tools/r8/dex/p0 a (Lcom/android/tools/r8/internal/vf0;)Ljava/util/function/Predicate; 1 <appendix> member <vmtarget> ; # com/android/tools/r8/dex/p0$$Lambda+0x00000008024152d0
instanceKlass  @bci com/android/tools/r8/dex/p0 a (Ljava/util/IdentityHashMap;)Ljava/util/Comparator; 1 <appendix> member <vmtarget> ; # com/android/tools/r8/dex/p0$$Lambda+0x0000000802415000
instanceKlass com/android/tools/r8/dex/p0
instanceKlass com/android/tools/r8/dex/q0
instanceKlass  @bci com/android/tools/r8/dex/t0 a (Ljava/util/Collection;Lcom/android/tools/r8/internal/os;Lcom/android/tools/r8/naming/b;)Ljava/util/IdentityHashMap; 19 <appendix> member <vmtarget> ; # com/android/tools/r8/dex/t0$$Lambda+0x0000000802414918
instanceKlass com/android/tools/r8/dex/m0
instanceKlass com/android/tools/r8/dex/n0
instanceKlass com/android/tools/r8/dex/s0
instanceKlass  @bci com/android/tools/r8/dex/k a (Lcom/android/tools/r8/graph/D2;)V 6 <appendix> argL0 ; # com/android/tools/r8/dex/k$$Lambda+0x0000000802413f60
# instanceKlass com/android/tools/r8/dex/k$$Lambda+0x0000000802413d00
instanceKlass  @bci com/android/tools/r8/dex/k a (Lcom/android/tools/r8/graph/D2;)V 1 <appendix> argL0 ; # com/android/tools/r8/dex/k$$Lambda+0x0000000802413800
# instanceKlass com/android/tools/r8/dex/k$$Lambda+0x0000000802413a80
instanceKlass  @bci com/android/tools/r8/dex/k b (Ljava/util/concurrent/ExecutorService;)V 13 <appendix> member <vmtarget> ; # com/android/tools/r8/dex/k$$Lambda+0x0000000802413598
instanceKlass  @bci com/android/tools/r8/graph/Q3 a (Ljava/util/List;)Ljava/util/List; 3 <appendix> member <vmtarget> ; # com/android/tools/r8/graph/Q3$$Lambda+0x0000000802413330
instanceKlass  @bci com/android/tools/r8/graph/Q3 c (Ljava/util/List;)Ljava/util/List; 25 <appendix> member <vmtarget> ; # com/android/tools/r8/graph/Q3$$Lambda+0x00000008024130c8
instanceKlass  @bci com/android/tools/r8/dex/k a ()V 1829 <appendix> member <vmtarget> ; # com/android/tools/r8/dex/k$$Lambda+0x0000000802412e60
instanceKlass  @bci com/android/tools/r8/dex/k a ()V 1814 <appendix> member <vmtarget> ; # com/android/tools/r8/dex/k$$Lambda+0x0000000802412bf8
instanceKlass  @bci com/android/tools/r8/dex/k a (Lcom/android/tools/r8/internal/k7;Ljava/util/ArrayList;)V 68 <appendix> member <vmtarget> ; # com/android/tools/r8/dex/k$$Lambda+0x0000000802412738
instanceKlass  @bci com/android/tools/r8/dex/k a (Lcom/android/tools/r8/internal/k7;Ljava/util/ArrayList;)V 55 <appendix> argL0 ; # com/android/tools/r8/dex/k$$Lambda+0x00000008024124c8
instanceKlass com/android/tools/r8/dex/i
instanceKlass  @bci com/android/tools/r8/dex/k a (Lcom/android/tools/r8/internal/k7;Ljava/util/ArrayList;)V 47 <appendix> member <vmtarget> ; # com/android/tools/r8/dex/k$$Lambda+0x0000000802411dd8
instanceKlass  @bci com/android/tools/r8/internal/gZ a (Ljava/util/function/Function;)Ljava/util/function/Predicate; 1 <appendix> member <vmtarget> ; # com/android/tools/r8/internal/gZ$$Lambda+0x0000000802411b50
instanceKlass  @bci com/android/tools/r8/dex/k <init> (Lcom/android/tools/r8/graph/y;Lcom/android/tools/r8/dex/W;Lcom/android/tools/r8/n;)V 139 <appendix> member <vmtarget> ; # com/android/tools/r8/dex/k$$Lambda+0x00000008024118d8
instanceKlass com/android/tools/r8/SourceFileEnvironment
instanceKlass com/android/tools/r8/internal/eB
instanceKlass com/android/tools/r8/dex/i0
instanceKlass com/android/tools/r8/internal/cX
instanceKlass com/android/tools/r8/dex/X
instanceKlass com/android/tools/r8/dex/r
instanceKlass com/android/tools/r8/dex/k
instanceKlass  @bci com/android/tools/r8/graph/R4 a (Ljava/util/Set;Ljava/util/Collection;)Lcom/android/tools/r8/graph/U4$b; 7 <appendix> member <vmtarget> ; # com/android/tools/r8/graph/R4$$Lambda+0x000000080240e838
instanceKlass  @bci com/android/tools/r8/graph/R4 a (Ljava/util/Set;Ljava/util/List;Lcom/android/tools/r8/graph/U4$a;)V 20 <appendix> member <vmtarget> ; # com/android/tools/r8/graph/R4$$Lambda+0x000000080240e580
instanceKlass  @bci com/android/tools/r8/dex/code/Z0 a (Lcom/android/tools/r8/utils/structural/A;)V 17 <appendix> argL0 ; # com/android/tools/r8/dex/code/Z0$$Lambda+0x000000080240e310
instanceKlass  @bci com/android/tools/r8/dex/code/Z0 a (Lcom/android/tools/r8/utils/structural/A;)V 9 <appendix> argL0 ; # com/android/tools/r8/dex/code/Z0$$Lambda+0x000000080240e0c0
instanceKlass  @bci com/android/tools/r8/dex/code/Z0 a (Lcom/android/tools/r8/utils/structural/A;)V 1 <appendix> argL0 ; # com/android/tools/r8/dex/code/Z0$$Lambda+0x000000080240de70
instanceKlass  @bci com/android/tools/r8/dex/code/Z0 a (Lcom/android/tools/r8/dex/code/z1;Lcom/android/tools/r8/utils/structural/a;)I 6 <appendix> argL0 ; # com/android/tools/r8/dex/code/Z0$$Lambda+0x000000080240dc20
instanceKlass  @bci com/android/tools/r8/dex/code/d0 a (Lcom/android/tools/r8/utils/structural/A;)V 1 <appendix> argL0 ; # com/android/tools/r8/dex/code/d0$$Lambda+0x000000080240d9b0
instanceKlass  @bci com/android/tools/r8/dex/code/V0 a (Lcom/android/tools/r8/utils/structural/A;)V 9 <appendix> argL0 ; # com/android/tools/r8/dex/code/V0$$Lambda+0x000000080240d4e8
instanceKlass  @bci com/android/tools/r8/dex/code/V0 a (Lcom/android/tools/r8/utils/structural/A;)V 1 <appendix> argL0 ; # com/android/tools/r8/dex/code/V0$$Lambda+0x000000080240d298
instanceKlass  @bci com/android/tools/r8/dex/code/V0 a (Lcom/android/tools/r8/dex/code/z1;Lcom/android/tools/r8/utils/structural/a;)I 6 <appendix> argL0 ; # com/android/tools/r8/dex/code/V0$$Lambda+0x000000080240d048
instanceKlass  @bci com/android/tools/r8/internal/wh0 a (Lcom/android/tools/r8/internal/nh0;)Ljava/util/LinkedHashMap; 9 <appendix> member <vmtarget> ; # com/android/tools/r8/internal/wh0$$Lambda+0x000000080240cdf0
instanceKlass  @bci com/android/tools/r8/ir/regalloc/b a (Lcom/android/tools/r8/ir/regalloc/c;IZ)V 145 <appendix> member <vmtarget> ; # com/android/tools/r8/ir/regalloc/b$$Lambda+0x000000080240cb88
instanceKlass  @bci com/android/tools/r8/dex/code/a1 a (Lcom/android/tools/r8/utils/structural/A;)V 9 <appendix> argL0 ; # com/android/tools/r8/dex/code/a1$$Lambda+0x000000080240c938
instanceKlass  @bci com/android/tools/r8/dex/code/a1 a (Lcom/android/tools/r8/utils/structural/A;)V 1 <appendix> argL0 ; # com/android/tools/r8/dex/code/a1$$Lambda+0x000000080240c6e8
instanceKlass  @bci com/android/tools/r8/dex/code/a1 a (Lcom/android/tools/r8/dex/code/z1;Lcom/android/tools/r8/utils/structural/a;)I 6 <appendix> argL0 ; # com/android/tools/r8/dex/code/a1$$Lambda+0x000000080240c498
instanceKlass  @bci com/android/tools/r8/dex/code/P0 a (Lcom/android/tools/r8/utils/structural/A;)V 17 <appendix> argL0 ; # com/android/tools/r8/dex/code/P0$$Lambda+0x000000080240c248
instanceKlass  @bci com/android/tools/r8/dex/code/P0 a (Lcom/android/tools/r8/utils/structural/A;)V 9 <appendix> argL0 ; # com/android/tools/r8/dex/code/P0$$Lambda+0x000000080240bff8
instanceKlass  @bci com/android/tools/r8/dex/code/P0 a (Lcom/android/tools/r8/utils/structural/A;)V 1 <appendix> argL0 ; # com/android/tools/r8/dex/code/P0$$Lambda+0x000000080240bda8
instanceKlass  @bci com/android/tools/r8/dex/code/P0 a (Lcom/android/tools/r8/dex/code/z1;Lcom/android/tools/r8/utils/structural/a;)I 6 <appendix> argL0 ; # com/android/tools/r8/dex/code/P0$$Lambda+0x000000080240bb58
instanceKlass  @bci com/android/tools/r8/dex/code/S0 a (Lcom/android/tools/r8/utils/structural/A;)V 17 <appendix> argL0 ; # com/android/tools/r8/dex/code/S0$$Lambda+0x000000080240b908
instanceKlass  @bci com/android/tools/r8/dex/code/S0 a (Lcom/android/tools/r8/utils/structural/A;)V 9 <appendix> argL0 ; # com/android/tools/r8/dex/code/S0$$Lambda+0x000000080240b6b8
instanceKlass  @bci com/android/tools/r8/dex/code/S0 a (Lcom/android/tools/r8/utils/structural/A;)V 1 <appendix> argL0 ; # com/android/tools/r8/dex/code/S0$$Lambda+0x000000080240b468
instanceKlass  @bci com/android/tools/r8/dex/code/S0 a (Lcom/android/tools/r8/dex/code/z1;Lcom/android/tools/r8/utils/structural/a;)I 6 <appendix> argL0 ; # com/android/tools/r8/dex/code/S0$$Lambda+0x000000080240b218
instanceKlass  @bci com/android/tools/r8/internal/Qp b (Lcom/android/tools/r8/graph/Y3;)V 5 <appendix> argL0 ; # com/android/tools/r8/internal/Qp$$Lambda+0x000000080240afb8
instanceKlass  @bci com/android/tools/r8/internal/Rp a (Lcom/android/tools/r8/internal/Et;Lcom/android/tools/r8/internal/J5;Lcom/android/tools/r8/internal/bS;Lcom/android/tools/r8/internal/Um0;Lcom/android/tools/r8/internal/Qp;)Lcom/android/tools/r8/internal/Um0; 277 <appendix> argL0 ; # com/android/tools/r8/internal/Rp$$Lambda+0x000000080240ad38
instanceKlass  @bci com/android/tools/r8/internal/Qp a (Lcom/android/tools/r8/internal/Um0;)Lcom/android/tools/r8/internal/Um0; 83 <appendix> argL0 ; # com/android/tools/r8/internal/Qp$$Lambda+0x000000080240aab8
instanceKlass  @bci com/android/tools/r8/internal/Qp a (Lcom/android/tools/r8/graph/Y3;)V 5 <appendix> argL0 ; # com/android/tools/r8/internal/Qp$$Lambda+0x000000080240a858
instanceKlass  @bci com/android/tools/r8/dex/code/N0 a (Lcom/android/tools/r8/utils/structural/A;)V 17 <appendix> argL0 ; # com/android/tools/r8/dex/code/N0$$Lambda+0x000000080240a608
instanceKlass  @bci com/android/tools/r8/dex/code/N0 a (Lcom/android/tools/r8/utils/structural/A;)V 9 <appendix> argL0 ; # com/android/tools/r8/dex/code/N0$$Lambda+0x000000080240a3b8
instanceKlass  @bci com/android/tools/r8/dex/code/N0 a (Lcom/android/tools/r8/utils/structural/A;)V 1 <appendix> argL0 ; # com/android/tools/r8/dex/code/N0$$Lambda+0x000000080240a168
instanceKlass  @bci com/android/tools/r8/dex/code/N0 a (Lcom/android/tools/r8/dex/code/z1;Lcom/android/tools/r8/utils/structural/a;)I 6 <appendix> argL0 ; # com/android/tools/r8/dex/code/N0$$Lambda+0x0000000802409f18
instanceKlass  @bci com/android/tools/r8/dex/code/N2 a (Lcom/android/tools/r8/utils/structural/A;)V 1 <appendix> argL0 ; # com/android/tools/r8/dex/code/N2$$Lambda+0x0000000802409ca8
instanceKlass  @bci com/android/tools/r8/ir/regalloc/b a (Lcom/android/tools/r8/internal/zB;Lcom/android/tools/r8/internal/J5;)V 100 <appendix> argL0 ; # com/android/tools/r8/ir/regalloc/b$$Lambda+0x00000008024099e0
instanceKlass  @bci com/android/tools/r8/dex/code/O a (Lcom/android/tools/r8/utils/structural/A;)V 1 <appendix> argL0 ; # com/android/tools/r8/dex/code/O$$Lambda+0x0000000802409770
# instanceKlass com/android/tools/r8/dex/code/x3$$Lambda+0x0000000802409290
instanceKlass  @bci com/android/tools/r8/dex/code/x3 a (Lcom/android/tools/r8/utils/structural/A;)V 1 <appendix> argL0 ; # com/android/tools/r8/dex/code/x3$$Lambda+0x0000000802409500
# instanceKlass com/android/tools/r8/dex/code/J0$$Lambda+0x0000000802409038
instanceKlass  @bci com/android/tools/r8/dex/code/J0 b (Lcom/android/tools/r8/utils/structural/A;)V 11 <appendix> member <vmtarget> ; # com/android/tools/r8/dex/code/J0$$Lambda+0x0000000802408de0
# instanceKlass com/android/tools/r8/dex/code/J0$$Lambda+0x0000000802408b90
# instanceKlass com/android/tools/r8/dex/code/J0$$Lambda+0x0000000802408938
instanceKlass  @bci com/android/tools/r8/dex/code/J0 b (Lcom/android/tools/r8/utils/structural/A;)V 2 <appendix> argL0 ; # com/android/tools/r8/dex/code/J0$$Lambda+0x00000008024086e8
instanceKlass  @bci com/android/tools/r8/dex/code/J0 a (Lcom/android/tools/r8/dex/code/z1;Lcom/android/tools/r8/utils/structural/a;)I 8 <appendix> member <vmtarget> ; # com/android/tools/r8/dex/code/J0$$Lambda+0x0000000802408490
instanceKlass com/android/tools/r8/internal/pl
instanceKlass  @bci com/android/tools/r8/dex/code/F0 a (Lcom/android/tools/r8/utils/structural/A;)V 9 <appendix> argL0 ; # com/android/tools/r8/dex/code/F0$$Lambda+0x0000000802408000
instanceKlass  @bci com/android/tools/r8/dex/code/F0 a (Lcom/android/tools/r8/utils/structural/A;)V 1 <appendix> argL0 ; # com/android/tools/r8/dex/code/F0$$Lambda+0x0000000802407c58
instanceKlass  @bci com/android/tools/r8/dex/code/F0 a (Lcom/android/tools/r8/dex/code/z1;Lcom/android/tools/r8/utils/structural/a;)I 6 <appendix> argL0 ; # com/android/tools/r8/dex/code/F0$$Lambda+0x0000000802407a08
instanceKlass  @bci com/android/tools/r8/dex/code/K0 a (Lcom/android/tools/r8/utils/structural/A;)V 9 <appendix> argL0 ; # com/android/tools/r8/dex/code/K0$$Lambda+0x00000008024077b8
instanceKlass  @bci com/android/tools/r8/dex/code/K0 a (Lcom/android/tools/r8/utils/structural/A;)V 1 <appendix> argL0 ; # com/android/tools/r8/dex/code/K0$$Lambda+0x0000000802407568
instanceKlass  @bci com/android/tools/r8/dex/code/K0 a (Lcom/android/tools/r8/dex/code/z1;Lcom/android/tools/r8/utils/structural/a;)I 6 <appendix> argL0 ; # com/android/tools/r8/dex/code/K0$$Lambda+0x0000000802407318
instanceKlass  @bci com/android/tools/r8/internal/Rp a (Lcom/android/tools/r8/internal/Um0;)Z 1 <appendix> argL0 ; # com/android/tools/r8/internal/Rp$$Lambda+0x0000000802407098
instanceKlass  @bci com/android/tools/r8/internal/Rp a (Lcom/android/tools/r8/internal/Et;Lcom/android/tools/r8/internal/J5;Lcom/android/tools/r8/internal/bS;Lcom/android/tools/r8/internal/Um0;Lcom/android/tools/r8/internal/Qp;)Lcom/android/tools/r8/internal/Um0; 32 <appendix> argL0 ; # com/android/tools/r8/internal/Rp$$Lambda+0x0000000802406e18
instanceKlass  @bci com/android/tools/r8/internal/Qp <init> (Lcom/android/tools/r8/utils/w$p;Lcom/android/tools/r8/internal/dS;)V 117 <appendix> argL0 ; # com/android/tools/r8/internal/Qp$$Lambda+0x0000000802406b98
instanceKlass com/android/tools/r8/internal/Qp
instanceKlass  @bci com/android/tools/r8/ir/regalloc/b a (IZ)I 22 <appendix> member <vmtarget> ; # com/android/tools/r8/ir/regalloc/b$$Lambda+0x0000000802406688
instanceKlass  @bci com/android/tools/r8/internal/xh0 a (Lcom/android/tools/r8/internal/nh0;)Lcom/android/tools/r8/internal/Gz; 9 <appendix> member <vmtarget> ; # com/android/tools/r8/internal/xh0$$Lambda+0x00000008024052c8
instanceKlass com/android/tools/r8/internal/Ez
instanceKlass  @bci com/android/tools/r8/graph/R4 a (Ljava/util/List;Lcom/android/tools/r8/graph/f5;)V 2 <appendix> member <vmtarget> ; # com/android/tools/r8/graph/R4$$Lambda+0x00000008024038c0
instanceKlass  @bci com/android/tools/r8/graph/R4 a (Ljava/util/List;Ljava/util/List;Ljava/util/Set;Ljava/util/List;Lcom/android/tools/r8/graph/U4;)V 24 <appendix> member <vmtarget> ; # com/android/tools/r8/graph/R4$$Lambda+0x0000000802403658
instanceKlass  @bci com/android/tools/r8/graph/R4 a (Ljava/util/List;Ljava/util/List;Ljava/util/Set;Ljava/util/List;Lcom/android/tools/r8/graph/U4;)V 12 <appendix> member <vmtarget> ; # com/android/tools/r8/graph/R4$$Lambda+0x00000008024033f0
instanceKlass  @bci com/android/tools/r8/dex/code/L0 a (Lcom/android/tools/r8/utils/structural/A;)V 9 <appendix> argL0 ; # com/android/tools/r8/dex/code/L0$$Lambda+0x00000008024031a0
instanceKlass  @bci com/android/tools/r8/graph/R4 a (Ljava/util/List;Ljava/util/List;Ljava/util/Set;Ljava/util/List;Lcom/android/tools/r8/graph/U4;)V 6 <appendix> member <vmtarget> ; # com/android/tools/r8/graph/R4$$Lambda+0x0000000802402f38
instanceKlass  @bci com/android/tools/r8/dex/code/L0 a (Lcom/android/tools/r8/utils/structural/A;)V 1 <appendix> argL0 ; # com/android/tools/r8/dex/code/L0$$Lambda+0x0000000802402ce8
instanceKlass  @bci com/android/tools/r8/dex/code/L0 a (Lcom/android/tools/r8/dex/code/z1;Lcom/android/tools/r8/utils/structural/a;)I 6 <appendix> argL0 ; # com/android/tools/r8/dex/code/L0$$Lambda+0x0000000802402a98
instanceKlass  @bci com/android/tools/r8/graph/R4 a (Lcom/android/tools/r8/graph/U4$a;Ljava/util/Collection;)Lcom/android/tools/r8/graph/U4; 62 <appendix> member <vmtarget> ; # com/android/tools/r8/graph/R4$$Lambda+0x0000000802402830
instanceKlass  @bci com/android/tools/r8/ir/regalloc/n b (ILcom/android/tools/r8/ir/regalloc/c;Lcom/android/tools/r8/ir/regalloc/c;)V 32 <appendix> argL0 ; # com/android/tools/r8/ir/regalloc/n$$Lambda+0x00000008024025c0
instanceKlass  @bci com/android/tools/r8/ir/regalloc/n a (ILcom/android/tools/r8/ir/regalloc/c;Lcom/android/tools/r8/ir/regalloc/c;)V 32 <appendix> argL0 ; # com/android/tools/r8/ir/regalloc/n$$Lambda+0x0000000802402350
instanceKlass  @bci com/android/tools/r8/internal/Rp b (Lcom/android/tools/r8/internal/dS;)Z 79 <appendix> argL0 ; # com/android/tools/r8/internal/Rp$$Lambda+0x00000008024020a0
# instanceKlass com/android/tools/r8/dex/code/Y0$$Lambda+0x0000000802401e30
instanceKlass  @bci com/android/tools/r8/dex/code/Y0 a (Lcom/android/tools/r8/utils/structural/A;)V 49 <appendix> argL0 ; # com/android/tools/r8/dex/code/Y0$$Lambda+0x0000000802401bc0
# instanceKlass com/android/tools/r8/dex/code/Y0$$Lambda+0x00000008024014d0
instanceKlass  @bci com/android/tools/r8/dex/code/Y0 a (Lcom/android/tools/r8/utils/structural/A;)V 41 <appendix> argL0 ; # com/android/tools/r8/dex/code/Y0$$Lambda+0x0000000802401970
instanceKlass  @bci com/android/tools/r8/dex/code/Y0 a (Lcom/android/tools/r8/utils/structural/A;)V 33 <appendix> argL0 ; # com/android/tools/r8/dex/code/Y0$$Lambda+0x0000000802401720
instanceKlass  @bci com/android/tools/r8/dex/code/Y0 a (Lcom/android/tools/r8/utils/structural/A;)V 25 <appendix> argL0 ; # com/android/tools/r8/dex/code/Y0$$Lambda+0x0000000802401280
# instanceKlass com/android/tools/r8/dex/code/Y0$$Lambda+0x0000000802401030
instanceKlass  @bci com/android/tools/r8/dex/code/Y0 a (Lcom/android/tools/r8/utils/structural/A;)V 17 <appendix> argL0 ; # com/android/tools/r8/dex/code/Y0$$Lambda+0x0000000802400de0
# instanceKlass com/android/tools/r8/dex/code/Y0$$Lambda+0x0000000802400940
instanceKlass  @bci com/android/tools/r8/dex/code/Y0 a (Lcom/android/tools/r8/utils/structural/A;)V 9 <appendix> argL0 ; # com/android/tools/r8/dex/code/Y0$$Lambda+0x0000000802400b90
# instanceKlass com/android/tools/r8/dex/code/Y0$$Lambda+0x00000008024006f0
instanceKlass  @bci com/android/tools/r8/dex/code/Y0 a (Lcom/android/tools/r8/utils/structural/A;)V 1 <appendix> argL0 ; # com/android/tools/r8/dex/code/Y0$$Lambda+0x00000008024004a0
# instanceKlass com/android/tools/r8/dex/code/Y0$$Lambda+0x0000000802400000
instanceKlass  @bci com/android/tools/r8/dex/code/Y0 a (Lcom/android/tools/r8/dex/code/z1;Lcom/android/tools/r8/utils/structural/a;)I 6 <appendix> argL0 ; # com/android/tools/r8/dex/code/Y0$$Lambda+0x0000000802400250
instanceKlass com/android/tools/r8/internal/DT
instanceKlass com/android/tools/r8/dex/code/V
# instanceKlass com/android/tools/r8/graph/K4$$Lambda+0x00000008023f8800
instanceKlass  @bci com/android/tools/r8/graph/K4 c (Ljava/util/function/Predicate;)Lcom/android/tools/r8/graph/j1; 11 <appendix> member <vmtarget> ; # com/android/tools/r8/graph/K4$$Lambda+0x00000008023f8a78
instanceKlass  @bci com/android/tools/r8/dex/code/O0 b (Lcom/android/tools/r8/utils/structural/A;)V 17 <appendix> argL0 ; # com/android/tools/r8/dex/code/O0$$Lambda+0x00000008023f9c78
instanceKlass  @bci com/android/tools/r8/graph/K4 b (Ljava/util/function/Predicate;)Lcom/android/tools/r8/graph/j1; 2 <appendix> member <vmtarget> ; # com/android/tools/r8/graph/K4$$Lambda+0x00000008023f99f0
instanceKlass  @bci com/android/tools/r8/dex/code/O0 b (Lcom/android/tools/r8/utils/structural/A;)V 9 <appendix> argL0 ; # com/android/tools/r8/dex/code/O0$$Lambda+0x00000008023f97a0
instanceKlass  @bci com/android/tools/r8/dex/code/O0 b (Lcom/android/tools/r8/utils/structural/A;)V 1 <appendix> argL0 ; # com/android/tools/r8/dex/code/O0$$Lambda+0x00000008023f9550
instanceKlass  @bci com/android/tools/r8/dex/code/O0 a (Lcom/android/tools/r8/dex/code/z1;Lcom/android/tools/r8/utils/structural/a;)I 6 <appendix> argL0 ; # com/android/tools/r8/dex/code/O0$$Lambda+0x00000008023fbda0
instanceKlass  @bci com/android/tools/r8/ir/optimize/t0 a (Lcom/android/tools/r8/graph/y;Lcom/android/tools/r8/internal/Et;)Z 192 <appendix> member <vmtarget> ; # com/android/tools/r8/ir/optimize/t0$$Lambda+0x00000008023f92c8
instanceKlass com/android/tools/r8/internal/AR
instanceKlass com/android/tools/r8/internal/RR
instanceKlass  @bci com/android/tools/r8/graph/S0 a (Lcom/android/tools/r8/utils/structural/A;)V 1 <appendix> argL0 ; # com/android/tools/r8/graph/S0$$Lambda+0x00000008023fe1c8
instanceKlass  @bci com/android/tools/r8/graph/S0 b (Lcom/android/tools/r8/graph/O0;Lcom/android/tools/r8/utils/structural/a;)I 6 <appendix> argL0 ; # com/android/tools/r8/graph/S0$$Lambda+0x00000008023fdf78
instanceKlass com/android/tools/r8/internal/Rp
instanceKlass  @bci com/android/tools/r8/ir/optimize/e0 a (Lcom/android/tools/r8/internal/Et;Lcom/android/tools/r8/ir/regalloc/f;I)V 305 <appendix> argL0 ; # com/android/tools/r8/ir/optimize/e0$$Lambda+0x00000008023fdac8
instanceKlass  @bci com/android/tools/r8/graph/B1 b (I)Lcom/android/tools/r8/graph/O0$a; 15 <appendix> argL0 ; # com/android/tools/r8/graph/B1$$Lambda+0x00000008023fd858
instanceKlass  @bci com/android/tools/r8/graph/J0$b a (Lcom/android/tools/r8/utils/structural/A;)V 9 <appendix> argL0 ; # com/android/tools/r8/graph/J0$b$$Lambda+0x00000008023fd1e8
instanceKlass  @bci com/android/tools/r8/graph/J0$b a (Lcom/android/tools/r8/utils/structural/A;)V 1 <appendix> argL0 ; # com/android/tools/r8/graph/J0$b$$Lambda+0x00000008023fcf98
instanceKlass  @bci com/android/tools/r8/graph/J0$b r ()Lcom/android/tools/r8/utils/structural/y; 0 <appendix> argL0 ; # com/android/tools/r8/graph/J0$b$$Lambda+0x00000008023fcd48
instanceKlass com/android/tools/r8/ir/regalloc/g
instanceKlass com/android/tools/r8/internal/VM
instanceKlass com/android/tools/r8/internal/mN
instanceKlass  @bci com/android/tools/r8/ir/optimize/e0 a (Lcom/android/tools/r8/internal/G5;Lcom/android/tools/r8/ir/regalloc/b;Ljava/util/Set;Lcom/android/tools/r8/ir/optimize/Z;)V 282 <appendix> member <vmtarget> ; # com/android/tools/r8/ir/optimize/e0$$Lambda+0x00000008023f75e0
instanceKlass  @bci com/android/tools/r8/internal/yl a (Lcom/android/tools/r8/internal/Js;)Ljava/util/ArrayList; 305 <appendix> argL0 ; # com/android/tools/r8/internal/yl$$Lambda+0x00000008023f7318
instanceKlass com/android/tools/r8/internal/xl
instanceKlass  @cpi com/android/tools/r8/ir/optimize/e0 242 form vmentry <vmtarget> ; # java/lang/invoke/LambdaForm$DMH+0x00000008023f8000
instanceKlass  @bci com/android/tools/r8/dex/code/H0 a (Lcom/android/tools/r8/utils/structural/A;)V 9 <appendix> argL0 ; # com/android/tools/r8/dex/code/H0$$Lambda+0x00000008023f6e70
instanceKlass  @bci com/android/tools/r8/dex/code/H0 a (Lcom/android/tools/r8/utils/structural/A;)V 1 <appendix> argL0 ; # com/android/tools/r8/dex/code/H0$$Lambda+0x00000008023f6c20
instanceKlass  @bci com/android/tools/r8/dex/code/H0 a (Lcom/android/tools/r8/dex/code/z1;Lcom/android/tools/r8/utils/structural/a;)I 6 <appendix> argL0 ; # com/android/tools/r8/dex/code/H0$$Lambda+0x00000008023f69d0
instanceKlass com/android/tools/r8/internal/VT
instanceKlass com/android/tools/r8/internal/wl
instanceKlass com/android/tools/r8/internal/Gd
instanceKlass  @bci com/android/tools/r8/graph/B1 a (I)Lcom/android/tools/r8/graph/N0; 15 <appendix> argL0 ; # com/android/tools/r8/graph/B1$$Lambda+0x00000008023f5e88
instanceKlass com/android/tools/r8/internal/A3
instanceKlass com/android/tools/r8/internal/nl
instanceKlass com/android/tools/r8/graph/Z0
instanceKlass  @bci com/android/tools/r8/graph/B1 a (Lcom/android/tools/r8/internal/LY;)Lcom/android/tools/r8/graph/S0; 19 <appendix> argL0 ; # com/android/tools/r8/graph/B1$$Lambda+0x00000008023ec800
instanceKlass com/android/tools/r8/graph/U0
instanceKlass com/android/tools/r8/dex/code/a
instanceKlass com/android/tools/r8/internal/a8
instanceKlass com/android/tools/r8/internal/Bt
instanceKlass com/android/tools/r8/internal/yl
# instanceKlass com/android/tools/r8/ir/optimize/e0$$Lambda+0x00000008023ea7c0
instanceKlass  @bci com/android/tools/r8/ir/optimize/e0 a (Lcom/android/tools/r8/internal/Et;Lcom/android/tools/r8/ir/regalloc/f;I)V 227 <appendix> argL0 ; # com/android/tools/r8/ir/optimize/e0$$Lambda+0x00000008023eaa30
# instanceKlass com/android/tools/r8/ir/optimize/a0$$Lambda+0x00000008023ea538
# instanceKlass com/android/tools/r8/ir/optimize/a0$$Lambda+0x00000008023ea028
# instanceKlass com/android/tools/r8/ir/optimize/a0$$Lambda+0x00000008023e9da0
instanceKlass  @bci com/android/tools/r8/ir/optimize/a0 a (Lcom/android/tools/r8/internal/Lw;)Z 246 <appendix> member <vmtarget> ; # com/android/tools/r8/ir/optimize/a0$$Lambda+0x00000008023ea2b0
instanceKlass  @cpi com/android/tools/r8/ir/optimize/a0 87 form vmentry <vmtarget> ; # java/lang/invoke/LambdaForm$DMH+0x00000008023ec400
instanceKlass com/android/tools/r8/ir/optimize/a0
instanceKlass com/android/tools/r8/ir/optimize/e0
instanceKlass com/android/tools/r8/ir/regalloc/h
# instanceKlass com/android/tools/r8/internal/G5$$Lambda+0x00000008023e84e8
# instanceKlass com/android/tools/r8/internal/G5$$Lambda+0x00000008023e89a8
instanceKlass  @bci com/android/tools/r8/internal/Lw a (Lcom/android/tools/r8/internal/Lw;)V 18 <appendix> argL0 ; # com/android/tools/r8/internal/Lw$$Lambda+0x00000008023e8c08
instanceKlass  @bci com/android/tools/r8/internal/G5 b ()V 9 <appendix> argL0 ; # com/android/tools/r8/internal/G5$$Lambda+0x00000008023e8748
instanceKlass  @bci com/android/tools/r8/ir/regalloc/n a (Ljava/util/Set;Ljava/util/Set;Ljava/util/Set;)V 5 <appendix> member <vmtarget> ; # com/android/tools/r8/ir/regalloc/n$$Lambda+0x00000008023e8260
# instanceKlass com/android/tools/r8/ir/regalloc/b$$Lambda+0x00000008023e79e8
instanceKlass  @bci com/android/tools/r8/ir/regalloc/b f ()V 7 <appendix> argL0 ; # com/android/tools/r8/ir/regalloc/b$$Lambda+0x00000008023e8000
instanceKlass  @bci com/android/tools/r8/ir/regalloc/n a (Ljava/util/Set;)V 2 <appendix> member <vmtarget> ; # com/android/tools/r8/ir/regalloc/n$$Lambda+0x00000008023e7c48
# instanceKlass com/android/tools/r8/ir/regalloc/n$$Lambda+0x00000008023e7278
# instanceKlass com/android/tools/r8/ir/regalloc/b$$Lambda+0x00000008023e7788
instanceKlass  @bci com/android/tools/r8/ir/regalloc/n c (ILcom/android/tools/r8/ir/regalloc/c;Lcom/android/tools/r8/ir/regalloc/c;)V 151 <appendix> argL0 ; # com/android/tools/r8/ir/regalloc/n$$Lambda+0x00000008023e6d80
# instanceKlass com/android/tools/r8/ir/regalloc/n$$Lambda+0x00000008023e7500
instanceKlass  @bci com/android/tools/r8/ir/regalloc/n a (I)I 127 <appendix> member <vmtarget> ; # com/android/tools/r8/ir/regalloc/n$$Lambda+0x00000008023e6ff0
instanceKlass com/android/tools/r8/ir/regalloc/m
instanceKlass com/android/tools/r8/ir/regalloc/n
# instanceKlass com/android/tools/r8/ir/regalloc/b$$Lambda+0x00000008023e5748
instanceKlass  @bci com/android/tools/r8/ir/regalloc/b a (Lcom/android/tools/r8/ir/regalloc/c;IZLcom/android/tools/r8/ir/regalloc/k;Lcom/android/tools/r8/ir/regalloc/i;)I 100 <appendix> member <vmtarget> ; # com/android/tools/r8/ir/regalloc/b$$Lambda+0x00000008023e63f0
# instanceKlass com/android/tools/r8/ir/regalloc/b$$Lambda+0x00000008023e6678
# instanceKlass com/android/tools/r8/ir/regalloc/b$$Lambda+0x00000008023e6168
# instanceKlass com/android/tools/r8/ir/regalloc/b$$Lambda+0x00000008023e5000
# instanceKlass com/android/tools/r8/ir/regalloc/b$$Lambda+0x00000008023e5ee0
instanceKlass  @bci com/android/tools/r8/ir/regalloc/b a (Lcom/android/tools/r8/ir/regalloc/c;IZLcom/android/tools/r8/ir/regalloc/k;Lcom/android/tools/r8/ir/regalloc/i;)I 93 <appendix> member <vmtarget> ; # com/android/tools/r8/ir/regalloc/b$$Lambda+0x00000008023e5c58
instanceKlass  @bci com/android/tools/r8/ir/regalloc/b a (Lcom/android/tools/r8/ir/regalloc/c;IZLcom/android/tools/r8/ir/regalloc/k;Lcom/android/tools/r8/ir/regalloc/i;)I 72 <appendix> member <vmtarget> ; # com/android/tools/r8/ir/regalloc/b$$Lambda+0x00000008023e59d0
# instanceKlass com/android/tools/r8/ir/regalloc/b$$Lambda+0x00000008023e54c0
instanceKlass com/android/tools/r8/internal/HL
instanceKlass  @bci com/android/tools/r8/ir/regalloc/b a (Lcom/android/tools/r8/ir/regalloc/c;IZLcom/android/tools/r8/ir/regalloc/k;Lcom/android/tools/r8/ir/regalloc/i;)I 65 <appendix> member <vmtarget> ; # com/android/tools/r8/ir/regalloc/b$$Lambda+0x00000008023e4d78
# instanceKlass com/android/tools/r8/ir/regalloc/b$$Lambda+0x00000008023e4af0
instanceKlass  @bci com/android/tools/r8/ir/regalloc/b a (Lcom/android/tools/r8/ir/regalloc/c;IZLcom/android/tools/r8/ir/regalloc/k;Lcom/android/tools/r8/ir/regalloc/i;)I 44 <appendix> member <vmtarget> ; # com/android/tools/r8/ir/regalloc/b$$Lambda+0x00000008023e4868
# instanceKlass com/android/tools/r8/ir/regalloc/b$$Lambda+0x00000008023e45e0
instanceKlass  @bci com/android/tools/r8/ir/regalloc/b a (Lcom/android/tools/r8/ir/regalloc/c;IZLcom/android/tools/r8/ir/regalloc/k;Lcom/android/tools/r8/ir/regalloc/i;)I 37 <appendix> member <vmtarget> ; # com/android/tools/r8/ir/regalloc/b$$Lambda+0x00000008023e4358
instanceKlass com/android/tools/r8/ir/regalloc/d
instanceKlass com/android/tools/r8/ir/regalloc/e
instanceKlass com/android/tools/r8/internal/Dt
instanceKlass com/android/tools/r8/ir/regalloc/c
instanceKlass com/android/tools/r8/ir/regalloc/j
instanceKlass com/android/tools/r8/ir/regalloc/b
instanceKlass  @bci com/android/tools/r8/ir/optimize/t0 a (Lcom/android/tools/r8/graph/y;Lcom/android/tools/r8/internal/Et;)Z 154 <appendix> member <vmtarget> ; # com/android/tools/r8/ir/optimize/t0$$Lambda+0x00000008023e2800
instanceKlass  @bci com/android/tools/r8/ir/optimize/t0 a (Lcom/android/tools/r8/graph/y;Lcom/android/tools/r8/internal/Et;)Z 79 <appendix> argL0 ; # com/android/tools/r8/ir/optimize/t0$$Lambda+0x00000008023e2580
instanceKlass com/android/tools/r8/ir/optimize/t0
instanceKlass com/android/tools/r8/ir/regalloc/f
# instanceKlass com/android/tools/r8/internal/tM$$Lambda+0x00000008023df518
# instanceKlass com/android/tools/r8/internal/tM$$Lambda+0x00000008023df2b0
# instanceKlass com/android/tools/r8/internal/tM$$Lambda+0x00000008023df9e8
instanceKlass  @bci com/android/tools/r8/internal/tM a (Lcom/android/tools/r8/ir/optimize/F;Lcom/android/tools/r8/graph/y;Lcom/android/tools/r8/internal/Kd;Lcom/android/tools/r8/graph/D2;)V 4 <appendix> member <vmtarget> ; # com/android/tools/r8/internal/tM$$Lambda+0x00000008023df780
instanceKlass  @bci com/android/tools/r8/internal/tM a (Lcom/android/tools/r8/graph/y;Lcom/android/tools/r8/internal/ij0;Ljava/util/concurrent/ExecutorService;)V 285 <appendix> member <vmtarget> ; # com/android/tools/r8/internal/tM$$Lambda+0x00000008023df048
instanceKlass com/android/tools/r8/internal/Y30
instanceKlass com/android/tools/r8/internal/Nk
instanceKlass com/android/tools/r8/graph/Y
instanceKlass com/android/tools/r8/graph/W
instanceKlass  @bci com/android/tools/r8/kotlin/Z b (Ljava/util/concurrent/ExecutorService;)V 234 <appendix> member <vmtarget> ; # com/android/tools/r8/kotlin/Z$$Lambda+0x00000008023dd378
instanceKlass com/android/tools/r8/kotlin/Y
instanceKlass com/android/tools/r8/kotlin/Z
instanceKlass  @bci com/android/tools/r8/internal/P2 a (Lcom/android/tools/r8/graph/B1;Lcom/android/tools/r8/graph/V5;Lcom/android/tools/r8/synthesis/M;)V 37 <appendix> member <vmtarget> ; # com/android/tools/r8/internal/P2$$Lambda+0x00000008023dcca8
instanceKlass  @bci com/android/tools/r8/internal/P2 a (Lcom/android/tools/r8/graph/q2;Lcom/android/tools/r8/graph/B1;Lcom/android/tools/r8/graph/V5;Lcom/android/tools/r8/synthesis/V;)V 28 <appendix> member <vmtarget> ; # com/android/tools/r8/internal/P2$$Lambda+0x00000008023dca40
instanceKlass  @bci com/android/tools/r8/synthesis/I a (Lcom/android/tools/r8/synthesis/Q$b;Ljava/util/function/Consumer;Ljava/util/function/Consumer;Ljava/util/function/Consumer;Lcom/android/tools/r8/synthesis/k;Lcom/android/tools/r8/graph/y;)Lcom/android/tools/r8/graph/D2; 195 <appendix> member <vmtarget> ; # com/android/tools/r8/synthesis/I$$Lambda+0x00000008023dc7d8
instanceKlass  @bci com/android/tools/r8/internal/P2 a (Lcom/android/tools/r8/graph/y;Ljava/util/function/Function;Lcom/android/tools/r8/graph/q2;Lcom/android/tools/r8/graph/V5;Lcom/android/tools/r8/internal/R2;)V 102 <appendix> member <vmtarget> ; # com/android/tools/r8/internal/P2$$Lambda+0x00000008023dc570
instanceKlass  @bci com/android/tools/r8/internal/P2 a (Lcom/android/tools/r8/graph/y;Ljava/util/function/Function;Lcom/android/tools/r8/graph/q2;Lcom/android/tools/r8/graph/V5;Lcom/android/tools/r8/internal/R2;)V 94 <appendix> member <vmtarget> ; # com/android/tools/r8/internal/P2$$Lambda+0x00000008023dc308
instanceKlass  @bci com/android/tools/r8/internal/P2 a (Lcom/android/tools/r8/graph/y;Ljava/util/function/Function;Lcom/android/tools/r8/graph/q2;Lcom/android/tools/r8/graph/V5;Lcom/android/tools/r8/internal/R2;)V 88 <appendix> member <vmtarget> ; # com/android/tools/r8/internal/P2$$Lambda+0x00000008023dc0a0
instanceKlass  @bci com/android/tools/r8/internal/P2 a (Lcom/android/tools/r8/graph/y;Ljava/util/function/Function;Lcom/android/tools/r8/graph/q2;Lcom/android/tools/r8/graph/V5;Lcom/android/tools/r8/internal/R2;)V 75 <appendix> argL0 ; # com/android/tools/r8/internal/P2$$Lambda+0x00000008023dbe50
instanceKlass  @bci com/android/tools/r8/internal/P2 a (Lcom/android/tools/r8/graph/y;Ljava/util/function/Function;Lcom/android/tools/r8/graph/q2;Lcom/android/tools/r8/graph/V5;Lcom/android/tools/r8/internal/R2;)V 68 <appendix> argL0 ; # com/android/tools/r8/internal/P2$$Lambda+0x00000008023dbc00
instanceKlass com/android/tools/r8/internal/vQ
instanceKlass  @bci com/android/tools/r8/internal/P2 a (Lcom/android/tools/r8/graph/q2;)V 15 <appendix> member <vmtarget> ; # com/android/tools/r8/internal/P2$$Lambda+0x00000008023db710
instanceKlass  @bci com/android/tools/r8/internal/P2 a (Ljava/util/concurrent/ExecutorService;)V 111 <appendix> member <vmtarget> ; # com/android/tools/r8/internal/P2$$Lambda+0x00000008023db4a8
instanceKlass  @bci com/android/tools/r8/internal/P2 a (Lcom/android/tools/r8/graph/D2;Lcom/android/tools/r8/graph/I2;)V 112 <appendix> argL0 ; # com/android/tools/r8/internal/P2$$Lambda+0x00000008023db258
# instanceKlass com/android/tools/r8/internal/P2$$Lambda+0x00000008023daff0
# instanceKlass com/android/tools/r8/internal/P2$$Lambda+0x00000008023dad88
# instanceKlass com/android/tools/r8/internal/P2$$Lambda+0x00000008023dab20
instanceKlass  @bci com/android/tools/r8/internal/P2 a (Lcom/android/tools/r8/graph/D2;Ljava/lang/Integer;Lcom/android/tools/r8/internal/r8;)V 6 <appendix> member <vmtarget> ; # com/android/tools/r8/internal/P2$$Lambda+0x00000008023da8b8
# instanceKlass com/android/tools/r8/internal/P2$$Lambda+0x00000008023da650
# instanceKlass com/android/tools/r8/internal/P2$$Lambda+0x00000008023da3e8
instanceKlass  @bci com/android/tools/r8/internal/P2 a (Lcom/android/tools/r8/graph/D2;Lcom/android/tools/r8/graph/C5;)V 40 <appendix> member <vmtarget> ; # com/android/tools/r8/internal/P2$$Lambda+0x00000008023da180
# instanceKlass com/android/tools/r8/internal/P2$$Lambda+0x00000008023d9f18
instanceKlass  @bci com/android/tools/r8/internal/P2 b (Lcom/android/tools/r8/graph/D2;)V 79 <appendix> member <vmtarget> ; # com/android/tools/r8/internal/P2$$Lambda+0x00000008023d9a48
# instanceKlass com/android/tools/r8/internal/P2$$Lambda+0x00000008023d9cb0
# instanceKlass com/android/tools/r8/internal/P2$$Lambda+0x00000008023d9548
# instanceKlass com/android/tools/r8/internal/P2$$Lambda+0x00000008023d97c8
instanceKlass  @bci com/android/tools/r8/internal/P2 b (Lcom/android/tools/r8/graph/D2;)V 73 <appendix> argL0 ; # com/android/tools/r8/internal/P2$$Lambda+0x00000008023d92c8
# instanceKlass com/android/tools/r8/internal/P2$$Lambda+0x00000008023d9060
# instanceKlass com/android/tools/r8/internal/P2$$Lambda+0x00000008023d8df8
instanceKlass  @bci com/android/tools/r8/internal/P2 b (Lcom/android/tools/r8/graph/D2;)V 60 <appendix> member <vmtarget> ; # com/android/tools/r8/internal/P2$$Lambda+0x00000008023d8b90
# instanceKlass com/android/tools/r8/internal/P2$$Lambda+0x00000008023d84a0
# instanceKlass com/android/tools/r8/internal/P2$$Lambda+0x00000008023d8940
# instanceKlass com/android/tools/r8/internal/P2$$Lambda+0x00000008023d8000
instanceKlass  @bci com/android/tools/r8/internal/P2 a (Lcom/android/tools/r8/graph/D2;)Z 32 <appendix> argL0 ; # com/android/tools/r8/internal/P2$$Lambda+0x00000008023d86f0
# instanceKlass com/android/tools/r8/internal/P2$$Lambda+0x00000008023d8250
instanceKlass  @bci com/android/tools/r8/internal/P2 a (Lcom/android/tools/r8/graph/D2;)Z 16 <appendix> argL0 ; # com/android/tools/r8/internal/P2$$Lambda+0x00000008023d7d50
# instanceKlass com/android/tools/r8/internal/P2$$Lambda+0x00000008023d7b00
instanceKlass  @bci com/android/tools/r8/internal/P2 a (Ljava/util/concurrent/ExecutorService;)V 60 <appendix> member <vmtarget> ; # com/android/tools/r8/internal/P2$$Lambda+0x00000008023d7898
instanceKlass  @bci com/android/tools/r8/internal/P2 a (Ljava/util/concurrent/ExecutorService;)V 39 <appendix> argL0 ; # com/android/tools/r8/internal/P2$$Lambda+0x00000008023d7618
instanceKlass com/android/tools/r8/internal/Q2
# instanceKlass com/android/tools/r8/naming/D$$Lambda+0x00000008023d69c8
# instanceKlass com/android/tools/r8/naming/D$$Lambda+0x00000008023d6c30
# instanceKlass com/android/tools/r8/naming/D$$Lambda+0x00000008023d5fe0
instanceKlass  @bci com/android/tools/r8/naming/D b (Lcom/android/tools/r8/graph/D2;)V 8 <appendix> member <vmtarget> ; # com/android/tools/r8/naming/D$$Lambda+0x00000008023d6760
# instanceKlass com/android/tools/r8/naming/D$$Lambda+0x00000008023d5d60
# instanceKlass com/android/tools/r8/naming/D$$Lambda+0x00000008023d6260
instanceKlass  @bci com/android/tools/r8/naming/D b (Lcom/android/tools/r8/graph/D2;)V 2 <appendix> argL0 ; # com/android/tools/r8/naming/D$$Lambda+0x00000008023d64e0
instanceKlass  @bci com/android/tools/r8/naming/D b (Ljava/util/concurrent/ExecutorService;)V 16 <appendix> member <vmtarget> ; # com/android/tools/r8/naming/D$$Lambda+0x00000008023d5af8
# instanceKlass com/android/tools/r8/naming/g0$$Lambda+0x00000008023d5628
# instanceKlass com/android/tools/r8/naming/g0$$Lambda+0x00000008023d5158
# instanceKlass com/android/tools/r8/naming/g0$$Lambda+0x00000008023d5890
instanceKlass  @bci com/android/tools/r8/naming/g0 a (Lcom/android/tools/r8/graph/w2;)V 122 <appendix> member <vmtarget> ; # com/android/tools/r8/naming/g0$$Lambda+0x00000008023d53c0
instanceKlass com/android/tools/r8/naming/g0
instanceKlass com/android/tools/r8/naming/x
instanceKlass  @bci com/android/tools/r8/naming/z a (Ljava/util/Map;Lcom/android/tools/r8/graph/E0;)V 316 <appendix> member <vmtarget> ; # com/android/tools/r8/naming/z$$Lambda+0x00000008023d4a50
instanceKlass  @bci com/android/tools/r8/naming/z a (Ljava/util/Map;Lcom/android/tools/r8/graph/E0;)V 65 <appendix> member <vmtarget> ; # com/android/tools/r8/naming/z$$Lambda+0x00000008023d47d8
instanceKlass  @bci com/android/tools/r8/naming/z a ()V 45 <appendix> member <vmtarget> ; # com/android/tools/r8/naming/z$$Lambda+0x00000008023d4570
instanceKlass com/android/tools/r8/naming/A
instanceKlass  @bci com/android/tools/r8/naming/z a (Ljava/util/Set;)V 255 <appendix> member <vmtarget> ; # com/android/tools/r8/naming/z$$Lambda+0x00000008023d40a0
instanceKlass  @bci com/android/tools/r8/naming/B <init> (Lcom/android/tools/r8/graph/y;Lcom/android/tools/r8/naming/m0;Lcom/android/tools/r8/naming/R0;Ljava/util/IdentityHashMap;)V 19 <appendix> member <vmtarget> ; # com/android/tools/r8/naming/B$$Lambda+0x00000008023d3e18
instanceKlass  @bci com/android/tools/r8/naming/z a (Ljava/util/Set;)V 141 <appendix> member <vmtarget> ; # com/android/tools/r8/naming/z$$Lambda+0x00000008023d3bb0
instanceKlass  @bci com/android/tools/r8/naming/y a (Lcom/android/tools/r8/graph/E0;)Ljava/util/TreeSet; 5 <appendix> argL0 ; # com/android/tools/r8/naming/y$$Lambda+0x00000008023d3940
instanceKlass com/android/tools/r8/naming/y
instanceKlass com/android/tools/r8/naming/Q0
instanceKlass  @bci com/android/tools/r8/naming/C b ()Ljava/lang/Object; 17 <appendix> member <vmtarget> ; # com/android/tools/r8/naming/C$$Lambda+0x00000008023d3248
instanceKlass  @bci com/android/tools/r8/naming/z a (Lcom/android/tools/r8/graph/D2;Lcom/android/tools/r8/naming/R0;)V 13 <appendix> member <vmtarget> ; # com/android/tools/r8/naming/z$$Lambda+0x00000008023d2ff0
instanceKlass  @bci com/android/tools/r8/naming/z a (Lcom/android/tools/r8/graph/I2;)Lcom/android/tools/r8/naming/R0; 6 <appendix> member <vmtarget> ; # com/android/tools/r8/naming/z$$Lambda+0x00000008023d2d78
instanceKlass  @bci com/android/tools/r8/naming/z c ()V 31 <appendix> member <vmtarget> ; # com/android/tools/r8/naming/z$$Lambda+0x00000008023d2b10
instanceKlass com/android/tools/r8/naming/C
instanceKlass com/android/tools/r8/naming/z
instanceKlass com/android/tools/r8/naming/X
instanceKlass  @bci com/android/tools/r8/naming/b0 a (Lcom/android/tools/r8/graph/H0;)Lcom/android/tools/r8/graph/H2; 3 <appendix> member <vmtarget> ; # com/android/tools/r8/naming/b0$$Lambda+0x00000008023d1d30
instanceKlass  @bci com/android/tools/r8/naming/Z a (Lcom/android/tools/r8/graph/E0;)V 96 <appendix> argL0 ; # com/android/tools/r8/naming/Z$$Lambda+0x00000008023d1ac0
instanceKlass  @bci com/android/tools/r8/naming/Z a (Lcom/android/tools/r8/graph/E0;)V 66 <appendix> member <vmtarget> ; # com/android/tools/r8/naming/Z$$Lambda+0x00000008023d1848
instanceKlass  @bci com/android/tools/r8/naming/Z a ()V 36 <appendix> member <vmtarget> ; # com/android/tools/r8/naming/Z$$Lambda+0x00000008023d15e0
instanceKlass  @bci com/android/tools/r8/naming/a0 a (Lcom/android/tools/r8/graph/H2;Lcom/android/tools/r8/graph/w2;)V 29 <appendix> argL0 ; # com/android/tools/r8/naming/a0$$Lambda+0x00000008023d1370
instanceKlass  @bci com/android/tools/r8/naming/J a (Lcom/android/tools/r8/graph/H2;Lcom/android/tools/r8/graph/H0;Lcom/android/tools/r8/naming/J;)V 7 <appendix> member <vmtarget> ; # com/android/tools/r8/naming/J$$Lambda+0x00000008023d1108
instanceKlass  @bci com/android/tools/r8/naming/J a (Lcom/android/tools/r8/graph/H0;Lcom/android/tools/r8/graph/H2;)V 4 <appendix> member <vmtarget> ; # com/android/tools/r8/naming/J$$Lambda+0x00000008023d0ea0
instanceKlass  @bci com/android/tools/r8/naming/I a (Lcom/android/tools/r8/graph/H2;Lcom/android/tools/r8/naming/Y;)V 3 <appendix> member <vmtarget> ; # com/android/tools/r8/naming/I$$Lambda+0x00000008023d0c38
instanceKlass  @bci com/android/tools/r8/naming/J b (Lcom/android/tools/r8/graph/H0;Lcom/android/tools/r8/graph/H2;)Z 3 <appendix> member <vmtarget> ; # com/android/tools/r8/naming/J$$Lambda+0x00000008023d09c0
instanceKlass  @bci com/android/tools/r8/naming/I a (Lcom/android/tools/r8/graph/H2;)Z 2 <appendix> member <vmtarget> ; # com/android/tools/r8/naming/I$$Lambda+0x00000008023d0758
instanceKlass com/android/tools/r8/naming/a0
instanceKlass  @bci com/android/tools/r8/naming/K a (Lcom/android/tools/r8/graph/H0;Lcom/android/tools/r8/naming/I;)Lcom/android/tools/r8/graph/H2; 175 <appendix> member <vmtarget> ; # com/android/tools/r8/naming/K$$Lambda+0x00000008023d0268
instanceKlass  @bci com/android/tools/r8/naming/J c (Lcom/android/tools/r8/graph/H2;Lcom/android/tools/r8/graph/H0;Lcom/android/tools/r8/naming/J;)V 7 <appendix> member <vmtarget> ; # com/android/tools/r8/naming/J$$Lambda+0x00000008023d0000
instanceKlass  @bci com/android/tools/r8/naming/J a (Ljava/util/function/Consumer;)V 1 <appendix> member <vmtarget> ; # com/android/tools/r8/naming/J$$Lambda+0x00000008023cfcc0
instanceKlass  @bci com/android/tools/r8/naming/J c (Lcom/android/tools/r8/graph/H0;Lcom/android/tools/r8/graph/H2;)V 4 <appendix> member <vmtarget> ; # com/android/tools/r8/naming/J$$Lambda+0x00000008023cfa58
instanceKlass  @bci com/android/tools/r8/naming/I a (Ljava/util/function/BiFunction;)Ljava/lang/Object; 5 <appendix> member <vmtarget> ; # com/android/tools/r8/naming/I$$Lambda+0x00000008023cf7f0
instanceKlass  @bci com/android/tools/r8/naming/I a (Ljava/util/function/BiConsumer;)V 2 <appendix> member <vmtarget> ; # com/android/tools/r8/naming/I$$Lambda+0x00000008023cf588
instanceKlass  @bci com/android/tools/r8/naming/I b (Lcom/android/tools/r8/graph/H2;)V 3 <appendix> member <vmtarget> ; # com/android/tools/r8/naming/I$$Lambda+0x00000008023cf320
instanceKlass  @bci com/android/tools/r8/naming/J a (Lcom/android/tools/r8/graph/H0;)Lcom/android/tools/r8/graph/H2; 47 <appendix> member <vmtarget> ; # com/android/tools/r8/naming/J$$Lambda+0x00000008023cf0a8
instanceKlass  @bci com/android/tools/r8/internal/Cl i ()Ljava/util/ArrayList; 4 <appendix> argL0 ; # com/android/tools/r8/internal/Cl$$Lambda+0x00000008023cede0
instanceKlass  @bci com/android/tools/r8/internal/Cl e ()Ljava/util/ArrayList; 28 <appendix> member <vmtarget> ; # com/android/tools/r8/internal/Cl$$Lambda+0x00000008023ceb78
instanceKlass  @bci com/android/tools/r8/naming/K a ()Ljava/util/Comparator; 9 <appendix> member <vmtarget> ; # com/android/tools/r8/naming/K$$Lambda+0x00000008023ce900
instanceKlass  @bci com/android/tools/r8/naming/K a (Lcom/android/tools/r8/internal/ij0;Ljava/util/List;)V 611 <appendix> argL0 ; # com/android/tools/r8/naming/K$$Lambda+0x00000008023ce690
instanceKlass  @bci com/android/tools/r8/naming/K a (Lcom/android/tools/r8/internal/ij0;Ljava/util/List;)V 601 <appendix> member <vmtarget> ; # com/android/tools/r8/naming/K$$Lambda+0x00000008023ce408
instanceKlass  @bci com/android/tools/r8/naming/K a (Lcom/android/tools/r8/internal/ij0;Ljava/util/List;)V 566 <appendix> member <vmtarget> ; # com/android/tools/r8/naming/K$$Lambda+0x00000008023ce1a0
instanceKlass  @bci com/android/tools/r8/naming/K a (Lcom/android/tools/r8/internal/ij0;Ljava/util/List;)V 505 <appendix> member <vmtarget> ; # com/android/tools/r8/naming/K$$Lambda+0x00000008023cdf38
instanceKlass  @bci com/android/tools/r8/naming/K a (Lcom/android/tools/r8/internal/ij0;Ljava/util/List;)V 469 <appendix> member <vmtarget> ; # com/android/tools/r8/naming/K$$Lambda+0x00000008023cdcd0
instanceKlass com/android/tools/r8/internal/gm
instanceKlass  @bci com/android/tools/r8/naming/I a (Lcom/android/tools/r8/graph/H0;Lcom/android/tools/r8/naming/J;)V 8 <appendix> argL0 ; # com/android/tools/r8/naming/I$$Lambda+0x00000008023cd810
instanceKlass  @bci com/android/tools/r8/internal/El k ()Lcom/android/tools/r8/internal/El; 4 <appendix> argL0 ; # com/android/tools/r8/internal/El$$Lambda+0x00000008023cd5c0
instanceKlass  @bci com/android/tools/r8/naming/K a (Lcom/android/tools/r8/internal/ij0;Ljava/util/List;)V 392 <appendix> member <vmtarget> ; # com/android/tools/r8/naming/K$$Lambda+0x00000008023cd368
instanceKlass com/android/tools/r8/naming/I
instanceKlass  @bci com/android/tools/r8/naming/K a (Lcom/android/tools/r8/graph/E0;)V 13 <appendix> member <vmtarget> ; # com/android/tools/r8/naming/K$$Lambda+0x00000008023ccea8
instanceKlass  @bci com/android/tools/r8/naming/K a (Ljava/util/List;)V 2 <appendix> member <vmtarget> ; # com/android/tools/r8/naming/K$$Lambda+0x00000008023ccc40
instanceKlass com/android/tools/r8/naming/J
instanceKlass  @bci com/android/tools/r8/internal/El <clinit> ()V 3 <appendix> argL0 ; # com/android/tools/r8/internal/El$$Lambda+0x00000008023cc7b0
instanceKlass com/android/tools/r8/naming/K
instanceKlass  @bci com/android/tools/r8/naming/Z e ()V 64 <appendix> member <vmtarget> ; # com/android/tools/r8/naming/Z$$Lambda+0x00000008023cb448
instanceKlass  @bci com/android/tools/r8/naming/d0 a (Lcom/android/tools/r8/graph/H0;Lcom/android/tools/r8/graph/H2;)V 85 <appendix> argL0 ; # com/android/tools/r8/naming/d0$$Lambda+0x00000008023cb1d8
instanceKlass com/android/tools/r8/naming/d0
instanceKlass  @bci com/android/tools/r8/naming/c0 c (Lcom/android/tools/r8/graph/w2;)Ljava/lang/Object; 18 <appendix> member <vmtarget> ; # com/android/tools/r8/naming/c0$$Lambda+0x00000008023cad20
instanceKlass  @bci com/android/tools/r8/naming/Z a (Lcom/android/tools/r8/graph/I2;Lcom/android/tools/r8/graph/I2;Lcom/android/tools/r8/naming/e0;)V 7 <appendix> member <vmtarget> ; # com/android/tools/r8/naming/Z$$Lambda+0x00000008023caaa8
instanceKlass  @bci com/android/tools/r8/naming/Z b ()Ljava/util/function/Function; 22 <appendix> argL0 ; # com/android/tools/r8/naming/Z$$Lambda+0x00000008023ca838
instanceKlass  @bci com/android/tools/r8/naming/Z c ()Ljava/util/function/Function; 0 <appendix> argL0 ; # com/android/tools/r8/naming/Z$$Lambda+0x00000008023ca5c8
instanceKlass com/android/tools/r8/naming/Y
instanceKlass com/android/tools/r8/naming/c0
instanceKlass com/android/tools/r8/naming/Z
instanceKlass com/android/tools/r8/naming/W
instanceKlass com/android/tools/r8/naming/d
instanceKlass  @bci com/android/tools/r8/naming/f a (Lcom/android/tools/r8/graph/D5;)V 14 <appendix> member <vmtarget> ; # com/android/tools/r8/naming/f$$Lambda+0x00000008023c90e8
instanceKlass  @bci com/android/tools/r8/naming/f a (Lcom/android/tools/r8/graph/D5;)V 4 <appendix> member <vmtarget> ; # com/android/tools/r8/naming/f$$Lambda+0x00000008023c8e80
instanceKlass  @bci com/android/tools/r8/naming/f b (Lcom/android/tools/r8/graph/I2;)Lcom/android/tools/r8/naming/e; 14 <appendix> member <vmtarget> ; # com/android/tools/r8/naming/f$$Lambda+0x00000008023c8c08
instanceKlass  @bci com/android/tools/r8/naming/f a (Lcom/android/tools/r8/internal/ij0;)Lcom/android/tools/r8/naming/d; 122 <appendix> member <vmtarget> ; # com/android/tools/r8/naming/f$$Lambda+0x00000008023c89a0
instanceKlass  @bci com/android/tools/r8/naming/f <init> (Lcom/android/tools/r8/graph/y;Lcom/android/tools/r8/naming/j0;Ljava/util/Collection;)V 139 <appendix> member <vmtarget> ; # com/android/tools/r8/naming/f$$Lambda+0x00000008023c8718
instanceKlass com/android/tools/r8/naming/e
instanceKlass com/android/tools/r8/naming/f
instanceKlass  @bci com/android/tools/r8/graph/x0 a (Ljava/util/ArrayList;)Ljava/util/List; 2 <appendix> argL0 ; # com/android/tools/r8/graph/x0$$Lambda+0x00000008023c8000
instanceKlass  @bci com/android/tools/r8/graph/T5 a (Ljava/util/List;Lcom/android/tools/r8/graph/I2;)V 16 <appendix> member <vmtarget> ; # com/android/tools/r8/graph/T5$$Lambda+0x00000008023c7c18
instanceKlass  @bci com/android/tools/r8/graph/T5 a (Ljava/util/function/Consumer;)V 18 <appendix> member <vmtarget> ; # com/android/tools/r8/graph/T5$$Lambda+0x00000008023c7960
instanceKlass  @bci com/android/tools/r8/graph/T5 a ()Ljava/util/List; 11 <appendix> member <vmtarget> ; # com/android/tools/r8/graph/T5$$Lambda+0x00000008023c76f8
instanceKlass  @bci com/android/tools/r8/naming/o0 a (Lcom/android/tools/r8/graph/y;)Lcom/android/tools/r8/graph/T5; 45 <appendix> member <vmtarget> ; # com/android/tools/r8/naming/o0$$Lambda+0x00000008023c7490
instanceKlass  @bci com/android/tools/r8/naming/o0 a (Lcom/android/tools/r8/graph/y;)Lcom/android/tools/r8/graph/T5; 25 <appendix> member <vmtarget> ; # com/android/tools/r8/naming/o0$$Lambda+0x00000008023c7228
instanceKlass com/android/tools/r8/naming/o0
instanceKlass com/android/tools/r8/naming/c
instanceKlass  @bci com/android/tools/r8/internal/F20 a (Lcom/android/tools/r8/graph/E0;Lcom/android/tools/r8/internal/H20;Ljava/util/Map;Lcom/android/tools/r8/internal/G20;Lcom/android/tools/r8/internal/J20;Lcom/android/tools/r8/graph/j1;)Lcom/android/tools/r8/graph/j1; 604 <appendix> member <vmtarget> ; # com/android/tools/r8/internal/F20$$Lambda+0x00000008023c6648
instanceKlass  @bci com/android/tools/r8/internal/I20 b (Lcom/android/tools/r8/graph/D2;Lcom/android/tools/r8/internal/H20;Lcom/android/tools/r8/internal/G20;)Ljava/util/Map; 26 <appendix> argL0 ; # com/android/tools/r8/internal/I20$$Lambda+0x00000008023c63f8
instanceKlass  @bci com/android/tools/r8/internal/I20 b (Lcom/android/tools/r8/graph/D2;Lcom/android/tools/r8/internal/H20;Lcom/android/tools/r8/internal/G20;)Ljava/util/Map; 21 <appendix> argL0 ; # com/android/tools/r8/internal/I20$$Lambda+0x00000008023c6198
instanceKlass  @bci com/android/tools/r8/internal/I20 b (Lcom/android/tools/r8/graph/D2;Lcom/android/tools/r8/internal/H20;Lcom/android/tools/r8/internal/G20;)Ljava/util/Map; 16 <appendix> argL0 ; # com/android/tools/r8/internal/I20$$Lambda+0x00000008023c5f38
instanceKlass  @bci com/android/tools/r8/internal/I20 b (Lcom/android/tools/r8/graph/D2;Lcom/android/tools/r8/internal/H20;Lcom/android/tools/r8/internal/G20;)Ljava/util/Map; 11 <appendix> argL0 ; # com/android/tools/r8/internal/I20$$Lambda+0x00000008023c5ce8
instanceKlass  @bci com/android/tools/r8/internal/I20 a (Ljava/util/HashMap;)V 11 <appendix> member <vmtarget> ; # com/android/tools/r8/internal/I20$$Lambda+0x00000008023c5a80
instanceKlass  @bci com/android/tools/r8/internal/I20 a (Lcom/android/tools/r8/internal/H20;Lcom/android/tools/r8/internal/G20;Ljava/util/Map;Lcom/android/tools/r8/graph/C5;)V 19 <appendix> argL0 ; # com/android/tools/r8/internal/I20$$Lambda+0x00000008023c5830
instanceKlass  @bci com/android/tools/r8/internal/I20 a (Lcom/android/tools/r8/graph/D2;Lcom/android/tools/r8/internal/H20;Lcom/android/tools/r8/internal/G20;)Ljava/util/HashMap; 18 <appendix> member <vmtarget> ; # com/android/tools/r8/internal/I20$$Lambda+0x00000008023c55c8
instanceKlass  @bci com/android/tools/r8/internal/F20 a (Lcom/android/tools/r8/internal/si;Ljava/util/List;)Lcom/android/tools/r8/internal/Gj0; 275 <appendix> member <vmtarget> ; # com/android/tools/r8/internal/F20$$Lambda+0x00000008023c5350
instanceKlass  @bci com/android/tools/r8/internal/F20 a (Lcom/android/tools/r8/internal/si;Ljava/util/function/Function;)Lcom/android/tools/r8/internal/Hj0; 52 <appendix> member <vmtarget> ; # com/android/tools/r8/internal/F20$$Lambda+0x00000008023c50e8
instanceKlass com/android/tools/r8/internal/H20
instanceKlass com/android/tools/r8/internal/J20
instanceKlass  @bci com/android/tools/r8/internal/G20 a (Ljava/util/concurrent/ConcurrentHashMap;)Ljava/util/HashMap; 10 <appendix> member <vmtarget> ; # com/android/tools/r8/internal/G20$$Lambda+0x00000008023c4a00
instanceKlass com/android/tools/r8/internal/G20
# instanceKlass com/android/tools/r8/internal/Gi0$$Lambda+0x00000008023c4558
# instanceKlass com/android/tools/r8/internal/Gi0$$Lambda+0x00000008023c4088
instanceKlass  @bci com/android/tools/r8/internal/Gi0 a (Lcom/android/tools/r8/internal/Qi0;Lcom/android/tools/r8/graph/D2;)V 7 <appendix> member <vmtarget> ; # com/android/tools/r8/internal/Gi0$$Lambda+0x00000008023c42f0
# instanceKlass com/android/tools/r8/internal/Gi0$$Lambda+0x00000008023c3e20
instanceKlass  @bci com/android/tools/r8/internal/Gi0 a (Lcom/android/tools/r8/graph/y;Lcom/android/tools/r8/internal/Qi0;Lcom/android/tools/r8/threading/ThreadingModule;Ljava/util/concurrent/ExecutorService;)V 8 <appendix> member <vmtarget> ; # com/android/tools/r8/internal/Gi0$$Lambda+0x00000008023c3bb8
instanceKlass  @bci com/android/tools/r8/internal/I20 a (Ljava/util/concurrent/ExecutorService;)Lcom/android/tools/r8/internal/G20; 92 <appendix> member <vmtarget> ; # com/android/tools/r8/internal/I20$$Lambda+0x00000008023c3950
instanceKlass  @bci com/android/tools/r8/internal/I20 a (Ljava/util/concurrent/ExecutorService;)Lcom/android/tools/r8/internal/G20; 77 <appendix> member <vmtarget> ; # com/android/tools/r8/internal/I20$$Lambda+0x00000008023c36e8
instanceKlass  @bci com/android/tools/r8/internal/I20 a (Ljava/util/Map;Lcom/android/tools/r8/internal/Tl;Lcom/android/tools/r8/graph/B2;Lcom/android/tools/r8/internal/Tl;)V 20 <appendix> member <vmtarget> ; # com/android/tools/r8/internal/I20$$Lambda+0x00000008023c3480
# instanceKlass com/android/tools/r8/internal/I20$$Lambda+0x00000008023c3230
# instanceKlass com/android/tools/r8/internal/I20$$Lambda+0x00000008023c2fe0
# instanceKlass com/android/tools/r8/internal/I20$$Lambda+0x00000008023c2d78
instanceKlass  @bci com/android/tools/r8/internal/I20 a (Ljava/util/Map;Ljava/util/Map;Lcom/android/tools/r8/internal/Tl;Lcom/android/tools/r8/graph/D2;)V 30 <appendix> member <vmtarget> ; # com/android/tools/r8/internal/I20$$Lambda+0x00000008023c2b10
instanceKlass  @bci com/android/tools/r8/internal/I20 a (Lcom/android/tools/r8/graph/C5;Lcom/android/tools/r8/graph/K2;Ljava/util/Map;Ljava/util/Map;Lcom/android/tools/r8/internal/Tl;)V 155 <appendix> argL0 ; # com/android/tools/r8/internal/I20$$Lambda+0x00000008023c28c0
instanceKlass  @bci com/android/tools/r8/internal/I20 a (Ljava/util/Map;Ljava/util/Map;Lcom/android/tools/r8/internal/Tl;Ljava/util/Map;Lcom/android/tools/r8/graph/C5;)V 80 <appendix> argL0 ; # com/android/tools/r8/internal/I20$$Lambda+0x00000008023c2670
# instanceKlass com/android/tools/r8/internal/I20$$Lambda+0x00000008023c2420
# instanceKlass com/android/tools/r8/internal/I20$$Lambda+0x00000008023c15e0
# instanceKlass com/android/tools/r8/internal/I20$$Lambda+0x00000008023c1f80
instanceKlass  @bci com/android/tools/r8/internal/I20 a (Lcom/android/tools/r8/graph/B2;Lcom/android/tools/r8/graph/K2;Ljava/util/Map;Lcom/android/tools/r8/internal/Tl;)V 3 <appendix> argL0 ; # com/android/tools/r8/internal/I20$$Lambda+0x00000008023c21d0
# instanceKlass com/android/tools/r8/internal/I20$$Lambda+0x00000008023c1d18
# instanceKlass com/android/tools/r8/internal/I20$$Lambda+0x00000008023c1ab0
instanceKlass  @bci com/android/tools/r8/internal/I20 a (Ljava/util/Map;Ljava/util/Map;Lcom/android/tools/r8/internal/Tl;Lcom/android/tools/r8/graph/D2;)V 21 <appendix> member <vmtarget> ; # com/android/tools/r8/internal/I20$$Lambda+0x00000008023c1848
instanceKlass  @bci com/android/tools/r8/internal/I20 a (Ljava/util/concurrent/ExecutorService;)Lcom/android/tools/r8/internal/G20; 49 <appendix> member <vmtarget> ; # com/android/tools/r8/internal/I20$$Lambda+0x00000008023c1378
instanceKlass com/android/tools/r8/internal/I20
instanceKlass  @bci com/android/tools/r8/internal/Dd0 a (Lcom/android/tools/r8/internal/p00;Ljava/util/concurrent/ExecutorService;)V 23 <appendix> member <vmtarget> ; # com/android/tools/r8/internal/Dd0$$Lambda+0x00000008023c0c60
instanceKlass  @bci com/android/tools/r8/internal/Dd0 a (Lcom/android/tools/r8/internal/Cd0;Lcom/android/tools/r8/internal/p00;Ljava/util/concurrent/ExecutorService;)V 175 <appendix> member <vmtarget> ; # com/android/tools/r8/internal/Dd0$$Lambda+0x00000008023c0a08
instanceKlass  @bci com/android/tools/r8/internal/Gd0 c ()Lcom/android/tools/r8/internal/u00; 75 <appendix> argL0 ; # com/android/tools/r8/internal/Gd0$$Lambda+0x00000008023c07a8
instanceKlass  @bci com/android/tools/r8/internal/Ed0 a (Lcom/android/tools/r8/internal/p00;)Lcom/android/tools/r8/internal/Ed0; 3 <appendix> member <vmtarget> ; # com/android/tools/r8/internal/Ed0$$Lambda+0x00000008023c0540
instanceKlass  @bci com/android/tools/r8/internal/Dd0 b (Lcom/android/tools/r8/internal/Cd0;Lcom/android/tools/r8/internal/p00;Ljava/util/concurrent/ExecutorService;)V 16 <appendix> member <vmtarget> ; # com/android/tools/r8/internal/Dd0$$Lambda+0x00000008023c0000
instanceKlass  @bci com/android/tools/r8/internal/Dd0 b (Lcom/android/tools/r8/internal/Cd0;Lcom/android/tools/r8/internal/p00;Ljava/util/concurrent/ExecutorService;)V 9 <appendix> member <vmtarget> ; # com/android/tools/r8/internal/Dd0$$Lambda+0x00000008023b9c50
# instanceKlass com/android/tools/r8/internal/Id0$$Lambda+0x00000008023b9738
instanceKlass  @bci com/android/tools/r8/internal/Id0 b (Lcom/android/tools/r8/internal/p00;Lcom/android/tools/r8/internal/p00;Lcom/android/tools/r8/graph/C5;)V 241 <appendix> member <vmtarget> ; # com/android/tools/r8/internal/Id0$$Lambda+0x00000008023b94d0
instanceKlass  @bci com/android/tools/r8/internal/Id0 a (Lcom/android/tools/r8/internal/p00;Ljava/util/concurrent/ExecutorService;)Lcom/android/tools/r8/internal/p00; 32 <appendix> member <vmtarget> ; # com/android/tools/r8/internal/Id0$$Lambda+0x00000008023b9268
instanceKlass  @bci com/android/tools/r8/internal/Id0 a (Lcom/android/tools/r8/internal/p00;Ljava/util/concurrent/ExecutorService;)Lcom/android/tools/r8/internal/p00; 24 <appendix> member <vmtarget> ; # com/android/tools/r8/internal/Id0$$Lambda+0x00000008023b9000
instanceKlass  @bci com/android/tools/r8/internal/Id0 c (Lcom/android/tools/r8/internal/p00;Lcom/android/tools/r8/graph/C5;Lcom/android/tools/r8/graph/C5;)V 3 <appendix> argL0 ; # com/android/tools/r8/internal/Id0$$Lambda+0x00000008023bbd18
instanceKlass  @bci com/android/tools/r8/internal/Id0 a (Lcom/android/tools/r8/internal/p00;Ljava/util/concurrent/ExecutorService;)Lcom/android/tools/r8/internal/p00; 8 <appendix> member <vmtarget> ; # com/android/tools/r8/internal/Id0$$Lambda+0x00000008023bbab0
instanceKlass  @bci com/android/tools/r8/internal/Id0 a (Ljava/util/concurrent/ExecutorService;)Lcom/android/tools/r8/internal/p00; 17 <appendix> member <vmtarget> ; # com/android/tools/r8/internal/Id0$$Lambda+0x00000008023bb828
instanceKlass  @bci com/android/tools/r8/internal/Id0 b (Ljava/util/concurrent/ExecutorService;)Lcom/android/tools/r8/internal/p00; 44 <appendix> member <vmtarget> ; # com/android/tools/r8/internal/Id0$$Lambda+0x00000008023bb5c0
# instanceKlass com/android/tools/r8/internal/Id0$$Lambda+0x00000008023bb358
instanceKlass  @bci com/android/tools/r8/internal/Id0 d (Lcom/android/tools/r8/internal/p00;Lcom/android/tools/r8/graph/C5;Lcom/android/tools/r8/graph/C5;)V 2 <appendix> member <vmtarget> ; # com/android/tools/r8/internal/Id0$$Lambda+0x00000008023bb0f0
# instanceKlass com/android/tools/r8/internal/Id0$$Lambda+0x00000008023bae88
# instanceKlass com/android/tools/r8/internal/Id0$$Lambda+0x00000008023bac08
instanceKlass  @bci com/android/tools/r8/internal/Id0 b (Lcom/android/tools/r8/internal/p00;Lcom/android/tools/r8/graph/C5;)V 500 <appendix> member <vmtarget> ; # com/android/tools/r8/internal/Id0$$Lambda+0x00000008023ba9a0
# instanceKlass com/android/tools/r8/internal/Id0$$Lambda+0x00000008023ba738
# instanceKlass com/android/tools/r8/internal/Id0$$Lambda+0x00000008023ba000
# instanceKlass com/android/tools/r8/internal/Id0$$Lambda+0x00000008023ba4d0
instanceKlass  @bci com/android/tools/r8/internal/Id0 a (Lcom/android/tools/r8/graph/D2;Lcom/android/tools/r8/internal/p00;)V 9 <appendix> member <vmtarget> ; # com/android/tools/r8/internal/Id0$$Lambda+0x00000008023ba268
# instanceKlass com/android/tools/r8/internal/Id0$$Lambda+0x00000008023bfbd0
# instanceKlass com/android/tools/r8/internal/Id0$$Lambda+0x00000008023bf950
instanceKlass  @bci com/android/tools/r8/internal/Id0 a (Lcom/android/tools/r8/graph/D2;Lcom/android/tools/r8/internal/p00;)V 3 <appendix> argL0 ; # com/android/tools/r8/internal/Id0$$Lambda+0x00000008023bf6d0
instanceKlass  @bci com/android/tools/r8/internal/Id0 b (Ljava/util/concurrent/ExecutorService;)Lcom/android/tools/r8/internal/p00; 19 <appendix> member <vmtarget> ; # com/android/tools/r8/internal/Id0$$Lambda+0x00000008023bf468
instanceKlass com/android/tools/r8/internal/Id0
instanceKlass  @bci com/android/tools/r8/internal/NQ a (Lcom/android/tools/r8/graph/y;Lcom/android/tools/r8/graph/X3;Ljava/util/ArrayList;Ljava/util/concurrent/ExecutorService;)Lcom/android/tools/r8/internal/r00; 19 <appendix> member <vmtarget> ; # com/android/tools/r8/internal/NQ$$Lambda+0x00000008023befc0
instanceKlass com/android/tools/r8/internal/Dd0
instanceKlass  @bci com/android/tools/r8/internal/Ts a (Ljava/util/List;Lcom/android/tools/r8/internal/Vs;Lcom/android/tools/r8/shaking/o1;)V 60 <appendix> member <vmtarget> ; # com/android/tools/r8/internal/Ts$$Lambda+0x00000008023be1c0
instanceKlass  @bci com/android/tools/r8/internal/Ts a (Lcom/android/tools/r8/internal/Vs;Ljava/util/ArrayList;)V 45 <appendix> member <vmtarget> ; # com/android/tools/r8/internal/Ts$$Lambda+0x00000008023bdf58
instanceKlass  @bci com/android/tools/r8/internal/sf a (Lcom/android/tools/r8/internal/vf0;)Lcom/android/tools/r8/internal/UZ; 6 <appendix> member <vmtarget> ; # com/android/tools/r8/internal/sf$$Lambda+0x00000008023bdcf0
instanceKlass  @bci com/android/tools/r8/internal/Vs b (Lcom/android/tools/r8/internal/pp;)Lcom/android/tools/r8/internal/pp; 87 <appendix> member <vmtarget> ; # com/android/tools/r8/internal/Vs$$Lambda+0x00000008023bda78
instanceKlass  @bci com/android/tools/r8/internal/Ts a (Lcom/android/tools/r8/internal/ij0;Lcom/android/tools/r8/shaking/u4;Ljava/util/concurrent/ExecutorService;)V 2607 <appendix> member <vmtarget> ; # com/android/tools/r8/internal/Ts$$Lambda+0x00000008023bd810
instanceKlass  @bci com/android/tools/r8/internal/wv a (Lcom/android/tools/r8/graph/y;Lcom/android/tools/r8/graph/C5;Lcom/android/tools/r8/internal/Vs;)Lcom/android/tools/r8/internal/qM; 545 <appendix> member <vmtarget> ; # com/android/tools/r8/internal/wv$$Lambda+0x00000008023bd5a8
# instanceKlass com/android/tools/r8/internal/wv$$Lambda+0x00000008023bd340
instanceKlass  @bci com/android/tools/r8/internal/wv a (Lcom/android/tools/r8/graph/y;Lcom/android/tools/r8/graph/C5;Lcom/android/tools/r8/internal/Vs;)Lcom/android/tools/r8/internal/qM; 454 <appendix> member <vmtarget> ; # com/android/tools/r8/internal/wv$$Lambda+0x00000008023bd0d8
instanceKlass  @bci com/android/tools/r8/internal/wv a (Lcom/android/tools/r8/graph/y;Lcom/android/tools/r8/graph/C5;Lcom/android/tools/r8/internal/jM;Lcom/android/tools/r8/internal/sY;Ljava/util/ArrayList;ILjava/util/LinkedHashMap;Lcom/android/tools/r8/internal/Vs;)I 73 <appendix> member <vmtarget> ; # com/android/tools/r8/internal/wv$$Lambda+0x00000008023bce70
# instanceKlass com/android/tools/r8/internal/oi0$$Lambda+0x00000008023bcc10
# instanceKlass com/android/tools/r8/internal/oi0$$Lambda+0x00000008023bc9b0
# instanceKlass com/android/tools/r8/internal/oi0$$Lambda+0x00000008023bc750
instanceKlass  @bci com/android/tools/r8/internal/oi0 b (Lcom/android/tools/r8/internal/zt;)V 12 <appendix> argL0 ; # com/android/tools/r8/internal/oi0$$Lambda+0x00000008023bc4f0
instanceKlass com/android/tools/r8/graph/V0
instanceKlass com/android/tools/r8/internal/Zl
# instanceKlass com/android/tools/r8/internal/Rg$$Lambda+0x00000008023b7000
# instanceKlass com/android/tools/r8/internal/Rg$$Lambda+0x00000008023b6da0
instanceKlass  @bci com/android/tools/r8/internal/Rg h ()V 269 <appendix> argL0 ; # com/android/tools/r8/internal/Rg$$Lambda+0x00000008023b6b40
# instanceKlass com/android/tools/r8/internal/Rg$$Lambda+0x00000008023b68b8
instanceKlass  @bci com/android/tools/r8/internal/Rg i ()V 98 <appendix> argL0 ; # com/android/tools/r8/internal/Rg$$Lambda+0x00000008023b6658
instanceKlass  @bci com/android/tools/r8/internal/Rg h ()V 136 <appendix> member <vmtarget> ; # com/android/tools/r8/internal/Rg$$Lambda+0x00000008023b63d0
instanceKlass  @bci com/android/tools/r8/internal/Rg a (Lcom/android/tools/r8/graph/w2;)V 4 <appendix> member <vmtarget> ; # com/android/tools/r8/internal/Rg$$Lambda+0x00000008023b6168
instanceKlass  @bci com/android/tools/r8/internal/Rg i ()V 54 <appendix> member <vmtarget> ; # com/android/tools/r8/internal/Rg$$Lambda+0x00000008023b5f08
# instanceKlass com/android/tools/r8/internal/Rg$$Lambda+0x00000008023b5ca0
instanceKlass  @cpi com/android/tools/r8/internal/Rg 223 form vmentry <vmtarget> ; # java/lang/invoke/LambdaForm$DMH+0x00000008023b8800
instanceKlass  @bci com/android/tools/r8/internal/Rg h ()V 125 <appendix> member <vmtarget> ; # com/android/tools/r8/internal/Rg$$Lambda+0x00000008023b5a38
instanceKlass  @cpi com/android/tools/r8/internal/Rg 150 form vmentry <vmtarget> ; # java/lang/invoke/LambdaForm$DMH+0x00000008023b8400
instanceKlass  @bci com/android/tools/r8/internal/Rg h (I)V 28 <appendix> member <vmtarget> ; # com/android/tools/r8/internal/Rg$$Lambda+0x00000008023b57d0
# instanceKlass com/android/tools/r8/internal/Tg$$Lambda+0x00000008023b5550
instanceKlass  @bci com/android/tools/r8/internal/Tg a (Lcom/android/tools/r8/graph/y;)Lcom/android/tools/r8/internal/os; 7 <appendix> argL0 ; # com/android/tools/r8/internal/Tg$$Lambda+0x00000008023b52d0
instanceKlass  @bci com/android/tools/r8/internal/oi0 <init> (Lcom/android/tools/r8/graph/C5;Lcom/android/tools/r8/internal/LY;)V 70 <appendix> member <vmtarget> ; # com/android/tools/r8/internal/oi0$$Lambda+0x00000008023b5058
# instanceKlass com/android/tools/r8/internal/oi0$$Lambda+0x00000008023b4de0
instanceKlass  @bci com/android/tools/r8/internal/oi0 <clinit> ()V 18 <appendix> argL0 ; # com/android/tools/r8/internal/oi0$$Lambda+0x00000008023b4b60
instanceKlass  @bci com/android/tools/r8/internal/oi0 <clinit> ()V 10 <appendix> argL0 ; # com/android/tools/r8/internal/oi0$$Lambda+0x00000008023b48e0
instanceKlass com/android/tools/r8/internal/oi0
instanceKlass  @bci com/android/tools/r8/internal/Ts a (Lcom/android/tools/r8/internal/Vs;Lcom/android/tools/r8/internal/Ys;)V 12 <appendix> member <vmtarget> ; # com/android/tools/r8/internal/Ts$$Lambda+0x00000008023b4030
instanceKlass  @bci com/android/tools/r8/internal/Ts a (Lcom/android/tools/r8/internal/Vs;Lcom/android/tools/r8/internal/Ys;)V 6 <appendix> argL0 ; # com/android/tools/r8/internal/Ts$$Lambda+0x00000008023b3db0
instanceKlass  @bci com/android/tools/r8/internal/Ts a (Ljava/util/LinkedList;Lcom/android/tools/r8/internal/Vs;Ljava/util/concurrent/ExecutorService;)V 29 <appendix> member <vmtarget> ; # com/android/tools/r8/internal/Ts$$Lambda+0x00000008023b3b48
instanceKlass  @bci com/android/tools/r8/internal/Ts a (Lcom/android/tools/r8/internal/at;)Lcom/android/tools/r8/graph/x0; 11 <appendix> member <vmtarget> ; # com/android/tools/r8/internal/Ts$$Lambda+0x00000008023b38c0
instanceKlass  @bci com/android/tools/r8/internal/Ts a (Ljava/util/LinkedList;)Lcom/android/tools/r8/shaking/J0; 73 <appendix> member <vmtarget> ; # com/android/tools/r8/internal/Ts$$Lambda+0x00000008023b3658
instanceKlass  @bci com/android/tools/r8/internal/Ts a (Ljava/util/LinkedList;)Lcom/android/tools/r8/shaking/J0; 67 <appendix> argL0 ; # com/android/tools/r8/internal/Ts$$Lambda+0x00000008023b33d8
instanceKlass  @bci com/android/tools/r8/internal/Ts a (Ljava/util/LinkedList;)Lcom/android/tools/r8/shaking/J0; 58 <appendix> member <vmtarget> ; # com/android/tools/r8/internal/Ts$$Lambda+0x00000008023b3170
instanceKlass  @bci com/android/tools/r8/internal/Ts a (Ljava/util/LinkedList;)Lcom/android/tools/r8/shaking/J0; 52 <appendix> argL0 ; # com/android/tools/r8/internal/Ts$$Lambda+0x00000008023b2ef0
instanceKlass  @bci com/android/tools/r8/internal/sf b (Ljava/util/function/Function;)Lcom/android/tools/r8/internal/sf; 62 <appendix> member <vmtarget> ; # com/android/tools/r8/internal/sf$$Lambda+0x00000008023b2c98
instanceKlass  @bci com/android/tools/r8/internal/TZ a (Ljava/util/function/Function;)Lcom/android/tools/r8/internal/TZ; 52 <appendix> member <vmtarget> ; # com/android/tools/r8/internal/TZ$$Lambda+0x00000008023b2a30
instanceKlass  @bci com/android/tools/r8/internal/Ts a (Lcom/android/tools/r8/internal/ij0;Lcom/android/tools/r8/shaking/u4;Ljava/util/concurrent/ExecutorService;)V 2471 <appendix> member <vmtarget> ; # com/android/tools/r8/internal/Ts$$Lambda+0x00000008023b27b8
instanceKlass  @bci com/android/tools/r8/internal/Lc a (Lcom/android/tools/r8/graph/l1;Ljava/util/Set;Lcom/android/tools/r8/graph/H2;)Ljava/util/Optional; 23 <appendix> member <vmtarget> ; # com/android/tools/r8/internal/Lc$$Lambda+0x00000008023b2530
instanceKlass  @bci com/android/tools/r8/internal/Lc a ([Lcom/android/tools/r8/graph/g1;Ljava/util/Set;)[Lcom/android/tools/r8/graph/g1; 73 <appendix> member <vmtarget> ; # com/android/tools/r8/internal/Lc$$Lambda+0x00000008023b22b8
instanceKlass  @bci com/android/tools/r8/internal/Us a ()V 34 <appendix> member <vmtarget> ; # com/android/tools/r8/internal/Us$$Lambda+0x00000008023b2050
instanceKlass  @bci com/android/tools/r8/internal/W5 b (Ljava/util/Set;)V 2 <appendix> member <vmtarget> ; # com/android/tools/r8/internal/W5$$Lambda+0x00000008023b1de8
instanceKlass  @bci com/android/tools/r8/internal/Zs a (Lcom/android/tools/r8/internal/Ys;)V 3 <appendix> member <vmtarget> ; # com/android/tools/r8/internal/Zs$$Lambda+0x00000008023b1b80
instanceKlass  @bci com/android/tools/r8/internal/Zs a (Ljava/util/LinkedList;)Lcom/android/tools/r8/internal/Zs; 3 <appendix> member <vmtarget> ; # com/android/tools/r8/internal/Zs$$Lambda+0x00000008023b1918
instanceKlass com/android/tools/r8/internal/Zs
instanceKlass  @bci com/android/tools/r8/internal/li0 a (Ljava/util/concurrent/ExecutorService;)V 45 <appendix> member <vmtarget> ; # com/android/tools/r8/internal/li0$$Lambda+0x00000008023b1470
instanceKlass com/android/tools/r8/internal/li0
instanceKlass  @bci com/android/tools/r8/internal/Pn0 a ()Lcom/android/tools/r8/graph/G4; 267 <appendix> argL0 ; # com/android/tools/r8/internal/Pn0$$Lambda+0x00000008023b0f80
instanceKlass  @bci com/android/tools/r8/internal/Pn0 a ()Lcom/android/tools/r8/graph/G4; 197 <appendix> argL0 ; # com/android/tools/r8/internal/Pn0$$Lambda+0x00000008023b0cd0
instanceKlass  @bci com/android/tools/r8/internal/xc a (Lcom/android/tools/r8/graph/g1;Ljava/util/Set;)V 11 <appendix> argL0 ; # com/android/tools/r8/internal/xc$$Lambda+0x00000008023b0a20
instanceKlass  @bci com/android/tools/r8/internal/Pn0 a ()Lcom/android/tools/r8/graph/G4; 242 <appendix> argL0 ; # com/android/tools/r8/internal/Pn0$$Lambda+0x00000008023b0770
instanceKlass  @bci com/android/tools/r8/internal/ww a (Lcom/android/tools/r8/internal/Jc;Lcom/android/tools/r8/internal/UZ;Lcom/android/tools/r8/internal/Mc;)V 515 <appendix> member <vmtarget> ; # com/android/tools/r8/internal/ww$$Lambda+0x00000008023b0000
instanceKlass  @bci com/android/tools/r8/internal/ww a (Lcom/android/tools/r8/internal/Jc;Lcom/android/tools/r8/internal/Mc;Lcom/android/tools/r8/graph/C5;Lcom/android/tools/r8/graph/w2;)Lcom/android/tools/r8/graph/w2; 50 <appendix> member <vmtarget> ; # com/android/tools/r8/internal/ww$$Lambda+0x00000008023afb48
instanceKlass  @bci com/android/tools/r8/internal/xc b (Lcom/android/tools/r8/graph/g1;Ljava/util/Set;)Lcom/android/tools/r8/graph/g1; 237 <appendix> argL0 ; # com/android/tools/r8/internal/xc$$Lambda+0x00000008023af8b8
instanceKlass  @bci com/android/tools/r8/internal/xc b (Lcom/android/tools/r8/graph/g1;Ljava/util/Set;)Lcom/android/tools/r8/graph/g1; 45 <appendix> argL0 ; # com/android/tools/r8/internal/xc$$Lambda+0x00000008023af628
instanceKlass  @bci com/android/tools/r8/internal/xc c (Lcom/android/tools/r8/graph/g1;Ljava/util/Set;)Z 2 <appendix> member <vmtarget> ; # com/android/tools/r8/internal/xc$$Lambda+0x00000008023af370
instanceKlass  @bci com/android/tools/r8/internal/xc a (Lcom/android/tools/r8/graph/g1;Ljava/util/Set;)V 40 <appendix> argL0 ; # com/android/tools/r8/internal/xc$$Lambda+0x00000008023af0c0
instanceKlass  @bci com/android/tools/r8/internal/lc a (Lcom/android/tools/r8/graph/y;)Lcom/android/tools/r8/androidapi/f; 37 <appendix> argL0 ; # com/android/tools/r8/internal/lc$$Lambda+0x00000008023aee60
instanceKlass  @bci com/android/tools/r8/internal/Pn0 a (Lcom/android/tools/r8/internal/Mc;Lcom/android/tools/r8/internal/Us;)V 102 <appendix> member <vmtarget> ; # com/android/tools/r8/internal/Pn0$$Lambda+0x00000008023aebf8
instanceKlass  @bci com/android/tools/r8/internal/ww c ()V 18 <appendix> argL0 ; # com/android/tools/r8/internal/ww$$Lambda+0x00000008023ae998
instanceKlass  @bci com/android/tools/r8/internal/ww a (Lcom/android/tools/r8/internal/Mc;Lcom/android/tools/r8/graph/w2;)Lcom/android/tools/r8/graph/w2; 20 <appendix> member <vmtarget> ; # com/android/tools/r8/internal/ww$$Lambda+0x00000008023adfb0
instanceKlass  @bci com/android/tools/r8/internal/ww a (Lcom/android/tools/r8/internal/Jc;Lcom/android/tools/r8/internal/UZ;Lcom/android/tools/r8/internal/Mc;)V 300 <appendix> member <vmtarget> ; # com/android/tools/r8/internal/ww$$Lambda+0x00000008023add28
instanceKlass  @bci com/android/tools/r8/internal/Pn0 a (Lcom/android/tools/r8/internal/UZ;Lcom/android/tools/r8/internal/Mc;Lcom/android/tools/r8/internal/Us;Lcom/android/tools/r8/internal/S40;Ljava/util/function/Consumer;)V 608 <appendix> member <vmtarget> ; # com/android/tools/r8/internal/Pn0$$Lambda+0x00000008023adac0
instanceKlass  @bci com/android/tools/r8/internal/Pn0 a ()Lcom/android/tools/r8/graph/G4; 4 <appendix> argL0 ; # com/android/tools/r8/internal/Pn0$$Lambda+0x00000008023ad830
instanceKlass  @bci com/android/tools/r8/internal/Pn0 a (Lcom/android/tools/r8/internal/UZ;Lcom/android/tools/r8/internal/Mc;Lcom/android/tools/r8/internal/Us;Lcom/android/tools/r8/internal/S40;Ljava/util/function/Consumer;)V 281 <appendix> member <vmtarget> ; # com/android/tools/r8/internal/Pn0$$Lambda+0x00000008023ad0a0
instanceKlass  @bci com/android/tools/r8/internal/Pn0 a (Lcom/android/tools/r8/internal/Mc;Lcom/android/tools/r8/graph/C5;)Lcom/android/tools/r8/graph/w2; 53 <appendix> member <vmtarget> ; # com/android/tools/r8/internal/Pn0$$Lambda+0x00000008023ace18
instanceKlass  @bci com/android/tools/r8/internal/Pn0 a (Lcom/android/tools/r8/internal/Mc;Lcom/android/tools/r8/internal/Us;)V 248 <appendix> member <vmtarget> ; # com/android/tools/r8/internal/Pn0$$Lambda+0x00000008023acbb0
instanceKlass  @bci com/android/tools/r8/internal/Pn0 a (Lcom/android/tools/r8/internal/Mc;Lcom/android/tools/r8/internal/Us;)V 49 <appendix> argL0 ; # com/android/tools/r8/internal/Pn0$$Lambda+0x00000008023ac900
instanceKlass  @bci com/android/tools/r8/internal/nd a (Lcom/android/tools/r8/graph/g1;)V 41 <appendix> member <vmtarget> ; # com/android/tools/r8/internal/nd$$Lambda+0x00000008023ac678
instanceKlass  @bci com/android/tools/r8/internal/Gc a (Lcom/android/tools/r8/internal/Jc;Lcom/android/tools/r8/internal/UZ;Lcom/android/tools/r8/graph/H5;Lcom/android/tools/r8/internal/ki0;Ljava/util/function/Consumer;)V 250 <appendix> member <vmtarget> ; # com/android/tools/r8/internal/Gc$$Lambda+0x00000008023ac410
instanceKlass  @bci com/android/tools/r8/internal/Gc a (Lcom/android/tools/r8/internal/Jc;Lcom/android/tools/r8/internal/UZ;Lcom/android/tools/r8/graph/H5;Lcom/android/tools/r8/internal/ki0;Ljava/util/function/Consumer;)V 238 <appendix> argL0 ; # com/android/tools/r8/internal/Gc$$Lambda+0x00000008023ac1b0
instanceKlass  @bci com/android/tools/r8/internal/xw a ()V 1 <appendix> argL0 ; # com/android/tools/r8/internal/xw$$Lambda+0x00000008023abf50
instanceKlass  @bci com/android/tools/r8/internal/Gc b (Lcom/android/tools/r8/graph/C5;)Lcom/android/tools/r8/graph/w2; 81 <appendix> member <vmtarget> ; # com/android/tools/r8/internal/Gc$$Lambda+0x00000008023abcc8
instanceKlass  @bci com/android/tools/r8/internal/Gc c (Lcom/android/tools/r8/graph/D2;)V 4 <appendix> member <vmtarget> ; # com/android/tools/r8/internal/Gc$$Lambda+0x00000008023aba60
instanceKlass  @bci com/android/tools/r8/internal/Gc a (Lcom/android/tools/r8/internal/Jc;Lcom/android/tools/r8/internal/UZ;Lcom/android/tools/r8/internal/ki0;)V 510 <appendix> member <vmtarget> ; # com/android/tools/r8/internal/Gc$$Lambda+0x00000008023ab7f8
instanceKlass  @bci com/android/tools/r8/internal/Gc a (Lcom/android/tools/r8/internal/Jc;Lcom/android/tools/r8/internal/UZ;)V 7 <appendix> member <vmtarget> ; # com/android/tools/r8/internal/Gc$$Lambda+0x00000008023ab590
instanceKlass  @bci com/android/tools/r8/internal/Gc a (Lcom/android/tools/r8/internal/UZ;Ljava/util/function/Consumer;)V 21 <appendix> argL0 ; # com/android/tools/r8/internal/Gc$$Lambda+0x00000008023ab330
instanceKlass  @bci com/android/tools/r8/internal/Gc a (Lcom/android/tools/r8/internal/UZ;Ljava/util/function/Consumer;)V 8 <appendix> member <vmtarget> ; # com/android/tools/r8/internal/Gc$$Lambda+0x00000008023ab0c8
instanceKlass  @bci com/android/tools/r8/internal/Gc f ()V 123 <appendix> argL0 ; # com/android/tools/r8/internal/Gc$$Lambda+0x00000008023aae68
instanceKlass  @bci com/android/tools/r8/internal/nd a (Lcom/android/tools/r8/graph/D2;)V 3 <appendix> member <vmtarget> ; # com/android/tools/r8/internal/nd$$Lambda+0x00000008023aac00
instanceKlass  @bci com/android/tools/r8/internal/Gc f ()V 14 <appendix> member <vmtarget> ; # com/android/tools/r8/internal/Gc$$Lambda+0x00000008023aa998
instanceKlass  @bci com/android/tools/r8/internal/xc a ()[Lcom/android/tools/r8/graph/g1; 106 <appendix> member <vmtarget> ; # com/android/tools/r8/internal/xc$$Lambda+0x00000008023aa730
instanceKlass  @bci com/android/tools/r8/internal/Gc b (Lcom/android/tools/r8/graph/H5;Lcom/android/tools/r8/graph/D2;)V 3 <appendix> member <vmtarget> ; # com/android/tools/r8/internal/Gc$$Lambda+0x00000008023aa4c8
instanceKlass  @bci com/android/tools/r8/internal/Gc a (Lcom/android/tools/r8/graph/H5;)V 6 <appendix> member <vmtarget> ; # com/android/tools/r8/internal/Gc$$Lambda+0x00000008023aa260
instanceKlass  @bci com/android/tools/r8/internal/Gc e ()V 52 <appendix> member <vmtarget> ; # com/android/tools/r8/internal/Gc$$Lambda+0x00000008023a9ff8
instanceKlass  @bci com/android/tools/r8/internal/Gc b ()V 102 <appendix> argL0 ; # com/android/tools/r8/internal/Gc$$Lambda+0x00000008023a9d48
instanceKlass  @bci com/android/tools/r8/internal/Gc b ()V 7 <appendix> argL0 ; # com/android/tools/r8/internal/Gc$$Lambda+0x00000008023a9a98
instanceKlass  @bci com/android/tools/r8/internal/Ys b ()Lcom/android/tools/r8/internal/cC; 29 <appendix> member <vmtarget> ; # com/android/tools/r8/internal/Ys$$Lambda+0x00000008023a97e0
instanceKlass  @bci com/android/tools/r8/internal/Ts a (Lcom/android/tools/r8/internal/ij0;Lcom/android/tools/r8/shaking/u4;Ljava/util/concurrent/ExecutorService;)V 2235 <appendix> member <vmtarget> ; # com/android/tools/r8/internal/Ts$$Lambda+0x00000008023a9578
instanceKlass com/android/tools/r8/internal/Tn0
instanceKlass com/android/tools/r8/internal/ki0
instanceKlass  @bci com/android/tools/r8/graph/L2 a (Ljava/lang/Iterable;Lcom/android/tools/r8/graph/y;)Lcom/android/tools/r8/graph/I2; 2 <appendix> member <vmtarget> ; # com/android/tools/r8/graph/L2$$Lambda+0x00000008023a8e60
instanceKlass  @bci com/android/tools/r8/internal/ww a (Ljava/util/List;ILjava/util/function/Consumer;)V 3 <appendix> member <vmtarget> ; # com/android/tools/r8/internal/ww$$Lambda+0x00000008023a8bf8
instanceKlass  @bci com/android/tools/r8/internal/Kc0 a (Lcom/android/tools/r8/internal/Mq;)Ljava/util/Set; 11 <appendix> member <vmtarget> ; # com/android/tools/r8/internal/Kc0$$Lambda+0x00000008023a8990
instanceKlass  @bci com/android/tools/r8/internal/ww a (ILjava/util/List;)Ljava/util/Set; 2 <appendix> member <vmtarget> ; # com/android/tools/r8/internal/ww$$Lambda+0x00000008023a8728
instanceKlass  @bci com/android/tools/r8/internal/vw a (Lcom/android/tools/r8/internal/Ys;)Ljava/util/List; 45 <appendix> member <vmtarget> ; # com/android/tools/r8/internal/vw$$Lambda+0x00000008023a84b0
instanceKlass  @bci com/android/tools/r8/internal/xw a (Ljava/util/Map;Lcom/android/tools/r8/graph/y;Lcom/android/tools/r8/internal/t1;Lcom/android/tools/r8/internal/Us;Lcom/android/tools/r8/graph/C5;)V 16 <appendix> member <vmtarget> ; # com/android/tools/r8/internal/xw$$Lambda+0x00000008023a8238
instanceKlass com/android/tools/r8/internal/qw
instanceKlass  @bci com/android/tools/r8/internal/xw a (Lcom/android/tools/r8/internal/Ys;Lcom/android/tools/r8/internal/u00;Ljava/util/Map;Lcom/android/tools/r8/internal/sw;Lcom/android/tools/r8/internal/vw;)V 61 <appendix> argL0 ; # com/android/tools/r8/internal/xw$$Lambda+0x00000008023a7d48
instanceKlass  @bci com/android/tools/r8/internal/vw a (Lcom/android/tools/r8/internal/Ys;Lcom/android/tools/r8/internal/sw;)Ljava/util/List; 46 <appendix> member <vmtarget> ; # com/android/tools/r8/internal/vw$$Lambda+0x00000008023a7ad0
instanceKlass  @bci com/android/tools/r8/internal/xw a (Lcom/android/tools/r8/graph/y;Lcom/android/tools/r8/internal/Ys;Ljava/util/Map;Lcom/android/tools/r8/internal/t1;Lcom/android/tools/r8/internal/Us;Lcom/android/tools/r8/internal/u00;Lcom/android/tools/r8/graph/C5;)V 877 <appendix> member <vmtarget> ; # com/android/tools/r8/internal/xw$$Lambda+0x00000008023a7878
instanceKlass  @bci com/android/tools/r8/internal/rw <init> (Lcom/android/tools/r8/graph/B1;Lcom/android/tools/r8/graph/w2;)V 37 <appendix> member <vmtarget> ; # com/android/tools/r8/internal/rw$$Lambda+0x00000008023a7600
instanceKlass com/android/tools/r8/internal/rw
instanceKlass  @bci com/android/tools/r8/internal/Gc a ()V 25 <appendix> member <vmtarget> ; # com/android/tools/r8/internal/Gc$$Lambda+0x00000008023a7158
instanceKlass  @bci com/android/tools/r8/internal/xw a (Lcom/android/tools/r8/graph/y;Lcom/android/tools/r8/internal/S40;Lcom/android/tools/r8/internal/Ys;Lcom/android/tools/r8/internal/Us;)Lcom/android/tools/r8/internal/xw; 215 <appendix> argL0 ; # com/android/tools/r8/internal/xw$$Lambda+0x00000008023a6ee8
instanceKlass com/android/tools/r8/internal/ww
instanceKlass  @bci com/android/tools/r8/internal/xw a (Lcom/android/tools/r8/graph/y;Lcom/android/tools/r8/internal/S40;Lcom/android/tools/r8/internal/Ys;Lcom/android/tools/r8/internal/Us;)Lcom/android/tools/r8/internal/xw; 161 <appendix> member <vmtarget> ; # com/android/tools/r8/internal/xw$$Lambda+0x00000008023a6350
instanceKlass  @bci com/android/tools/r8/internal/xw a (Lcom/android/tools/r8/graph/y;Lcom/android/tools/r8/internal/S40;Lcom/android/tools/r8/internal/Ys;Lcom/android/tools/r8/internal/Us;)Lcom/android/tools/r8/internal/xw; 130 <appendix> member <vmtarget> ; # com/android/tools/r8/internal/xw$$Lambda+0x00000008023a60e8
instanceKlass com/android/tools/r8/internal/vw
instanceKlass com/android/tools/r8/internal/sw
instanceKlass  @bci com/android/tools/r8/internal/xw a (Lcom/android/tools/r8/graph/y;Lcom/android/tools/r8/internal/Ys;Ljava/util/Map;Lcom/android/tools/r8/internal/t1;Lcom/android/tools/r8/internal/Us;Lcom/android/tools/r8/internal/u00;Lcom/android/tools/r8/graph/D2;)V 16 <appendix> member <vmtarget> ; # com/android/tools/r8/internal/xw$$Lambda+0x00000008023a5a00
instanceKlass  @bci com/android/tools/r8/internal/xw a (Lcom/android/tools/r8/graph/y;Lcom/android/tools/r8/internal/Ys;Ljava/util/Map;Lcom/android/tools/r8/internal/t1;Lcom/android/tools/r8/internal/Us;Lcom/android/tools/r8/internal/u00;Lcom/android/tools/r8/graph/D2;)V 4 <appendix> argL0 ; # com/android/tools/r8/internal/xw$$Lambda+0x00000008023a5780
instanceKlass  @bci com/android/tools/r8/internal/xw a (Lcom/android/tools/r8/graph/y;Lcom/android/tools/r8/internal/S40;Lcom/android/tools/r8/internal/Ys;Lcom/android/tools/r8/internal/Us;)Lcom/android/tools/r8/internal/xw; 109 <appendix> member <vmtarget> ; # com/android/tools/r8/internal/xw$$Lambda+0x00000008023a5518
instanceKlass com/android/tools/r8/internal/xw
instanceKlass  @bci com/android/tools/r8/internal/lc a (Lcom/android/tools/r8/internal/Ys;)Lcom/android/tools/r8/internal/lc; 10 <appendix> member <vmtarget> ; # com/android/tools/r8/internal/lc$$Lambda+0x00000008023a5070
instanceKlass com/android/tools/r8/internal/jc
instanceKlass com/android/tools/r8/internal/lc
instanceKlass com/android/tools/r8/internal/xc
instanceKlass com/android/tools/r8/internal/nd
instanceKlass com/android/tools/r8/internal/Mc
instanceKlass  @bci com/android/tools/r8/internal/Dl0 a (Lcom/android/tools/r8/graph/D2;Ljava/util/Map;)V 16 <appendix> argL0 ; # com/android/tools/r8/internal/Dl0$$Lambda+0x00000008023a3f38
instanceKlass  @bci com/android/tools/r8/internal/Dl0 a (Lcom/android/tools/r8/graph/D2;Ljava/util/Map;)V 7 <appendix> argL0 ; # com/android/tools/r8/internal/Dl0$$Lambda+0x00000008023a3cc8
instanceKlass  @bci com/android/tools/r8/internal/Dl0 a ()V 4 <appendix> argL0 ; # com/android/tools/r8/internal/Dl0$$Lambda+0x00000008023a3a68
instanceKlass  @bci com/android/tools/r8/internal/Cl0 a ()V 10 <appendix> argL0 ; # com/android/tools/r8/internal/Cl0$$Lambda+0x00000008023a3808
# instanceKlass com/android/tools/r8/internal/Cl0$$Lambda+0x00000008023a3338
# instanceKlass com/android/tools/r8/internal/Cl0$$Lambda+0x00000008023a35b0
instanceKlass  @bci com/android/tools/r8/internal/Cl0 b (Lcom/android/tools/r8/graph/C5;Lcom/android/tools/r8/internal/qM;)Lcom/android/tools/r8/internal/qM; 436 <appendix> member <vmtarget> ; # com/android/tools/r8/internal/Cl0$$Lambda+0x00000008023a30e0
# instanceKlass com/android/tools/r8/internal/Cl0$$Lambda+0x00000008023a2e68
instanceKlass  @bci com/android/tools/r8/internal/Cl0 b (Lcom/android/tools/r8/graph/C5;Lcom/android/tools/r8/internal/qM;)Lcom/android/tools/r8/internal/qM; 423 <appendix> member <vmtarget> ; # com/android/tools/r8/internal/Cl0$$Lambda+0x00000008023a2c10
instanceKlass  @bci com/android/tools/r8/internal/Cl0 b (Lcom/android/tools/r8/graph/C5;Lcom/android/tools/r8/internal/qM;)Lcom/android/tools/r8/internal/qM; 376 <appendix> member <vmtarget> ; # com/android/tools/r8/internal/Cl0$$Lambda+0x00000008023a2998
# instanceKlass com/android/tools/r8/internal/Cl0$$Lambda+0x00000008023a2720
# instanceKlass com/android/tools/r8/internal/Dl0$$Lambda+0x00000008023a2498
# instanceKlass com/android/tools/r8/internal/Dl0$$Lambda+0x00000008023a1f88
# instanceKlass com/android/tools/r8/internal/Dl0$$Lambda+0x00000008023a1820
instanceKlass  @bci com/android/tools/r8/internal/Dl0 a (Lcom/android/tools/r8/graph/D2;Lcom/android/tools/r8/graph/w2;Ljava/util/Map;Ljava/util/function/Consumer;)Lcom/android/tools/r8/graph/C5; 124 <appendix> member <vmtarget> ; # com/android/tools/r8/internal/Dl0$$Lambda+0x00000008023a2210
# instanceKlass com/android/tools/r8/internal/Dl0$$Lambda+0x00000008023a1a98
instanceKlass  @bci com/android/tools/r8/internal/Dl0 b (Lcom/android/tools/r8/graph/D2;Lcom/android/tools/r8/graph/w2;Ljava/util/Map;Ljava/util/function/Consumer;)Lcom/android/tools/r8/graph/C5; 28 <appendix> member <vmtarget> ; # com/android/tools/r8/internal/Dl0$$Lambda+0x00000008023a1d10
# instanceKlass com/android/tools/r8/internal/Dl0$$Lambda+0x00000008023a15a8
instanceKlass  @bci com/android/tools/r8/internal/Dl0 b (Lcom/android/tools/r8/graph/D2;Lcom/android/tools/r8/graph/w2;Ljava/util/Map;Ljava/util/function/Consumer;)Lcom/android/tools/r8/graph/C5; 5 <appendix> argL0 ; # com/android/tools/r8/internal/Dl0$$Lambda+0x00000008023a1358
instanceKlass  @bci com/android/tools/r8/internal/Cl0 b (Lcom/android/tools/r8/graph/C5;Lcom/android/tools/r8/internal/qM;)Lcom/android/tools/r8/internal/qM; 284 <appendix> member <vmtarget> ; # com/android/tools/r8/internal/Cl0$$Lambda+0x00000008023a10f0
instanceKlass com/android/tools/r8/internal/Bl0
instanceKlass  @bci com/android/tools/r8/internal/Cl0 a (Lcom/android/tools/r8/graph/C5;Lcom/android/tools/r8/internal/qM;Lcom/android/tools/r8/internal/QM;Lcom/android/tools/r8/internal/xM;Lcom/android/tools/r8/internal/oz;)Lcom/android/tools/r8/internal/Bl0; 326 <appendix> member <vmtarget> ; # com/android/tools/r8/internal/Cl0$$Lambda+0x00000008023a0c58
instanceKlass  @bci com/android/tools/r8/internal/Cl0 a (Lcom/android/tools/r8/graph/C5;Lcom/android/tools/r8/internal/qM;Lcom/android/tools/r8/internal/QM;Lcom/android/tools/r8/internal/xM;Lcom/android/tools/r8/internal/oz;)Lcom/android/tools/r8/internal/Bl0; 311 <appendix> member <vmtarget> ; # com/android/tools/r8/internal/Cl0$$Lambda+0x00000008023a0a00
# instanceKlass com/android/tools/r8/internal/Cl0$$Lambda+0x00000008023a0000
instanceKlass  @bci com/android/tools/r8/internal/Cl0 a (Lcom/android/tools/r8/graph/D2;Lcom/android/tools/r8/graph/j1;Lcom/android/tools/r8/internal/qM;Ljava/util/Map;)Z 27 <appendix> member <vmtarget> ; # com/android/tools/r8/internal/Cl0$$Lambda+0x00000008023a0778
# instanceKlass com/android/tools/r8/internal/Cl0$$Lambda+0x00000008023a04f0
# instanceKlass com/android/tools/r8/internal/Cl0$$Lambda+0x00000008023a0288
# instanceKlass com/android/tools/r8/internal/Cl0$$Lambda+0x000000080239fd98
instanceKlass  @bci com/android/tools/r8/internal/Cl0 a (Lcom/android/tools/r8/graph/D2;)V 10 <appendix> member <vmtarget> ; # com/android/tools/r8/internal/Cl0$$Lambda+0x000000080239f8a8
# instanceKlass com/android/tools/r8/internal/Cl0$$Lambda+0x000000080239fb10
# instanceKlass com/android/tools/r8/internal/Cl0$$Lambda+0x000000080239f620
instanceKlass  @bci com/android/tools/r8/internal/Cl0 a (Lcom/android/tools/r8/graph/D2;)V 4 <appendix> member <vmtarget> ; # com/android/tools/r8/internal/Cl0$$Lambda+0x000000080239f398
instanceKlass  @bci com/android/tools/r8/internal/Cl0 a (Ljava/util/concurrent/ExecutorService;)V 16 <appendix> member <vmtarget> ; # com/android/tools/r8/internal/Cl0$$Lambda+0x000000080239f130
instanceKlass com/android/tools/r8/internal/Cl0
instanceKlass com/android/tools/r8/internal/Dl0
instanceKlass  @bci com/android/tools/r8/internal/El0 a (Ljava/util/Map;)V 75 <appendix> member <vmtarget> ; # com/android/tools/r8/internal/El0$$Lambda+0x000000080239ea48
instanceKlass  @bci com/android/tools/r8/internal/El0 a (Ljava/util/LinkedList;Ljava/util/concurrent/ExecutorService;)V 26 <appendix> argL0 ; # com/android/tools/r8/internal/El0$$Lambda+0x000000080239e7d8
instanceKlass  @bci com/android/tools/r8/internal/El0 a (Ljava/util/LinkedList;Ljava/util/concurrent/ExecutorService;)V 16 <appendix> argL0 ; # com/android/tools/r8/internal/El0$$Lambda+0x000000080239e568
instanceKlass  @bci com/android/tools/r8/internal/El0 a (Ljava/util/LinkedList;Ljava/util/concurrent/ExecutorService;)V 6 <appendix> argL0 ; # com/android/tools/r8/internal/El0$$Lambda+0x000000080239e2e8
instanceKlass com/android/tools/r8/internal/El0
instanceKlass  @bci com/android/tools/r8/internal/Pn0 d ()Z 26 <appendix> argL0 ; # com/android/tools/r8/internal/Pn0$$Lambda+0x000000080239ddf8
instanceKlass  @bci com/android/tools/r8/internal/Ec a (Lcom/android/tools/r8/graph/l1;)Z 8 <appendix> member <vmtarget> ; # com/android/tools/r8/internal/Ec$$Lambda+0x000000080239db40
instanceKlass  @bci com/android/tools/r8/internal/Ec a ()V 34 <appendix> member <vmtarget> ; # com/android/tools/r8/internal/Ec$$Lambda+0x000000080239d8b8
instanceKlass  @bci com/android/tools/r8/internal/Pn0 b ()Z 11 <appendix> argL0 ; # com/android/tools/r8/internal/Pn0$$Lambda+0x000000080239d608
instanceKlass com/android/tools/r8/internal/On0
instanceKlass  @bci com/android/tools/r8/internal/Ec a (Ljava/util/Map;Lcom/android/tools/r8/graph/C5;)V 12 <appendix> argL0 ; # com/android/tools/r8/internal/Ec$$Lambda+0x000000080239ca70
instanceKlass com/android/tools/r8/internal/Nn0
instanceKlass  @bci com/android/tools/r8/internal/Ec c ()V 9 <appendix> argL0 ; # com/android/tools/r8/internal/Ec$$Lambda+0x000000080239c5b0
instanceKlass com/android/tools/r8/internal/Pn0
instanceKlass  @bci com/android/tools/r8/internal/Ec a (Ljava/util/Map;Lcom/android/tools/r8/graph/D2;)V 3 <appendix> member <vmtarget> ; # com/android/tools/r8/internal/Ec$$Lambda+0x000000080239c108
instanceKlass  @bci com/android/tools/r8/internal/Ec b ()Ljava/util/LinkedHashMap; 14 <appendix> member <vmtarget> ; # com/android/tools/r8/internal/Ec$$Lambda+0x000000080239bea0
instanceKlass com/android/tools/r8/internal/Gc
instanceKlass com/android/tools/r8/internal/Ec
instanceKlass com/android/tools/r8/internal/wc
instanceKlass  @bci com/android/tools/r8/internal/yc a (Ljava/util/Map;Lcom/android/tools/r8/graph/y;Lcom/android/tools/r8/internal/hc0;Ljava/util/LinkedList;)V 49 <appendix> argL0 ; # com/android/tools/r8/internal/yc$$Lambda+0x000000080239b318
instanceKlass  @bci com/android/tools/r8/internal/yc a (Lcom/android/tools/r8/graph/D2;)Ljava/util/LinkedHashMap; 56 <appendix> argL0 ; # com/android/tools/r8/internal/yc$$Lambda+0x000000080239b0a8
instanceKlass  @bci com/android/tools/r8/internal/yc a (Lcom/android/tools/r8/graph/y;Ljava/util/LinkedHashMap;)Ljava/util/LinkedHashMap; 12 <appendix> member <vmtarget> ; # com/android/tools/r8/internal/yc$$Lambda+0x000000080239ae40
instanceKlass com/android/tools/r8/internal/yc
instanceKlass  @bci com/android/tools/r8/internal/Ys a (Lcom/android/tools/r8/graph/y;Lcom/android/tools/r8/internal/GR;Lcom/android/tools/r8/graph/D2;)V 12 <appendix> member <vmtarget> ; # com/android/tools/r8/internal/Ys$$Lambda+0x000000080239a9a8
instanceKlass  @bci com/android/tools/r8/internal/Ys a (Lcom/android/tools/r8/graph/y;)V 55 <appendix> member <vmtarget> ; # com/android/tools/r8/internal/Ys$$Lambda+0x000000080239a740
instanceKlass  @bci com/android/tools/r8/internal/Ys b (Lcom/android/tools/r8/graph/y;)V 4 <appendix> argL0 ; # com/android/tools/r8/internal/Ys$$Lambda+0x000000080239a490
instanceKlass  @bci com/android/tools/r8/internal/zS a (Lcom/android/tools/r8/internal/Sl;Lcom/android/tools/r8/graph/D2;Lcom/android/tools/r8/graph/C5;)V 16 <appendix> member <vmtarget> ; # com/android/tools/r8/internal/zS$$Lambda+0x000000080239a228
instanceKlass  @bci com/android/tools/r8/internal/zS a (Lcom/android/tools/r8/internal/Sl;Lcom/android/tools/r8/graph/D2;)V 10 <appendix> member <vmtarget> ; # com/android/tools/r8/internal/zS$$Lambda+0x0000000802399fc0
instanceKlass  @bci com/android/tools/r8/internal/zS a (Lcom/android/tools/r8/internal/Sl;Lcom/android/tools/r8/graph/D2;)V 3 <appendix> argL0 ; # com/android/tools/r8/internal/zS$$Lambda+0x0000000802399d40
instanceKlass  @bci com/android/tools/r8/internal/Sl putAll (Ljava/util/Map;)V 2 <appendix> member <vmtarget> ; # com/android/tools/r8/internal/Sl$$Lambda+0x0000000802399ad8
instanceKlass  @bci com/android/tools/r8/internal/zS a (Lcom/android/tools/r8/internal/Ys;)Ljava/util/Collection; 53 <appendix> member <vmtarget> ; # com/android/tools/r8/internal/zS$$Lambda+0x0000000802399860
instanceKlass  @bci com/android/tools/r8/internal/uQ a (Lcom/android/tools/r8/internal/Ys;)Ljava/util/Collection; 35 <appendix> member <vmtarget> ; # com/android/tools/r8/internal/uQ$$Lambda+0x00000008023995d8
instanceKlass  @bci com/android/tools/r8/internal/uQ a (Lcom/android/tools/r8/graph/D2;Ljava/util/Map;)V 50 <appendix> argL0 ; # com/android/tools/r8/internal/uQ$$Lambda+0x0000000802399368
instanceKlass  @bci com/android/tools/r8/internal/uQ a (Lcom/android/tools/r8/internal/Ys;)Ljava/util/Collection; 11 <appendix> member <vmtarget> ; # com/android/tools/r8/internal/uQ$$Lambda+0x0000000802399100
instanceKlass com/android/tools/r8/internal/qZ
instanceKlass  @bci com/android/tools/r8/internal/rZ a (Lcom/android/tools/r8/graph/D2;Lcom/android/tools/r8/graph/y;)Z 10 <appendix> member <vmtarget> ; # com/android/tools/r8/internal/rZ$$Lambda+0x0000000802398c38
instanceKlass  @bci com/android/tools/r8/internal/sZ a (Lcom/android/tools/r8/internal/Ys;)Ljava/util/Collection; 38 <appendix> member <vmtarget> ; # com/android/tools/r8/internal/sZ$$Lambda+0x0000000802398980
instanceKlass com/android/tools/r8/internal/rZ
instanceKlass  @bci com/android/tools/r8/internal/vS a (Lcom/android/tools/r8/internal/Ys;)Ljava/util/Collection; 11 <appendix> member <vmtarget> ; # com/android/tools/r8/internal/vS$$Lambda+0x00000008023984b8
instanceKlass  @bci com/android/tools/r8/internal/sS b ()V 34 <appendix> argL0 ; # com/android/tools/r8/internal/sS$$Lambda+0x0000000802398268
instanceKlass  @bci com/android/tools/r8/internal/Ws a (Lcom/android/tools/r8/internal/kR;Ljava/lang/Object;Ljava/util/LinkedList;Lcom/android/tools/r8/internal/Ys;)V 24 <appendix> member <vmtarget> ; # com/android/tools/r8/internal/Ws$$Lambda+0x0000000802398000
instanceKlass com/android/tools/r8/internal/sS
instanceKlass  @bci com/android/tools/r8/internal/tS a (Lcom/android/tools/r8/internal/Ys;)Lcom/android/tools/r8/internal/yu; 32 <appendix> member <vmtarget> ; # com/android/tools/r8/internal/tS$$Lambda+0x0000000802397da8
instanceKlass  @bci com/android/tools/r8/internal/Ws a (Lcom/android/tools/r8/internal/kR;Ljava/util/LinkedList;Ljava/util/concurrent/ExecutorService;)Ljava/util/LinkedList; 20 <appendix> member <vmtarget> ; # com/android/tools/r8/internal/Ws$$Lambda+0x0000000802394a68
instanceKlass  @bci com/android/tools/r8/internal/yd0 a (Ljava/util/Map;Lcom/android/tools/r8/graph/D2;Ljava/util/Optional;)V 3 <appendix> member <vmtarget> ; # com/android/tools/r8/internal/yd0$$Lambda+0x0000000802394800
instanceKlass  @bci com/android/tools/r8/internal/yd0 a ()Lcom/android/tools/r8/internal/zd0; 30 <appendix> member <vmtarget> ; # com/android/tools/r8/internal/yd0$$Lambda+0x0000000802395c08
instanceKlass  @bci com/android/tools/r8/internal/yd0 a (Lcom/android/tools/r8/internal/p00;Lcom/android/tools/r8/graph/C5;Ljava/util/Optional;)V 3 <appendix> member <vmtarget> ; # com/android/tools/r8/internal/yd0$$Lambda+0x00000008023959a0
instanceKlass  @bci com/android/tools/r8/internal/yd0 a ()Lcom/android/tools/r8/internal/zd0; 10 <appendix> member <vmtarget> ; # com/android/tools/r8/internal/yd0$$Lambda+0x0000000802395738
# instanceKlass com/android/tools/r8/internal/xd0$$Lambda+0x00000008023978d8
# instanceKlass com/android/tools/r8/internal/xd0$$Lambda+0x0000000802397670
# instanceKlass com/android/tools/r8/internal/xd0$$Lambda+0x0000000802395000
instanceKlass  @bci com/android/tools/r8/internal/xd0 a (Lcom/android/tools/r8/graph/D2;)V 50 <appendix> member <vmtarget> ; # com/android/tools/r8/internal/xd0$$Lambda+0x00000008023954d0
# instanceKlass com/android/tools/r8/internal/xd0$$Lambda+0x0000000802395268
instanceKlass  @bci com/android/tools/r8/internal/xd0 a (Lcom/android/tools/r8/graph/C5;)V 9 <appendix> member <vmtarget> ; # com/android/tools/r8/internal/xd0$$Lambda+0x0000000802397b40
instanceKlass  @bci com/android/tools/r8/internal/yd0 a (Ljava/util/function/Consumer;)V 12 <appendix> member <vmtarget> ; # com/android/tools/r8/internal/yd0$$Lambda+0x0000000802397408
instanceKlass  @bci com/android/tools/r8/internal/yd0 a (Ljava/util/concurrent/ExecutorService;)Lcom/android/tools/r8/internal/yd0; 8 <appendix> member <vmtarget> ; # com/android/tools/r8/internal/yd0$$Lambda+0x00000008023971a0
instanceKlass  @bci com/android/tools/r8/internal/yd0 a (Ljava/util/concurrent/ExecutorService;)Lcom/android/tools/r8/internal/yd0; 2 <appendix> member <vmtarget> ; # com/android/tools/r8/internal/yd0$$Lambda+0x0000000802396f38
instanceKlass com/android/tools/r8/internal/zd0
instanceKlass com/android/tools/r8/internal/yd0
instanceKlass  @bci com/android/tools/r8/internal/vZ a (Lcom/android/tools/r8/internal/Tl;Lcom/android/tools/r8/graph/E0;)V 20 <appendix> member <vmtarget> ; # com/android/tools/r8/internal/vZ$$Lambda+0x00000008023964f0
instanceKlass  @bci com/android/tools/r8/internal/vZ a (Lcom/android/tools/r8/internal/Tl;Lcom/android/tools/r8/graph/E0;)V 5 <appendix> argL0 ; # com/android/tools/r8/internal/vZ$$Lambda+0x0000000802396270
instanceKlass  @bci com/android/tools/r8/internal/AZ a (Lcom/android/tools/r8/internal/Ys;)Ljava/util/Collection; 352 <appendix> argL0 ; # com/android/tools/r8/internal/AZ$$Lambda+0x0000000802396000
instanceKlass  @bci com/android/tools/r8/internal/Tl b (Ljava/lang/Iterable;)V 2 <appendix> member <vmtarget> ; # com/android/tools/r8/internal/Tl$$Lambda+0x0000000802354cf0
instanceKlass  @bci com/android/tools/r8/internal/yZ a (Lcom/android/tools/r8/internal/Tl;Lcom/android/tools/r8/graph/D2;)V 41 <appendix> member <vmtarget> ; # com/android/tools/r8/internal/yZ$$Lambda+0x0000000802354a78
instanceKlass  @bci com/android/tools/r8/internal/yZ a (Lcom/android/tools/r8/internal/Tl;Lcom/android/tools/r8/graph/D2;)V 22 <appendix> member <vmtarget> ; # com/android/tools/r8/internal/yZ$$Lambda+0x0000000802354800
instanceKlass  @bci com/android/tools/r8/internal/zZ a (Lcom/android/tools/r8/graph/E0;)Lcom/android/tools/r8/internal/Tl; 7 <appendix> member <vmtarget> ; # com/android/tools/r8/internal/zZ$$Lambda+0x0000000802393d80
instanceKlass  @bci com/android/tools/r8/internal/cT a (Lcom/android/tools/r8/graph/E0;)Lcom/android/tools/r8/internal/Tl; 76 <appendix> member <vmtarget> ; # com/android/tools/r8/internal/cT$$Lambda+0x0000000802393b18
instanceKlass  @bci com/android/tools/r8/internal/cT a (Lcom/android/tools/r8/graph/E0;)Lcom/android/tools/r8/internal/Tl; 70 <appendix> argL0 ; # com/android/tools/r8/internal/cT$$Lambda+0x0000000802393898
instanceKlass  @bci com/android/tools/r8/graph/X3 a (Ljava/util/function/Consumer;Lcom/android/tools/r8/graph/E0;)V 8 <appendix> member <vmtarget> ; # com/android/tools/r8/graph/X3$$Lambda+0x0000000802393630
instanceKlass  @bci com/android/tools/r8/graph/X3 a (Ljava/util/function/Consumer;Lcom/android/tools/r8/graph/E0;)V 2 <appendix> argL0 ; # com/android/tools/r8/graph/X3$$Lambda+0x00000008023933b0
instanceKlass  @bci com/android/tools/r8/internal/cT b (Lcom/android/tools/r8/graph/E0;)Lcom/android/tools/r8/internal/Tl; 63 <appendix> member <vmtarget> ; # com/android/tools/r8/internal/cT$$Lambda+0x0000000802393148
instanceKlass  @bci com/android/tools/r8/internal/cT b (Lcom/android/tools/r8/graph/E0;)Lcom/android/tools/r8/internal/Tl; 49 <appendix> member <vmtarget> ; # com/android/tools/r8/internal/cT$$Lambda+0x0000000802392ee0
instanceKlass  @bci com/android/tools/r8/internal/cT b (Lcom/android/tools/r8/graph/E0;)Lcom/android/tools/r8/internal/Tl; 43 <appendix> argL0 ; # com/android/tools/r8/internal/cT$$Lambda+0x0000000802392c60
instanceKlass  @bci com/android/tools/r8/internal/cT a (Ljava/util/Set;)Lcom/android/tools/r8/internal/Tl; 101 <appendix> member <vmtarget> ; # com/android/tools/r8/internal/cT$$Lambda+0x00000008023929f8
instanceKlass  @bci com/android/tools/r8/internal/cT a (Ljava/util/Set;)Lcom/android/tools/r8/internal/Tl; 94 <appendix> argL0 ; # com/android/tools/r8/internal/cT$$Lambda+0x0000000802392778
instanceKlass  @bci com/android/tools/r8/internal/cT a (Ljava/util/Set;)Lcom/android/tools/r8/internal/Tl; 77 <appendix> member <vmtarget> ; # com/android/tools/r8/internal/cT$$Lambda+0x0000000802392510
instanceKlass  @bci com/android/tools/r8/internal/cT a (Ljava/util/Set;)Lcom/android/tools/r8/internal/Tl; 70 <appendix> argL0 ; # com/android/tools/r8/internal/cT$$Lambda+0x0000000802392290
instanceKlass  @bci com/android/tools/r8/graph/X3 a (Lcom/android/tools/r8/graph/E0;Ljava/util/function/Predicate;Ljava/util/function/Consumer;)V 4 <appendix> member <vmtarget> ; # com/android/tools/r8/graph/X3$$Lambda+0x0000000802392028
instanceKlass  @bci com/android/tools/r8/internal/cT a (Lcom/android/tools/r8/graph/E0;)Lcom/android/tools/r8/internal/Tl; 52 <appendix> member <vmtarget> ; # com/android/tools/r8/internal/cT$$Lambda+0x0000000802391dc0
instanceKlass  @bci com/android/tools/r8/internal/cT a (Lcom/android/tools/r8/graph/E0;)Lcom/android/tools/r8/internal/Tl; 46 <appendix> argL0 ; # com/android/tools/r8/internal/cT$$Lambda+0x0000000802391b40
instanceKlass  @bci com/android/tools/r8/internal/IS a (Lcom/android/tools/r8/graph/I2;)Z 113 <appendix> argL0 ; # com/android/tools/r8/internal/IS$$Lambda+0x00000008023918c0
instanceKlass  @bci com/android/tools/r8/internal/Q3 a ([Ljava/lang/Object;Ljava/util/function/Predicate;[Ljava/lang/Object;)[Ljava/lang/Object; 2 <appendix> member <vmtarget> ; # com/android/tools/r8/internal/Q3$$Lambda+0x0000000802391648
instanceKlass  @bci com/android/tools/r8/internal/IS b (Lcom/android/tools/r8/graph/D2;)Lcom/android/tools/r8/graph/K2; 6 <appendix> member <vmtarget> ; # com/android/tools/r8/internal/IS$$Lambda+0x00000008023913c0
instanceKlass  @bci com/android/tools/r8/internal/Ra0 a (Lcom/android/tools/r8/internal/Ys;Ljava/util/LinkedHashMap;)V 2 <appendix> member <vmtarget> ; # com/android/tools/r8/internal/Ra0$$Lambda+0x0000000802391138
instanceKlass  @bci com/android/tools/r8/internal/Ra0 a (Lcom/android/tools/r8/internal/Ys;)Ljava/util/Collection; 61 <appendix> argL0 ; # com/android/tools/r8/internal/Ra0$$Lambda+0x0000000802390ec8
instanceKlass  @bci com/android/tools/r8/internal/Ra0 a (Lcom/android/tools/r8/graph/D2;)Z 216 <appendix> argL0 ; # com/android/tools/r8/internal/Ra0$$Lambda+0x0000000802390c48
instanceKlass  @bci com/android/tools/r8/internal/Ra0 a (Lcom/android/tools/r8/graph/D2;)Z 211 <appendix> member <vmtarget> ; # com/android/tools/r8/internal/Ra0$$Lambda+0x00000008023909d0
instanceKlass  @bci com/android/tools/r8/internal/Ra0 a (Lcom/android/tools/r8/graph/D2;)Z 20 <appendix> argL0 ; # com/android/tools/r8/internal/Ra0$$Lambda+0x0000000802390720
instanceKlass com/android/tools/r8/internal/hc0
instanceKlass com/android/tools/r8/internal/DR
# instanceKlass java/lang/invoke/LambdaForm$MH+0x0000000802394000
instanceKlass  @bci com/android/tools/r8/internal/Ws a (Lcom/android/tools/r8/internal/jR;Ljava/util/LinkedList;Lcom/android/tools/r8/internal/Ys;)V 23 <appendix> member <vmtarget> ; # com/android/tools/r8/internal/Ws$$Lambda+0x0000000802390000
instanceKlass  @bci com/android/tools/r8/internal/CY a (Ljava/util/Collection;)Ljava/util/Collection; 26 <appendix> argL0 ; # com/android/tools/r8/internal/CY$$Lambda+0x000000080238fb20
instanceKlass  @bci com/android/tools/r8/internal/lR a (Lcom/android/tools/r8/internal/Ys;)Ljava/util/Collection; 49 <appendix> argL0 ; # com/android/tools/r8/internal/lR$$Lambda+0x000000080238f8b0
instanceKlass  @bci com/android/tools/r8/internal/Ws a (Lcom/android/tools/r8/internal/jR;Ljava/util/LinkedList;)Ljava/util/LinkedList; 12 <appendix> member <vmtarget> ; # com/android/tools/r8/internal/Ws$$Lambda+0x000000080238f3d0
instanceKlass  @bci com/android/tools/r8/internal/VS a (Lcom/android/tools/r8/graph/D2;)Z 4 <appendix> argL0 ; # com/android/tools/r8/internal/VS$$Lambda+0x000000080238f120
instanceKlass  @bci com/android/tools/r8/internal/Ws a (Lcom/android/tools/r8/internal/Jd0;Ljava/util/LinkedList;)V 40 <appendix> member <vmtarget> ; # com/android/tools/r8/internal/Ws$$Lambda+0x000000080238ee98
instanceKlass  @bci com/android/tools/r8/internal/Ts a ()Ljava/util/LinkedList; 103 <appendix> argL0 ; # com/android/tools/r8/internal/Ts$$Lambda+0x000000080238ec18
instanceKlass com/android/tools/r8/internal/EY
instanceKlass com/android/tools/r8/internal/zZ
instanceKlass  @bci com/android/tools/r8/graph/l a (Ljava/util/Set;Lcom/android/tools/r8/graph/I2;Ljava/util/Map;)V 2 <appendix> member <vmtarget> ; # com/android/tools/r8/graph/l$$Lambda+0x00000008023879d8
instanceKlass  @bci com/android/tools/r8/graph/l b ()Ljava/util/Set; 19 <appendix> member <vmtarget> ; # com/android/tools/r8/graph/l$$Lambda+0x0000000802387770
instanceKlass  @bci com/android/tools/r8/internal/QS b (Lcom/android/tools/r8/graph/D2;)V 194 <appendix> argL0 ; # com/android/tools/r8/internal/QS$$Lambda+0x0000000802385048
instanceKlass  @bci com/android/tools/r8/internal/QS <init> (Lcom/android/tools/r8/graph/y;)V 43 <appendix> member <vmtarget> ; # com/android/tools/r8/internal/QS$$Lambda+0x0000000802384de0
instanceKlass  @bci com/android/tools/r8/shaking/u4 a (Lcom/android/tools/r8/internal/sT;Lcom/android/tools/r8/internal/os;)Lcom/android/tools/r8/shaking/u4; 2 <appendix> member <vmtarget> ; # com/android/tools/r8/shaking/u4$$Lambda+0x00000008023840d0
instanceKlass com/android/tools/r8/shaking/u4
instanceKlass com/android/tools/r8/internal/Ts
instanceKlass  @bci com/android/tools/r8/shaking/i a (Ljava/util/Map;Ljava/util/Set;)V 33 <appendix> member <vmtarget> ; # com/android/tools/r8/shaking/i$$Lambda+0x0000000802383510
instanceKlass  @bci com/android/tools/r8/internal/wn0 a (Lcom/android/tools/r8/internal/Jn0;Ljava/util/concurrent/ExecutorService;Lcom/android/tools/r8/internal/ij0;)V 32 <appendix> member <vmtarget> ; # com/android/tools/r8/internal/wn0$$Lambda+0x0000000802383288
instanceKlass  @bci com/android/tools/r8/internal/N60 a (Lcom/android/tools/r8/graph/r2;Lcom/android/tools/r8/graph/r2;)Z 21 <appendix> member <vmtarget> ; # com/android/tools/r8/internal/N60$$Lambda+0x0000000802383000
instanceKlass  @bci com/android/tools/r8/internal/N60 a (Lcom/android/tools/r8/graph/F2;Lcom/android/tools/r8/graph/F2;)Z 46 <appendix> member <vmtarget> ; # com/android/tools/r8/internal/N60$$Lambda+0x0000000802382d98
instanceKlass  @bci com/android/tools/r8/internal/N60 a (Lcom/android/tools/r8/graph/F2;Lcom/android/tools/r8/graph/F2;)Z 40 <appendix> member <vmtarget> ; # com/android/tools/r8/internal/N60$$Lambda+0x0000000802382b30
instanceKlass  @bci com/android/tools/r8/internal/N60 a (Lcom/android/tools/r8/graph/F2;Lcom/android/tools/r8/graph/F2;)Z 34 <appendix> member <vmtarget> ; # com/android/tools/r8/internal/N60$$Lambda+0x00000008023828c8
instanceKlass  @bci com/android/tools/r8/internal/IY b ()Lcom/android/tools/r8/internal/LY$a; 67 <appendix> member <vmtarget> ; # com/android/tools/r8/internal/IY$$Lambda+0x0000000802382660
instanceKlass  @bci com/android/tools/r8/internal/Jj0 a ()V 43 <appendix> member <vmtarget> ; # com/android/tools/r8/internal/Jj0$$Lambda+0x00000008023823f8
instanceKlass  @bci com/android/tools/r8/internal/Jj0 a ()V 29 <appendix> member <vmtarget> ; # com/android/tools/r8/internal/Jj0$$Lambda+0x0000000802382190
instanceKlass com/android/tools/r8/internal/M60
instanceKlass  @bci com/android/tools/r8/internal/H60 a (Lcom/android/tools/r8/graph/c3$a;Ljava/util/concurrent/ExecutorService;)Lcom/android/tools/r8/internal/N60; 1065 <appendix> argL0 ; # com/android/tools/r8/internal/H60$$Lambda+0x0000000802381cd0
instanceKlass com/android/tools/r8/internal/di0
instanceKlass  @bci com/android/tools/r8/internal/E60 a (Lcom/android/tools/r8/graph/F5;Ljava/util/HashSet;)Ljava/lang/String; 161 <appendix> member <vmtarget> ; # com/android/tools/r8/internal/E60$$Lambda+0x0000000802381810
instanceKlass  @bci com/android/tools/r8/internal/O60 g (Lcom/android/tools/r8/graph/I2;)V 2 <appendix> member <vmtarget> ; # com/android/tools/r8/internal/O60$$Lambda+0x00000008023815a8
instanceKlass  @bci com/android/tools/r8/internal/O60 a (Lcom/android/tools/r8/graph/Z3;)V 2 <appendix> member <vmtarget> ; # com/android/tools/r8/internal/O60$$Lambda+0x0000000802381340
instanceKlass  @bci com/android/tools/r8/internal/I60 a (Lcom/android/tools/r8/graph/N2;)V 119 <appendix> member <vmtarget> ; # com/android/tools/r8/internal/I60$$Lambda+0x00000008023810d8
instanceKlass  @bci com/android/tools/r8/internal/I60 a (Lcom/android/tools/r8/graph/e1;)V 28 <appendix> member <vmtarget> ; # com/android/tools/r8/internal/I60$$Lambda+0x0000000802380e70
instanceKlass  @bci com/android/tools/r8/graph/F5 a (Ljava/util/function/Consumer;)V 2 <appendix> member <vmtarget> ; # com/android/tools/r8/graph/F5$$Lambda+0x0000000802380c08
instanceKlass  @bci com/android/tools/r8/internal/K60 a (Ljava/util/concurrent/ExecutorService;)V 54 <appendix> member <vmtarget> ; # com/android/tools/r8/internal/K60$$Lambda+0x00000008023809a0
instanceKlass  @bci com/android/tools/r8/internal/O60 a (Ljava/util/List;)V 7 <appendix> member <vmtarget> ; # com/android/tools/r8/internal/O60$$Lambda+0x0000000802380738
instanceKlass  @bci com/android/tools/r8/internal/K60 a (Lcom/android/tools/r8/graph/D2;)V 183 <appendix> member <vmtarget> ; # com/android/tools/r8/internal/K60$$Lambda+0x00000008023804d0
instanceKlass  @bci com/android/tools/r8/internal/K60 a (Lcom/android/tools/r8/graph/D2;)V 66 <appendix> member <vmtarget> ; # com/android/tools/r8/internal/K60$$Lambda+0x0000000802380268
instanceKlass  @bci com/android/tools/r8/internal/K60 a (Ljava/util/concurrent/ExecutorService;)V 40 <appendix> member <vmtarget> ; # com/android/tools/r8/internal/K60$$Lambda+0x0000000802380000
# instanceKlass com/android/tools/r8/internal/I60$$Lambda+0x000000080237fd58
# instanceKlass com/android/tools/r8/internal/I60$$Lambda+0x000000080237faf0
# instanceKlass com/android/tools/r8/internal/I60$$Lambda+0x000000080237f888
instanceKlass  @bci com/android/tools/r8/internal/I60 a (Lcom/android/tools/r8/graph/u5;)V 2 <appendix> member <vmtarget> ; # com/android/tools/r8/internal/I60$$Lambda+0x000000080237f620
# instanceKlass com/android/tools/r8/internal/I60$$Lambda+0x000000080237eee8
# instanceKlass com/android/tools/r8/internal/I60$$Lambda+0x000000080237f3b8
instanceKlass  @bci com/android/tools/r8/internal/I60 a (Lcom/android/tools/r8/graph/u0;)V 2 <appendix> member <vmtarget> ; # com/android/tools/r8/internal/I60$$Lambda+0x000000080237f150
# instanceKlass com/android/tools/r8/internal/I60$$Lambda+0x000000080237ec80
instanceKlass com/android/tools/r8/internal/I60
# instanceKlass com/android/tools/r8/internal/O60$$Lambda+0x000000080237e7b8
# instanceKlass com/android/tools/r8/internal/O60$$Lambda+0x000000080237e530
# instanceKlass com/android/tools/r8/internal/O60$$Lambda+0x000000080237e2a8
instanceKlass  @bci com/android/tools/r8/internal/O60 f (Lcom/android/tools/r8/graph/E0;)V 2 <appendix> member <vmtarget> ; # com/android/tools/r8/internal/O60$$Lambda+0x000000080237e020
# instanceKlass com/android/tools/r8/internal/O60$$Lambda+0x000000080237ddb8
# instanceKlass com/android/tools/r8/internal/O60$$Lambda+0x000000080237db50
instanceKlass  @bci com/android/tools/r8/internal/O60 h (Lcom/android/tools/r8/graph/I2;)V 2 <appendix> member <vmtarget> ; # com/android/tools/r8/internal/O60$$Lambda+0x000000080237d680
# instanceKlass com/android/tools/r8/internal/O60$$Lambda+0x000000080237d8e8
# instanceKlass com/android/tools/r8/internal/K60$$Lambda+0x000000080237d418
# instanceKlass com/android/tools/r8/internal/K60$$Lambda+0x000000080237d1b0
instanceKlass  @bci com/android/tools/r8/internal/K60 a (Lcom/android/tools/r8/graph/C5;)V 41 <appendix> member <vmtarget> ; # com/android/tools/r8/internal/K60$$Lambda+0x000000080237cce0
# instanceKlass com/android/tools/r8/internal/K60$$Lambda+0x000000080237cf48
instanceKlass  @bci com/android/tools/r8/graph/F5 b (Ljava/util/function/Consumer;)V 2 <appendix> member <vmtarget> ; # com/android/tools/r8/graph/F5$$Lambda+0x000000080237ca78
instanceKlass  @bci com/android/tools/r8/internal/Gi0 a (Lcom/android/tools/r8/internal/Mq;Lcom/android/tools/r8/internal/Qi0;Lcom/android/tools/r8/threading/ThreadingModule;Ljava/util/concurrent/ExecutorService;)V 2 <appendix> member <vmtarget> ; # com/android/tools/r8/internal/Gi0$$Lambda+0x000000080237c820
instanceKlass  @bci com/android/tools/r8/internal/K60 a (Ljava/util/concurrent/ExecutorService;)V 17 <appendix> member <vmtarget> ; # com/android/tools/r8/internal/K60$$Lambda+0x000000080237c5b8
instanceKlass  @bci com/android/tools/r8/internal/K60 a (Ljava/util/concurrent/ExecutorService;)V 11 <appendix> member <vmtarget> ; # com/android/tools/r8/internal/K60$$Lambda+0x000000080237c350
instanceKlass com/android/tools/r8/internal/J60
instanceKlass com/android/tools/r8/internal/K60
instanceKlass  @bci com/android/tools/r8/graph/Q5 b ()Ljava/util/Set; 4 <appendix> argL0 ; # com/android/tools/r8/graph/Q5$$Lambda+0x000000080237b8b8
instanceKlass  @bci com/android/tools/r8/graph/Q5 <init> (Ljava/lang/String;)V 1 <appendix> argL0 ; # com/android/tools/r8/graph/Q5$$Lambda+0x000000080237b668
instanceKlass  @bci com/android/tools/r8/graph/R5 a (Lcom/android/tools/r8/graph/D2;)V 11 <appendix> argL0 ; # com/android/tools/r8/graph/R5$$Lambda+0x000000080237b3f8
instanceKlass com/android/tools/r8/graph/F5
instanceKlass com/android/tools/r8/naming/k0
instanceKlass com/android/tools/r8/naming/n0
instanceKlass com/android/tools/r8/naming/L
instanceKlass com/android/tools/r8/naming/h0
instanceKlass com/android/tools/r8/graph/G5
instanceKlass com/android/tools/r8/internal/H60
instanceKlass  @bci com/android/tools/r8/ir/optimize/info/D a (Lcom/android/tools/r8/graph/y;Ljava/util/concurrent/ExecutorService;)V 11 <appendix> argL0 ; # com/android/tools/r8/ir/optimize/info/D$$Lambda+0x0000000802378bb8
instanceKlass com/android/tools/r8/ir/optimize/info/D
instanceKlass  @bci com/android/tools/r8/graph/a b (Ljava/util/Map;Lcom/android/tools/r8/graph/l1;Lcom/android/tools/r8/internal/u00;)V 2 <appendix> argL0 ; # com/android/tools/r8/graph/a$$Lambda+0x0000000802378710
instanceKlass  @bci com/android/tools/r8/graph/a a (Lcom/android/tools/r8/graph/d;)Lcom/android/tools/r8/graph/d; 43 <appendix> member <vmtarget> ; # com/android/tools/r8/graph/a$$Lambda+0x00000008023784a8
instanceKlass  @bci com/android/tools/r8/graph/a a (Lcom/android/tools/r8/graph/d;)Lcom/android/tools/r8/graph/d; 33 <appendix> member <vmtarget> ; # com/android/tools/r8/graph/a$$Lambda+0x0000000802378240
instanceKlass com/android/tools/r8/synthesis/w
instanceKlass  @bci com/android/tools/r8/synthesis/y a (Lcom/android/tools/r8/graph/y;Lcom/android/tools/r8/internal/ij0;)Lcom/android/tools/r8/synthesis/w; 366 <appendix> member <vmtarget> ; # com/android/tools/r8/synthesis/y$$Lambda+0x0000000802377c30
instanceKlass  @bci com/android/tools/r8/synthesis/y a (Lcom/android/tools/r8/synthesis/x;Ljava/util/function/Consumer;)V 6 <appendix> member <vmtarget> ; # com/android/tools/r8/synthesis/y$$Lambda+0x00000008023779c8
instanceKlass  @bci com/android/tools/r8/internal/Kc0 b (Lcom/android/tools/r8/internal/Mq;)Lcom/android/tools/r8/internal/hv; 14 <appendix> member <vmtarget> ; # com/android/tools/r8/internal/Kc0$$Lambda+0x0000000802377760
instanceKlass  @bci com/android/tools/r8/synthesis/y a (Lcom/android/tools/r8/graph/y;Lcom/android/tools/r8/internal/ij0;)Lcom/android/tools/r8/synthesis/w; 261 <appendix> member <vmtarget> ; # com/android/tools/r8/synthesis/y$$Lambda+0x00000008023774f8
instanceKlass  @bci com/android/tools/r8/synthesis/c a (Ljava/util/function/Consumer;)V 24 <appendix> member <vmtarget> ; # com/android/tools/r8/synthesis/c$$Lambda+0x0000000802377290
instanceKlass  @bci com/android/tools/r8/synthesis/c a (Ljava/util/function/Consumer;)V 9 <appendix> member <vmtarget> ; # com/android/tools/r8/synthesis/c$$Lambda+0x0000000802377028
instanceKlass  @bci com/android/tools/r8/synthesis/y a (Lcom/android/tools/r8/graph/y;Lcom/android/tools/r8/internal/ij0;)Lcom/android/tools/r8/synthesis/w; 163 <appendix> member <vmtarget> ; # com/android/tools/r8/synthesis/y$$Lambda+0x0000000802376dc0
instanceKlass  @bci com/android/tools/r8/synthesis/y a (Lcom/android/tools/r8/internal/Jj0;Lcom/android/tools/r8/synthesis/u;Lcom/android/tools/r8/synthesis/v;)V 12 <appendix> member <vmtarget> ; # com/android/tools/r8/synthesis/y$$Lambda+0x0000000802376b58
instanceKlass  @bci com/android/tools/r8/synthesis/y a (Lcom/android/tools/r8/internal/ij0;Lcom/android/tools/r8/graph/y;Ljava/util/Map;Ljava/util/Map;Lcom/android/tools/r8/synthesis/u;Ljava/util/function/BiConsumer;Ljava/util/function/BiConsumer;Ljava/util/Set;)Lcom/android/tools/r8/graph/x0; 533 <appendix> member <vmtarget> ; # com/android/tools/r8/synthesis/y$$Lambda+0x00000008023768f0
instanceKlass  @bci com/android/tools/r8/synthesis/y a (Lcom/android/tools/r8/internal/ij0;Lcom/android/tools/r8/graph/y;Ljava/util/Map;Ljava/util/Map;Lcom/android/tools/r8/synthesis/u;Ljava/util/function/BiConsumer;Ljava/util/function/BiConsumer;Ljava/util/Set;)Lcom/android/tools/r8/graph/x0; 483 <appendix> member <vmtarget> ; # com/android/tools/r8/synthesis/y$$Lambda+0x0000000802376688
instanceKlass  @bci com/android/tools/r8/synthesis/y a (Lcom/android/tools/r8/internal/ij0;Lcom/android/tools/r8/graph/y;Ljava/util/Map;Ljava/util/Map;Lcom/android/tools/r8/synthesis/u;Ljava/util/function/BiConsumer;Ljava/util/function/BiConsumer;Ljava/util/Set;)Lcom/android/tools/r8/graph/x0; 471 <appendix> member <vmtarget> ; # com/android/tools/r8/synthesis/y$$Lambda+0x0000000802376420
instanceKlass  @bci com/android/tools/r8/graph/K4 h (Ljava/util/function/Function;)Lcom/android/tools/r8/graph/K4; 68 <appendix> member <vmtarget> ; # com/android/tools/r8/graph/K4$$Lambda+0x00000008023761b8
instanceKlass  @bci com/android/tools/r8/internal/Jj0 a (Lcom/android/tools/r8/graph/D2;Lcom/android/tools/r8/graph/E0;)Lcom/android/tools/r8/graph/I4; 6 <appendix> member <vmtarget> ; # com/android/tools/r8/internal/Jj0$$Lambda+0x0000000802375f40
instanceKlass  @bci com/android/tools/r8/internal/Jj0 a (Lcom/android/tools/r8/graph/D2;)Lcom/android/tools/r8/graph/D2; 417 <appendix> member <vmtarget> ; # com/android/tools/r8/internal/Jj0$$Lambda+0x0000000802375ce8
instanceKlass  @bci com/android/tools/r8/internal/Jj0 a (Ljava/util/Collection;)Ljava/util/ArrayList; 46 <appendix> member <vmtarget> ; # com/android/tools/r8/internal/Jj0$$Lambda+0x0000000802375a70
instanceKlass  @bci com/android/tools/r8/synthesis/y b (Lcom/android/tools/r8/graph/y;Lcom/android/tools/r8/shaking/b2;Ljava/util/Set;Ljava/util/Set;Ljava/util/List;Lcom/android/tools/r8/graph/I2;Lcom/android/tools/r8/synthesis/v;)V 57 <appendix> member <vmtarget> ; # com/android/tools/r8/synthesis/y$$Lambda+0x0000000802375808
instanceKlass  @bci com/android/tools/r8/synthesis/y a (Lcom/android/tools/r8/internal/ij0;Lcom/android/tools/r8/graph/y;Ljava/util/Map;Ljava/util/Map;Lcom/android/tools/r8/synthesis/u;Ljava/util/function/BiConsumer;Ljava/util/function/BiConsumer;Ljava/util/Set;)Lcom/android/tools/r8/graph/x0; 75 <appendix> member <vmtarget> ; # com/android/tools/r8/synthesis/y$$Lambda+0x00000008023755a0
instanceKlass  @bci com/android/tools/r8/synthesis/y a (Lcom/android/tools/r8/graph/y;Lcom/android/tools/r8/shaking/b2;Ljava/util/Set;Ljava/util/Set;Ljava/util/List;Lcom/android/tools/r8/graph/I2;Lcom/android/tools/r8/synthesis/v;)V 57 <appendix> member <vmtarget> ; # com/android/tools/r8/synthesis/y$$Lambda+0x0000000802375338
instanceKlass  @bci com/android/tools/r8/synthesis/v a (Lcom/android/tools/r8/shaking/b2;)Z 29 <appendix> member <vmtarget> ; # com/android/tools/r8/synthesis/v$$Lambda+0x0000000802375080
instanceKlass  @bci com/android/tools/r8/synthesis/y a (Lcom/android/tools/r8/internal/ij0;Lcom/android/tools/r8/graph/y;Ljava/util/Map;Ljava/util/Map;Lcom/android/tools/r8/synthesis/u;Ljava/util/function/BiConsumer;Ljava/util/function/BiConsumer;Ljava/util/Set;)Lcom/android/tools/r8/graph/x0; 57 <appendix> member <vmtarget> ; # com/android/tools/r8/synthesis/y$$Lambda+0x0000000802374e18
instanceKlass  @bci com/android/tools/r8/synthesis/y a (Lcom/android/tools/r8/graph/y;Lcom/android/tools/r8/internal/ij0;)Lcom/android/tools/r8/synthesis/w; 118 <appendix> member <vmtarget> ; # com/android/tools/r8/synthesis/y$$Lambda+0x0000000802374bb0
instanceKlass  @bci com/android/tools/r8/synthesis/y a (Lcom/android/tools/r8/graph/y;Lcom/android/tools/r8/internal/ij0;)Lcom/android/tools/r8/synthesis/w; 111 <appendix> member <vmtarget> ; # com/android/tools/r8/synthesis/y$$Lambda+0x0000000802374948
instanceKlass  @bci com/android/tools/r8/internal/iM a (Lcom/android/tools/r8/utils/structural/A;)V 9 <appendix> argL0 ; # com/android/tools/r8/internal/iM$$Lambda+0x00000008023746d8
instanceKlass  @bci com/android/tools/r8/internal/iM a (Lcom/android/tools/r8/utils/structural/A;)V 1 <appendix> argL0 ; # com/android/tools/r8/internal/iM$$Lambda+0x0000000802374468
instanceKlass  @bci com/android/tools/r8/internal/iM r ()Lcom/android/tools/r8/utils/structural/y; 0 <appendix> argL0 ; # com/android/tools/r8/internal/iM$$Lambda+0x0000000802374218
instanceKlass  @bci com/android/tools/r8/internal/fM a (Lcom/android/tools/r8/utils/structural/A;)V 9 <appendix> argL0 ; # com/android/tools/r8/internal/fM$$Lambda+0x0000000802373fa8
instanceKlass  @bci com/android/tools/r8/internal/fM a (Lcom/android/tools/r8/utils/structural/A;)V 1 <appendix> argL0 ; # com/android/tools/r8/internal/fM$$Lambda+0x0000000802373d38
instanceKlass  @bci com/android/tools/r8/internal/fM r ()Lcom/android/tools/r8/utils/structural/y; 0 <appendix> argL0 ; # com/android/tools/r8/internal/fM$$Lambda+0x0000000802373ae8
instanceKlass  @bci com/android/tools/r8/utils/structural/z a (Lcom/android/tools/r8/internal/dz;Lcom/android/tools/r8/utils/structural/o;)V 14 <appendix> argL0 ; # com/android/tools/r8/utils/structural/z$$Lambda+0x0000000802373820
instanceKlass com/android/tools/r8/utils/structural/z
instanceKlass com/android/tools/r8/internal/oM
instanceKlass  @bci com/android/tools/r8/internal/pM a (Lcom/android/tools/r8/utils/structural/A;)V 2 <appendix> argL0 ; # com/android/tools/r8/internal/pM$$Lambda+0x00000008023730b8
instanceKlass  @bci com/android/tools/r8/internal/pM r ()Lcom/android/tools/r8/utils/structural/y; 0 <appendix> argL0 ; # com/android/tools/r8/internal/pM$$Lambda+0x0000000802372e68
instanceKlass  @bci com/android/tools/r8/graph/I4 a ()Ljava/util/ArrayList; 29 <appendix> argL0 ; # com/android/tools/r8/graph/I4$$Lambda+0x0000000802372bf8
instanceKlass  @bci com/android/tools/r8/graph/I4 a ()Ljava/util/ArrayList; 18 <appendix> member <vmtarget> ; # com/android/tools/r8/graph/I4$$Lambda+0x0000000802372990
instanceKlass  @bci com/android/tools/r8/graph/D2 a (Lcom/android/tools/r8/utils/structural/A;)V 97 <appendix> argL0 ; # com/android/tools/r8/graph/D2$$Lambda+0x0000000802372720
instanceKlass  @bci com/android/tools/r8/graph/g1 a (Lcom/android/tools/r8/utils/structural/A;)V 33 <appendix> argL0 ; # com/android/tools/r8/graph/g1$$Lambda+0x00000008023724a0
instanceKlass  @bci com/android/tools/r8/graph/g1 a (Lcom/android/tools/r8/utils/structural/A;)V 25 <appendix> argL0 ; # com/android/tools/r8/graph/g1$$Lambda+0x0000000802372220
instanceKlass  @bci com/android/tools/r8/graph/g1 a (Lcom/android/tools/r8/utils/structural/A;)V 17 <appendix> argL0 ; # com/android/tools/r8/graph/g1$$Lambda+0x0000000802371fb0
instanceKlass  @bci com/android/tools/r8/graph/g1 a (Lcom/android/tools/r8/utils/structural/A;)V 9 <appendix> argL0 ; # com/android/tools/r8/graph/g1$$Lambda+0x0000000802371d40
instanceKlass  @bci com/android/tools/r8/graph/g1 a (Lcom/android/tools/r8/utils/structural/A;)V 1 <appendix> argL0 ; # com/android/tools/r8/graph/g1$$Lambda+0x0000000802371ad0
instanceKlass  @bci com/android/tools/r8/graph/g1 r ()Lcom/android/tools/r8/utils/structural/y; 0 <appendix> argL0 ; # com/android/tools/r8/graph/g1$$Lambda+0x0000000802371880
instanceKlass  @bci com/android/tools/r8/graph/m3 a ()Ljava/util/ArrayList; 26 <appendix> argL0 ; # com/android/tools/r8/graph/m3$$Lambda+0x0000000802371610
instanceKlass  @bci com/android/tools/r8/graph/m3 a (Ljava/util/function/Consumer;)V 2 <appendix> member <vmtarget> ; # com/android/tools/r8/graph/m3$$Lambda+0x0000000802371398
instanceKlass  @bci com/android/tools/r8/graph/m3 a ()Ljava/util/ArrayList; 18 <appendix> member <vmtarget> ; # com/android/tools/r8/graph/m3$$Lambda+0x0000000802371130
instanceKlass  @bci com/android/tools/r8/graph/D2 a (Lcom/android/tools/r8/utils/structural/A;)V 89 <appendix> argL0 ; # com/android/tools/r8/graph/D2$$Lambda+0x0000000802370ec0
instanceKlass  @bci com/android/tools/r8/graph/D2 a (Lcom/android/tools/r8/utils/structural/A;)V 81 <appendix> argL0 ; # com/android/tools/r8/graph/D2$$Lambda+0x0000000802370c40
instanceKlass  @bci com/android/tools/r8/graph/D2 a (Lcom/android/tools/r8/utils/structural/A;)V 73 <appendix> argL0 ; # com/android/tools/r8/graph/D2$$Lambda+0x00000008023709d0
instanceKlass  @bci com/android/tools/r8/graph/D2 a (Lcom/android/tools/r8/utils/structural/A;)V 65 <appendix> argL0 ; # com/android/tools/r8/graph/D2$$Lambda+0x0000000802370760
instanceKlass  @bci com/android/tools/r8/graph/D2 a (Lcom/android/tools/r8/utils/structural/A;)V 57 <appendix> argL0 ; # com/android/tools/r8/graph/D2$$Lambda+0x00000008023704f0
instanceKlass  @bci com/android/tools/r8/graph/D2 a (Lcom/android/tools/r8/utils/structural/A;)V 49 <appendix> argL0 ; # com/android/tools/r8/graph/D2$$Lambda+0x0000000802370270
instanceKlass  @bci com/android/tools/r8/graph/D2 a (Lcom/android/tools/r8/utils/structural/A;)V 41 <appendix> argL0 ; # com/android/tools/r8/graph/D2$$Lambda+0x0000000802370000
instanceKlass  @bci com/android/tools/r8/graph/D2 a (Lcom/android/tools/r8/utils/structural/A;)V 33 <appendix> argL0 ; # com/android/tools/r8/graph/D2$$Lambda+0x000000080236fd68
instanceKlass  @bci com/android/tools/r8/graph/D2 a (Lcom/android/tools/r8/utils/structural/A;)V 25 <appendix> argL0 ; # com/android/tools/r8/graph/D2$$Lambda+0x000000080236faf8
instanceKlass  @bci com/android/tools/r8/graph/D2 a (Lcom/android/tools/r8/utils/structural/A;)V 17 <appendix> argL0 ; # com/android/tools/r8/graph/D2$$Lambda+0x000000080236f888
instanceKlass  @bci com/android/tools/r8/graph/D2 a (Lcom/android/tools/r8/utils/structural/A;)V 9 <appendix> argL0 ; # com/android/tools/r8/graph/D2$$Lambda+0x000000080236f618
instanceKlass  @bci com/android/tools/r8/graph/D2 a (Lcom/android/tools/r8/utils/structural/A;)V 1 <appendix> argL0 ; # com/android/tools/r8/graph/D2$$Lambda+0x000000080236f3a8
instanceKlass  @bci com/android/tools/r8/graph/D2 r ()Lcom/android/tools/r8/utils/structural/y; 0 <appendix> argL0 ; # com/android/tools/r8/graph/D2$$Lambda+0x000000080236f158
instanceKlass  @bci com/android/tools/r8/synthesis/y a (Lcom/android/tools/r8/graph/y;Lcom/android/tools/r8/internal/ij0;)Lcom/android/tools/r8/synthesis/w; 95 <appendix> member <vmtarget> ; # com/android/tools/r8/synthesis/y$$Lambda+0x000000080236ef00
instanceKlass  @bci com/android/tools/r8/synthesis/y a (Lcom/android/tools/r8/synthesis/u;Lcom/android/tools/r8/graph/I2;Lcom/android/tools/r8/synthesis/v;)V 3 <appendix> member <vmtarget> ; # com/android/tools/r8/synthesis/y$$Lambda+0x000000080236ec98
instanceKlass  @bci com/android/tools/r8/synthesis/y a (Ljava/util/Collection;Ljava/util/Map;Lcom/android/tools/r8/graph/y;ZLcom/android/tools/r8/internal/od;Lcom/android/tools/r8/synthesis/u;Lcom/android/tools/r8/internal/ij0;)Ljava/util/IdentityHashMap; 85 <appendix> member <vmtarget> ; # com/android/tools/r8/synthesis/y$$Lambda+0x000000080236ea30
instanceKlass  @bci com/android/tools/r8/synthesis/y a (Lcom/android/tools/r8/synthesis/Q$b;Ljava/lang/String;Ljava/util/Map;Lcom/android/tools/r8/graph/y;Ljava/util/function/Predicate;)Lcom/android/tools/r8/graph/I2; 71 <appendix> argL0 ; # com/android/tools/r8/synthesis/y$$Lambda+0x000000080236e7c0
instanceKlass  @bci com/android/tools/r8/synthesis/y a (Lcom/android/tools/r8/graph/y;ZLjava/util/Map;Ljava/util/Map;Ljava/lang/String;Ljava/util/List;)V 319 <appendix> member <vmtarget> ; # com/android/tools/r8/synthesis/y$$Lambda+0x000000080236e538
instanceKlass  @bci com/android/tools/r8/synthesis/y a (Lcom/android/tools/r8/graph/y;ZLjava/util/Map;Ljava/util/Map;Ljava/lang/String;Ljava/util/List;)V 3 <appendix> member <vmtarget> ; # com/android/tools/r8/synthesis/y$$Lambda+0x000000080236e268
instanceKlass  @bci com/android/tools/r8/synthesis/y a (Ljava/util/Collection;Ljava/util/Map;Lcom/android/tools/r8/graph/y;ZLcom/android/tools/r8/internal/od;Lcom/android/tools/r8/synthesis/u;Lcom/android/tools/r8/internal/ij0;)Ljava/util/IdentityHashMap; 74 <appendix> member <vmtarget> ; # com/android/tools/r8/synthesis/y$$Lambda+0x000000080236e000
instanceKlass  @cpi com/android/tools/r8/synthesis/y 578 form vmentry <vmtarget> ; # java/lang/invoke/LambdaForm$DMH+0x000000080236dc00
instanceKlass  @bci com/android/tools/r8/synthesis/y a (Lcom/android/tools/r8/graph/y;Ljava/util/List;ZLcom/android/tools/r8/internal/od;)Ljava/util/List; 536 <appendix> member <vmtarget> ; # com/android/tools/r8/synthesis/y$$Lambda+0x000000080236bc68
instanceKlass  @bci com/android/tools/r8/utils/structural/x a (Lcom/android/tools/r8/utils/structural/x;Lcom/android/tools/r8/utils/structural/t;)I 8 <appendix> argL0 ; # com/android/tools/r8/utils/structural/x$$Lambda+0x000000080236ba18
instanceKlass  @bci com/android/tools/r8/synthesis/s a (Lcom/android/tools/r8/synthesis/s;ZLcom/android/tools/r8/internal/os;Lcom/android/tools/r8/internal/od;)I 303 <appendix> member <vmtarget> ; # com/android/tools/r8/synthesis/s$$Lambda+0x000000080236b7c0
instanceKlass  @bci com/android/tools/r8/synthesis/y a (Lcom/android/tools/r8/graph/y;Ljava/util/List;ZLcom/android/tools/r8/internal/od;)Ljava/util/List; 132 <adapter> ; # java/lang/invoke/LambdaForm$MH+0x000000080236d800
instanceKlass  @bci com/android/tools/r8/synthesis/y a (Lcom/android/tools/r8/graph/y;Ljava/util/List;ZLcom/android/tools/r8/internal/od;)Ljava/util/List; 132 <appendix> form vmentry <vmtarget> ; # java/lang/invoke/LambdaForm$DMH+0x000000080236d400
instanceKlass  @bci com/android/tools/r8/synthesis/y a (Lcom/android/tools/r8/graph/y;Ljava/util/List;ZLcom/android/tools/r8/internal/od;)Ljava/util/List; 132 <appendix> member <vmtarget> ; # com/android/tools/r8/synthesis/y$$Lambda+0x000000080236b4f0
instanceKlass  @cpi com/android/tools/r8/synthesis/y 997 form vmentry <vmtarget> ; # java/lang/invoke/LambdaForm$DMH+0x000000080236d000
instanceKlass  @bci com/android/tools/r8/synthesis/y a (Lcom/android/tools/r8/graph/y;ZLcom/android/tools/r8/internal/od;Ljava/util/Map;Ljava/util/Map;Ljava/util/List;)V 203 <appendix> argL0 ; # com/android/tools/r8/synthesis/y$$Lambda+0x000000080236b280
instanceKlass com/android/tools/r8/synthesis/v
instanceKlass  @bci com/android/tools/r8/synthesis/y a (Ljava/util/Collection;Ljava/util/Map;Lcom/android/tools/r8/graph/y;ZLcom/android/tools/r8/internal/od;Lcom/android/tools/r8/synthesis/u;Lcom/android/tools/r8/internal/ij0;)Ljava/util/IdentityHashMap; 50 <adapter> ; # java/lang/invoke/LambdaForm$MH+0x000000080236cc00
# instanceKlass java/lang/invoke/LambdaForm$DMH+0x000000080236c800
instanceKlass  @bci com/android/tools/r8/synthesis/y a (Ljava/util/Collection;Ljava/util/Map;Lcom/android/tools/r8/graph/y;ZLcom/android/tools/r8/internal/od;Lcom/android/tools/r8/synthesis/u;Lcom/android/tools/r8/internal/ij0;)Ljava/util/IdentityHashMap; 50 <appendix> form vmentry <vmtarget> ; # java/lang/invoke/LambdaForm$DMH+0x000000080236c400
instanceKlass  @bci com/android/tools/r8/synthesis/y a (Ljava/util/Collection;Ljava/util/Map;Lcom/android/tools/r8/graph/y;ZLcom/android/tools/r8/internal/od;Lcom/android/tools/r8/synthesis/u;Lcom/android/tools/r8/internal/ij0;)Ljava/util/IdentityHashMap; 50 <appendix> member <vmtarget> ; # com/android/tools/r8/synthesis/y$$Lambda+0x000000080236add8
instanceKlass  @cpi com/android/tools/r8/synthesis/y 565 form vmentry <vmtarget> ; # java/lang/invoke/LambdaForm$DMH+0x000000080236c000
instanceKlass  @bci com/android/tools/r8/utils/structural/A h (Ljava/util/function/Function;)Lcom/android/tools/r8/utils/structural/A; 2 <appendix> argL0 ; # com/android/tools/r8/utils/structural/A$$Lambda+0x000000080236ab68
instanceKlass  @bci com/android/tools/r8/internal/Lz a (Lcom/android/tools/r8/utils/structural/A;)V 9 <appendix> argL0 ; # com/android/tools/r8/internal/Lz$$Lambda+0x000000080236a8f8
instanceKlass  @bci com/android/tools/r8/internal/Lz a (Lcom/android/tools/r8/utils/structural/A;)V 1 <appendix> argL0 ; # com/android/tools/r8/internal/Lz$$Lambda+0x000000080236a688
instanceKlass  @bci com/android/tools/r8/internal/Lz r ()Lcom/android/tools/r8/utils/structural/y; 0 <appendix> argL0 ; # com/android/tools/r8/internal/Lz$$Lambda+0x000000080236a438
instanceKlass  @bci com/android/tools/r8/internal/IY c (Lcom/android/tools/r8/utils/structural/A;)V 36 <appendix> argL0 ; # com/android/tools/r8/internal/IY$$Lambda+0x000000080236a1c8
instanceKlass  @bci com/android/tools/r8/internal/IY c (Lcom/android/tools/r8/utils/structural/A;)V 28 <appendix> argL0 ; # com/android/tools/r8/internal/IY$$Lambda+0x0000000802369f58
instanceKlass  @bci com/android/tools/r8/internal/IY c (Lcom/android/tools/r8/utils/structural/A;)V 20 <appendix> argL0 ; # com/android/tools/r8/internal/IY$$Lambda+0x0000000802369cd8
instanceKlass  @bci com/android/tools/r8/internal/IY c (Lcom/android/tools/r8/utils/structural/A;)V 1 <appendix> argL0 ; # com/android/tools/r8/internal/IY$$Lambda+0x0000000802369a88
instanceKlass  @bci com/android/tools/r8/internal/IY r ()Lcom/android/tools/r8/utils/structural/y; 0 <appendix> argL0 ; # com/android/tools/r8/internal/IY$$Lambda+0x0000000802369838
instanceKlass  @bci com/android/tools/r8/synthesis/y a (Ljava/util/IdentityHashMap;ZLcom/android/tools/r8/utils/w;Lcom/android/tools/r8/internal/os;)Ljava/util/Collection; 329 <appendix> argL0 ; # com/android/tools/r8/synthesis/y$$Lambda+0x00000008023695c8
instanceKlass  @bci com/android/tools/r8/internal/qM a (Lcom/android/tools/r8/utils/structural/A;)V 57 <appendix> argL0 ; # com/android/tools/r8/internal/qM$$Lambda+0x0000000802369348
instanceKlass  @bci com/android/tools/r8/internal/qM a (Lcom/android/tools/r8/utils/structural/A;)V 49 <appendix> argL0 ; # com/android/tools/r8/internal/qM$$Lambda+0x00000008023690d8
instanceKlass  @bci com/android/tools/r8/internal/qM a (Lcom/android/tools/r8/utils/structural/A;)V 41 <appendix> argL0 ; # com/android/tools/r8/internal/qM$$Lambda+0x0000000802368e68
instanceKlass  @bci com/android/tools/r8/internal/qM a (Lcom/android/tools/r8/utils/structural/A;)V 33 <appendix> argL0 ; # com/android/tools/r8/internal/qM$$Lambda+0x0000000802368c18
instanceKlass  @bci com/android/tools/r8/internal/qM a (Lcom/android/tools/r8/utils/structural/A;)V 25 <appendix> argL0 ; # com/android/tools/r8/internal/qM$$Lambda+0x00000008023689a8
instanceKlass  @bci com/android/tools/r8/internal/qM a (Lcom/android/tools/r8/utils/structural/A;)V 17 <appendix> argL0 ; # com/android/tools/r8/internal/qM$$Lambda+0x0000000802368758
instanceKlass  @bci com/android/tools/r8/internal/qM a (Lcom/android/tools/r8/utils/structural/A;)V 9 <appendix> argL0 ; # com/android/tools/r8/internal/qM$$Lambda+0x00000008023684e8
instanceKlass  @bci com/android/tools/r8/utils/structural/A b (Ljava/util/function/Function;)Lcom/android/tools/r8/utils/structural/A; 6 <appendix> argL0 ; # com/android/tools/r8/utils/structural/A$$Lambda+0x0000000802368278
instanceKlass com/android/tools/r8/internal/rM
instanceKlass  @bci com/android/tools/r8/internal/qM a (Lcom/android/tools/r8/utils/structural/A;)V 1 <appendix> argL0 ; # com/android/tools/r8/internal/qM$$Lambda+0x0000000802367d40
instanceKlass  @bci com/android/tools/r8/internal/qM r ()Lcom/android/tools/r8/utils/structural/y; 0 <appendix> argL0 ; # com/android/tools/r8/internal/qM$$Lambda+0x0000000802367af0
instanceKlass  @bci com/android/tools/r8/utils/structural/A a (Ljava/util/function/Function;Lcom/android/tools/r8/utils/structural/v;Lcom/android/tools/r8/utils/structural/w;)Lcom/android/tools/r8/utils/structural/A; 1 <appendix> argL0 ; # com/android/tools/r8/utils/structural/A$$Lambda+0x0000000802367870
instanceKlass  @bci com/android/tools/r8/graph/j1 a (Lcom/android/tools/r8/utils/structural/A;)V 75 <appendix> argL0 ; # com/android/tools/r8/graph/j1$$Lambda+0x0000000802367620
instanceKlass  @bci com/android/tools/r8/graph/j1 a (Lcom/android/tools/r8/utils/structural/A;)V 70 <appendix> argL0 ; # com/android/tools/r8/graph/j1$$Lambda+0x00000008023673d0
instanceKlass  @bci com/android/tools/r8/graph/j1 a (Lcom/android/tools/r8/utils/structural/A;)V 65 <appendix> argL0 ; # com/android/tools/r8/graph/j1$$Lambda+0x0000000802367160
instanceKlass  @bci com/android/tools/r8/graph/j1 a (Lcom/android/tools/r8/utils/structural/A;)V 57 <appendix> argL0 ; # com/android/tools/r8/graph/j1$$Lambda+0x0000000802366ee0
instanceKlass  @bci com/android/tools/r8/graph/j1 a (Lcom/android/tools/r8/utils/structural/A;)V 49 <appendix> argL0 ; # com/android/tools/r8/graph/j1$$Lambda+0x0000000802366c70
instanceKlass  @bci com/android/tools/r8/graph/j1 a (Lcom/android/tools/r8/utils/structural/A;)V 41 <appendix> argL0 ; # com/android/tools/r8/graph/j1$$Lambda+0x00000008023669f0
instanceKlass  @bci com/android/tools/r8/graph/j1 a (Lcom/android/tools/r8/utils/structural/A;)V 33 <appendix> argL0 ; # com/android/tools/r8/graph/j1$$Lambda+0x0000000802366780
instanceKlass  @bci com/android/tools/r8/graph/u5 a (Lcom/android/tools/r8/utils/structural/A;)V 9 <appendix> argL0 ; # com/android/tools/r8/graph/u5$$Lambda+0x0000000802366530
instanceKlass  @bci com/android/tools/r8/graph/u5 a (Lcom/android/tools/r8/utils/structural/A;)V 1 <appendix> argL0 ; # com/android/tools/r8/graph/u5$$Lambda+0x00000008023662c0
instanceKlass  @bci com/android/tools/r8/graph/u5 r ()Lcom/android/tools/r8/utils/structural/y; 0 <appendix> argL0 ; # com/android/tools/r8/graph/u5$$Lambda+0x0000000802366070
instanceKlass  @bci com/android/tools/r8/graph/j1 a (Lcom/android/tools/r8/utils/structural/A;)V 25 <appendix> argL0 ; # com/android/tools/r8/graph/j1$$Lambda+0x0000000802365e00
instanceKlass  @bci com/android/tools/r8/graph/u0 a (Lcom/android/tools/r8/utils/structural/A;)V 1 <appendix> argL0 ; # com/android/tools/r8/graph/u0$$Lambda+0x0000000802365b90
instanceKlass  @bci com/android/tools/r8/graph/u0 r ()Lcom/android/tools/r8/utils/structural/y; 0 <appendix> argL0 ; # com/android/tools/r8/graph/u0$$Lambda+0x0000000802365940
instanceKlass  @bci com/android/tools/r8/graph/j1 a (Lcom/android/tools/r8/utils/structural/A;)V 17 <appendix> argL0 ; # com/android/tools/r8/graph/j1$$Lambda+0x00000008023656d0
instanceKlass  @bci com/android/tools/r8/graph/g a (Lcom/android/tools/r8/utils/structural/A;)V 9 <appendix> argL0 ; # com/android/tools/r8/graph/g$$Lambda+0x0000000802365480
instanceKlass  @bci com/android/tools/r8/graph/g a (Lcom/android/tools/r8/utils/structural/A;)V 1 <appendix> argL0 ; # com/android/tools/r8/graph/g$$Lambda+0x0000000802365230
instanceKlass  @bci com/android/tools/r8/graph/g r ()Lcom/android/tools/r8/utils/structural/y; 0 <appendix> argL0 ; # com/android/tools/r8/graph/g$$Lambda+0x0000000802364fe0
instanceKlass  @bci com/android/tools/r8/graph/j1 a (Lcom/android/tools/r8/utils/structural/A;)V 9 <appendix> argL0 ; # com/android/tools/r8/graph/j1$$Lambda+0x0000000802364d70
instanceKlass  @bci com/android/tools/r8/graph/j1 a (Lcom/android/tools/r8/utils/structural/A;)V 1 <appendix> argL0 ; # com/android/tools/r8/graph/j1$$Lambda+0x0000000802364b00
instanceKlass  @bci com/android/tools/r8/graph/j1 r ()Lcom/android/tools/r8/utils/structural/y; 0 <appendix> argL0 ; # com/android/tools/r8/graph/j1$$Lambda+0x00000008023648b0
instanceKlass  @bci com/android/tools/r8/utils/structural/x a (Lcom/android/tools/r8/utils/structural/m;Lcom/android/tools/r8/utils/structural/t;)V 6 <appendix> argL0 ; # com/android/tools/r8/utils/structural/x$$Lambda+0x0000000802364660
instanceKlass  @bci com/android/tools/r8/synthesis/y a (Ljava/util/IdentityHashMap;ZLcom/android/tools/r8/utils/w;Lcom/android/tools/r8/internal/os;)Ljava/util/Collection; 110 <appendix> member <vmtarget> ; # com/android/tools/r8/synthesis/y$$Lambda+0x0000000802363f28
instanceKlass  @bci com/android/tools/r8/synthesis/y a (Ljava/util/IdentityHashMap;ZLcom/android/tools/r8/utils/w;Lcom/android/tools/r8/internal/os;)Ljava/util/Collection; 94 <appendix> member <vmtarget> ; # com/android/tools/r8/synthesis/y$$Lambda+0x0000000802363cc0
instanceKlass  @bci com/android/tools/r8/synthesis/y a (Lcom/android/tools/r8/graph/y;Lcom/android/tools/r8/internal/Eu;)Ljava/util/IdentityHashMap; 53 <appendix> member <vmtarget> ; # com/android/tools/r8/synthesis/y$$Lambda+0x0000000802363a48
instanceKlass  @bci com/android/tools/r8/synthesis/y a (Lcom/android/tools/r8/graph/y;Lcom/android/tools/r8/internal/ij0;)Lcom/android/tools/r8/synthesis/w; 74 <appendix> member <vmtarget> ; # com/android/tools/r8/synthesis/y$$Lambda+0x00000008023637f0
instanceKlass com/android/tools/r8/synthesis/u
instanceKlass com/android/tools/r8/synthesis/y
instanceKlass com/android/tools/r8/internal/vT
instanceKlass com/android/tools/r8/internal/uT
instanceKlass  @bci com/android/tools/r8/internal/V3 a (Lcom/android/tools/r8/graph/h;Lcom/android/tools/r8/internal/k4;Lcom/android/tools/r8/internal/V3$a;)V 37 <appendix> member <vmtarget> ; # com/android/tools/r8/internal/V3$$Lambda+0x0000000802362350
instanceKlass  @bci com/android/tools/r8/internal/V3 b (Lcom/android/tools/r8/graph/y;)Lcom/android/tools/r8/internal/V3; 12 <appendix> member <vmtarget> ; # com/android/tools/r8/internal/V3$$Lambda+0x00000008023620e8
instanceKlass  @bci com/android/tools/r8/internal/V3 b (Lcom/android/tools/r8/graph/y;)Lcom/android/tools/r8/internal/V3; 6 <appendix> member <vmtarget> ; # com/android/tools/r8/internal/V3$$Lambda+0x0000000802361e80
instanceKlass  @bci com/android/tools/r8/internal/hT b (Lcom/android/tools/r8/graph/y;)Lcom/android/tools/r8/internal/e4; 2 <appendix> member <vmtarget> ; # com/android/tools/r8/internal/hT$$Lambda+0x0000000802361c08
instanceKlass  @bci com/android/tools/r8/internal/Wp b (Lcom/android/tools/r8/internal/os;)Lcom/android/tools/r8/internal/Wp; 14 <appendix> member <vmtarget> ; # com/android/tools/r8/internal/Wp$$Lambda+0x00000008023619a0
instanceKlass  @bci com/android/tools/r8/internal/Wp a (Lcom/android/tools/r8/internal/os;Lcom/android/tools/r8/internal/ij0;)Lcom/android/tools/r8/internal/Jv; 3 <appendix> member <vmtarget> ; # com/android/tools/r8/internal/Wp$$Lambda+0x0000000802361748
instanceKlass com/android/tools/r8/internal/X30
# instanceKlass com/android/tools/r8/internal/kp$$Lambda+0x00000008023612a0
# instanceKlass com/android/tools/r8/internal/kp$$Lambda+0x0000000802361038
instanceKlass  @bci com/android/tools/r8/internal/kp a (Lcom/android/tools/r8/graph/D2;)V 3 <appendix> member <vmtarget> ; # com/android/tools/r8/internal/kp$$Lambda+0x0000000802360dd0
instanceKlass  @bci com/android/tools/r8/internal/kp a (Ljava/util/concurrent/ExecutorService;)V 16 <appendix> member <vmtarget> ; # com/android/tools/r8/internal/kp$$Lambda+0x0000000802360b68
instanceKlass  @bci com/android/tools/r8/internal/kp a (Lcom/android/tools/r8/graph/y;Lcom/android/tools/r8/internal/ij0;Ljava/util/concurrent/ExecutorService;)V 3 <appendix> member <vmtarget> ; # com/android/tools/r8/internal/kp$$Lambda+0x0000000802360910
instanceKlass com/android/tools/r8/internal/kp
instanceKlass com/android/tools/r8/shaking/o
instanceKlass  @bci com/android/tools/r8/shaking/p a (Ljava/util/concurrent/ExecutorService;)V 15 <appendix> member <vmtarget> ; # com/android/tools/r8/shaking/p$$Lambda+0x0000000802360240
instanceKlass com/android/tools/r8/internal/Iv
instanceKlass com/android/tools/r8/shaking/p
instanceKlass  @bci com/android/tools/r8/shaking/F a (Ljava/util/Collection;Ljava/util/concurrent/ExecutorService;)Ljava/util/ArrayList; 48 <appendix> argL0 ; # com/android/tools/r8/shaking/F$$Lambda+0x000000080235ca68
# instanceKlass com/android/tools/r8/shaking/F$$Lambda+0x000000080235c800
# instanceKlass com/android/tools/r8/shaking/F$$Lambda+0x000000080235dc20
# instanceKlass com/android/tools/r8/shaking/F$$Lambda+0x000000080235d9b8
instanceKlass  @bci com/android/tools/r8/shaking/F a (Lcom/android/tools/r8/graph/D2;)V 10 <appendix> member <vmtarget> ; # com/android/tools/r8/shaking/F$$Lambda+0x000000080235d750
instanceKlass  @bci com/android/tools/r8/shaking/F a (Ljava/util/Collection;Ljava/util/concurrent/ExecutorService;)Ljava/util/ArrayList; 30 <appendix> member <vmtarget> ; # com/android/tools/r8/shaking/F$$Lambda+0x000000080235d4e8
instanceKlass  @bci com/android/tools/r8/R8 a (Lcom/android/tools/r8/utils/j;Ljava/util/concurrent/ExecutorService;)V 2237 <appendix> member <vmtarget> ; # com/android/tools/r8/R8$$Lambda+0x000000080235d290
instanceKlass  @bci com/android/tools/r8/internal/u7 a (Lcom/android/tools/r8/graph/w2;Lcom/android/tools/r8/graph/D2;Ljava/util/ArrayList;)V 899 <appendix> argL0 ; # com/android/tools/r8/internal/u7$$Lambda+0x000000080235d000
instanceKlass  @bci com/android/tools/r8/internal/u7 a (Lcom/android/tools/r8/graph/C5;Lcom/android/tools/r8/graph/w2;)Lcom/android/tools/r8/internal/qM; 15 <appendix> member <vmtarget> ; # com/android/tools/r8/internal/u7$$Lambda+0x000000080235fb40
instanceKlass  @bci com/android/tools/r8/internal/u7 a (Lcom/android/tools/r8/graph/w2;Lcom/android/tools/r8/graph/D2;Ljava/util/ArrayList;)V 338 <appendix> argL0 ; # com/android/tools/r8/internal/u7$$Lambda+0x000000080235f8d0
instanceKlass  @bci com/android/tools/r8/internal/u7 b (Lcom/android/tools/r8/graph/X3;Lcom/android/tools/r8/graph/D2;)V 17 <appendix> argL0 ; # com/android/tools/r8/internal/u7$$Lambda+0x000000080235f660
instanceKlass  @bci com/android/tools/r8/internal/u7 a (Ljava/util/concurrent/ExecutorService;Lcom/android/tools/r8/internal/ij0;)V 58 <appendix> member <vmtarget> ; # com/android/tools/r8/internal/u7$$Lambda+0x000000080235f3f8
instanceKlass  @bci com/android/tools/r8/graph/D a (Lcom/android/tools/r8/graph/y;Lcom/android/tools/r8/graph/X3;)Lcom/android/tools/r8/graph/D; 1 <appendix> member <vmtarget> ; # com/android/tools/r8/graph/D$$Lambda+0x000000080235f180
instanceKlass com/android/tools/r8/internal/w7
instanceKlass com/android/tools/r8/internal/u7
instanceKlass  @bci com/android/tools/r8/R8 a (Lcom/android/tools/r8/utils/j;Ljava/util/concurrent/ExecutorService;)V 2044 <appendix> member <vmtarget> ; # com/android/tools/r8/R8$$Lambda+0x000000080235e738
instanceKlass  @bci com/android/tools/r8/R8 a (Lcom/android/tools/r8/utils/j;Ljava/util/concurrent/ExecutorService;)V 2021 <appendix> member <vmtarget> ; # com/android/tools/r8/R8$$Lambda+0x000000080235e4d0
instanceKlass  @bci com/android/tools/r8/shaking/S a (Ljava/util/concurrent/ExecutorService;)V 136 <appendix> member <vmtarget> ; # com/android/tools/r8/shaking/S$$Lambda+0x000000080235e268
instanceKlass  @bci com/android/tools/r8/shaking/S a (Ljava/util/concurrent/ExecutorService;)V 89 <appendix> member <vmtarget> ; # com/android/tools/r8/shaking/S$$Lambda+0x000000080235e000
instanceKlass  @bci com/android/tools/r8/shaking/S a (Ljava/util/concurrent/ExecutorService;)V 67 <appendix> member <vmtarget> ; # com/android/tools/r8/shaking/S$$Lambda+0x000000080235bc68
instanceKlass  @cpi com/android/tools/r8/shaking/S 449 form vmentry <vmtarget> ; # java/lang/invoke/LambdaForm$DMH+0x000000080235c400
instanceKlass  @bci com/android/tools/r8/graph/a a (Ljava/util/function/Consumer;Ljava/util/function/Predicate;)V 12 <appendix> member <vmtarget> ; # com/android/tools/r8/graph/a$$Lambda+0x000000080235ba00
instanceKlass  @bci com/android/tools/r8/graph/k3 a (Ljava/util/function/Consumer;Lcom/android/tools/r8/graph/d;Ljava/util/Set;)V 27 <appendix> member <vmtarget> ; # com/android/tools/r8/graph/k3$$Lambda+0x000000080235b778
instanceKlass  @bci com/android/tools/r8/shaking/S a (Lcom/android/tools/r8/graph/j3;Ljava/util/Map;Lcom/android/tools/r8/internal/u00;Lcom/android/tools/r8/graph/A5;Ljava/util/Set;)V 70 <appendix> member <vmtarget> ; # com/android/tools/r8/shaking/S$$Lambda+0x000000080235b510
instanceKlass  @bci com/android/tools/r8/shaking/S a (Lcom/android/tools/r8/graph/j3;Ljava/util/Map;Lcom/android/tools/r8/internal/u00;Lcom/android/tools/r8/graph/A5;Ljava/util/Set;)V 50 <appendix> member <vmtarget> ; # com/android/tools/r8/shaking/S$$Lambda+0x000000080235b2a8
instanceKlass  @bci com/android/tools/r8/shaking/S a (Ljava/util/concurrent/ExecutorService;)V 30 <appendix> member <vmtarget> ; # com/android/tools/r8/shaking/S$$Lambda+0x000000080235b040
instanceKlass  @bci com/android/tools/r8/kotlin/V a (Lcom/android/tools/r8/shaking/M;ZLcom/android/tools/r8/graph/D2;)V 39 <appendix> member <vmtarget> ; # com/android/tools/r8/kotlin/V$$Lambda+0x000000080235adb8
instanceKlass  @bci com/android/tools/r8/kotlin/V a (Lcom/android/tools/r8/shaking/M;ZLcom/android/tools/r8/graph/D2;)V 29 <appendix> argL0 ; # com/android/tools/r8/kotlin/V$$Lambda+0x000000080235ab58
instanceKlass  @bci com/android/tools/r8/kotlin/V a (Lcom/android/tools/r8/shaking/M;)V 311 <appendix> member <vmtarget> ; # com/android/tools/r8/kotlin/V$$Lambda+0x000000080235a8f0
instanceKlass  @bci com/android/tools/r8/shaking/S a (Lcom/android/tools/r8/shaking/G0;)Z 6 <appendix> member <vmtarget> ; # com/android/tools/r8/shaking/S$$Lambda+0x000000080235a668
instanceKlass  @bci com/android/tools/r8/internal/Ut a (Lcom/android/tools/r8/graph/r2;)Lcom/android/tools/r8/internal/Ql; 1 <appendix> argL0 ; # com/android/tools/r8/internal/Ut$$Lambda+0x000000080235a3f8
instanceKlass  @bci com/android/tools/r8/shaking/r4 a (Lcom/android/tools/r8/graph/E0;Lcom/android/tools/r8/shaking/i3;Z)Z 55 <appendix> member <vmtarget> ; # com/android/tools/r8/shaking/r4$$Lambda+0x000000080235a170
instanceKlass  @bci com/android/tools/r8/shaking/r4 a (Lcom/android/tools/r8/graph/E0;Lcom/android/tools/r8/shaking/i3;Z)Z 36 <appendix> member <vmtarget> ; # com/android/tools/r8/shaking/r4$$Lambda+0x0000000802359ee8
instanceKlass  @bci com/android/tools/r8/shaking/U3 a (Lcom/android/tools/r8/graph/y;Lcom/android/tools/r8/graph/I2;)Z 35 <appendix> member <vmtarget> ; # com/android/tools/r8/shaking/U3$$Lambda+0x0000000802359c60
instanceKlass org/gradle/api/internal/artifacts/ivyservice/resolveengine/result/ComponentSelectionReasons$1
instanceKlass  @bci com/android/tools/r8/shaking/G0 a (Ljava/util/Set;)V 2 <appendix> member <vmtarget> ; # com/android/tools/r8/shaking/G0$$Lambda+0x00000008023599f8
instanceKlass  @bci com/android/tools/r8/shaking/S a (Lcom/android/tools/r8/graph/l1;Lcom/android/tools/r8/graph/y3;Lcom/android/tools/r8/graph/C5;ILcom/android/tools/r8/shaking/J;)Z 346 <appendix> argL0 ; # com/android/tools/r8/shaking/S$$Lambda+0x0000000802359318
instanceKlass  @bci com/android/tools/r8/shaking/S c (Lcom/android/tools/r8/graph/A5;)Z 246 <appendix> argL0 ; # com/android/tools/r8/shaking/S$$Lambda+0x0000000802359098
instanceKlass  @bci com/android/tools/r8/shaking/M j (Lcom/android/tools/r8/graph/I2;Lcom/android/tools/r8/graph/C5;)V 15 <appendix> member <vmtarget> ; # com/android/tools/r8/shaking/M$$Lambda+0x0000000802358e30
# instanceKlass java/lang/invoke/LambdaForm$MH+0x000000080235c000
instanceKlass  @bci com/android/tools/r8/shaking/o1 a (Lcom/android/tools/r8/graph/y;Ljava/util/function/BiConsumer;Ljava/util/function/BiConsumer;Ljava/util/function/BiConsumer;)V 39 <appendix> member <vmtarget> ; # com/android/tools/r8/shaking/o1$$Lambda+0x00000008023589a0
instanceKlass  @bci com/android/tools/r8/shaking/o1 a (Lcom/android/tools/r8/graph/y;Ljava/util/function/BiConsumer;Ljava/util/function/BiConsumer;Ljava/util/function/BiConsumer;)V 23 <appendix> member <vmtarget> ; # com/android/tools/r8/shaking/o1$$Lambda+0x0000000802358738
instanceKlass  @bci com/android/tools/r8/shaking/o1 a (Lcom/android/tools/r8/graph/y;Ljava/util/function/BiConsumer;Ljava/util/function/BiConsumer;Ljava/util/function/BiConsumer;)V 8 <appendix> member <vmtarget> ; # com/android/tools/r8/shaking/o1$$Lambda+0x00000008023584d0
instanceKlass  @bci com/android/tools/r8/shaking/M a (Lcom/android/tools/r8/shaking/o4;Ljava/util/concurrent/ExecutorService;Lcom/android/tools/r8/internal/ij0;)Lcom/android/tools/r8/shaking/c0; 379 <appendix> member <vmtarget> ; # com/android/tools/r8/shaking/M$$Lambda+0x0000000802358268
instanceKlass  @bci com/android/tools/r8/shaking/M a (Lcom/android/tools/r8/shaking/o4;Ljava/util/concurrent/ExecutorService;Lcom/android/tools/r8/internal/ij0;)Lcom/android/tools/r8/shaking/c0; 373 <appendix> member <vmtarget> ; # com/android/tools/r8/shaking/M$$Lambda+0x0000000802358000
instanceKlass  @bci com/android/tools/r8/shaking/M a (Lcom/android/tools/r8/shaking/o4;Ljava/util/concurrent/ExecutorService;Lcom/android/tools/r8/internal/ij0;)Lcom/android/tools/r8/shaking/c0; 365 <appendix> member <vmtarget> ; # com/android/tools/r8/shaking/M$$Lambda+0x0000000802355c18
instanceKlass  @bci com/android/tools/r8/shaking/o1 a (Lcom/android/tools/r8/shaking/o1;)V 5 <appendix> member <vmtarget> ; # com/android/tools/r8/shaking/o1$$Lambda+0x00000008023559b0
instanceKlass  @bci com/android/tools/r8/shaking/o1 a (Lcom/android/tools/r8/shaking/p1;)V 1 <appendix> member <vmtarget> ; # com/android/tools/r8/shaking/o1$$Lambda+0x0000000802355748
instanceKlass com/android/tools/r8/shaking/t4
instanceKlass  @bci com/android/tools/r8/shaking/a0 a (Lcom/android/tools/r8/graph/y;Ljava/util/concurrent/ExecutorService;Lcom/android/tools/r8/graph/T5;Lcom/android/tools/r8/experimental/graphinfo/GraphConsumer;Ljava/util/Set;)Lcom/android/tools/r8/shaking/M; 30 <appendix> member <vmtarget> ; # com/android/tools/r8/shaking/a0$$Lambda+0x0000000802355250
instanceKlass  @bci com/android/tools/r8/shaking/M c ()Lcom/android/tools/r8/shaking/d0; 19 <appendix> argL0 ; # com/android/tools/r8/shaking/M$$Lambda+0x0000000802355000
instanceKlass  @bci com/android/tools/r8/shaking/M c ()Lcom/android/tools/r8/shaking/d0; 14 <appendix> argL0 ; # com/android/tools/r8/shaking/M$$Lambda+0x0000000802357c20
instanceKlass com/android/tools/r8/shaking/T
instanceKlass  @bci com/android/tools/r8/internal/eO a (Ljava/util/AbstractMap;)V 6 <appendix> argL0 ; # com/android/tools/r8/internal/eO$$Lambda+0x0000000802356bf8
instanceKlass  @bci com/android/tools/r8/internal/os a (Lcom/android/tools/r8/internal/os;Lcom/android/tools/r8/graph/I2;)Lcom/android/tools/r8/graph/I2; 2 <appendix> argL0 ; # com/android/tools/r8/internal/os$$Lambda+0x0000000802356998
instanceKlass  @bci com/android/tools/r8/internal/X2 a (Lcom/android/tools/r8/graph/D2;Lcom/android/tools/r8/internal/os;)V 44 <appendix> member <vmtarget> ; # com/android/tools/r8/internal/X2$$Lambda+0x0000000802356730
instanceKlass  @bci com/android/tools/r8/internal/os b (Lcom/android/tools/r8/graph/w2;)Lcom/android/tools/r8/graph/w2; 5 <appendix> argL0 ; # com/android/tools/r8/internal/os$$Lambda+0x00000008023564d0
instanceKlass  @bci com/android/tools/r8/internal/YR b (Lcom/android/tools/r8/graph/I2;)Ljava/lang/Iterable; 14 <appendix> member <vmtarget> ; # com/android/tools/r8/internal/YR$$Lambda+0x0000000802356258
instanceKlass  @bci com/android/tools/r8/R8 a (Lcom/android/tools/r8/utils/j;Ljava/util/concurrent/ExecutorService;)V 1828 <appendix> member <vmtarget> ; # com/android/tools/r8/R8$$Lambda+0x0000000802356000
instanceKlass  @bci com/android/tools/r8/internal/HZ b (Lcom/android/tools/r8/graph/y;Ljava/util/concurrent/ExecutorService;)V 32 <appendix> member <vmtarget> ; # com/android/tools/r8/internal/HZ$$Lambda+0x0000000802353ca0
instanceKlass com/android/tools/r8/internal/Ue
instanceKlass  @bci com/android/tools/r8/naming/E a (Ljava/util/concurrent/ExecutorService;)V 13 <appendix> member <vmtarget> ; # com/android/tools/r8/naming/E$$Lambda+0x0000000802353800
instanceKlass  @bci com/android/tools/r8/internal/HZ b (Lcom/android/tools/r8/graph/D2;)V 1 <appendix> argL0 ; # com/android/tools/r8/internal/HZ$$Lambda+0x00000008023535a0
instanceKlass  @bci com/android/tools/r8/internal/HZ a ()V 11 <appendix> member <vmtarget> ; # com/android/tools/r8/internal/HZ$$Lambda+0x0000000802353338
instanceKlass  @bci com/android/tools/r8/internal/xX a (Lcom/android/tools/r8/internal/HZ;Lcom/android/tools/r8/ir/optimize/info/z;Ljava/util/concurrent/ExecutorService;Lcom/android/tools/r8/internal/ij0;)V 334 <appendix> argL0 ; # com/android/tools/r8/internal/xX$$Lambda+0x00000008023530d8
# instanceKlass com/android/tools/r8/internal/xX$$Lambda+0x0000000802352e70
# instanceKlass com/android/tools/r8/internal/xX$$Lambda+0x0000000802352c08
# instanceKlass com/android/tools/r8/internal/xX$$Lambda+0x00000008023529a0
instanceKlass  @bci com/android/tools/r8/internal/xX a (Lcom/android/tools/r8/internal/Et;)V 159 <appendix> member <vmtarget> ; # com/android/tools/r8/internal/xX$$Lambda+0x0000000802352738
instanceKlass  @cpi com/android/tools/r8/internal/xX 433 form vmentry <vmtarget> ; # java/lang/invoke/LambdaForm$DMH+0x0000000802354000
instanceKlass com/android/tools/r8/internal/Kz
instanceKlass com/android/tools/r8/internal/Lz
# instanceKlass com/android/tools/r8/internal/xX$$Lambda+0x0000000802351888
# instanceKlass com/android/tools/r8/internal/xX$$Lambda+0x0000000802351620
instanceKlass  @bci com/android/tools/r8/internal/xX a (Lcom/android/tools/r8/internal/Et;)V 63 <appendix> member <vmtarget> ; # com/android/tools/r8/internal/xX$$Lambda+0x00000008023513b8
instanceKlass  @bci com/android/tools/r8/internal/xX a (Lcom/android/tools/r8/internal/HZ;Lcom/android/tools/r8/ir/optimize/info/z;Ljava/util/concurrent/ExecutorService;Lcom/android/tools/r8/internal/ij0;)V 230 <appendix> member <vmtarget> ; # com/android/tools/r8/internal/xX$$Lambda+0x0000000802351150
# instanceKlass com/android/tools/r8/internal/KY$$Lambda+0x0000000802350f00
instanceKlass  @bci com/android/tools/r8/internal/KY r ()Lcom/android/tools/r8/utils/structural/y; 0 <appendix> argL0 ; # com/android/tools/r8/internal/KY$$Lambda+0x0000000802350cb0
instanceKlass com/android/tools/r8/internal/vX
instanceKlass  @bci com/android/tools/r8/internal/Jt a (Lcom/android/tools/r8/internal/u00;Lcom/android/tools/r8/internal/eQ;Lcom/android/tools/r8/internal/IP$a;Ljava/util/concurrent/ExecutorService;)V 40 <appendix> member <vmtarget> ; # com/android/tools/r8/internal/Jt$$Lambda+0x00000008023504d0
instanceKlass  @bci com/android/tools/r8/internal/Jt a (Ljava/util/ArrayList;Lcom/android/tools/r8/internal/eQ;Lcom/android/tools/r8/internal/IP$a;Ljava/util/concurrent/ExecutorService;)V 2 <appendix> member <vmtarget> ; # com/android/tools/r8/internal/Jt$$Lambda+0x0000000802350268
instanceKlass  @bci com/android/tools/r8/internal/e00 a (Ljava/util/List;Lcom/android/tools/r8/graph/C5;)V 34 <appendix> member <vmtarget> ; # com/android/tools/r8/internal/e00$$Lambda+0x0000000802350000
instanceKlass  @bci com/android/tools/r8/internal/xX a (Lcom/android/tools/r8/internal/oX;Lcom/android/tools/r8/graph/C5;Lcom/android/tools/r8/synthesis/M;)V 82 <appendix> member <vmtarget> ; # com/android/tools/r8/internal/xX$$Lambda+0x0000000802348cb8
instanceKlass  @bci com/android/tools/r8/internal/xX a (Lcom/android/tools/r8/internal/iX;)Ljava/util/ArrayList; 364 <appendix> member <vmtarget> ; # com/android/tools/r8/internal/xX$$Lambda+0x0000000802348a50
instanceKlass  @bci com/android/tools/r8/internal/xX a (Lcom/android/tools/r8/internal/iX;)Ljava/util/ArrayList; 345 <appendix> argL0 ; # com/android/tools/r8/internal/xX$$Lambda+0x0000000802348800
instanceKlass  @bci com/android/tools/r8/internal/xX a (Lcom/android/tools/r8/internal/iX;)Ljava/util/ArrayList; 312 <appendix> member <vmtarget> ; # com/android/tools/r8/internal/xX$$Lambda+0x0000000802349c10
instanceKlass  @bci com/android/tools/r8/internal/uX a (IILcom/android/tools/r8/internal/oX;)V 19 <appendix> argL0 ; # com/android/tools/r8/internal/uX$$Lambda+0x00000008023499a0
# instanceKlass com/android/tools/r8/internal/xX$$Lambda+0x0000000802349738
# instanceKlass com/android/tools/r8/internal/xX$$Lambda+0x00000008023494d0
instanceKlass  @bci com/android/tools/r8/internal/xX b (Lcom/android/tools/r8/internal/Et;)V 82 <appendix> member <vmtarget> ; # com/android/tools/r8/internal/xX$$Lambda+0x0000000802349268
instanceKlass  @bci com/android/tools/r8/internal/xX a (Lcom/android/tools/r8/internal/HZ;Lcom/android/tools/r8/internal/u00;Ljava/util/function/Consumer;Ljava/util/concurrent/ExecutorService;)V 34 <appendix> member <vmtarget> ; # com/android/tools/r8/internal/xX$$Lambda+0x0000000802349000
instanceKlass  @bci com/android/tools/r8/internal/xX a (Lcom/android/tools/r8/internal/HZ;Lcom/android/tools/r8/ir/optimize/info/z;Ljava/util/concurrent/ExecutorService;Lcom/android/tools/r8/internal/ij0;)V 189 <appendix> member <vmtarget> ; # com/android/tools/r8/internal/xX$$Lambda+0x000000080234bd08
instanceKlass com/android/tools/r8/internal/e00
instanceKlass com/android/tools/r8/internal/hX
instanceKlass  @bci com/android/tools/r8/internal/fX a (Lcom/android/tools/r8/graph/y;Ljava/util/Map;Lcom/android/tools/r8/graph/w2;Ljava/util/List;)V 101 <appendix> argL0 ; # com/android/tools/r8/internal/fX$$Lambda+0x000000080234b600
instanceKlass  @bci com/android/tools/r8/internal/fX a (Lcom/android/tools/r8/graph/y;)Ljava/util/HashMap; 16 <appendix> member <vmtarget> ; # com/android/tools/r8/internal/fX$$Lambda+0x000000080234b398
instanceKlass  @bci com/android/tools/r8/internal/HZ a (Lcom/android/tools/r8/graph/y;Ljava/util/concurrent/ExecutorService;)Lcom/android/tools/r8/graph/x0; 976 <appendix> member <vmtarget> ; # com/android/tools/r8/internal/HZ$$Lambda+0x000000080234b140
# instanceKlass java/lang/invoke/LambdaForm$MH+0x0000000802348400
# instanceKlass java/lang/invoke/LambdaForm$MH+0x0000000802314800
# instanceKlass java/lang/invoke/LambdaForm$DMH+0x0000000802315000
# instanceKlass java/lang/invoke/LambdaForm$DMH+0x0000000802340400
instanceKlass com/android/tools/r8/internal/lL
instanceKlass  @bci com/android/tools/r8/internal/KT a ()V 415 <appendix> member <vmtarget> ; # com/android/tools/r8/internal/KT$$Lambda+0x000000080234ac50
instanceKlass  @bci com/android/tools/r8/internal/c00 b (Lcom/android/tools/r8/graph/C5;Lcom/android/tools/r8/graph/C5;)V 9 <appendix> member <vmtarget> ; # com/android/tools/r8/internal/c00$$Lambda+0x000000080234a9e8
instanceKlass  @bci com/android/tools/r8/internal/KT a ()V 297 <appendix> argL0 ; # com/android/tools/r8/internal/KT$$Lambda+0x000000080234a768
instanceKlass  @bci com/android/tools/r8/internal/oL a (Lcom/android/tools/r8/internal/Et;Lcom/android/tools/r8/internal/K5;Lcom/android/tools/r8/internal/Ow;Lcom/android/tools/r8/internal/HB;Lcom/android/tools/r8/internal/QP;)Lcom/android/tools/r8/internal/Ow; 211 <appendix> member <vmtarget> ; # com/android/tools/r8/internal/oL$$Lambda+0x000000080234a4e0
instanceKlass  @bci com/android/tools/r8/internal/KT a (Lcom/android/tools/r8/internal/HB;Lcom/android/tools/r8/internal/HB;Lcom/android/tools/r8/internal/QP;)V 60 <appendix> argL0 ; # com/android/tools/r8/internal/KT$$Lambda+0x000000080234a260
instanceKlass  @bci com/android/tools/r8/internal/oL a (Lcom/android/tools/r8/internal/Et;Lcom/android/tools/r8/graph/C5;Lcom/android/tools/r8/internal/sT;Lcom/android/tools/r8/internal/os;Lcom/android/tools/r8/graph/proto/j;Ljava/util/Set;Lcom/android/tools/r8/ir/optimize/a;Ljava/util/Set;)V 2514 <appendix> argL0 ; # com/android/tools/r8/internal/oL$$Lambda+0x000000080234a000
instanceKlass  @bci com/android/tools/r8/internal/ao a (Lcom/android/tools/r8/internal/SB;Lcom/android/tools/r8/internal/Et;Ljava/util/IdentityHashMap;Lcom/android/tools/r8/internal/J5;Ljava/util/Set;Lcom/android/tools/r8/internal/fQ;)V 546 <appendix> member <vmtarget> ; # com/android/tools/r8/internal/ao$$Lambda+0x000000080234fca8
instanceKlass  @bci com/android/tools/r8/internal/c00 c (Lcom/android/tools/r8/graph/C5;Lcom/android/tools/r8/internal/SZ;)V 35 <appendix> member <vmtarget> ; # com/android/tools/r8/internal/c00$$Lambda+0x000000080234fa40
instanceKlass  @bci com/android/tools/r8/internal/oL a (Lcom/android/tools/r8/internal/Et;Lcom/android/tools/r8/internal/K5;Lcom/android/tools/r8/internal/Ow;Lcom/android/tools/r8/internal/up;Lcom/android/tools/r8/internal/pp;)Lcom/android/tools/r8/internal/Ow; 163 <appendix> member <vmtarget> ; # com/android/tools/r8/internal/oL$$Lambda+0x000000080234f7b8
instanceKlass  @bci com/android/tools/r8/internal/ao a (Lcom/android/tools/r8/internal/Et;Ljava/util/IdentityHashMap;Lcom/android/tools/r8/internal/fQ;)V 50 <appendix> argL0 ; # com/android/tools/r8/internal/ao$$Lambda+0x000000080234f538
instanceKlass com/android/tools/r8/internal/Pn
instanceKlass  @bci com/android/tools/r8/internal/oL a (Lcom/android/tools/r8/internal/Et;Lcom/android/tools/r8/graph/C5;Lcom/android/tools/r8/internal/sT;Lcom/android/tools/r8/internal/os;Lcom/android/tools/r8/graph/proto/j;Ljava/util/Set;Lcom/android/tools/r8/ir/optimize/a;Ljava/util/Set;)V 724 <appendix> member <vmtarget> ; # com/android/tools/r8/internal/oL$$Lambda+0x000000080234f098
instanceKlass  @bci com/android/tools/r8/internal/c00 d (Lcom/android/tools/r8/graph/C5;Lcom/android/tools/r8/graph/C5;)V 9 <appendix> member <vmtarget> ; # com/android/tools/r8/internal/c00$$Lambda+0x000000080234ee30
# instanceKlass com/android/tools/r8/internal/o3$$Lambda+0x000000080234ebc8
instanceKlass  @bci com/android/tools/r8/internal/o3 a (Lcom/android/tools/r8/graph/y;Lcom/android/tools/r8/internal/Et;Lcom/android/tools/r8/ir/optimize/info/b;)V 678 <appendix> member <vmtarget> ; # com/android/tools/r8/internal/o3$$Lambda+0x000000080234e960
# instanceKlass com/android/tools/r8/internal/o3$$Lambda+0x000000080234e490
instanceKlass  @bci com/android/tools/r8/internal/o3 a (Lcom/android/tools/r8/graph/y;Lcom/android/tools/r8/internal/Et;Lcom/android/tools/r8/ir/optimize/info/b;)V 668 <appendix> member <vmtarget> ; # com/android/tools/r8/internal/o3$$Lambda+0x000000080234e6f8
instanceKlass com/android/tools/r8/internal/o3
instanceKlass  @bci com/android/tools/r8/internal/c00 f (Lcom/android/tools/r8/graph/C5;Lcom/android/tools/r8/graph/C5;)V 9 <appendix> member <vmtarget> ; # com/android/tools/r8/internal/c00$$Lambda+0x000000080234dff0
instanceKlass  @bci com/android/tools/r8/internal/oL a (Lcom/android/tools/r8/graph/C5;Lcom/android/tools/r8/internal/Et;Ljava/util/Set;)V 46 <appendix> member <vmtarget> ; # com/android/tools/r8/internal/oL$$Lambda+0x000000080234dd68
instanceKlass  @bci com/android/tools/r8/internal/ZY a (Lcom/android/tools/r8/internal/DZ;Lcom/android/tools/r8/internal/HZ;Lcom/android/tools/r8/ir/optimize/info/z;Lcom/android/tools/r8/threading/ThreadingModule;Ljava/util/concurrent/ExecutorService;Lcom/android/tools/r8/internal/ij0;)V 190 <appendix> member <vmtarget> ; # com/android/tools/r8/internal/ZY$$Lambda+0x000000080234db10
instanceKlass  @bci com/android/tools/r8/internal/ZY a (Lcom/android/tools/r8/internal/DZ;Lcom/android/tools/r8/internal/HZ;Lcom/android/tools/r8/ir/optimize/info/z;Lcom/android/tools/r8/threading/ThreadingModule;Ljava/util/concurrent/ExecutorService;Lcom/android/tools/r8/internal/ij0;)V 90 <appendix> member <vmtarget> ; # com/android/tools/r8/internal/ZY$$Lambda+0x000000080234d888
instanceKlass  @bci com/android/tools/r8/internal/HZ a (Lcom/android/tools/r8/graph/y;Ljava/util/concurrent/ExecutorService;)Lcom/android/tools/r8/graph/x0; 927 <appendix> member <vmtarget> ; # com/android/tools/r8/internal/HZ$$Lambda+0x000000080234d630
instanceKlass  @bci com/android/tools/r8/internal/ZY a (Lcom/android/tools/r8/internal/eT;Ljava/util/function/Consumer;)V 5 <appendix> member <vmtarget> ; # com/android/tools/r8/internal/ZY$$Lambda+0x000000080234d3c8
instanceKlass  @bci com/android/tools/r8/internal/u00 a (Lcom/android/tools/r8/internal/Mq;)Lcom/android/tools/r8/internal/u00; 11 <appendix> member <vmtarget> ; # com/android/tools/r8/internal/u00$$Lambda+0x000000080234d160
instanceKlass  @bci com/android/tools/r8/internal/ZY a (Lcom/android/tools/r8/internal/eT;)V 20 <appendix> member <vmtarget> ; # com/android/tools/r8/internal/ZY$$Lambda+0x000000080234cef8
instanceKlass  @bci com/android/tools/r8/internal/d8 a (Ljava/util/function/Consumer;)Lcom/android/tools/r8/internal/u00; 8 <appendix> member <vmtarget> ; # com/android/tools/r8/internal/d8$$Lambda+0x000000080234cc90
instanceKlass  @bci com/android/tools/r8/internal/d8 a (Ljava/util/function/Consumer;)Lcom/android/tools/r8/internal/u00; 2 <appendix> argL0 ; # com/android/tools/r8/internal/d8$$Lambda+0x000000080234ca10
instanceKlass  @bci com/android/tools/r8/internal/ZY a (Lcom/android/tools/r8/internal/d8;)Ljava/util/ArrayDeque; 18 <appendix> member <vmtarget> ; # com/android/tools/r8/internal/ZY$$Lambda+0x000000080234c7a8
instanceKlass  @bci com/android/tools/r8/synthesis/I a (Lcom/android/tools/r8/graph/I2;Ljava/util/function/BiPredicate;)Z 7 <appendix> member <vmtarget> ; # com/android/tools/r8/synthesis/I$$Lambda+0x000000080234c4f0
instanceKlass  @bci com/android/tools/r8/synthesis/I e (Lcom/android/tools/r8/graph/I2;)Lcom/android/tools/r8/internal/Jq; 9 <appendix> argL0 ; # com/android/tools/r8/synthesis/I$$Lambda+0x000000080234c280
instanceKlass  @bci com/android/tools/r8/internal/h8 <init> (Lcom/android/tools/r8/graph/y;Lcom/android/tools/r8/internal/d8;Lcom/android/tools/r8/internal/gQ;)V 338 <appendix> argL0 ; # com/android/tools/r8/internal/h8$$Lambda+0x000000080234c000
# instanceKlass java/lang/invoke/LambdaForm$MH+0x0000000802348000
# instanceKlass java/lang/invoke/LambdaForm$MH+0x0000000802340c00
# instanceKlass com/android/tools/r8/graph/proto/c$a$$Lambda+0x0000000802341be8
instanceKlass  @bci com/android/tools/r8/graph/proto/c$a a (Lcom/android/tools/r8/graph/proto/c;)Lcom/android/tools/r8/graph/proto/c$a; 3 <appendix> member <vmtarget> ; # com/android/tools/r8/graph/proto/c$a$$Lambda+0x0000000802341990
instanceKlass  @cpi com/android/tools/r8/graph/proto/c$a 48 form vmentry <vmtarget> ; # java/lang/invoke/LambdaForm$DMH+0x0000000802340800
instanceKlass  @bci com/android/tools/r8/internal/HZ a (Lcom/android/tools/r8/graph/y;Ljava/util/concurrent/ExecutorService;)Lcom/android/tools/r8/graph/x0; 856 <appendix> member <vmtarget> ; # com/android/tools/r8/internal/HZ$$Lambda+0x0000000802341738
instanceKlass  @bci com/android/tools/r8/ir/optimize/info/u a (Lcom/android/tools/r8/internal/YY;Ljava/util/concurrent/ExecutorService;)V 54 <appendix> member <vmtarget> ; # com/android/tools/r8/ir/optimize/info/u$$Lambda+0x00000008023414d0
# instanceKlass com/android/tools/r8/ir/optimize/info/u$$Lambda+0x0000000802341268
# instanceKlass com/android/tools/r8/ir/optimize/info/u$$Lambda+0x0000000802341000
# instanceKlass com/android/tools/r8/ir/optimize/info/u$$Lambda+0x0000000802343b80
instanceKlass  @bci com/android/tools/r8/ir/optimize/info/u a (Lcom/android/tools/r8/internal/YY;Lcom/android/tools/r8/internal/os;Lcom/android/tools/r8/utils/w;Lcom/android/tools/r8/graph/D2;)Ljava/util/List; 25 <appendix> member <vmtarget> ; # com/android/tools/r8/ir/optimize/info/u$$Lambda+0x0000000802343918
# instanceKlass com/android/tools/r8/ir/optimize/info/u$$Lambda+0x0000000802343698
instanceKlass  @bci com/android/tools/r8/ir/optimize/info/u a (Lcom/android/tools/r8/internal/YY;Lcom/android/tools/r8/internal/os;Lcom/android/tools/r8/utils/w;Lcom/android/tools/r8/graph/D2;)Ljava/util/List; 15 <appendix> argL0 ; # com/android/tools/r8/ir/optimize/info/u$$Lambda+0x0000000802343418
instanceKlass  @bci com/android/tools/r8/ir/optimize/info/u a (Lcom/android/tools/r8/internal/YY;Ljava/util/concurrent/ExecutorService;)V 37 <appendix> member <vmtarget> ; # com/android/tools/r8/ir/optimize/info/u$$Lambda+0x00000008023431c0
instanceKlass com/android/tools/r8/ir/optimize/info/u
instanceKlass  @bci com/android/tools/r8/ir/optimize/info/l a (Lcom/android/tools/r8/ir/optimize/info/w;)Lcom/android/tools/r8/ir/optimize/info/h; 67 <appendix> member <vmtarget> ; # com/android/tools/r8/ir/optimize/info/l$$Lambda+0x00000008023429c8
instanceKlass com/android/tools/r8/ir/optimize/info/k
# instanceKlass com/android/tools/r8/ir/optimize/info/p$$Lambda+0x0000000802342520
instanceKlass  @bci com/android/tools/r8/ir/optimize/info/p a (Lcom/android/tools/r8/graph/y;Lcom/android/tools/r8/ir/optimize/info/p;)V 6 <appendix> member <vmtarget> ; # com/android/tools/r8/ir/optimize/info/p$$Lambda+0x00000008023422b8
instanceKlass com/android/tools/r8/internal/hZ
instanceKlass  @bci com/android/tools/r8/ir/optimize/info/p a (Lcom/android/tools/r8/graph/y;Lcom/android/tools/r8/graph/B2;Lcom/android/tools/r8/ir/optimize/info/h;)V 7 <appendix> member <vmtarget> ; # com/android/tools/r8/ir/optimize/info/p$$Lambda+0x0000000802347cc8
instanceKlass  @bci com/android/tools/r8/ir/optimize/info/n j (Lcom/android/tools/r8/graph/D2;)V 332 <appendix> argL0 ; # com/android/tools/r8/ir/optimize/info/n$$Lambda+0x0000000802347a18
instanceKlass  @bci com/android/tools/r8/ir/optimize/info/n j (Lcom/android/tools/r8/graph/D2;)V 593 <appendix> member <vmtarget> ; # com/android/tools/r8/ir/optimize/info/n$$Lambda+0x0000000802347790
instanceKlass  @bci com/android/tools/r8/ir/optimize/info/n j (Lcom/android/tools/r8/graph/D2;)V 45 <appendix> member <vmtarget> ; # com/android/tools/r8/ir/optimize/info/n$$Lambda+0x0000000802347528
instanceKlass  @bci com/android/tools/r8/ir/optimize/info/n l (Lcom/android/tools/r8/graph/D2;)V 33 <appendix> member <vmtarget> ; # com/android/tools/r8/ir/optimize/info/n$$Lambda+0x0000000802346cf0
instanceKlass com/android/tools/r8/ir/optimize/info/o
instanceKlass  @bci com/android/tools/r8/ir/optimize/info/q a (Lcom/android/tools/r8/graph/y;Ljava/util/concurrent/ExecutorService;Lcom/android/tools/r8/internal/YY;)V 45 <appendix> member <vmtarget> ; # com/android/tools/r8/ir/optimize/info/q$$Lambda+0x00000008023465f0
instanceKlass com/android/tools/r8/ir/optimize/info/r
instanceKlass com/android/tools/r8/ir/optimize/info/q
instanceKlass  @bci com/android/tools/r8/internal/Ln a (Lcom/android/tools/r8/graph/y;Lcom/android/tools/r8/internal/HZ;Lcom/android/tools/r8/internal/YY;Ljava/util/concurrent/ExecutorService;Lcom/android/tools/r8/ir/optimize/info/z;Lcom/android/tools/r8/internal/ij0;)V 972 <appendix> member <vmtarget> ; # com/android/tools/r8/internal/Ln$$Lambda+0x0000000802345ca8
instanceKlass com/android/tools/r8/internal/ao
# instanceKlass com/android/tools/r8/internal/Kn$$Lambda+0x0000000802345598
# instanceKlass com/android/tools/r8/internal/Kn$$Lambda+0x0000000802345330
instanceKlass  @bci com/android/tools/r8/internal/Kn a (Lcom/android/tools/r8/graph/g1;Lcom/android/tools/r8/ir/optimize/info/v;)V 58 <appendix> member <vmtarget> ; # com/android/tools/r8/internal/Kn$$Lambda+0x00000008023450c8
# instanceKlass com/android/tools/r8/internal/Kn$$Lambda+0x0000000802344e60
instanceKlass  @bci com/android/tools/r8/internal/Kn a (Lcom/android/tools/r8/graph/j1;Lcom/android/tools/r8/ir/optimize/info/w;)V 152 <appendix> member <vmtarget> ; # com/android/tools/r8/internal/Kn$$Lambda+0x0000000802344bf8
instanceKlass  @bci com/android/tools/r8/internal/Kn a (Lcom/android/tools/r8/graph/j1;Lcom/android/tools/r8/ir/optimize/info/w;)V 143 <appendix> argL0 ; # com/android/tools/r8/internal/Kn$$Lambda+0x0000000802344738
instanceKlass  @bci com/android/tools/r8/internal/Kn a (Lcom/android/tools/r8/graph/g1;Lcom/android/tools/r8/ir/optimize/info/v;)V 49 <appendix> argL0 ; # com/android/tools/r8/internal/Kn$$Lambda+0x0000000802344998
instanceKlass com/android/tools/r8/internal/Kn
instanceKlass com/android/tools/r8/internal/bo
instanceKlass  @bci com/android/tools/r8/internal/co a (Lcom/android/tools/r8/internal/HZ;Ljava/util/concurrent/ExecutorService;Lcom/android/tools/r8/internal/ij0;)Lcom/android/tools/r8/internal/bo; 197 <appendix> member <vmtarget> ; # com/android/tools/r8/internal/co$$Lambda+0x0000000802344000
instanceKlass  @bci com/android/tools/r8/internal/co a (Lcom/android/tools/r8/internal/HZ;Ljava/util/concurrent/ExecutorService;)Lcom/android/tools/r8/internal/Js; 107 <appendix> member <vmtarget> ; # com/android/tools/r8/internal/co$$Lambda+0x000000080233fb88
instanceKlass  @bci com/android/tools/r8/internal/co a (Lcom/android/tools/r8/graph/C5;Lcom/android/tools/r8/internal/Qb;Lcom/android/tools/r8/graph/E2;Lcom/android/tools/r8/synthesis/M;)V 71 <appendix> member <vmtarget> ; # com/android/tools/r8/internal/co$$Lambda+0x000000080233f930
instanceKlass  @bci com/android/tools/r8/internal/co a (Lcom/android/tools/r8/internal/Ke;Lcom/android/tools/r8/internal/Q5;Lcom/android/tools/r8/internal/BW;Lcom/android/tools/r8/graph/C5;Ljava/util/Set;)V 118 <appendix> member <vmtarget> ; # com/android/tools/r8/internal/co$$Lambda+0x000000080233f6c8
instanceKlass  @bci com/android/tools/r8/internal/co a (Lcom/android/tools/r8/internal/Ke;Lcom/android/tools/r8/internal/Q5;Lcom/android/tools/r8/internal/BW;Lcom/android/tools/r8/graph/C5;Ljava/util/Set;)V 99 <appendix> argL0 ; # com/android/tools/r8/internal/co$$Lambda+0x000000080233f478
instanceKlass  @bci com/android/tools/r8/internal/co a (Lcom/android/tools/r8/internal/HZ;Ljava/util/concurrent/ExecutorService;)Lcom/android/tools/r8/internal/Js; 66 <appendix> member <vmtarget> ; # com/android/tools/r8/internal/co$$Lambda+0x000000080233f210
instanceKlass  @bci com/android/tools/r8/internal/co a (Lcom/android/tools/r8/internal/HZ;Ljava/util/concurrent/ExecutorService;)Lcom/android/tools/r8/internal/Js; 48 <appendix> member <vmtarget> ; # com/android/tools/r8/internal/co$$Lambda+0x000000080233ef88
instanceKlass  @bci com/android/tools/r8/internal/co a ()Ljava/util/Set; 9 <appendix> member <vmtarget> ; # com/android/tools/r8/internal/co$$Lambda+0x000000080233ed20
instanceKlass  @bci com/android/tools/r8/ir/optimize/A <clinit> ()V 0 <appendix> argL0 ; # com/android/tools/r8/ir/optimize/A$$Lambda+0x000000080233ead0
instanceKlass  @cpi com/android/tools/r8/ir/optimize/A 21 form vmentry <vmtarget> ; # java/lang/invoke/LambdaForm$DMH+0x0000000802340000
instanceKlass  @bci com/android/tools/r8/internal/V3 a (Lcom/android/tools/r8/internal/Zn;Lcom/android/tools/r8/graph/y;Lcom/android/tools/r8/internal/k4;Lcom/android/tools/r8/internal/V3$a;)V 123 <appendix> member <vmtarget> ; # com/android/tools/r8/internal/V3$$Lambda+0x000000080233e868
instanceKlass  @bci com/android/tools/r8/internal/V3 a (Lcom/android/tools/r8/graph/y;Lcom/android/tools/r8/internal/Zn;)Lcom/android/tools/r8/internal/V3; 10 <appendix> member <vmtarget> ; # com/android/tools/r8/internal/V3$$Lambda+0x000000080233e600
instanceKlass  @bci com/android/tools/r8/internal/V3 a (Lcom/android/tools/r8/graph/y;Lcom/android/tools/r8/internal/Zn;)Lcom/android/tools/r8/internal/V3; 4 <appendix> member <vmtarget> ; # com/android/tools/r8/internal/V3$$Lambda+0x000000080233e398
instanceKlass  @bci com/android/tools/r8/internal/co a (Lcom/android/tools/r8/internal/HZ;Ljava/util/concurrent/ExecutorService;Lcom/android/tools/r8/internal/ij0;)Lcom/android/tools/r8/internal/bo; 38 <appendix> member <vmtarget> ; # com/android/tools/r8/internal/co$$Lambda+0x000000080233e130
instanceKlass  @bci com/android/tools/r8/internal/co a (Lcom/android/tools/r8/graph/D2;Ljava/util/Set;Lcom/android/tools/r8/internal/hN;)Ljava/util/Collection; 115 <appendix> member <vmtarget> ; # com/android/tools/r8/internal/co$$Lambda+0x000000080233dec8
instanceKlass  @bci com/android/tools/r8/internal/co a (Lcom/android/tools/r8/graph/g1$a;)V 13 <appendix> argL0 ; # com/android/tools/r8/internal/co$$Lambda+0x000000080233dc68
instanceKlass  @bci com/android/tools/r8/internal/co a (Lcom/android/tools/r8/graph/A5;Lcom/android/tools/r8/internal/hN;Ljava/util/function/Predicate;)Lcom/android/tools/r8/graph/g1; 70 <appendix> argL0 ; # com/android/tools/r8/internal/co$$Lambda+0x000000080233da08
instanceKlass  @bci com/android/tools/r8/internal/co a (Lcom/android/tools/r8/internal/yn;Lcom/android/tools/r8/internal/hN;Ljava/util/Map;Lcom/android/tools/r8/graph/A5;)V 37 <appendix> member <vmtarget> ; # com/android/tools/r8/internal/co$$Lambda+0x000000080233d780
instanceKlass  @bci com/android/tools/r8/internal/co c (Lcom/android/tools/r8/graph/C5;Lcom/android/tools/r8/graph/j1$a;)Lcom/android/tools/r8/graph/j1$a; 22 <appendix> member <vmtarget> ; # com/android/tools/r8/internal/co$$Lambda+0x000000080233d518
instanceKlass  @bci com/android/tools/r8/graph/g1$a b ()Lcom/android/tools/r8/graph/g1$a; 3 <appendix> argL0 ; # com/android/tools/r8/graph/g1$a$$Lambda+0x000000080233d2b8
instanceKlass  @bci com/android/tools/r8/internal/co b (Lcom/android/tools/r8/graph/C5;Lcom/android/tools/r8/internal/hN;Ljava/util/function/Predicate;)Lcom/android/tools/r8/graph/j1; 61 <appendix> member <vmtarget> ; # com/android/tools/r8/internal/co$$Lambda+0x000000080233d050
instanceKlass  @bci com/android/tools/r8/internal/co a (Lcom/android/tools/r8/graph/g1;)Lcom/android/tools/r8/graph/g1; 66 <appendix> argL0 ; # com/android/tools/r8/internal/co$$Lambda+0x000000080233cdf0
instanceKlass  @bci com/android/tools/r8/internal/co b (Lcom/android/tools/r8/internal/hN;Ljava/util/Map;Lcom/android/tools/r8/graph/C5;Z)Lcom/android/tools/r8/graph/w2; 38 <appendix> member <vmtarget> ; # com/android/tools/r8/internal/co$$Lambda+0x000000080233cb68
instanceKlass  @bci com/android/tools/r8/internal/co a (Lcom/android/tools/r8/graph/D2;Ljava/util/Set;Lcom/android/tools/r8/internal/hN;)Ljava/util/Collection; 74 <appendix> member <vmtarget> ; # com/android/tools/r8/internal/co$$Lambda+0x000000080233c900
instanceKlass  @bci com/android/tools/r8/internal/co a (Lcom/android/tools/r8/graph/D2;Ljava/util/Set;Lcom/android/tools/r8/internal/hN;)Ljava/util/Collection; 46 <appendix> member <vmtarget> ; # com/android/tools/r8/internal/co$$Lambda+0x000000080233c698
instanceKlass  @bci com/android/tools/r8/internal/co a (Lcom/android/tools/r8/graph/D2;Lcom/android/tools/r8/internal/hN;)Ljava/util/Collection; 76 <appendix> member <vmtarget> ; # com/android/tools/r8/internal/co$$Lambda+0x000000080233c430
instanceKlass  @bci com/android/tools/r8/internal/RP a (Lcom/android/tools/r8/graph/w2;Lcom/android/tools/r8/graph/E2;)Lcom/android/tools/r8/graph/w2; 6 <appendix> member <vmtarget> ; # com/android/tools/r8/internal/RP$$Lambda+0x000000080233c1c8
# instanceKlass com/android/tools/r8/graph/l3$$Lambda+0x000000080233b0e8
instanceKlass  @bci com/android/tools/r8/graph/j1$a a (Ljava/util/function/BiConsumer;)Lcom/android/tools/r8/graph/j1$a; 4 <appendix> member <vmtarget> ; # com/android/tools/r8/graph/j1$a$$Lambda+0x000000080233bf60
instanceKlass  @bci com/android/tools/r8/graph/j1$a a (Lcom/android/tools/r8/graph/y;Lcom/android/tools/r8/graph/N5;)Lcom/android/tools/r8/graph/j1$a; 3 <appendix> member <vmtarget> ; # com/android/tools/r8/graph/j1$a$$Lambda+0x000000080233bcf8
instanceKlass  @bci com/android/tools/r8/internal/co a (Lcom/android/tools/r8/internal/RP;Lcom/android/tools/r8/graph/j1;)Lcom/android/tools/r8/graph/j1; 205 <appendix> member <vmtarget> ; # com/android/tools/r8/internal/co$$Lambda+0x000000080233ba90
instanceKlass  @bci com/android/tools/r8/internal/a6 b (Lcom/android/tools/r8/graph/w2;Lcom/android/tools/r8/graph/w2;)V 98 <appendix> argL0 ; # com/android/tools/r8/internal/a6$$Lambda+0x000000080233b820
instanceKlass  @bci com/android/tools/r8/internal/RP b (Lcom/android/tools/r8/graph/w2;Lcom/android/tools/r8/graph/E2;)Lcom/android/tools/r8/graph/w2; 3 <appendix> member <vmtarget> ; # com/android/tools/r8/internal/RP$$Lambda+0x000000080233b5b8
# instanceKlass com/android/tools/r8/graph/l3$$Lambda+0x000000080233b350
# instanceKlass com/android/tools/r8/graph/l3$$Lambda+0x000000080233ae80
instanceKlass  @bci com/android/tools/r8/graph/l3 a (Ljava/util/function/Function;)V 38 <appendix> member <vmtarget> ; # com/android/tools/r8/graph/l3$$Lambda+0x000000080233ac18
# instanceKlass com/android/tools/r8/graph/l3$$Lambda+0x000000080233a718
instanceKlass  @bci com/android/tools/r8/graph/l3 a (Ljava/util/function/Function;)V 32 <appendix> argL0 ; # com/android/tools/r8/graph/l3$$Lambda+0x000000080233a998
# instanceKlass com/android/tools/r8/graph/l3$$Lambda+0x000000080233a4b0
instanceKlass  @bci com/android/tools/r8/graph/l3 a (Ljava/util/function/Function;)V 14 <appendix> member <vmtarget> ; # com/android/tools/r8/graph/l3$$Lambda+0x000000080233a248
# instanceKlass com/android/tools/r8/graph/l3$$Lambda+0x0000000802339fc8
# instanceKlass com/android/tools/r8/graph/l3$$Lambda+0x0000000802339d48
instanceKlass  @bci com/android/tools/r8/graph/l3 a (Ljava/util/function/Function;)V 8 <appendix> argL0 ; # com/android/tools/r8/graph/l3$$Lambda+0x0000000802339848
# instanceKlass com/android/tools/r8/graph/l3$$Lambda+0x0000000802339ac8
# instanceKlass com/android/tools/r8/internal/co$$Lambda+0x00000008023395d0
instanceKlass  @bci com/android/tools/r8/internal/co a (Lcom/android/tools/r8/graph/D2;Lcom/android/tools/r8/internal/RP;)V 254 <appendix> member <vmtarget> ; # com/android/tools/r8/internal/co$$Lambda+0x0000000802339358
# instanceKlass com/android/tools/r8/internal/co$$Lambda+0x00000008023390e0
instanceKlass  @bci com/android/tools/r8/internal/co a (Lcom/android/tools/r8/graph/D2;Lcom/android/tools/r8/internal/RP;)V 227 <appendix> member <vmtarget> ; # com/android/tools/r8/internal/co$$Lambda+0x0000000802338e68
instanceKlass com/android/tools/r8/internal/RP
# instanceKlass com/android/tools/r8/internal/Cf$$Lambda+0x00000008023389c0
# instanceKlass com/android/tools/r8/internal/Cf$$Lambda+0x0000000802338758
instanceKlass  @bci com/android/tools/r8/internal/Cf a (Lcom/android/tools/r8/graph/D2;Lcom/android/tools/r8/internal/Rl;)Lcom/android/tools/r8/internal/RP; 7 <appendix> member <vmtarget> ; # com/android/tools/r8/internal/Cf$$Lambda+0x00000008023384f0
# instanceKlass com/android/tools/r8/internal/Cf$$Lambda+0x0000000802338268
# instanceKlass com/android/tools/r8/internal/Cf$$Lambda+0x0000000802334400
# instanceKlass com/android/tools/r8/internal/Cf$$Lambda+0x0000000802334d10
instanceKlass  @bci com/android/tools/r8/internal/Cf a (Ljava/util/ArrayList;Lcom/android/tools/r8/internal/Rl;)V 67 <appendix> member <vmtarget> ; # com/android/tools/r8/internal/Cf$$Lambda+0x0000000802338000
# instanceKlass com/android/tools/r8/internal/Cf$$Lambda+0x0000000802334800
instanceKlass  @bci com/android/tools/r8/internal/Cf a (Ljava/util/ArrayList;Lcom/android/tools/r8/internal/Rl;)V 60 <appendix> member <vmtarget> ; # com/android/tools/r8/internal/Cf$$Lambda+0x0000000802334a88
# instanceKlass com/android/tools/r8/internal/Cf$$Lambda+0x0000000802335768
# instanceKlass com/android/tools/r8/internal/Cf$$Lambda+0x0000000802335c38
# instanceKlass com/android/tools/r8/internal/Cf$$Lambda+0x00000008023359d0
instanceKlass  @bci com/android/tools/r8/internal/Cf a (Ljava/util/ArrayList;Lcom/android/tools/r8/internal/Rl;)V 45 <appendix> member <vmtarget> ; # com/android/tools/r8/internal/Cf$$Lambda+0x0000000802335500
# instanceKlass com/android/tools/r8/internal/Cf$$Lambda+0x0000000802335280
# instanceKlass com/android/tools/r8/internal/Cf$$Lambda+0x0000000802335000
# instanceKlass com/android/tools/r8/internal/Cf$$Lambda+0x0000000802337a70
instanceKlass  @bci com/android/tools/r8/internal/Cf a (Ljava/util/ArrayList;Lcom/android/tools/r8/internal/Rl;)V 38 <appendix> argL0 ; # com/android/tools/r8/internal/Cf$$Lambda+0x0000000802337cf0
# instanceKlass com/android/tools/r8/internal/Cf$$Lambda+0x0000000802337800
# instanceKlass com/android/tools/r8/internal/Cf$$Lambda+0x00000008023370b0
instanceKlass  @bci com/android/tools/r8/internal/Cf a (Ljava/util/Set;)V 13 <appendix> argL0 ; # com/android/tools/r8/internal/Cf$$Lambda+0x0000000802337590
# instanceKlass com/android/tools/r8/internal/Cf$$Lambda+0x0000000802337320
instanceKlass  @bci com/android/tools/r8/internal/Cf a (Ljava/util/concurrent/ExecutorService;Lcom/android/tools/r8/internal/ij0;)V 58 <appendix> member <vmtarget> ; # com/android/tools/r8/internal/Cf$$Lambda+0x0000000802336e48
instanceKlass com/android/tools/r8/internal/Cf
# instanceKlass com/android/tools/r8/internal/jM$$Lambda+0x00000008023369b0
# instanceKlass com/android/tools/r8/internal/jM$$Lambda+0x0000000802336758
instanceKlass  @bci com/android/tools/r8/internal/jM a (ILcom/android/tools/r8/graph/I2;)V 36 <appendix> member <vmtarget> ; # com/android/tools/r8/internal/jM$$Lambda+0x0000000802336500
instanceKlass  @bci com/android/tools/r8/internal/co b (Lcom/android/tools/r8/internal/HZ;Ljava/util/concurrent/ExecutorService;)V 39 <appendix> member <vmtarget> ; # com/android/tools/r8/internal/co$$Lambda+0x00000008023338d8
instanceKlass com/android/tools/r8/internal/Yn
instanceKlass com/android/tools/r8/internal/a6
instanceKlass com/android/tools/r8/internal/co
instanceKlass com/android/tools/r8/internal/Bf
instanceKlass  @bci com/android/tools/r8/internal/Ln a (Lcom/android/tools/r8/graph/y;Lcom/android/tools/r8/internal/HZ;Lcom/android/tools/r8/internal/YY;Ljava/util/concurrent/ExecutorService;Lcom/android/tools/r8/ir/optimize/info/z;Lcom/android/tools/r8/internal/ij0;)V 645 <appendix> argL0 ; # com/android/tools/r8/internal/Ln$$Lambda+0x00000008023326d0
instanceKlass  @bci com/android/tools/r8/internal/GN a (Lcom/android/tools/r8/graph/y;Ljava/util/function/Function;)Lcom/android/tools/r8/internal/p00; 72 <appendix> member <vmtarget> ; # com/android/tools/r8/internal/GN$$Lambda+0x0000000802332468
instanceKlass  @bci com/android/tools/r8/internal/Ln a (Lcom/android/tools/r8/graph/y;Lcom/android/tools/r8/internal/HZ;Lcom/android/tools/r8/internal/YY;Ljava/util/concurrent/ExecutorService;Lcom/android/tools/r8/ir/optimize/info/z;Lcom/android/tools/r8/internal/ij0;)V 634 <appendix> member <vmtarget> ; # com/android/tools/r8/internal/Ln$$Lambda+0x00000008023321f0
instanceKlass  @bci com/android/tools/r8/internal/GN a (Ljava/util/function/BiFunction;Lcom/android/tools/r8/internal/os;)Lcom/android/tools/r8/internal/GN; 51 <appendix> member <vmtarget> ; # com/android/tools/r8/internal/GN$$Lambda+0x0000000802331f88
instanceKlass  @bci com/android/tools/r8/internal/Ln a (Lcom/android/tools/r8/graph/y;Lcom/android/tools/r8/internal/HZ;Lcom/android/tools/r8/internal/YY;Ljava/util/concurrent/ExecutorService;Lcom/android/tools/r8/ir/optimize/info/z;Lcom/android/tools/r8/internal/ij0;)V 612 <appendix> argL0 ; # com/android/tools/r8/internal/Ln$$Lambda+0x0000000802331d28
instanceKlass  @bci com/android/tools/r8/internal/DW a (Lcom/android/tools/r8/internal/CW;Lcom/android/tools/r8/threading/ThreadingModule;Ljava/util/concurrent/ExecutorService;)V 22 <appendix> member <vmtarget> ; # com/android/tools/r8/internal/DW$$Lambda+0x0000000802331698
instanceKlass  @cpi com/android/tools/r8/internal/DW 67 form vmentry <vmtarget> ; # java/lang/invoke/LambdaForm$DMH+0x0000000802334000
instanceKlass  @bci com/android/tools/r8/internal/fo a (Lcom/android/tools/r8/internal/HZ;Ljava/util/concurrent/ExecutorService;)Lcom/android/tools/r8/internal/go; 122 <appendix> member <vmtarget> ; # com/android/tools/r8/internal/fo$$Lambda+0x0000000802331440
instanceKlass com/android/tools/r8/internal/CW
instanceKlass  @bci com/android/tools/r8/internal/Yc0 b (Lcom/android/tools/r8/graph/y;)Lcom/android/tools/r8/graph/C5; 39 <appendix> member <vmtarget> ; # com/android/tools/r8/internal/Yc0$$Lambda+0x00000008023306d8
instanceKlass  @bci com/android/tools/r8/internal/Yc0 h (Lcom/android/tools/r8/graph/y;)Lcom/android/tools/r8/graph/C5; 37 <appendix> member <vmtarget> ; # com/android/tools/r8/internal/Yc0$$Lambda+0x0000000802330480
instanceKlass  @bci com/android/tools/r8/internal/Yc0 g (Lcom/android/tools/r8/graph/y;)Lcom/android/tools/r8/graph/C5; 43 <appendix> member <vmtarget> ; # com/android/tools/r8/internal/Yc0$$Lambda+0x0000000802330228
instanceKlass  @bci com/android/tools/r8/internal/Yc0 f (Lcom/android/tools/r8/graph/y;)Lcom/android/tools/r8/graph/C5; 46 <appendix> member <vmtarget> ; # com/android/tools/r8/internal/Yc0$$Lambda+0x000000080232f018
instanceKlass  @bci com/android/tools/r8/internal/Yc0 e (Lcom/android/tools/r8/graph/y;)Lcom/android/tools/r8/graph/C5; 41 <appendix> member <vmtarget> ; # com/android/tools/r8/internal/Yc0$$Lambda+0x000000080232edc0
instanceKlass  @bci com/android/tools/r8/internal/Yc0 d (Lcom/android/tools/r8/graph/y;)Lcom/android/tools/r8/graph/C5; 46 <appendix> member <vmtarget> ; # com/android/tools/r8/internal/Yc0$$Lambda+0x000000080232eb68
instanceKlass  @bci com/android/tools/r8/internal/Yc0 a (Lcom/android/tools/r8/graph/y;Lcom/android/tools/r8/graph/H2;Lcom/android/tools/r8/graph/E2;Lcom/android/tools/r8/synthesis/L;)Lcom/android/tools/r8/graph/C5; 29 <appendix> member <vmtarget> ; # com/android/tools/r8/internal/Yc0$$Lambda+0x000000080232e900
instanceKlass  @bci com/android/tools/r8/internal/Yc0 a (Lcom/android/tools/r8/graph/y;Lcom/android/tools/r8/graph/H2;Lcom/android/tools/r8/graph/E2;Lcom/android/tools/r8/synthesis/L;)Lcom/android/tools/r8/graph/C5; 14 <appendix> argL0 ; # com/android/tools/r8/internal/Yc0$$Lambda+0x000000080232e6b0
instanceKlass  @bci com/android/tools/r8/internal/Yc0 c (Lcom/android/tools/r8/graph/y;)Lcom/android/tools/r8/graph/C5; 38 <appendix> member <vmtarget> ; # com/android/tools/r8/internal/Yc0$$Lambda+0x000000080232e458
instanceKlass  @bci com/android/tools/r8/internal/fo a (Lcom/android/tools/r8/internal/BW;Lcom/android/tools/r8/internal/eo;)V 18 <appendix> member <vmtarget> ; # com/android/tools/r8/internal/fo$$Lambda+0x000000080232e1f0
instanceKlass com/android/tools/r8/internal/xy
instanceKlass  @bci com/android/tools/r8/internal/Vn a ()Lcom/android/tools/r8/graph/G; 199 <appendix> member <vmtarget> ; # com/android/tools/r8/internal/Vn$$Lambda+0x000000080232d080
instanceKlass  @bci com/android/tools/r8/internal/hN c (Lcom/android/tools/r8/graph/y;)Lcom/android/tools/r8/graph/C5; 42 <appendix> member <vmtarget> ; # com/android/tools/r8/internal/hN$$Lambda+0x000000080232cbe8
instanceKlass  @bci com/android/tools/r8/internal/hN b (Lcom/android/tools/r8/graph/y;)Lcom/android/tools/r8/graph/C5; 59 <appendix> member <vmtarget> ; # com/android/tools/r8/internal/hN$$Lambda+0x000000080232c990
instanceKlass  @bci com/android/tools/r8/internal/Tn a ()Lcom/android/tools/r8/graph/G; 31 <appendix> member <vmtarget> ; # com/android/tools/r8/internal/Tn$$Lambda+0x000000080232c728
instanceKlass  @bci com/android/tools/r8/synthesis/I a (Lcom/android/tools/r8/synthesis/Q$b;Ljava/util/function/Consumer;Ljava/util/function/Consumer;Ljava/util/function/Consumer;Lcom/android/tools/r8/synthesis/k;Lcom/android/tools/r8/graph/y;)Lcom/android/tools/r8/graph/D2; 5 <appendix> member <vmtarget> ; # com/android/tools/r8/synthesis/I$$Lambda+0x000000080232c030
instanceKlass  @bci com/android/tools/r8/internal/hN a (Lcom/android/tools/r8/graph/y;Lcom/android/tools/r8/graph/H2;Lcom/android/tools/r8/graph/E2;Lcom/android/tools/r8/synthesis/L;)Lcom/android/tools/r8/graph/C5; 29 <appendix> member <vmtarget> ; # com/android/tools/r8/internal/hN$$Lambda+0x000000080232bdc8
instanceKlass  @bci com/android/tools/r8/internal/hN a (Lcom/android/tools/r8/graph/y;Lcom/android/tools/r8/graph/H2;Lcom/android/tools/r8/graph/E2;Lcom/android/tools/r8/synthesis/L;)Lcom/android/tools/r8/graph/C5; 14 <appendix> argL0 ; # com/android/tools/r8/internal/hN$$Lambda+0x000000080232bb78
instanceKlass  @bci com/android/tools/r8/internal/hN a (Lcom/android/tools/r8/graph/y;Lcom/android/tools/r8/graph/l1;)Lcom/android/tools/r8/graph/C5; 43 <appendix> member <vmtarget> ; # com/android/tools/r8/internal/hN$$Lambda+0x000000080232b920
instanceKlass  @bci com/android/tools/r8/internal/hN a (Lcom/android/tools/r8/graph/y;)V 10 <appendix> member <vmtarget> ; # com/android/tools/r8/internal/hN$$Lambda+0x000000080232b6b8
instanceKlass  @bci com/android/tools/r8/internal/fo a (Lcom/android/tools/r8/internal/HZ;Ljava/util/concurrent/ExecutorService;)Lcom/android/tools/r8/internal/go; 81 <appendix> member <vmtarget> ; # com/android/tools/r8/internal/fo$$Lambda+0x000000080232b450
instanceKlass com/android/tools/r8/internal/BW
instanceKlass  @bci com/android/tools/r8/shaking/J0 a (Lcom/android/tools/r8/graph/y;)V 16 <appendix> member <vmtarget> ; # com/android/tools/r8/shaking/J0$$Lambda+0x000000080232afa8
instanceKlass com/android/tools/r8/internal/go
instanceKlass  @bci com/android/tools/r8/internal/gN a ()Lcom/android/tools/r8/graph/D2; 27 <appendix> argL0 ; # com/android/tools/r8/internal/gN$$Lambda+0x000000080232ab08
instanceKlass  @bci com/android/tools/r8/internal/gN a ()Lcom/android/tools/r8/graph/D2; 12 <appendix> argL0 ; # com/android/tools/r8/internal/gN$$Lambda+0x000000080232a8b8
instanceKlass com/android/tools/r8/internal/gN
instanceKlass  @bci com/android/tools/r8/graph/B2 a (Lcom/android/tools/r8/utils/structural/A;)V 9 <appendix> argL0 ; # com/android/tools/r8/graph/B2$$Lambda+0x000000080232a1b8
instanceKlass  @bci com/android/tools/r8/graph/B2 a (Lcom/android/tools/r8/utils/structural/A;)V 1 <appendix> argL0 ; # com/android/tools/r8/graph/B2$$Lambda+0x0000000802329f48
instanceKlass  @bci com/android/tools/r8/graph/B2 r ()Lcom/android/tools/r8/utils/structural/y; 0 <appendix> argL0 ; # com/android/tools/r8/graph/B2$$Lambda+0x0000000802329cf8
instanceKlass com/android/tools/r8/internal/oV
instanceKlass com/android/tools/r8/internal/rV
instanceKlass com/android/tools/r8/internal/DV
instanceKlass  @bci com/android/tools/r8/shaking/H0 a (Lcom/android/tools/r8/graph/l1;)Lcom/android/tools/r8/shaking/I0; 5 <appendix> argL0 ; # com/android/tools/r8/shaking/H0$$Lambda+0x0000000802325240
instanceKlass com/android/tools/r8/shaking/J0
instanceKlass com/android/tools/r8/shaking/I0
instanceKlass  @bci com/android/tools/r8/synthesis/I a (Lcom/android/tools/r8/synthesis/H;Lcom/android/tools/r8/graph/D2;Lcom/android/tools/r8/graph/y;Ljava/util/function/Consumer;)Lcom/android/tools/r8/graph/D2; 81 <appendix> member <vmtarget> ; # com/android/tools/r8/synthesis/I$$Lambda+0x0000000802327b00
instanceKlass  @bci com/android/tools/r8/internal/Xc0 a ()Lcom/android/tools/r8/graph/D2; 27 <appendix> member <vmtarget> ; # com/android/tools/r8/internal/Xc0$$Lambda+0x0000000802327898
instanceKlass  @bci com/android/tools/r8/internal/Xc0 a ()Lcom/android/tools/r8/graph/D2; 13 <appendix> argL0 ; # com/android/tools/r8/internal/Xc0$$Lambda+0x0000000802327648
instanceKlass com/android/tools/r8/internal/eo
instanceKlass com/android/tools/r8/internal/Xc0
instanceKlass com/android/tools/r8/shaking/H0
instanceKlass com/android/tools/r8/internal/fo
instanceKlass  @bci com/android/tools/r8/internal/Ln a (Lcom/android/tools/r8/internal/hv;)V 14 <appendix> member <vmtarget> ; # com/android/tools/r8/internal/Ln$$Lambda+0x0000000802326880
instanceKlass  @bci com/android/tools/r8/internal/HN a (Ljava/lang/Iterable;)Lcom/android/tools/r8/internal/HN; 3 <appendix> member <vmtarget> ; # com/android/tools/r8/internal/HN$$Lambda+0x0000000802323ca8
instanceKlass com/android/tools/r8/internal/yn
instanceKlass  @bci com/android/tools/r8/graph/D2 b (Ljava/util/function/BiFunction;)Lcom/android/tools/r8/internal/Hj0; 6 <appendix> member <vmtarget> ; # com/android/tools/r8/graph/D2$$Lambda+0x0000000802323800
instanceKlass  @bci com/android/tools/r8/internal/Ln a (Lcom/android/tools/r8/graph/D2;Ljava/util/Set;)Lcom/android/tools/r8/internal/yn; 248 <adapter> ; # java/lang/invoke/LambdaForm$MH+0x0000000802324c00
# instanceKlass java/lang/invoke/LambdaForm$DMH+0x0000000802324800
instanceKlass  @bci com/android/tools/r8/internal/Ln a (Lcom/android/tools/r8/graph/D2;Ljava/util/Set;)Lcom/android/tools/r8/internal/yn; 248 <appendix> form vmentry <vmtarget> ; # java/lang/invoke/LambdaForm$DMH+0x0000000802324400
instanceKlass  @bci com/android/tools/r8/internal/Ln a (Lcom/android/tools/r8/graph/D2;Ljava/util/Set;)Lcom/android/tools/r8/internal/yn; 248 <appendix> member <vmtarget> ; # com/android/tools/r8/internal/Ln$$Lambda+0x0000000802323598
instanceKlass  @cpi com/android/tools/r8/internal/Ln 590 form vmentry <vmtarget> ; # java/lang/invoke/LambdaForm$DMH+0x0000000802324000
instanceKlass  @bci com/android/tools/r8/internal/Sn b (Lcom/android/tools/r8/graph/I2;)Ljava/util/Set; 40 <appendix> argL0 ; # com/android/tools/r8/internal/Sn$$Lambda+0x0000000802323328
instanceKlass  @bci com/android/tools/r8/internal/Of0 a (Lcom/android/tools/r8/graph/y;Lcom/android/tools/r8/internal/os;Lcom/android/tools/r8/internal/os;)Lcom/android/tools/r8/internal/Of0; 12 <appendix> member <vmtarget> ; # com/android/tools/r8/internal/Of0$$Lambda+0x00000008023230c0
instanceKlass  @bci com/android/tools/r8/internal/Ln c ()Lcom/android/tools/r8/internal/zn; 16 <appendix> member <vmtarget> ; # com/android/tools/r8/internal/Ln$$Lambda+0x0000000802322e58
instanceKlass  @bci com/android/tools/r8/internal/Ln b (Lcom/android/tools/r8/graph/D2;)Z 4 <appendix> argL0 ; # com/android/tools/r8/internal/Ln$$Lambda+0x0000000802322ba8
instanceKlass  @bci com/android/tools/r8/internal/Ln d ()V 5 <appendix> member <vmtarget> ; # com/android/tools/r8/internal/Ln$$Lambda+0x0000000802322940
instanceKlass  @bci com/android/tools/r8/internal/Pj0 a (Ljava/util/concurrent/ExecutorService;Lcom/android/tools/r8/ir/optimize/info/z;Lcom/android/tools/r8/internal/ij0;)V 674 <appendix> member <vmtarget> ; # com/android/tools/r8/internal/Pj0$$Lambda+0x00000008023226d8
instanceKlass  @bci com/android/tools/r8/internal/Pj0 a (Ljava/util/concurrent/ExecutorService;Lcom/android/tools/r8/ir/optimize/info/z;Lcom/android/tools/r8/internal/ij0;)V 648 <appendix> member <vmtarget> ; # com/android/tools/r8/internal/Pj0$$Lambda+0x0000000802322470
instanceKlass  @bci com/android/tools/r8/internal/Pj0 a (Ljava/util/concurrent/ExecutorService;Lcom/android/tools/r8/ir/optimize/info/z;Lcom/android/tools/r8/internal/ij0;)V 630 <appendix> member <vmtarget> ; # com/android/tools/r8/internal/Pj0$$Lambda+0x0000000802322208
instanceKlass  @bci com/android/tools/r8/internal/Pj0 a (Ljava/util/concurrent/ExecutorService;Lcom/android/tools/r8/ir/optimize/info/z;Lcom/android/tools/r8/internal/ij0;)V 612 <appendix> member <vmtarget> ; # com/android/tools/r8/internal/Pj0$$Lambda+0x0000000802321fa0
instanceKlass  @bci com/android/tools/r8/internal/YY a (Lcom/android/tools/r8/internal/u00;)V 2 <appendix> member <vmtarget> ; # com/android/tools/r8/internal/YY$$Lambda+0x0000000802321d38
instanceKlass  @bci com/android/tools/r8/internal/Pj0 b (Lcom/android/tools/r8/shaking/i;)V 30 <appendix> member <vmtarget> ; # com/android/tools/r8/internal/Pj0$$Lambda+0x0000000802321ad0
instanceKlass  @bci com/android/tools/r8/internal/Pj0 b (Lcom/android/tools/r8/shaking/i;)V 15 <appendix> member <vmtarget> ; # com/android/tools/r8/internal/Pj0$$Lambda+0x0000000802321848
instanceKlass  @bci com/android/tools/r8/internal/Pj0 a (Lcom/android/tools/r8/shaking/i;)V 31 <appendix> member <vmtarget> ; # com/android/tools/r8/internal/Pj0$$Lambda+0x00000008023215e0
instanceKlass  @bci com/android/tools/r8/internal/Pj0 a (Lcom/android/tools/r8/shaking/i;)V 15 <appendix> member <vmtarget> ; # com/android/tools/r8/internal/Pj0$$Lambda+0x0000000802321358
instanceKlass  @bci com/android/tools/r8/internal/Pj0 a (Lcom/android/tools/r8/shaking/i;Ljava/util/concurrent/ExecutorService;)V 39 <appendix> member <vmtarget> ; # com/android/tools/r8/internal/Pj0$$Lambda+0x00000008023210f0
instanceKlass  @bci com/android/tools/r8/internal/Oj0 a (Lcom/android/tools/r8/graph/l1;ZZLcom/android/tools/r8/internal/Z7;)V 295 <appendix> argL0 ; # com/android/tools/r8/internal/Oj0$$Lambda+0x0000000802320ea0
instanceKlass  @bci com/android/tools/r8/internal/Oj0 a (Lcom/android/tools/r8/graph/g1;Ljava/util/concurrent/ConcurrentHashMap;Ljava/util/concurrent/ConcurrentHashMap;)V 32 <appendix> argL0 ; # com/android/tools/r8/internal/Oj0$$Lambda+0x0000000802320c30
# instanceKlass com/android/tools/r8/internal/Oj0$$Lambda+0x00000008023209c0
# instanceKlass com/android/tools/r8/internal/Oj0$$Lambda+0x0000000802320750
# instanceKlass com/android/tools/r8/internal/Pj0$$Lambda+0x00000008023204d0
# instanceKlass com/android/tools/r8/internal/Pj0$$Lambda+0x0000000802320268
instanceKlass  @bci com/android/tools/r8/internal/Pj0 a (Lcom/android/tools/r8/graph/D2;)V 8 <appendix> member <vmtarget> ; # com/android/tools/r8/internal/Pj0$$Lambda+0x0000000802320000
# instanceKlass com/android/tools/r8/internal/Pj0$$Lambda+0x000000080231fa90
instanceKlass  @bci com/android/tools/r8/internal/Pj0 a (Lcom/android/tools/r8/graph/D2;)V 2 <appendix> argL0 ; # com/android/tools/r8/internal/Pj0$$Lambda+0x000000080231fd10
instanceKlass  @bci com/android/tools/r8/internal/Pj0 a (Lcom/android/tools/r8/shaking/i;Ljava/util/concurrent/ExecutorService;)V 22 <appendix> member <vmtarget> ; # com/android/tools/r8/internal/Pj0$$Lambda+0x000000080231f828
instanceKlass com/android/tools/r8/internal/Pj0
instanceKlass  @bci com/android/tools/r8/internal/c3 a (Lcom/android/tools/r8/internal/HZ;Lcom/android/tools/r8/internal/YY;Ljava/util/concurrent/ExecutorService;Lcom/android/tools/r8/internal/ij0;)V 571 <appendix> member <vmtarget> ; # com/android/tools/r8/internal/c3$$Lambda+0x000000080231f030
instanceKlass  @bci com/android/tools/r8/internal/kd0 a (Lcom/android/tools/r8/graph/y;Lcom/android/tools/r8/graph/proto/c;Lcom/android/tools/r8/internal/md0;)Lcom/android/tools/r8/internal/hd0; 55 <appendix> argL0 ; # com/android/tools/r8/internal/kd0$$Lambda+0x000000080231ed80
instanceKlass  @bci com/android/tools/r8/internal/ld0 a (Lcom/android/tools/r8/graph/y;Lcom/android/tools/r8/graph/proto/c;Lcom/android/tools/r8/internal/md0;)Lcom/android/tools/r8/internal/hd0; 55 <appendix> argL0 ; # com/android/tools/r8/internal/ld0$$Lambda+0x000000080231ead0
instanceKlass  @bci com/android/tools/r8/internal/lo a (Lcom/android/tools/r8/internal/os;Lcom/android/tools/r8/internal/os;)Lcom/android/tools/r8/internal/jo; 6 <appendix> member <vmtarget> ; # com/android/tools/r8/internal/lo$$Lambda+0x000000080231e858
instanceKlass  @bci com/android/tools/r8/internal/kd0 a (Lcom/android/tools/r8/graph/y;Lcom/android/tools/r8/graph/proto/c;Lcom/android/tools/r8/internal/md0;)Lcom/android/tools/r8/internal/hd0; 7 <appendix> member <vmtarget> ; # com/android/tools/r8/internal/kd0$$Lambda+0x000000080231e5e0
instanceKlass  @bci com/android/tools/r8/internal/ld0 a (Lcom/android/tools/r8/graph/y;Lcom/android/tools/r8/graph/proto/c;Lcom/android/tools/r8/internal/md0;)Lcom/android/tools/r8/internal/hd0; 7 <appendix> member <vmtarget> ; # com/android/tools/r8/internal/ld0$$Lambda+0x000000080231e368
# instanceKlass com/android/tools/r8/internal/Vm$$Lambda+0x000000080231e110
instanceKlass  @bci com/android/tools/r8/internal/Vm a (Lcom/android/tools/r8/graph/y;Lcom/android/tools/r8/graph/proto/c;)Lcom/android/tools/r8/internal/q; 20 <appendix> member <vmtarget> ; # com/android/tools/r8/internal/Vm$$Lambda+0x000000080231deb8
instanceKlass  @bci com/android/tools/r8/internal/xT a (Lcom/android/tools/r8/graph/proto/c;)Lcom/android/tools/r8/internal/iw; 15 <appendix> member <vmtarget> ; # com/android/tools/r8/internal/xT$$Lambda+0x000000080231dc50
instanceKlass  @bci com/android/tools/r8/internal/xT a (Lcom/android/tools/r8/graph/y;Lcom/android/tools/r8/internal/os;Lcom/android/tools/r8/internal/os;)Lcom/android/tools/r8/internal/iw; 20 <appendix> member <vmtarget> ; # com/android/tools/r8/internal/xT$$Lambda+0x000000080231d9e8
instanceKlass  @bci com/android/tools/r8/internal/Ef a (Lcom/android/tools/r8/graph/proto/c;)Lcom/android/tools/r8/internal/rc; 32 <appendix> member <vmtarget> ; # com/android/tools/r8/internal/Ef$$Lambda+0x000000080231d790
instanceKlass com/android/tools/r8/graph/N5
instanceKlass com/android/tools/r8/internal/d3
instanceKlass  @bci com/android/tools/r8/internal/e3 a (Ljava/util/Set;Ljava/util/concurrent/ExecutorService;Lcom/android/tools/r8/internal/ij0;)V 97 <appendix> member <vmtarget> ; # com/android/tools/r8/internal/e3$$Lambda+0x000000080231d068
instanceKlass  @bci com/android/tools/r8/graph/H4 i (Ljava/util/function/Function;)Ljava/util/ArrayList; 105 <appendix> argL0 ; # com/android/tools/r8/graph/H4$$Lambda+0x000000080231cde8
instanceKlass  @bci com/android/tools/r8/internal/e3 a (Lcom/android/tools/r8/graph/w2;Lcom/android/tools/r8/graph/j1;Lcom/android/tools/r8/graph/j1$a;)V 60 <appendix> argL0 ; # com/android/tools/r8/internal/e3$$Lambda+0x000000080231cb88
instanceKlass  @bci com/android/tools/r8/graph/proto/j a (Lcom/android/tools/r8/graph/j1;)Ljava/util/function/Consumer; 2 <appendix> member <vmtarget> ; # com/android/tools/r8/graph/proto/j$$Lambda+0x000000080231c920
instanceKlass  @bci com/android/tools/r8/internal/e3 b (Lcom/android/tools/r8/graph/j1;)Lcom/android/tools/r8/graph/j1; 57 <appendix> member <vmtarget> ; # com/android/tools/r8/internal/e3$$Lambda+0x000000080231c6b8
instanceKlass  @bci com/android/tools/r8/internal/e3 d (Lcom/android/tools/r8/graph/D2;)V 7 <appendix> member <vmtarget> ; # com/android/tools/r8/internal/e3$$Lambda+0x000000080231c440
instanceKlass  @bci com/android/tools/r8/internal/e3 c (Lcom/android/tools/r8/graph/D2;)V 24 <appendix> argL0 ; # com/android/tools/r8/internal/e3$$Lambda+0x000000080231c1e0
instanceKlass  @bci com/android/tools/r8/internal/e3 c (Lcom/android/tools/r8/graph/D2;)V 9 <appendix> argL0 ; # com/android/tools/r8/internal/e3$$Lambda+0x000000080231bf80
instanceKlass  @bci com/android/tools/r8/internal/e3 a (Ljava/util/Set;Ljava/util/concurrent/ExecutorService;Lcom/android/tools/r8/internal/ij0;)V 75 <appendix> member <vmtarget> ; # com/android/tools/r8/internal/e3$$Lambda+0x000000080231bd18
# instanceKlass com/android/tools/r8/internal/q3$$Lambda+0x000000080231b818
instanceKlass  @bci com/android/tools/r8/internal/q3 a (Lcom/android/tools/r8/graph/C5;Lcom/android/tools/r8/internal/qM;)Lcom/android/tools/r8/internal/qM; 6 <appendix> member <vmtarget> ; # com/android/tools/r8/internal/q3$$Lambda+0x000000080231b590
# instanceKlass com/android/tools/r8/internal/q3$$Lambda+0x000000080231b328
instanceKlass  @bci com/android/tools/r8/internal/q3 a (Lcom/android/tools/r8/graph/D2;)V 8 <appendix> member <vmtarget> ; # com/android/tools/r8/internal/q3$$Lambda+0x000000080231b0c0
# instanceKlass com/android/tools/r8/internal/q3$$Lambda+0x000000080231ae40
instanceKlass  @bci com/android/tools/r8/internal/q3 a (Lcom/android/tools/r8/graph/D2;)V 2 <appendix> argL0 ; # com/android/tools/r8/internal/q3$$Lambda+0x000000080231abc0
instanceKlass  @bci com/android/tools/r8/internal/q3 a (Ljava/util/concurrent/ExecutorService;)V 16 <appendix> member <vmtarget> ; # com/android/tools/r8/internal/q3$$Lambda+0x000000080231a958
instanceKlass  @bci com/android/tools/r8/internal/YY a (Ljava/util/Collection;Lcom/android/tools/r8/internal/os;)V 3 <appendix> member <vmtarget> ; # com/android/tools/r8/internal/YY$$Lambda+0x000000080231a6f0
instanceKlass  @bci com/android/tools/r8/internal/q3 a (Lcom/android/tools/r8/internal/n3;Lcom/android/tools/r8/internal/YY;Ljava/util/concurrent/ExecutorService;)V 49 <appendix> member <vmtarget> ; # com/android/tools/r8/internal/q3$$Lambda+0x000000080231a488
instanceKlass  @bci com/android/tools/r8/internal/q3 a (Lcom/android/tools/r8/internal/YY;Lcom/android/tools/r8/internal/os;Lcom/android/tools/r8/internal/n3;Lcom/android/tools/r8/graph/D2;)Ljava/util/List; 25 <appendix> member <vmtarget> ; # com/android/tools/r8/internal/q3$$Lambda+0x000000080231a220
instanceKlass  @bci com/android/tools/r8/internal/q3 a (Lcom/android/tools/r8/internal/YY;Lcom/android/tools/r8/internal/os;Lcom/android/tools/r8/internal/n3;Lcom/android/tools/r8/graph/D2;)Ljava/util/List; 15 <appendix> argL0 ; # com/android/tools/r8/internal/q3$$Lambda+0x0000000802319fa0
instanceKlass  @bci com/android/tools/r8/internal/q3 a (Lcom/android/tools/r8/internal/n3;Lcom/android/tools/r8/internal/YY;Ljava/util/concurrent/ExecutorService;)V 27 <appendix> member <vmtarget> ; # com/android/tools/r8/internal/q3$$Lambda+0x0000000802319d48
instanceKlass  @bci com/android/tools/r8/internal/q3 a (Lcom/android/tools/r8/internal/n3;Lcom/android/tools/r8/internal/YY;)V 70 <appendix> member <vmtarget> ; # com/android/tools/r8/internal/q3$$Lambda+0x0000000802319ae0
instanceKlass  @bci com/android/tools/r8/internal/q3 a (Lcom/android/tools/r8/internal/n3;Lcom/android/tools/r8/internal/YY;)V 59 <appendix> argL0 ; # com/android/tools/r8/internal/q3$$Lambda+0x0000000802319860
instanceKlass com/android/tools/r8/internal/q3
instanceKlass  @bci com/android/tools/r8/internal/lT a (Lcom/android/tools/r8/graph/y;Lcom/android/tools/r8/internal/os;Lcom/android/tools/r8/internal/os;)Lcom/android/tools/r8/internal/qW; 16 <appendix> member <vmtarget> ; # com/android/tools/r8/internal/lT$$Lambda+0x0000000802319068
instanceKlass  @bci com/android/tools/r8/graph/proto/c a (Lcom/android/tools/r8/graph/y;Lcom/android/tools/r8/internal/n3;Lcom/android/tools/r8/internal/os;)Lcom/android/tools/r8/graph/proto/c; 64 <appendix> member <vmtarget> ; # com/android/tools/r8/graph/proto/c$$Lambda+0x0000000802318e10
instanceKlass com/android/tools/r8/internal/zn
instanceKlass  @bci com/android/tools/r8/graph/proto/c a (Lcom/android/tools/r8/graph/y;Lcom/android/tools/r8/internal/n3;Lcom/android/tools/r8/internal/os;)Lcom/android/tools/r8/graph/proto/c; 18 <appendix> member <vmtarget> ; # com/android/tools/r8/graph/proto/c$$Lambda+0x0000000802318968
instanceKlass  @bci com/android/tools/r8/internal/v3 a (Ljava/util/ArrayList;Ljava/util/function/Consumer;Ljava/util/concurrent/ExecutorService;Lcom/android/tools/r8/internal/ij0;)Lcom/android/tools/r8/internal/n3; 122 <appendix> member <vmtarget> ; # com/android/tools/r8/internal/v3$$Lambda+0x0000000802318700
instanceKlass  @bci com/android/tools/r8/internal/u3 a (Lcom/android/tools/r8/graph/C5;Lcom/android/tools/r8/graph/proto/j;)Lcom/android/tools/r8/graph/w2; 285 <appendix> member <vmtarget> ; # com/android/tools/r8/internal/u3$$Lambda+0x0000000802318250
instanceKlass  @bci com/android/tools/r8/internal/u3 a (Lcom/android/tools/r8/graph/C5;Lcom/android/tools/r8/graph/proto/j;)Lcom/android/tools/r8/graph/w2; 236 <appendix> argL0 ; # com/android/tools/r8/internal/u3$$Lambda+0x0000000802318000
instanceKlass  @bci com/android/tools/r8/internal/u3 a (Lcom/android/tools/r8/graph/I2;Lcom/android/tools/r8/graph/C5;)Lcom/android/tools/r8/graph/proto/k; 99 <appendix> member <vmtarget> ; # com/android/tools/r8/internal/u3$$Lambda+0x0000000802315400
instanceKlass com/android/tools/r8/graph/proto/k$a
instanceKlass  @bci com/android/tools/r8/internal/u3 a (Ljava/util/Map;Ljava/util/Set;Lcom/android/tools/r8/graph/A5;)Lcom/android/tools/r8/graph/l1; 102 <appendix> member <vmtarget> ; # com/android/tools/r8/internal/u3$$Lambda+0x0000000802315a38
instanceKlass com/android/tools/r8/internal/W1
# instanceKlass com/android/tools/r8/internal/t3$$Lambda+0x00000008023179c8
# instanceKlass com/android/tools/r8/internal/t3$$Lambda+0x0000000802317770
# instanceKlass com/android/tools/r8/internal/t3$$Lambda+0x0000000802317518
instanceKlass  @bci com/android/tools/r8/internal/t3 a (Lcom/android/tools/r8/graph/C5;Lcom/android/tools/r8/graph/proto/j;)Lcom/android/tools/r8/internal/t3; 116 <appendix> member <vmtarget> ; # com/android/tools/r8/internal/t3$$Lambda+0x00000008023172c0
instanceKlass  @cpi com/android/tools/r8/internal/t3 103 form vmentry <vmtarget> ; # java/lang/invoke/LambdaForm$DMH+0x0000000802314c00
instanceKlass com/android/tools/r8/graph/proto/g$b
# instanceKlass com/android/tools/r8/internal/u3$$Lambda+0x0000000802316990
instanceKlass  @bci com/android/tools/r8/internal/u3 a (Lcom/android/tools/r8/graph/C5;Lcom/android/tools/r8/graph/I2;Lcom/android/tools/r8/internal/dz;Lcom/android/tools/r8/internal/rA;)Lcom/android/tools/r8/graph/proto/j; 44 <appendix> member <vmtarget> ; # com/android/tools/r8/internal/u3$$Lambda+0x0000000802316738
instanceKlass  @cpi com/android/tools/r8/internal/u3 721 form vmentry <vmtarget> ; # java/lang/invoke/LambdaForm$DMH+0x0000000802314400
instanceKlass com/android/tools/r8/graph/proto/c$a
# instanceKlass com/android/tools/r8/internal/u3$$Lambda+0x0000000802316288
instanceKlass  @bci com/android/tools/r8/internal/u3 b (Lcom/android/tools/r8/graph/C5;)Lcom/android/tools/r8/graph/proto/j; 83 <appendix> member <vmtarget> ; # com/android/tools/r8/internal/u3$$Lambda+0x0000000802316000
instanceKlass  @cpi com/android/tools/r8/ir/regalloc/b 472 form vmentry <vmtarget> ; # java/lang/invoke/LambdaForm$DMH+0x0000000802314000
instanceKlass  @bci com/android/tools/r8/internal/u3 a (Lcom/android/tools/r8/graph/C5;)Lcom/android/tools/r8/graph/proto/j; 89 <appendix> argL0 ; # com/android/tools/r8/internal/u3$$Lambda+0x0000000802313d48
instanceKlass  @bci com/android/tools/r8/internal/u3 a (Lcom/android/tools/r8/graph/C5;)Lcom/android/tools/r8/graph/proto/j; 50 <appendix> member <vmtarget> ; # com/android/tools/r8/internal/u3$$Lambda+0x0000000802313af0
# instanceKlass com/android/tools/r8/internal/u3$$Lambda+0x00000008023113b8
instanceKlass  @bci com/android/tools/r8/internal/u3 b (Lcom/android/tools/r8/graph/C5;)Lcom/android/tools/r8/graph/proto/j; 73 <appendix> member <vmtarget> ; # com/android/tools/r8/internal/u3$$Lambda+0x0000000802313898
# instanceKlass com/android/tools/r8/internal/u3$$Lambda+0x0000000802313640
instanceKlass  @bci com/android/tools/r8/internal/u3 a (Lcom/android/tools/r8/internal/p00;Lcom/android/tools/r8/internal/Tl;Lcom/android/tools/r8/internal/Tl;Lcom/android/tools/r8/internal/m3;Lcom/android/tools/r8/internal/D6;Lcom/android/tools/r8/graph/C5;)V 10 <appendix> member <vmtarget> ; # com/android/tools/r8/internal/u3$$Lambda+0x00000008023133e8
instanceKlass  @bci com/android/tools/r8/internal/u3 a (Lcom/android/tools/r8/graph/D2;Lcom/android/tools/r8/internal/Tl;Lcom/android/tools/r8/internal/m3;)Z 109 <appendix> member <vmtarget> ; # com/android/tools/r8/internal/u3$$Lambda+0x0000000802313180
# instanceKlass com/android/tools/r8/internal/u3$$Lambda+0x0000000802312f18
# instanceKlass com/android/tools/r8/internal/u3$$Lambda+0x0000000802312cb0
instanceKlass  @bci com/android/tools/r8/internal/u3 a (Lcom/android/tools/r8/graph/D2;Lcom/android/tools/r8/internal/Tl;Lcom/android/tools/r8/internal/m3;)Z 92 <appendix> member <vmtarget> ; # com/android/tools/r8/internal/u3$$Lambda+0x0000000802312a48
# instanceKlass com/android/tools/r8/internal/u3$$Lambda+0x00000008023127e0
instanceKlass  @bci com/android/tools/r8/internal/u3 a (Lcom/android/tools/r8/graph/D2;Lcom/android/tools/r8/internal/Tl;Lcom/android/tools/r8/internal/m3;)Z 61 <appendix> member <vmtarget> ; # com/android/tools/r8/internal/u3$$Lambda+0x0000000802312578
instanceKlass  @bci com/android/tools/r8/internal/u3 a (Lcom/android/tools/r8/graph/D2;Lcom/android/tools/r8/internal/Tl;Lcom/android/tools/r8/internal/m3;)Z 53 <appendix> argL0 ; # com/android/tools/r8/internal/u3$$Lambda+0x00000008023122f8
# instanceKlass com/android/tools/r8/internal/u3$$Lambda+0x0000000802312090
instanceKlass  @bci com/android/tools/r8/internal/u3 a (Lcom/android/tools/r8/graph/D2;Lcom/android/tools/r8/internal/Tl;Lcom/android/tools/r8/internal/m3;)Z 40 <appendix> member <vmtarget> ; # com/android/tools/r8/internal/u3$$Lambda+0x0000000802311e28
instanceKlass  @bci com/android/tools/r8/internal/u3 a (Lcom/android/tools/r8/graph/D2;Lcom/android/tools/r8/internal/Tl;Lcom/android/tools/r8/internal/m3;)Z 33 <appendix> argL0 ; # com/android/tools/r8/internal/u3$$Lambda+0x0000000802311ba8
# instanceKlass com/android/tools/r8/internal/u3$$Lambda+0x00000008023118f0
instanceKlass  @bci com/android/tools/r8/internal/u3 a (Lcom/android/tools/r8/internal/u00;)Z 36 <appendix> member <vmtarget> ; # com/android/tools/r8/internal/u3$$Lambda+0x0000000802311638
instanceKlass  @bci com/android/tools/r8/internal/u3 a (Ljava/util/Set;Lcom/android/tools/r8/internal/Tl;Ljava/util/function/Consumer;)Lcom/android/tools/r8/internal/m3; 44 <appendix> argL0 ; # com/android/tools/r8/internal/u3$$Lambda+0x0000000802311148
# instanceKlass com/android/tools/r8/internal/u3$$Lambda+0x0000000802310e90
instanceKlass  @bci com/android/tools/r8/internal/u3 a (Lcom/android/tools/r8/internal/Tl;Lcom/android/tools/r8/graph/B2;Lcom/android/tools/r8/internal/u00;)V 3 <appendix> member <vmtarget> ; # com/android/tools/r8/internal/u3$$Lambda+0x0000000802310bd8
# instanceKlass com/android/tools/r8/internal/u3$$Lambda+0x0000000802310970
# instanceKlass com/android/tools/r8/internal/u3$$Lambda+0x0000000802310708
instanceKlass  @bci com/android/tools/r8/internal/u3 a (Ljava/util/Set;Lcom/android/tools/r8/internal/Tl;)V 6 <appendix> member <vmtarget> ; # com/android/tools/r8/internal/u3$$Lambda+0x00000008023104a0
instanceKlass  @bci com/android/tools/r8/internal/u3 a (Ljava/util/Map;Lcom/android/tools/r8/graph/C5;)V 5 <appendix> argL0 ; # com/android/tools/r8/internal/u3$$Lambda+0x0000000802310250
# instanceKlass com/android/tools/r8/internal/u3$$Lambda+0x0000000802310000
# instanceKlass com/android/tools/r8/internal/u3$$Lambda+0x000000080230fc70
instanceKlass  @bci com/android/tools/r8/internal/u3 a (Ljava/util/Set;)Ljava/util/HashMap; 35 <appendix> member <vmtarget> ; # com/android/tools/r8/internal/u3$$Lambda+0x000000080230f7a0
# instanceKlass com/android/tools/r8/internal/u3$$Lambda+0x000000080230fa08
instanceKlass  @bci com/android/tools/r8/internal/u3 a (Lcom/android/tools/r8/graph/B2;Lcom/android/tools/r8/graph/B2;Lcom/android/tools/r8/internal/t3;)V 6 <appendix> argL0 ; # com/android/tools/r8/internal/u3$$Lambda+0x000000080230f550
instanceKlass com/android/tools/r8/internal/tA
instanceKlass com/android/tools/r8/internal/t3
instanceKlass  @bci com/android/tools/r8/internal/u3 b (Ljava/util/Set;)V 103 <appendix> member <vmtarget> ; # com/android/tools/r8/internal/u3$$Lambda+0x000000080230e460
instanceKlass  @bci com/android/tools/r8/graph/X3 a (Lcom/android/tools/r8/graph/E0;Ljava/util/function/BiPredicate;Ljava/util/function/BiConsumer;)V 4 <appendix> member <vmtarget> ; # com/android/tools/r8/graph/X3$$Lambda+0x000000080230e1f8
instanceKlass  @bci com/android/tools/r8/internal/u3 b (Ljava/util/Set;)V 87 <appendix> member <vmtarget> ; # com/android/tools/r8/internal/u3$$Lambda+0x000000080230df90
instanceKlass  @bci com/android/tools/r8/internal/u3 b (Ljava/util/Set;)V 80 <appendix> member <vmtarget> ; # com/android/tools/r8/internal/u3$$Lambda+0x000000080230dd08
instanceKlass  @bci com/android/tools/r8/internal/u3 b (Ljava/util/Set;)V 59 <appendix> member <vmtarget> ; # com/android/tools/r8/internal/u3$$Lambda+0x000000080230daa0
instanceKlass  @bci com/android/tools/r8/internal/u3 b (Ljava/util/Set;)V 52 <appendix> argL0 ; # com/android/tools/r8/internal/u3$$Lambda+0x000000080230d820
instanceKlass com/android/tools/r8/internal/u3
instanceKlass  @bci com/android/tools/r8/internal/v3 a (Ljava/util/ArrayList;Ljava/util/function/Consumer;Ljava/util/concurrent/ExecutorService;Lcom/android/tools/r8/internal/ij0;)Lcom/android/tools/r8/internal/n3; 62 <appendix> member <vmtarget> ; # com/android/tools/r8/internal/v3$$Lambda+0x000000080230ce78
instanceKlass com/android/tools/r8/internal/m3
instanceKlass com/android/tools/r8/internal/WZ
instanceKlass com/android/tools/r8/internal/x3
instanceKlass  @bci com/android/tools/r8/internal/c3 a (Lcom/android/tools/r8/internal/HZ;Lcom/android/tools/r8/internal/YY;Ljava/util/concurrent/ExecutorService;Lcom/android/tools/r8/internal/ij0;)V 400 <appendix> member <vmtarget> ; # com/android/tools/r8/internal/c3$$Lambda+0x000000080230c518
instanceKlass com/android/tools/r8/internal/y3
instanceKlass com/android/tools/r8/internal/v3
instanceKlass  @bci com/android/tools/r8/internal/Mm a (Lcom/android/tools/r8/graph/J5;)V 257 <appendix> member <vmtarget> ; # com/android/tools/r8/internal/Mm$$Lambda+0x000000080230be40
instanceKlass  @bci com/android/tools/r8/internal/Om c ()V 23 <appendix> member <vmtarget> ; # com/android/tools/r8/internal/Om$$Lambda+0x000000080230bbd8
instanceKlass  @bci com/android/tools/r8/internal/Mm a (Lcom/android/tools/r8/graph/J5;)V 236 <appendix> member <vmtarget> ; # com/android/tools/r8/internal/Mm$$Lambda+0x000000080230b970
instanceKlass  @bci com/android/tools/r8/internal/Om b ()V 5 <appendix> member <vmtarget> ; # com/android/tools/r8/internal/Om$$Lambda+0x000000080230b6e8
instanceKlass  @bci com/android/tools/r8/internal/Nm a (Lcom/android/tools/r8/graph/C5;Lcom/android/tools/r8/internal/aQ;)Lcom/android/tools/r8/internal/Om; 6 <appendix> member <vmtarget> ; # com/android/tools/r8/internal/Nm$$Lambda+0x000000080230b470
instanceKlass com/android/tools/r8/internal/Om
instanceKlass  @bci com/android/tools/r8/internal/Nm a (Lcom/android/tools/r8/graph/y;Ljava/util/concurrent/ConcurrentHashMap;Lcom/android/tools/r8/graph/J5;)Lcom/android/tools/r8/internal/Nm; 14 <appendix> member <vmtarget> ; # com/android/tools/r8/internal/Nm$$Lambda+0x000000080230afc8
instanceKlass com/android/tools/r8/internal/Fh
instanceKlass com/android/tools/r8/internal/Nm
instanceKlass  @bci com/android/tools/r8/internal/Il b (Ljava/util/function/IntFunction;)Ljava/util/Set; 21 <appendix> member <vmtarget> ; # com/android/tools/r8/internal/Il$$Lambda+0x000000080230a690
instanceKlass  @bci com/android/tools/r8/internal/r3 a (Ljava/util/concurrent/ExecutorService;)Lcom/android/tools/r8/graph/J5; 188 <appendix> argL0 ; # com/android/tools/r8/internal/r3$$Lambda+0x000000080230a440
# instanceKlass com/android/tools/r8/internal/r3$$Lambda+0x000000080230a1e8
# instanceKlass com/android/tools/r8/internal/r3$$Lambda+0x0000000802309f90
instanceKlass  @bci com/android/tools/r8/internal/r3 a (Lcom/android/tools/r8/graph/C5;Lcom/android/tools/r8/internal/lQ;)Lcom/android/tools/r8/internal/lQ; 198 <appendix> member <vmtarget> ; # com/android/tools/r8/internal/r3$$Lambda+0x0000000802309d38
instanceKlass  @bci com/android/tools/r8/internal/r3 a (Lcom/android/tools/r8/graph/D2;)Lcom/android/tools/r8/internal/u00; 28 <appendix> member <vmtarget> ; # com/android/tools/r8/internal/r3$$Lambda+0x0000000802309ad0
instanceKlass  @bci com/android/tools/r8/internal/r3 a (Lcom/android/tools/r8/graph/D2;)Lcom/android/tools/r8/internal/u00; 10 <appendix> member <vmtarget> ; # com/android/tools/r8/internal/r3$$Lambda+0x0000000802309868
instanceKlass  @bci com/android/tools/r8/internal/r3 a (Ljava/util/concurrent/ExecutorService;)Lcom/android/tools/r8/graph/J5; 28 <appendix> member <vmtarget> ; # com/android/tools/r8/internal/r3$$Lambda+0x0000000802309600
instanceKlass com/android/tools/r8/internal/r3
# instanceKlass com/android/tools/r8/internal/lf$$Lambda+0x0000000802309110
instanceKlass  @bci com/android/tools/r8/internal/lf k ()Z 4 <appendix> argL0 ; # com/android/tools/r8/internal/lf$$Lambda+0x0000000802308e60
instanceKlass  @bci com/android/tools/r8/internal/rv a (Lcom/android/tools/r8/graph/D2;)V 2 <appendix> member <vmtarget> ; # com/android/tools/r8/internal/rv$$Lambda+0x0000000802308bf8
instanceKlass  @bci com/android/tools/r8/internal/rv a (Ljava/util/concurrent/ExecutorService;)V 16 <appendix> member <vmtarget> ; # com/android/tools/r8/internal/rv$$Lambda+0x0000000802308990
instanceKlass  @bci com/android/tools/r8/internal/rv a (Ljava/util/IdentityHashMap;Ljava/util/concurrent/ExecutorService;)V 2 <appendix> member <vmtarget> ; # com/android/tools/r8/internal/rv$$Lambda+0x0000000802308738
instanceKlass  @bci com/android/tools/r8/internal/ci a (Ljava/util/Collection;Ljava/util/IdentityHashMap;)V 2 <appendix> member <vmtarget> ; # com/android/tools/r8/internal/ci$$Lambda+0x00000008023084d0
instanceKlass  @bci com/android/tools/r8/internal/ci a (Lcom/android/tools/r8/internal/n00;Ljava/util/concurrent/ExecutorService;)Ljava/util/IdentityHashMap; 106 <appendix> member <vmtarget> ; # com/android/tools/r8/internal/ci$$Lambda+0x0000000802308268
instanceKlass  @bci com/android/tools/r8/internal/Ep a (Lcom/android/tools/r8/graph/y;Lcom/android/tools/r8/graph/A5;Ljava/util/function/Supplier;Lcom/android/tools/r8/internal/ij0;)V 3 <appendix> member <vmtarget> ; # com/android/tools/r8/internal/Ep$$Lambda+0x0000000802308000
instanceKlass  @bci com/android/tools/r8/internal/ci a (Lcom/android/tools/r8/internal/n00;Ljava/util/concurrent/ExecutorService;)Ljava/util/IdentityHashMap; 80 <appendix> member <vmtarget> ; # com/android/tools/r8/internal/ci$$Lambda+0x0000000802300400
instanceKlass  @bci com/android/tools/r8/internal/ci a (Lcom/android/tools/r8/internal/n00;Ljava/util/Deque;Lcom/android/tools/r8/internal/yq;)V 53 <appendix> member <vmtarget> ; # com/android/tools/r8/internal/ci$$Lambda+0x0000000802300cd0
# instanceKlass com/android/tools/r8/internal/ci$$Lambda+0x0000000802300a68
instanceKlass  @bci com/android/tools/r8/internal/ci a (Lcom/android/tools/r8/internal/n00;Lcom/android/tools/r8/internal/wq;)Lcom/android/tools/r8/internal/EX; 12 <appendix> member <vmtarget> ; # com/android/tools/r8/internal/ci$$Lambda+0x0000000802300800
instanceKlass  @bci com/android/tools/r8/internal/ci a (Lcom/android/tools/r8/internal/n00;Ljava/util/concurrent/ExecutorService;)Ljava/util/IdentityHashMap; 13 <appendix> argL0 ; # com/android/tools/r8/internal/ci$$Lambda+0x0000000802301c20
instanceKlass  @bci com/android/tools/r8/internal/ci a (Lcom/android/tools/r8/internal/n00;Ljava/util/concurrent/ExecutorService;)Ljava/util/IdentityHashMap; 7 <appendix> member <vmtarget> ; # com/android/tools/r8/internal/ci$$Lambda+0x00000008023019c8
instanceKlass  @bci com/android/tools/r8/internal/ci a (Ljava/util/concurrent/ExecutorService;)Ljava/util/IdentityHashMap; 43 <appendix> member <vmtarget> ; # com/android/tools/r8/internal/ci$$Lambda+0x0000000802301760
# instanceKlass com/android/tools/r8/internal/vp$$Lambda+0x00000008023014f0
# instanceKlass com/android/tools/r8/internal/vp$$Lambda+0x0000000802303d98
instanceKlass  @bci com/android/tools/r8/internal/vp a ()Ljava/util/IdentityHashMap; 54 <appendix> argL0 ; # com/android/tools/r8/internal/vp$$Lambda+0x0000000802301000
# instanceKlass com/android/tools/r8/internal/vp$$Lambda+0x0000000802301270
instanceKlass  @bci com/android/tools/r8/internal/vp b (Lcom/android/tools/r8/graph/A5;)Z 37 <appendix> argL0 ; # com/android/tools/r8/internal/vp$$Lambda+0x0000000802303b18
instanceKlass  @bci com/android/tools/r8/internal/ci a (Lcom/android/tools/r8/graph/D2;Lcom/android/tools/r8/internal/n00;Ljava/util/function/Consumer;)V 52 <appendix> member <vmtarget> ; # com/android/tools/r8/internal/ci$$Lambda+0x0000000802303890
instanceKlass  @bci com/android/tools/r8/internal/ci a (Ljava/util/Map;Lcom/android/tools/r8/internal/n00;Lcom/android/tools/r8/graph/A5;)V 25 <appendix> argL0 ; # com/android/tools/r8/internal/ci$$Lambda+0x0000000802303640
# instanceKlass com/android/tools/r8/internal/vp$$Lambda+0x00000008023033e8
# instanceKlass com/android/tools/r8/internal/vp$$Lambda+0x0000000802303168
instanceKlass  @bci com/android/tools/r8/internal/vp a (Lcom/android/tools/r8/graph/A5;)Z 40 <appendix> argL0 ; # com/android/tools/r8/internal/vp$$Lambda+0x0000000802302ee8
instanceKlass  @bci com/android/tools/r8/internal/ci b (Lcom/android/tools/r8/graph/D2;Lcom/android/tools/r8/internal/n00;Ljava/util/function/Consumer;)V 115 <appendix> member <vmtarget> ; # com/android/tools/r8/internal/ci$$Lambda+0x0000000802302c60
instanceKlass  @bci com/android/tools/r8/internal/vp <init> (Lcom/android/tools/r8/graph/y;Lcom/android/tools/r8/internal/Et;)V 30 <appendix> member <vmtarget> ; # com/android/tools/r8/internal/vp$$Lambda+0x0000000802302a08
instanceKlass com/android/tools/r8/internal/vp
# instanceKlass com/android/tools/r8/graph/D2$$Lambda+0x0000000802302530
# instanceKlass com/android/tools/r8/graph/D2$$Lambda+0x0000000802302000
instanceKlass  @bci com/android/tools/r8/graph/D2 m (Ljava/util/function/Predicate;)Lcom/android/tools/r8/internal/dC; 7 <appendix> member <vmtarget> ; # com/android/tools/r8/graph/D2$$Lambda+0x0000000802302298
# instanceKlass com/android/tools/r8/graph/D2$$Lambda+0x0000000802307c50
instanceKlass  @bci com/android/tools/r8/graph/D2 m2 ()Lcom/android/tools/r8/internal/dC; 1 <appendix> argL0 ; # com/android/tools/r8/graph/D2$$Lambda+0x00000008023079d0
instanceKlass  @bci com/android/tools/r8/internal/ci a (Ljava/util/IdentityHashMap;Ljava/util/function/Consumer;Ljava/util/concurrent/ExecutorService;)V 3 <appendix> member <vmtarget> ; # com/android/tools/r8/internal/ci$$Lambda+0x0000000802307778
instanceKlass  @bci com/android/tools/r8/internal/ci a (Ljava/util/concurrent/ExecutorService;)Ljava/util/IdentityHashMap; 34 <appendix> member <vmtarget> ; # com/android/tools/r8/internal/ci$$Lambda+0x0000000802307510
instanceKlass  @bci com/android/tools/r8/internal/ci a (Ljava/util/Map;Lcom/android/tools/r8/graph/D2;Lcom/android/tools/r8/graph/A5;)Z 25 <appendix> argL0 ; # com/android/tools/r8/internal/ci$$Lambda+0x00000008023072c0
instanceKlass  @bci com/android/tools/r8/internal/ci a (Ljava/util/Map;Lcom/android/tools/r8/graph/D2;Ljava/util/List;)Z 25 <appendix> member <vmtarget> ; # com/android/tools/r8/internal/ci$$Lambda+0x0000000802307038
instanceKlass  @bci com/android/tools/r8/internal/ci a (Ljava/util/IdentityHashMap;)Ljava/util/concurrent/ConcurrentHashMap; 47 <appendix> member <vmtarget> ; # com/android/tools/r8/internal/ci$$Lambda+0x0000000802306db0
instanceKlass  @bci com/android/tools/r8/internal/ci a (Ljava/util/Map;Lcom/android/tools/r8/graph/A5;)V 59 <appendix> argL0 ; # com/android/tools/r8/internal/ci$$Lambda+0x0000000802306b60
instanceKlass  @bci com/android/tools/r8/internal/ci a ()Ljava/util/IdentityHashMap; 48 <appendix> member <vmtarget> ; # com/android/tools/r8/internal/ci$$Lambda+0x00000008023068f8
instanceKlass com/android/tools/r8/internal/ci
instanceKlass  @bci com/android/tools/r8/internal/rv a (Ljava/util/List;)V 26 <appendix> member <vmtarget> ; # com/android/tools/r8/internal/rv$$Lambda+0x0000000802306450
# instanceKlass com/android/tools/r8/internal/rv$$Lambda+0x00000008023061e8
# instanceKlass com/android/tools/r8/internal/rv$$Lambda+0x0000000802305f80
instanceKlass  @bci com/android/tools/r8/internal/rv b (Lcom/android/tools/r8/internal/wq;Lcom/android/tools/r8/internal/zq;Lcom/android/tools/r8/internal/vf;Ljava/util/Deque;Lcom/android/tools/r8/internal/zq;Ljava/util/Set;)Z 437 <appendix> member <vmtarget> ; # com/android/tools/r8/internal/rv$$Lambda+0x0000000802305d28
# instanceKlass com/android/tools/r8/internal/lw$$Lambda+0x0000000802305ad0
instanceKlass  @bci com/android/tools/r8/internal/lw a (Lcom/android/tools/r8/graph/y;Lcom/android/tools/r8/internal/Eq;Lcom/android/tools/r8/internal/vf;)Lcom/android/tools/r8/internal/fn0; 7 <appendix> member <vmtarget> ; # com/android/tools/r8/internal/lw$$Lambda+0x0000000802305878
# instanceKlass com/android/tools/r8/internal/zq$$Lambda+0x00000008023055f0
instanceKlass  @bci com/android/tools/r8/internal/zq a (Ljava/util/function/BiPredicate;)V 8 <appendix> member <vmtarget> ; # com/android/tools/r8/internal/zq$$Lambda+0x0000000802305368
instanceKlass  @bci com/android/tools/r8/internal/rv a (Lcom/android/tools/r8/internal/wq;Lcom/android/tools/r8/internal/zq;Ljava/util/Deque;)V 13 <appendix> member <vmtarget> ; # com/android/tools/r8/internal/rv$$Lambda+0x0000000802304e58
# instanceKlass com/android/tools/r8/internal/rv$$Lambda+0x00000008023050e0
instanceKlass  @bci com/android/tools/r8/internal/rv b (Lcom/android/tools/r8/internal/wq;Lcom/android/tools/r8/internal/zq;Ljava/util/Deque;)V 33 <appendix> member <vmtarget> ; # com/android/tools/r8/internal/rv$$Lambda+0x0000000802304bf0
# instanceKlass com/android/tools/r8/internal/rv$$Lambda+0x0000000802304988
# instanceKlass com/android/tools/r8/internal/rv$$Lambda+0x0000000802304720
instanceKlass  @bci com/android/tools/r8/internal/rv a (Lcom/android/tools/r8/internal/wq;)V 12 <appendix> member <vmtarget> ; # com/android/tools/r8/internal/rv$$Lambda+0x00000008023044b8
instanceKlass  @bci com/android/tools/r8/internal/rv a (Ljava/util/List;Ljava/util/concurrent/ExecutorService;)V 2 <appendix> member <vmtarget> ; # com/android/tools/r8/internal/rv$$Lambda+0x0000000802304250
instanceKlass  @bci com/android/tools/r8/internal/wq <init> (Ljava/util/LinkedHashSet;)V 112 <appendix> argL0 ; # com/android/tools/r8/internal/wq$$Lambda+0x0000000802304000
instanceKlass  @bci com/android/tools/r8/internal/rv a ()Ljava/util/List; 66 <appendix> argL0 ; # com/android/tools/r8/internal/rv$$Lambda+0x00000008022ffd30
instanceKlass  @bci com/android/tools/r8/internal/rv a ()Ljava/util/List; 58 <appendix> argL0 ; # com/android/tools/r8/internal/rv$$Lambda+0x00000008022ffac0
instanceKlass  @bci com/android/tools/r8/internal/wq a (Ljava/util/function/Consumer;)V 21 <appendix> member <vmtarget> ; # com/android/tools/r8/internal/wq$$Lambda+0x00000008022ff858
instanceKlass com/android/tools/r8/internal/fz
instanceKlass  @bci com/android/tools/r8/internal/xq b (Lcom/android/tools/r8/graph/D2;)V 22 <appendix> member <vmtarget> ; # com/android/tools/r8/internal/xq$$Lambda+0x00000008022ff3b8
instanceKlass  @bci com/android/tools/r8/internal/xq b (Lcom/android/tools/r8/graph/D2;)V 5 <appendix> member <vmtarget> ; # com/android/tools/r8/internal/xq$$Lambda+0x00000008022ff150
instanceKlass  @bci com/android/tools/r8/internal/xq b ()Lcom/android/tools/r8/internal/xq; 15 <appendix> member <vmtarget> ; # com/android/tools/r8/internal/xq$$Lambda+0x00000008022feee8
instanceKlass  @bci com/android/tools/r8/internal/zq a (Lcom/android/tools/r8/internal/zq;Lcom/android/tools/r8/internal/r;)V 6 <appendix> argL0 ; # com/android/tools/r8/internal/zq$$Lambda+0x00000008022fe848
instanceKlass  @bci com/android/tools/r8/internal/xq a (Lcom/android/tools/r8/graph/A5;Lcom/android/tools/r8/internal/fn0;)Lcom/android/tools/r8/internal/yq; 14 <appendix> member <vmtarget> ; # com/android/tools/r8/internal/xq$$Lambda+0x00000008022fe5f0
instanceKlass com/android/tools/r8/internal/Yt
instanceKlass  @bci com/android/tools/r8/internal/xq a (Lcom/android/tools/r8/graph/C5;ILcom/android/tools/r8/internal/lQ;)Lcom/android/tools/r8/internal/Aq; 33 <appendix> member <vmtarget> ; # com/android/tools/r8/internal/xq$$Lambda+0x00000008022fdf88
instanceKlass  @cpi com/android/tools/r8/internal/xq 524 form vmentry <vmtarget> ; # java/lang/invoke/LambdaForm$DMH+0x0000000802300000
instanceKlass  @bci com/android/tools/r8/internal/xq a (Lcom/android/tools/r8/graph/C5;ILcom/android/tools/r8/internal/lQ;)Lcom/android/tools/r8/internal/Aq; 11 <appendix> argL0 ; # com/android/tools/r8/internal/xq$$Lambda+0x00000008022fdd38
instanceKlass  @bci com/android/tools/r8/internal/xq a (Lcom/android/tools/r8/graph/D2;)V 22 <appendix> member <vmtarget> ; # com/android/tools/r8/internal/xq$$Lambda+0x00000008022fdad0
instanceKlass  @bci com/android/tools/r8/internal/xq a (Lcom/android/tools/r8/graph/D2;)V 5 <appendix> member <vmtarget> ; # com/android/tools/r8/internal/xq$$Lambda+0x00000008022fd868
instanceKlass  @bci com/android/tools/r8/internal/xq a ()Lcom/android/tools/r8/internal/xq; 15 <appendix> member <vmtarget> ; # com/android/tools/r8/internal/xq$$Lambda+0x00000008022fd600
instanceKlass com/android/tools/r8/internal/zq
instanceKlass com/android/tools/r8/internal/xq
instanceKlass com/android/tools/r8/internal/Eq
instanceKlass com/android/tools/r8/internal/rv
instanceKlass  @bci com/android/tools/r8/internal/Ln0 a (Lcom/android/tools/r8/internal/Im;Lcom/android/tools/r8/internal/pQ;)V 5 <appendix> argL0 ; # com/android/tools/r8/internal/Ln0$$Lambda+0x00000008022fc338
instanceKlass  @bci com/android/tools/r8/internal/c3 a (Ljava/util/Map;Ljava/util/Set;Lcom/android/tools/r8/graph/B2;)V 2 <appendix> argL0 ; # com/android/tools/r8/internal/c3$$Lambda+0x00000008022fc0c8
instanceKlass  @bci com/android/tools/r8/internal/Ln0 a (Lcom/android/tools/r8/graph/D2;Lcom/android/tools/r8/graph/D2;Lcom/android/tools/r8/internal/Im;Lcom/android/tools/r8/internal/pQ;)V 213 <appendix> member <vmtarget> ; # com/android/tools/r8/internal/Ln0$$Lambda+0x00000008022fbe60
# instanceKlass com/android/tools/r8/internal/Ln0$$Lambda+0x00000008022fbc10
instanceKlass  @bci com/android/tools/r8/internal/Ln0 a (Lcom/android/tools/r8/graph/I2;Lcom/android/tools/r8/internal/pQ;)V 5 <appendix> argL0 ; # com/android/tools/r8/internal/Ln0$$Lambda+0x00000008022fb9c0
instanceKlass  @bci com/android/tools/r8/internal/Ln0 a (Lcom/android/tools/r8/graph/I2;Lcom/android/tools/r8/graph/C5;Lcom/android/tools/r8/internal/lQ;)V 5 <appendix> argL0 ; # com/android/tools/r8/internal/Ln0$$Lambda+0x00000008022fb770
instanceKlass  @bci com/android/tools/r8/internal/DA a (Lcom/android/tools/r8/graph/y;Lcom/android/tools/r8/graph/C5;Lcom/android/tools/r8/graph/D2;Lcom/android/tools/r8/internal/Im;)Lcom/android/tools/r8/internal/Im; 51 <appendix> member <vmtarget> ; # com/android/tools/r8/internal/DA$$Lambda+0x00000008022fb4e8
instanceKlass  @bci com/android/tools/r8/internal/Ln0 a (Lcom/android/tools/r8/internal/Im;Lcom/android/tools/r8/graph/C5;Lcom/android/tools/r8/internal/nf;)V 5 <appendix> argL0 ; # com/android/tools/r8/internal/Ln0$$Lambda+0x00000008022fb298
instanceKlass  @bci com/android/tools/r8/internal/DA a (Lcom/android/tools/r8/graph/y;Lcom/android/tools/r8/graph/D2;Lcom/android/tools/r8/graph/C5;Lcom/android/tools/r8/internal/lQ;Lcom/android/tools/r8/internal/oQ;)Lcom/android/tools/r8/internal/lQ; 93 <appendix> member <vmtarget> ; # com/android/tools/r8/internal/DA$$Lambda+0x00000008022fb020
# instanceKlass com/android/tools/r8/internal/Mn0$$Lambda+0x00000008022fadb8
instanceKlass  @bci com/android/tools/r8/internal/Mn0 a (Lcom/android/tools/r8/internal/Ln0;Lcom/android/tools/r8/graph/D2;Lcom/android/tools/r8/graph/C5;)V 85 <appendix> member <vmtarget> ; # com/android/tools/r8/internal/Mn0$$Lambda+0x00000008022fab50
# instanceKlass com/android/tools/r8/internal/nQ$$Lambda+0x00000008022fa1b0
# instanceKlass com/android/tools/r8/internal/pf$$Lambda+0x00000008022fa8e8
instanceKlass  @bci com/android/tools/r8/internal/pf a ()Lcom/android/tools/r8/internal/lQ; 69 <appendix> member <vmtarget> ; # com/android/tools/r8/internal/pf$$Lambda+0x00000008022fa680
# instanceKlass com/android/tools/r8/internal/pf$$Lambda+0x00000008022fa418
# instanceKlass com/android/tools/r8/internal/nQ$$Lambda+0x00000008022f9f48
instanceKlass  @bci com/android/tools/r8/internal/nQ a (Lcom/android/tools/r8/graph/y;Ljava/lang/Object;Lcom/android/tools/r8/internal/lQ;)V 33 <appendix> member <vmtarget> ; # com/android/tools/r8/internal/nQ$$Lambda+0x00000008022f9ce0
# instanceKlass com/android/tools/r8/internal/Ln0$$Lambda+0x00000008022f9a78
# instanceKlass com/android/tools/r8/internal/Ln0$$Lambda+0x00000008022f9810
instanceKlass  @bci com/android/tools/r8/internal/Ln0 a (Lcom/android/tools/r8/graph/D2;Lcom/android/tools/r8/graph/D2;)V 81 <appendix> member <vmtarget> ; # com/android/tools/r8/internal/Ln0$$Lambda+0x00000008022f95a8
# instanceKlass com/android/tools/r8/internal/Ln0$$Lambda+0x00000008022f9340
# instanceKlass com/android/tools/r8/internal/Ln0$$Lambda+0x00000008022f90d8
# instanceKlass com/android/tools/r8/internal/Ln0$$Lambda+0x00000008022f8e70
instanceKlass  @bci com/android/tools/r8/internal/Ln0 a (Lcom/android/tools/r8/graph/D2;Lcom/android/tools/r8/graph/D2;)V 67 <appendix> member <vmtarget> ; # com/android/tools/r8/internal/Ln0$$Lambda+0x00000008022f8c08
# instanceKlass com/android/tools/r8/internal/nQ$$Lambda+0x00000008022f89a0
# instanceKlass com/android/tools/r8/internal/nQ$$Lambda+0x00000008022f8738
# instanceKlass com/android/tools/r8/internal/nQ$$Lambda+0x00000008022f84d0
instanceKlass  @bci com/android/tools/r8/internal/nQ a (Lcom/android/tools/r8/graph/y;Lcom/android/tools/r8/internal/pQ;)V 6 <appendix> member <vmtarget> ; # com/android/tools/r8/internal/nQ$$Lambda+0x00000008022f8268
# instanceKlass com/android/tools/r8/internal/DA$$Lambda+0x00000008022f8000
# instanceKlass com/android/tools/r8/internal/DA$$Lambda+0x00000008022f7d40
instanceKlass  @bci com/android/tools/r8/internal/DA b (Lcom/android/tools/r8/internal/pQ;Lcom/android/tools/r8/graph/D2;)V 3 <appendix> member <vmtarget> ; # com/android/tools/r8/internal/DA$$Lambda+0x00000008022f7870
# instanceKlass com/android/tools/r8/internal/DA$$Lambda+0x00000008022f7ad8
# instanceKlass com/android/tools/r8/graph/X3$$Lambda+0x00000008022f7608
# instanceKlass com/android/tools/r8/graph/X3$$Lambda+0x00000008022f73a0
# instanceKlass com/android/tools/r8/graph/X3$$Lambda+0x00000008022f7138
instanceKlass  @bci com/android/tools/r8/graph/X3 b (Ljava/util/function/Predicate;Ljava/util/function/Consumer;Lcom/android/tools/r8/graph/D2;)V 18 <appendix> member <vmtarget> ; # com/android/tools/r8/graph/X3$$Lambda+0x00000008022f6ed0
# instanceKlass com/android/tools/r8/internal/DA$$Lambda+0x00000008022f6c68
# instanceKlass com/android/tools/r8/internal/DA$$Lambda+0x00000008022f6a00
# instanceKlass com/android/tools/r8/internal/DA$$Lambda+0x00000008022f6798
instanceKlass  @bci com/android/tools/r8/internal/DA c (Lcom/android/tools/r8/internal/pQ;Lcom/android/tools/r8/graph/D2;)V 12 <appendix> member <vmtarget> ; # com/android/tools/r8/internal/DA$$Lambda+0x00000008022f6530
# instanceKlass com/android/tools/r8/internal/Mn0$$Lambda+0x00000008022f62c8
# instanceKlass com/android/tools/r8/internal/Mn0$$Lambda+0x00000008022f6060
instanceKlass  @bci com/android/tools/r8/internal/Mn0 a (Lcom/android/tools/r8/graph/D2;Lcom/android/tools/r8/internal/Ln0;)V 4 <appendix> member <vmtarget> ; # com/android/tools/r8/internal/Mn0$$Lambda+0x00000008022f5df8
instanceKlass  @bci com/android/tools/r8/internal/DA c (Lcom/android/tools/r8/internal/pQ;Lcom/android/tools/r8/graph/D2;)V 6 <appendix> argL0 ; # com/android/tools/r8/internal/DA$$Lambda+0x00000008022f5b78
# instanceKlass com/android/tools/r8/internal/Mn0$$Lambda+0x00000008022f5910
# instanceKlass com/android/tools/r8/internal/Mn0$$Lambda+0x00000008022f5440
instanceKlass  @bci com/android/tools/r8/internal/Mn0 m (Lcom/android/tools/r8/graph/D2;)V 15 <appendix> member <vmtarget> ; # com/android/tools/r8/internal/Mn0$$Lambda+0x00000008022f56a8
instanceKlass  @bci com/android/tools/r8/internal/DA m (Lcom/android/tools/r8/graph/D2;)Lcom/android/tools/r8/internal/pQ; 47 <appendix> member <vmtarget> ; # com/android/tools/r8/internal/DA$$Lambda+0x00000008022f51d8
# instanceKlass com/android/tools/r8/internal/Ln0$$Lambda+0x00000008022f4f70
# instanceKlass com/android/tools/r8/internal/Ln0$$Lambda+0x00000008022f4aa0
instanceKlass  @bci com/android/tools/r8/internal/DA m (Lcom/android/tools/r8/graph/D2;)Lcom/android/tools/r8/internal/pQ; 27 <appendix> member <vmtarget> ; # com/android/tools/r8/internal/DA$$Lambda+0x00000008022f4838
instanceKlass  @bci com/android/tools/r8/internal/Ln0 <init> (Lcom/android/tools/r8/internal/Mn0;Lcom/android/tools/r8/graph/D2;)V 55 <appendix> member <vmtarget> ; # com/android/tools/r8/internal/Ln0$$Lambda+0x00000008022f4d08
instanceKlass com/android/tools/r8/internal/Ln0
# instanceKlass com/android/tools/r8/internal/s3$$Lambda+0x00000008022f4128
# instanceKlass com/android/tools/r8/internal/s3$$Lambda+0x00000008022f3c58
# instanceKlass com/android/tools/r8/internal/s3$$Lambda+0x00000008022f3ec0
instanceKlass  @bci com/android/tools/r8/internal/s3 a (Ljava/util/Set;)V 21 <appendix> member <vmtarget> ; # com/android/tools/r8/internal/s3$$Lambda+0x00000008022f39f0
instanceKlass  @bci com/android/tools/r8/internal/s3 a (Ljava/util/Set;Ljava/util/concurrent/ExecutorService;Lcom/android/tools/r8/internal/ij0;)V 13 <appendix> member <vmtarget> ; # com/android/tools/r8/internal/s3$$Lambda+0x00000008022f32b8
instanceKlass com/android/tools/r8/internal/s3
instanceKlass  @bci com/android/tools/r8/internal/c3 a (Lcom/android/tools/r8/internal/HZ;Lcom/android/tools/r8/internal/YY;Ljava/util/concurrent/ExecutorService;Lcom/android/tools/r8/internal/ij0;)V 150 <appendix> member <vmtarget> ; # com/android/tools/r8/internal/c3$$Lambda+0x00000008022f2e10
instanceKlass  @bci com/android/tools/r8/internal/HZ a (Lcom/android/tools/r8/graph/y;Ljava/util/concurrent/ExecutorService;)Lcom/android/tools/r8/graph/x0; 532 <appendix> member <vmtarget> ; # com/android/tools/r8/internal/HZ$$Lambda+0x00000008022f2ba8
instanceKlass  @bci com/android/tools/r8/internal/oX a (Lcom/android/tools/r8/internal/os;)Z 78 <appendix> member <vmtarget> ; # com/android/tools/r8/internal/oX$$Lambda+0x00000008022f28f0
instanceKlass  @bci com/android/tools/r8/internal/fX a (Ljava/util/List;Lcom/android/tools/r8/internal/os;)Ljava/util/List; 27 <appendix> member <vmtarget> ; # com/android/tools/r8/internal/fX$$Lambda+0x00000008022f2678
instanceKlass  @bci com/android/tools/r8/internal/fX a (Lcom/android/tools/r8/internal/os;)V 35 <appendix> member <vmtarget> ; # com/android/tools/r8/internal/fX$$Lambda+0x00000008022f2410
instanceKlass  @bci com/android/tools/r8/graph/j3 a ()V 9 <appendix> argL0 ; # com/android/tools/r8/graph/j3$$Lambda+0x00000008022f21b0
instanceKlass  @bci com/android/tools/r8/internal/HZ a (Lcom/android/tools/r8/internal/YY;Ljava/util/concurrent/ExecutorService;)V 38 <appendix> member <vmtarget> ; # com/android/tools/r8/internal/HZ$$Lambda+0x00000008022f1f48
instanceKlass  @bci com/android/tools/r8/ir/optimize/b0 a (Lcom/android/tools/r8/internal/fR;Lcom/android/tools/r8/internal/HN;Lcom/android/tools/r8/internal/os;Lcom/android/tools/r8/graph/C5;Ljava/util/Optional;)V 205 <appendix> member <vmtarget> ; # com/android/tools/r8/ir/optimize/b0$$Lambda+0x00000008022f1cf0
instanceKlass  @bci com/android/tools/r8/ir/optimize/b0 a (Lcom/android/tools/r8/internal/fR;Lcom/android/tools/r8/internal/HN;Lcom/android/tools/r8/internal/os;Lcom/android/tools/r8/graph/C5;Ljava/util/Optional;)V 75 <appendix> argL0 ; # com/android/tools/r8/ir/optimize/b0$$Lambda+0x00000008022f1a70
instanceKlass  @bci com/android/tools/r8/ir/optimize/b0 a (Lcom/android/tools/r8/internal/fR;)Lcom/android/tools/r8/internal/HN; 23 <appendix> member <vmtarget> ; # com/android/tools/r8/ir/optimize/b0$$Lambda+0x00000008022f1808
instanceKlass  @bci com/android/tools/r8/internal/HN b (Lcom/android/tools/r8/internal/os;)Lcom/android/tools/r8/internal/HN; 9 <appendix> argL0 ; # com/android/tools/r8/internal/HN$$Lambda+0x00000008022f15b8
instanceKlass  @bci com/android/tools/r8/internal/HN b (Lcom/android/tools/r8/internal/os;)Lcom/android/tools/r8/internal/HN; 4 <appendix> argL0 ; # com/android/tools/r8/internal/HN$$Lambda+0x00000008022f1368
instanceKlass  @bci com/android/tools/r8/ir/optimize/b0 a (Lcom/android/tools/r8/internal/YY;Lcom/android/tools/r8/internal/ij0;Ljava/util/concurrent/ExecutorService;)V 28 <appendix> member <vmtarget> ; # com/android/tools/r8/ir/optimize/b0$$Lambda+0x00000008022f1110
instanceKlass  @bci com/android/tools/r8/internal/gR c (Lcom/android/tools/r8/graph/C5;)V 21 <appendix> member <vmtarget> ; # com/android/tools/r8/internal/gR$$Lambda+0x00000008022f0e98
# instanceKlass com/android/tools/r8/internal/gR$$Lambda+0x00000008022f0c30
# instanceKlass com/android/tools/r8/internal/gR$$Lambda+0x00000008022f09b0
instanceKlass  @bci com/android/tools/r8/internal/gR a (Lcom/android/tools/r8/graph/D2;)V 8 <appendix> member <vmtarget> ; # com/android/tools/r8/internal/gR$$Lambda+0x00000008022f0748
instanceKlass  @bci com/android/tools/r8/internal/gR a (Lcom/android/tools/r8/graph/D2;)V 2 <appendix> argL0 ; # com/android/tools/r8/internal/gR$$Lambda+0x00000008022f04c8
instanceKlass  @bci com/android/tools/r8/internal/gR a (Ljava/util/concurrent/ExecutorService;)Lcom/android/tools/r8/internal/fR; 14 <appendix> member <vmtarget> ; # com/android/tools/r8/internal/gR$$Lambda+0x00000008022f0260
instanceKlass  @bci com/android/tools/r8/ir/optimize/b0 a (Lcom/android/tools/r8/internal/YY;Lcom/android/tools/r8/internal/ij0;Ljava/util/concurrent/ExecutorService;)V 14 <appendix> member <vmtarget> ; # com/android/tools/r8/ir/optimize/b0$$Lambda+0x0000000801d2f988
instanceKlass  @bci com/android/tools/r8/internal/HN a (Lcom/android/tools/r8/graph/d1;Ljava/util/function/Predicate;)Lcom/android/tools/r8/internal/HN; 7 <appendix> member <vmtarget> ; # com/android/tools/r8/internal/HN$$Lambda+0x0000000801d2f700
instanceKlass  @bci com/android/tools/r8/ir/optimize/W a (Lcom/android/tools/r8/internal/YY;Lcom/android/tools/r8/internal/ij0;Ljava/util/concurrent/ExecutorService;)V 42 <appendix> argL0 ; # com/android/tools/r8/ir/optimize/W$$Lambda+0x0000000801d2f480
instanceKlass  @bci com/android/tools/r8/graph/a a (Lcom/android/tools/r8/graph/J5;)Lcom/android/tools/r8/graph/d; 128 <appendix> member <vmtarget> ; # com/android/tools/r8/graph/a$$Lambda+0x0000000801d2f218
instanceKlass  @bci com/intellij/util/messages/impl/MessageBusImpl dispose ()V 88 <appendix> member <vmtarget> ; # com/intellij/util/messages/impl/MessageBusImpl$$Lambda+0x00000008022eef00
instanceKlass  @bci com/intellij/psi/impl/file/impl/FileManagerImpl clearViewProviders ()V 7 <appendix> member <vmtarget> ; # com/intellij/psi/impl/file/impl/FileManagerImpl$$Lambda+0x00000008022eea30
instanceKlass com/intellij/util/messages/impl/MessageBusImplKt
instanceKlass com/intellij/openapi/Disposable$Parent
instanceKlass  @bci com/intellij/openapi/util/ObjectNode removeChildNodesRecursively (Ljava/util/List;Lcom/intellij/openapi/util/ObjectTree;Ljava/lang/Throwable;Ljava/util/function/Predicate;)V 27 <appendix> member <vmtarget> ; # com/intellij/openapi/util/ObjectNode$$Lambda+0x00000008022ee0b8
instanceKlass  @bci com/intellij/openapi/util/ObjectTree executeAll (Lcom/intellij/openapi/Disposable;Z)V 13 <appendix> member <vmtarget> ; # com/intellij/openapi/util/ObjectTree$$Lambda+0x00000008022ede50
instanceKlass kotlin/io/FilesKt__FilePathComponentsKt
instanceKlass com/google/common/io/Files$2
instanceKlass com/google/common/io/ByteSource
instanceKlass com/google/common/io/LineProcessor
instanceKlass com/google/common/io/ByteSink
instanceKlass com/google/common/graph/SuccessorsFunction
instanceKlass com/google/common/io/Files
instanceKlass com/google/common/base/Joiner
instanceKlass com/android/utils/FileUtils
instanceKlass com/android/tools/lint/detector/api/LintJavaUtils
instanceKlass com/google/common/escape/Platform
instanceKlass org/jetbrains/uast/UastCallKind$Companion
instanceKlass org/jetbrains/uast/UastCallKind
instanceKlass org/jetbrains/uast/util/UastExpressionUtils
instanceKlass com/google/common/escape/ArrayBasedEscaperMap
instanceKlass com/google/common/escape/Escapers$Builder
instanceKlass  @bci com/google/common/escape/Escaper <init> ()V 6 <appendix> member <vmtarget> ; # com/google/common/escape/Escaper$$Lambda+0x00000008022e9cf8
instanceKlass com/google/common/escape/Escaper
instanceKlass com/google/common/escape/Escapers
instanceKlass com/google/common/xml/XmlEscapers
instanceKlass java/util/zip/ZipOutputStream$XEntry
instanceKlass org/jetbrains/kotlin/metadata/ProtoBuf$TypeAliasOrBuilder
instanceKlass org/jetbrains/kotlin/metadata/ProtoBuf$VersionRequirement$VersionKind$1
instanceKlass org/jetbrains/kotlin/metadata/ProtoBuf$VersionRequirement$Level$1
instanceKlass org/jetbrains/kotlin/metadata/ProtoBuf$VersionRequirementOrBuilder
instanceKlass org/jetbrains/kotlin/metadata/ProtoBuf$Effect$InvocationKind$1
instanceKlass org/jetbrains/kotlin/metadata/ProtoBuf$Expression$ConstantValue$1
instanceKlass org/jetbrains/kotlin/metadata/ProtoBuf$ExpressionOrBuilder
instanceKlass org/jetbrains/kotlin/metadata/ProtoBuf$Effect$EffectType$1
instanceKlass org/jetbrains/kotlin/metadata/ProtoBuf$EffectOrBuilder
instanceKlass org/jetbrains/kotlin/load/kotlin/KotlinClassFinderKt
instanceKlass  @bci com/intellij/psi/impl/compiled/StubBuildingVisitor$FieldAnnotationCollectingVisitor visitAnnotation (Ljava/lang/String;Z)Lorg/jetbrains/org/objectweb/asm/AnnotationVisitor; 10 <appendix> member <vmtarget> ; # com/intellij/psi/impl/compiled/StubBuildingVisitor$FieldAnnotationCollectingVisitor$$Lambda+0x00000008022e2488
# instanceKlass java/lang/invoke/LambdaForm$MH+0x00000008022e4000
instanceKlass com/intellij/util/containers/UnmodifiableHashMap
instanceKlass com/intellij/psi/impl/PsiSubstitutorImpl$1
instanceKlass com/intellij/psi/impl/PsiSubstitutorImpl
instanceKlass com/intellij/psi/impl/compiled/SignatureParsing$TypeParameterDeclaration
instanceKlass com/intellij/psi/impl/cache/TypeInfo$1
instanceKlass com/intellij/psi/impl/source/PsiImmediateClassType$1
instanceKlass com/intellij/util/containers/CollectionFactory$1
instanceKlass com/intellij/psi/PsiTypeCodeFragment
instanceKlass com/intellij/psi/impl/source/PsiTypeElementImpl$1
instanceKlass  @bci com/intellij/psi/impl/source/PsiTypeElementImpl getReferenceComputable (Lcom/intellij/psi/PsiJavaCodeReferenceElement;)Lcom/intellij/psi/impl/source/ClassReferencePointer; 49 <appendix> member <vmtarget> ; # com/intellij/psi/impl/source/PsiTypeElementImpl$$Lambda+0x00000008022d0a28
instanceKlass  @bci com/intellij/openapi/util/Conditions compose (Lcom/intellij/util/Function;Lcom/intellij/openapi/util/Condition;)Lcom/intellij/openapi/util/Condition; 20 <appendix> member <vmtarget> ; # com/intellij/openapi/util/Conditions$$Lambda+0x00000008022d0550
instanceKlass  @bci com/intellij/openapi/util/Conditions instanceOf (Ljava/lang/Class;)Lcom/intellij/openapi/util/Condition; 9 <appendix> member <vmtarget> ; # com/intellij/openapi/util/Conditions$$Lambda+0x00000008022d02a0
instanceKlass  @bci com/intellij/psi/SyntaxTraverser <init> (Lcom/intellij/psi/SyntaxTraverser$Api;Lcom/intellij/util/containers/FilteredTraverserBase$Meta;)V 24 <appendix> member <vmtarget> ; # com/intellij/psi/SyntaxTraverser$$Lambda+0x00000008022d0000
instanceKlass  @bci com/intellij/util/containers/JBIterable takeWhile (Lcom/intellij/openapi/util/Condition;)Lcom/intellij/util/containers/JBIterable; 11 <appendix> member <vmtarget> ; # com/intellij/util/containers/JBIterable$$Lambda+0x00000008022cfa38
instanceKlass  @bci com/intellij/psi/impl/source/PsiTypeElementImpl getRootTypeElement (Lcom/intellij/psi/PsiJavaCodeReferenceElement;)Lcom/intellij/psi/PsiTypeElement; 21 <appendix> argL0 ; # com/intellij/psi/impl/source/PsiTypeElementImpl$$Lambda+0x00000008022cf790
instanceKlass  @bci com/intellij/psi/SyntaxTraverser$Api parents (Ljava/lang/Object;)Lcom/intellij/util/containers/JBIterable; 2 <appendix> member <vmtarget> ; # com/intellij/psi/SyntaxTraverser$Api$$Lambda+0x00000008022cf4f0
instanceKlass com/intellij/psi/SyntaxTraverser$ApiEx$1
instanceKlass com/intellij/psi/SyntaxTraverser$Api$3
instanceKlass com/intellij/psi/SyntaxTraverser$Api$2
instanceKlass com/intellij/psi/SyntaxTraverser$Api$1
instanceKlass com/intellij/psi/SyntaxTraverser$Api
instanceKlass com/intellij/psi/impl/source/tree/JavaSharedImplUtil$FilteringTypeAnnotationProvider
instanceKlass  @bci com/intellij/psi/augment/PsiAugmentProvider getInferredType (Lcom/intellij/psi/PsiTypeElement;)Lcom/intellij/psi/PsiType; 21 <appendix> member <vmtarget> ; # com/intellij/psi/augment/PsiAugmentProvider$$Lambda+0x00000008022cccd8
instanceKlass  @bci com/intellij/psi/impl/source/PsiTypeElementImpl getType ()Lcom/intellij/psi/PsiType; 2 <appendix> member <vmtarget> ; # com/intellij/psi/impl/source/PsiTypeElementImpl$$Lambda+0x00000008022cca60
instanceKlass com/intellij/psi/impl/source/tree/JavaSharedImplUtil
instanceKlass com/android/tools/lint/annotations/Extractor$AnnotationData
instanceKlass  @bci com/android/tools/lint/annotations/Extractor isMagicConstant (Lorg/jetbrains/uast/UAnnotation;Ljava/lang/String;)Z 149 <appendix> argL0 ; # com/android/tools/lint/annotations/Extractor$$Lambda+0x00000008022cc010
instanceKlass com/intellij/psi/impl/InheritanceImplUtil
instanceKlass com/intellij/psi/impl/source/resolve/ResolveCache$PolyVariantResolver
instanceKlass  @bci com/intellij/psi/impl/source/javadoc/PsiDocCommentImpl <clinit> ()V 40 <appendix> argL0 ; # com/intellij/psi/impl/source/javadoc/PsiDocCommentImpl$$Lambda+0x00000008022ca498
instanceKlass com/android/tools/lint/detector/api/ClassContext$Companion
instanceKlass com/android/tools/lint/detector/api/Context$Companion
instanceKlass com/android/tools/lint/detector/api/Context
instanceKlass com/intellij/psi/PsiClassLevelDeclarationStatement
instanceKlass com/intellij/psi/PsiTypeVisitor
instanceKlass com/intellij/psi/util/ClassUtil
instanceKlass com/android/tools/lint/detector/api/Lint
instanceKlass org/jetbrains/uast/UastVisibility$Companion
instanceKlass com/intellij/openapi/util/NullableLazyValue
instanceKlass  @bci com/intellij/psi/impl/compiled/ClsFieldImpl <init> (Lcom/intellij/psi/impl/java/stubs/PsiFieldStub;)V 28 <appendix> member <vmtarget> ; # com/intellij/psi/impl/compiled/ClsFieldImpl$$Lambda+0x00000008022bf050
instanceKlass  @bci com/intellij/psi/impl/compiled/ClsFieldImpl <init> (Lcom/intellij/psi/impl/java/stubs/PsiFieldStub;)V 15 <appendix> member <vmtarget> ; # com/intellij/psi/impl/compiled/ClsFieldImpl$$Lambda+0x00000008022bedf8
instanceKlass com/intellij/psi/impl/compiled/ClsModifierListOwner
instanceKlass  @bci com/intellij/psi/impl/source/resolve/JavaResolveCache getType (Lcom/intellij/psi/PsiExpression;Lcom/intellij/util/Function;)Lcom/intellij/psi/PsiType; 52 <appendix> member <vmtarget> ; # com/intellij/psi/impl/source/resolve/JavaResolveCache$$Lambda+0x00000008022be950
instanceKlass com/intellij/psi/impl/source/resolve/ParameterTypeInferencePolicy
instanceKlass com/intellij/psi/scope/ElementClassFilter$1
instanceKlass com/intellij/psi/meta/PsiMetaOwner
instanceKlass  @bci com/intellij/psi/impl/source/ClassInnerStuffCache getFieldsMap ()Ljava/util/Map; 76 <appendix> member <vmtarget> ; # com/intellij/psi/impl/source/ClassInnerStuffCache$$Lambda+0x00000008022bd9b0
instanceKlass  @bci com/intellij/psi/impl/source/ClassInnerStuffCache findFieldByName (Ljava/lang/String;Z)Lcom/intellij/psi/PsiField; 19 <appendix> member <vmtarget> ; # com/intellij/psi/impl/source/ClassInnerStuffCache$$Lambda+0x00000008022bd738
instanceKlass  @bci com/intellij/psi/augment/PsiAugmentProvider transformModifierProperties (Lcom/intellij/psi/PsiModifierList;Lcom/intellij/openapi/project/Project;Ljava/util/Set;)Ljava/util/Set; 35 <appendix> member <vmtarget> ; # com/intellij/psi/augment/PsiAugmentProvider$$Lambda+0x00000008022bd228
instanceKlass com/intellij/psi/impl/source/PsiModifierListImpl$ModifierCache
instanceKlass com/intellij/psi/scope/conflictResolvers/JavaVariableConflictResolver
instanceKlass com/intellij/psi/scope/PsiConflictResolver
instanceKlass com/intellij/psi/scope/ElementClassFilter
instanceKlass com/intellij/psi/PsiWalkingState$PsiTreeGuide
instanceKlass com/intellij/psi/impl/source/tree/java/PsiReferenceExpressionImpl$OurGenericsResolver
instanceKlass org/jetbrains/uast/java/JavaConverter
instanceKlass org/jetbrains/uast/UastContextKt
instanceKlass  @bci com/intellij/psi/impl/compiled/StubBuildingVisitor$MethodAnnotationCollectingVisitor visitAnnotationDefault ()Lorg/jetbrains/org/objectweb/asm/AnnotationVisitor; 10 <appendix> member <vmtarget> ; # com/intellij/psi/impl/compiled/StubBuildingVisitor$MethodAnnotationCollectingVisitor$$Lambda+0x00000008022b8900
instanceKlass org/jetbrains/kotlin/metadata/jvm/deserialization/JvmNameResolverBase$WhenMappings
instanceKlass org/jetbrains/kotlin/metadata/jvm/deserialization/JvmNameResolverKt
instanceKlass org/jetbrains/kotlin/metadata/jvm/JvmProtoBuf$StringTableTypes$Record$Operation$1
instanceKlass org/jetbrains/kotlin/metadata/jvm/JvmProtoBuf$StringTableTypes$RecordOrBuilder
instanceKlass org/jetbrains/kotlin/metadata/jvm/JvmProtoBuf$StringTableTypesOrBuilder
instanceKlass kotlin/collections/IndexedValue
instanceKlass kotlin/collections/IndexingIterator
instanceKlass kotlin/collections/IndexingIterable
instanceKlass org/jetbrains/kotlin/metadata/jvm/deserialization/JvmNameResolverBase$Companion
instanceKlass org/jetbrains/kotlin/metadata/jvm/deserialization/JvmNameResolverBase
instanceKlass org/jetbrains/kotlin/metadata/jvm/deserialization/UtfEncodingKt
instanceKlass org/jetbrains/kotlin/metadata/jvm/deserialization/BitEncoding
instanceKlass org/jetbrains/kotlin/load/kotlin/header/KotlinClassHeader
instanceKlass org/jetbrains/kotlin/load/kotlin/header/ReadKotlinClassHeaderAnnotationVisitor$CollectStringArrayAnnotationVisitor
instanceKlass org/jetbrains/kotlin/load/kotlin/KotlinJvmBinaryClass$AnnotationArrayArgumentVisitor
instanceKlass org/jetbrains/kotlin/load/kotlin/header/ReadKotlinClassHeaderAnnotationVisitor$KotlinMetadataArgumentVisitor
instanceKlass  @bci com/intellij/psi/PsiAnnotationMemberValue <clinit> ()V 7 <appendix> argL0 ; # com/intellij/psi/PsiAnnotationMemberValue$$Lambda+0x00000008022b0f80
instanceKlass com/intellij/psi/impl/source/tree/java/PsiReferenceExpressionImpl$TypeEvaluator
instanceKlass com/intellij/util/NullableFunction
instanceKlass  @bci com/intellij/lang/impl/MarkerProduction findMarkerAtLexeme (I)I 10 <appendix> member <vmtarget> ; # com/intellij/lang/impl/MarkerProduction$$Lambda+0x00000008022aa3b0
instanceKlass  @bci com/intellij/lang/java/parser/BasicDeclarationParser doParseAnnotationValue (Lcom/intellij/lang/PsiBuilder;)Lcom/intellij/lang/PsiBuilder$Marker; 46 <appendix> member <vmtarget> ; # com/intellij/lang/java/parser/BasicDeclarationParser$$Lambda+0x00000008022aa138
instanceKlass com/intellij/lang/java/parser/BasicOldExpressionParser$1
instanceKlass  @bci com/intellij/psi/impl/source/BasicJavaAstTreeUtil is (Lcom/intellij/psi/tree/IElementType;Lcom/intellij/psi/tree/IElementType;)Z 42 <appendix> member <vmtarget> ; # com/intellij/psi/impl/source/BasicJavaAstTreeUtil$$Lambda+0x00000008022a97b0
instanceKlass  @bci com/intellij/psi/impl/source/FileTrees noStub (Lcom/intellij/psi/impl/source/tree/FileElement;Lcom/intellij/psi/impl/source/PsiFileImpl;)Lcom/intellij/psi/impl/source/FileTrees; 23 <appendix> member <vmtarget> ; # com/intellij/psi/impl/source/FileTrees$$Lambda+0x00000008022a9558
instanceKlass com/intellij/psi/impl/source/DummyHolder$DummyHolderTreeLock
instanceKlass com/intellij/openapi/roots/ProjectRootModificationTracker
instanceKlass  @bci com/intellij/psi/impl/PsiCachedValue normalizeDependencies (Ljava/lang/Object;[Ljava/lang/Object;)[Ljava/lang/Object; 47 <appendix> member <vmtarget> ; # com/intellij/psi/impl/PsiCachedValue$$Lambda+0x00000008022a8910
instanceKlass  @bci com/intellij/psi/impl/compiled/ClsFileImpl getNavigationElement ()Lcom/intellij/psi/PsiElement; 63 <appendix> member <vmtarget> ; # com/intellij/psi/impl/compiled/ClsFileImpl$$Lambda+0x00000008022a86b8
instanceKlass  @bci com/intellij/codeInsight/AnnotationUtil <clinit> ()V 16 <appendix> argL0 ; # com/intellij/codeInsight/AnnotationUtil$$Lambda+0x00000008022a8468
instanceKlass com/intellij/psi/util/ParameterizedCachedValueProvider
instanceKlass com/intellij/codeInsight/AnnotationUtil
instanceKlass  @bci com/intellij/psi/impl/compiled/ClsAnnotationImpl <init> (Lcom/intellij/psi/impl/java/stubs/PsiAnnotationStub;)V 20 <appendix> member <vmtarget> ; # com/intellij/psi/impl/compiled/ClsAnnotationImpl$$Lambda+0x00000008022a7c18
instanceKlass  @bci com/intellij/psi/impl/compiled/ClsAnnotationImpl <init> (Lcom/intellij/psi/impl/java/stubs/PsiAnnotationStub;)V 7 <appendix> member <vmtarget> ; # com/intellij/psi/impl/compiled/ClsAnnotationImpl$$Lambda+0x00000008022a6cf0
instanceKlass  @bci com/intellij/codeInsight/AnnotationTargetUtil getAnnotationTargets (Lcom/intellij/psi/PsiClass;)Ljava/util/Set; 35 <appendix> member <vmtarget> ; # com/intellij/codeInsight/AnnotationTargetUtil$$Lambda+0x00000008022a45b8
instanceKlass  @bci com/intellij/psi/impl/compiled/ClsReferenceListImpl <init> (Lcom/intellij/psi/impl/java/stubs/PsiClassReferenceListStub;)V 15 <appendix> member <vmtarget> ; # com/intellij/psi/impl/compiled/ClsReferenceListImpl$$Lambda+0x00000008022a4360
instanceKlass org/jetbrains/kotlin/resolve/jvm/KotlinJavaPsiFacade$3
instanceKlass com/intellij/psi/PsiClassType$ClassResolveResult$1
instanceKlass com/intellij/psi/impl/source/PsiClassReferenceType$DelegatingClassResolveResult
instanceKlass  @bci com/intellij/psi/impl/source/PsiJavaFileBaseImpl findExplicitDeclarations (Ljava/lang/String;Lcom/intellij/util/containers/MultiMap;Lcom/intellij/util/containers/MultiMap;Lcom/intellij/util/containers/MultiMap;)Ljava/lang/Iterable; 309 <appendix> argL0 ; # com/intellij/psi/impl/source/PsiJavaFileBaseImpl$$Lambda+0x00000008022a21f0
instanceKlass com/intellij/psi/impl/source/resolve/SymbolCollectingProcessor$ResultWithContext
instanceKlass java/lang/Character$Subset
instanceKlass com/intellij/psi/impl/cache/TypeAnnotationContainer
instanceKlass com/intellij/psi/impl/cache/TypeAnnotationContainer$Collector
instanceKlass org/jetbrains/kotlin/load/kotlin/FileBasedKotlinClass$OuterAndInnerName
instanceKlass com/intellij/psi/impl/source/PsiJavaFileBaseImpl$MyResolveCacheProcessor
instanceKlass com/intellij/psi/impl/source/ClassReferencePointer$1
instanceKlass com/intellij/psi/PsiClassType$ClassResolveResult
instanceKlass com/intellij/codeInsight/AnnotationTargetUtil
instanceKlass com/intellij/psi/impl/source/resolve/JavaResolveCache$ConstValueComputer
instanceKlass com/intellij/psi/impl/PsiVariableEx
instanceKlass  @bci com/intellij/psi/PsiNameValuePair <clinit> ()V 7 <appendix> argL0 ; # com/intellij/psi/PsiNameValuePair$$Lambda+0x00000008022998f8
instanceKlass com/intellij/psi/PsiImplicitClass
instanceKlass  @bci com/intellij/psi/impl/source/resolve/PsiResolveHelperImpl isAccessible (Lcom/intellij/psi/PsiMember;Lcom/intellij/psi/PsiModifierList;Lcom/intellij/psi/PsiElement;Lcom/intellij/psi/PsiClass;Lcom/intellij/psi/PsiElement;)Z 61 <appendix> member <vmtarget> ; # com/intellij/psi/impl/source/resolve/PsiResolveHelperImpl$$Lambda+0x0000000802297b60
instanceKlass com/intellij/psi/ServerPageFile
instanceKlass com/intellij/psi/FileResolveScopeProvider
instanceKlass com/intellij/psi/infos/CandidateInfo
instanceKlass com/intellij/psi/PsiExpressionList
instanceKlass com/intellij/psi/impl/source/resolve/JavaResolveUtil
instanceKlass com/intellij/notebook/editor/BackedVirtualFile
instanceKlass com/intellij/psi/search/PsiSearchScopeUtil
instanceKlass  @bci com/intellij/psi/impl/compiled/AnnotationTextCollector visitArray (Ljava/lang/String;)Lorg/jetbrains/org/objectweb/asm/AnnotationVisitor; 25 <appendix> member <vmtarget> ; # com/intellij/psi/impl/compiled/AnnotationTextCollector$$Lambda+0x00000008022962d8
instanceKlass  @bci com/intellij/psi/impl/compiled/StubBuildingVisitor visitAnnotation (Ljava/lang/String;Z)Lorg/jetbrains/org/objectweb/asm/AnnotationVisitor; 10 <appendix> member <vmtarget> ; # com/intellij/psi/impl/compiled/StubBuildingVisitor$$Lambda+0x0000000802296048
instanceKlass  @bci com/intellij/psi/impl/compiled/StubBuildingVisitor visit (IILjava/lang/String;Ljava/lang/String;Ljava/lang/String;[Ljava/lang/String;)V 400 <appendix> argL0 ; # com/intellij/psi/impl/compiled/StubBuildingVisitor$$Lambda+0x0000000802295dc8
instanceKlass org/jetbrains/kotlin/load/java/JvmAnnotationNames
instanceKlass com/intellij/codeInsight/completion/scope/JavaCompletionHints
instanceKlass  @bci com/intellij/psi/impl/source/PsiJavaFileBaseImpl$1 getHint (Lcom/intellij/openapi/util/Key;)Ljava/lang/Object; 15 <appendix> argL0 ; # com/intellij/psi/impl/source/PsiJavaFileBaseImpl$1$$Lambda+0x0000000802293fe8
instanceKlass com/intellij/psi/scope/PsiScopeProcessor$Event$1
instanceKlass com/intellij/psi/scope/DelegatingScopeProcessor
instanceKlass  @bci com/intellij/psi/impl/source/PsiJavaFileBaseImpl findEnumeratedDeclarations ()Ljava/util/Map; 328 <appendix> member <vmtarget> ; # com/intellij/psi/impl/source/PsiJavaFileBaseImpl$$Lambda+0x0000000802291d90
instanceKlass  @bci com/intellij/psi/impl/source/PsiJavaFileBaseImpl findEnumeratedDeclarations ()Ljava/util/Map; 312 <appendix> member <vmtarget> ; # com/intellij/psi/impl/source/PsiJavaFileBaseImpl$$Lambda+0x0000000802291b38
instanceKlass com/intellij/util/containers/SequenceIterator
instanceKlass  @bci com/intellij/util/containers/ContainerUtil concat ([Ljava/lang/Iterable;)Ljava/lang/Iterable; 50 <appendix> member <vmtarget> ; # com/intellij/util/containers/ContainerUtil$$Lambda+0x0000000802291648
instanceKlass  @bci com/intellij/psi/impl/source/PsiImportStaticStatementImpl <clinit> ()V 7 <appendix> argL0 ; # com/intellij/psi/impl/source/PsiImportStaticStatementImpl$$Lambda+0x00000008022913f8
instanceKlass  @bci com/intellij/psi/impl/PsiClassImplUtil$MemberCache <init> (Lcom/intellij/psi/PsiClass;Lcom/intellij/psi/search/GlobalSearchScope;)V 51 <appendix> member <vmtarget> ; # com/intellij/psi/impl/PsiClassImplUtil$MemberCache$$Lambda+0x000000080228f9f8
instanceKlass  @bci com/intellij/util/Functions compose (Lcom/intellij/util/Function;Lcom/intellij/util/Function;)Lcom/intellij/util/Function; 68 <appendix> member <vmtarget> ; # com/intellij/util/Functions$$Lambda+0x000000080228f4e0
instanceKlass com/intellij/psi/util/PsiSuperMethodUtil
instanceKlass  @bci com/intellij/psi/impl/PsiClassImplUtil$MemberCache lambda$new$1 (Lcom/intellij/psi/search/GlobalSearchScope;Lcom/intellij/psi/PsiClass;)Ljava/lang/Iterable; 7 <appendix> member <vmtarget> ; # com/intellij/psi/impl/PsiClassImplUtil$MemberCache$$Lambda+0x000000080228f008
instanceKlass org/jetbrains/kotlin/resolve/source/PsiSourceElementKt
instanceKlass org/jetbrains/kotlin/resolve/DescriptorToSourceUtils
instanceKlass it/unimi/dsi/fastutil/objects/ObjectList
instanceKlass it/unimi/dsi/fastutil/objects/Object2IntOpenHashMap$i
instanceKlass com/intellij/psi/impl/cache/ModifierFlags
instanceKlass org/jetbrains/kotlin/load/java/structure/JavaAnnotation
instanceKlass org/jetbrains/kotlin/load/java/structure/impl/JavaElementUtil
instanceKlass org/jetbrains/kotlin/util/slicedMap/OpenAddressLinearProbingHashTableKt
instanceKlass org/jetbrains/kotlin/util/slicedMap/OpenAddressLinearProbingHashTable$Companion
instanceKlass org/jetbrains/kotlin/load/java/structure/impl/JavaElementCollectionFromPsiArrayUtil
instanceKlass org/jetbrains/kotlin/load/java/lazy/LazyJavaTypeParameterResolver
instanceKlass org/jetbrains/kotlin/load/java/components/JavaSourceElementImpl
instanceKlass org/jetbrains/kotlin/resolve/source/PsiSourceElement
instanceKlass org/jetbrains/kotlin/psi/KtPsiUtil
instanceKlass org/jetbrains/kotlin/load/java/lazy/descriptors/LazyJavaClassDescriptor$Companion
instanceKlass org/jetbrains/kotlin/asJava/KtLightClassMarker
instanceKlass org/jetbrains/kotlin/load/java/structure/impl/JavaClassImpl$Companion
instanceKlass org/jetbrains/kotlin/load/java/structure/JavaTypeParameter
instanceKlass org/jetbrains/kotlin/load/java/structure/impl/JavaModifierListOwnerImpl
instanceKlass org/jetbrains/kotlin/load/java/structure/impl/JavaAnnotationOwnerImpl
instanceKlass org/jetbrains/kotlin/load/java/structure/impl/VirtualFileBoundJavaClass
instanceKlass  @bci com/intellij/psi/impl/compiled/ClsMemberImpl <init> (Lcom/intellij/psi/impl/java/stubs/PsiMemberStub;)V 33 <appendix> member <vmtarget> ; # com/intellij/psi/impl/compiled/ClsMemberImpl$$Lambda+0x000000080227f490
instanceKlass com/intellij/psi/stubs/StubSpine
instanceKlass com/intellij/psi/stubs/MaterialStubList$1
instanceKlass  @bci com/intellij/psi/impl/compiled/StubBuildingVisitor$MethodAnnotationCollectingVisitor visitParameterAnnotation (ILjava/lang/String;Z)Lorg/jetbrains/org/objectweb/asm/AnnotationVisitor; 23 <appendix> member <vmtarget> ; # com/intellij/psi/impl/compiled/StubBuildingVisitor$MethodAnnotationCollectingVisitor$$Lambda+0x000000080227c5d0
instanceKlass  @bci com/intellij/psi/impl/compiled/StubBuildingVisitor$MethodAnnotationCollectingVisitor visitAnnotation (Ljava/lang/String;Z)Lorg/jetbrains/org/objectweb/asm/AnnotationVisitor; 10 <appendix> member <vmtarget> ; # com/intellij/psi/impl/compiled/StubBuildingVisitor$MethodAnnotationCollectingVisitor$$Lambda+0x000000080227be78
instanceKlass com/intellij/util/Consumer
instanceKlass com/intellij/psi/impl/compiled/SignatureParsing
instanceKlass com/intellij/psi/impl/compiled/SignatureParsing$CharIterator
instanceKlass  @bci com/intellij/psi/impl/compiled/StubBuildingVisitor parseMethodDescription (Ljava/lang/String;[Ljava/lang/String;)Lcom/intellij/psi/impl/compiled/StubBuildingVisitor$MethodInfo; 39 <appendix> member <vmtarget> ; # com/intellij/psi/impl/compiled/StubBuildingVisitor$$Lambda+0x0000000802279680
instanceKlass org/jetbrains/org/objectweb/asm/Type
instanceKlass com/intellij/psi/impl/compiled/StubBuildingVisitor$MethodInfo
instanceKlass  @bci com/intellij/psi/impl/compiled/FirstPassData createTypes ([Ljava/lang/String;)Ljava/util/List; 10 <appendix> member <vmtarget> ; # com/intellij/psi/impl/compiled/FirstPassData$$Lambda+0x0000000802277be8
instanceKlass com/intellij/psi/impl/compiled/SignatureParsing$TypeParametersDeclaration
instanceKlass com/intellij/psi/impl/compiled/StubBuildingVisitor$ClassInfo
instanceKlass  @bci one/util/streamex/EntryStream toMapConsumer (Ljava/util/Map;)Ljava/util/function/Consumer; 1 <appendix> member <vmtarget> ; # one/util/streamex/EntryStream$$Lambda+0x0000000802276970
instanceKlass  @bci one/util/streamex/EntryStream nonNullKeys ()Lone/util/streamex/EntryStream; 1 <appendix> argL0 ; # one/util/streamex/EntryStream$$Lambda+0x00000008022766f0
instanceKlass  @bci one/util/streamex/StreamEx mapToEntry (Ljava/util/function/Function;Ljava/util/function/Function;)Lone/util/streamex/EntryStream; 13 <appendix> member <vmtarget> ; # one/util/streamex/StreamEx$$Lambda+0x0000000802276478
instanceKlass  @bci com/intellij/psi/impl/cache/TypeInfo <clinit> ()V 255 <appendix> argL0 ; # com/intellij/psi/impl/cache/TypeInfo$$Lambda+0x00000008022759a0
instanceKlass  @bci com/intellij/psi/impl/cache/TypeInfo <clinit> ()V 250 <appendix> argL0 ; # com/intellij/psi/impl/cache/TypeInfo$$Lambda+0x0000000802275730
instanceKlass one/util/streamex/StreamContext
instanceKlass one/util/streamex/BaseStreamEx
instanceKlass it/unimi/dsi/fastutil/objects/Object2IntMap$FastEntrySet
instanceKlass it/unimi/dsi/fastutil/objects/i
instanceKlass it/unimi/dsi/fastutil/objects/Object2IntMap
instanceKlass it/unimi/dsi/fastutil/objects/Object2IntFunction
instanceKlass com/intellij/psi/impl/compiled/FirstPassData$ClassEntry
instanceKlass com/intellij/psi/impl/compiled/FirstPassData
instanceKlass  @bci com/intellij/psi/impl/compiled/SignatureParsing$TypeInfoProvider from (Lcom/intellij/util/Function;)Lcom/intellij/psi/impl/compiled/SignatureParsing$TypeInfoProvider; 1 <appendix> member <vmtarget> ; # com/intellij/psi/impl/compiled/SignatureParsing$TypeInfoProvider$$Lambda+0x0000000802270c60
instanceKlass  @bci com/intellij/psi/impl/compiled/StubBuildingVisitor <clinit> ()V 73 <appendix> argL0 ; # com/intellij/psi/impl/compiled/StubBuildingVisitor$$Lambda+0x00000008022709c8
instanceKlass org/jetbrains/org/objectweb/asm/FieldVisitor
instanceKlass org/jetbrains/org/objectweb/asm/MethodVisitor
instanceKlass org/jetbrains/org/objectweb/asm/RecordComponentVisitor
instanceKlass com/intellij/psi/impl/compiled/SignatureParsing$TypeInfoProvider
instanceKlass com/intellij/psi/impl/java/stubs/StubPsiFactory
instanceKlass  @bci com/intellij/psi/impl/compiled/ClsParsingUtil <clinit> ()V 24 <appendix> argL0 ; # com/intellij/psi/impl/compiled/ClsParsingUtil$$Lambda+0x000000080226d5e0
instanceKlass com/intellij/psi/impl/compiled/ClsParsingUtil
instanceKlass  @bci com/intellij/psi/impl/compiled/ClassFileStubBuilder buildStubTree (Lcom/intellij/util/indexing/FileContent;Lcom/intellij/psi/compiled/ClassFileDecompilers$Full;)Lcom/intellij/psi/stubs/Stub; 28 <appendix> member <vmtarget> ; # com/intellij/psi/impl/compiled/ClassFileStubBuilder$$Lambda+0x000000080226b7c0
instanceKlass  @bci com/intellij/psi/stubs/StubTreeBuilder buildStubTree (Lcom/intellij/util/indexing/FileContent;Lcom/intellij/psi/stubs/StubBuilderType;)Lcom/intellij/psi/stubs/Stub; 78 <appendix> member <vmtarget> ; # com/intellij/psi/stubs/StubTreeBuilder$$Lambda+0x000000080226b568
instanceKlass com/intellij/psi/stubs/StubBuilderType
instanceKlass  @bci com/intellij/psi/impl/compiled/ClassFileStubBuilder getSubBuilder (Lcom/intellij/util/indexing/FileContent;)Lcom/intellij/psi/compiled/ClassFileDecompilers$Full; 21 <appendix> member <vmtarget> ; # com/intellij/psi/impl/compiled/ClassFileStubBuilder$$Lambda+0x000000080226b0b0
instanceKlass com/intellij/psi/stubs/StubTreeBuilder
instanceKlass com/intellij/psi/impl/compiled/ClsFileImpl$1
instanceKlass com/intellij/psi/impl/compiled/InnerClassSourceStrategy
instanceKlass com/intellij/psi/PsiCompiledFile
instanceKlass com/intellij/psi/PsiCompiledElement
instanceKlass com/intellij/psi/PsiClassOwnerEx
instanceKlass com/intellij/openapi/extensions/impl/ExtensionPointImpl$iterator$2
instanceKlass com/intellij/openapi/extensions/impl/ExtensionProcessingHelper
instanceKlass  @bci com/intellij/psi/compiled/ClassFileDecompilers find (Lcom/intellij/openapi/vfs/VirtualFile;Ljava/lang/Class;)Lcom/intellij/psi/compiled/ClassFileDecompilers$Decompiler; 22 <appendix> member <vmtarget> ; # com/intellij/psi/compiled/ClassFileDecompilers$$Lambda+0x0000000802266320
instanceKlass org/jetbrains/org/objectweb/asm/Context
instanceKlass org/jetbrains/org/objectweb/asm/Attribute
instanceKlass org/jetbrains/org/objectweb/asm/Label
instanceKlass org/jetbrains/org/objectweb/asm/ClassReader
instanceKlass org/jetbrains/kotlin/load/kotlin/FileBasedKotlinClass$InnerClassesInfo
instanceKlass org/jetbrains/kotlin/load/kotlin/KotlinJvmBinaryClass$AnnotationArgumentVisitor
instanceKlass org/jetbrains/kotlin/load/kotlin/header/ReadKotlinClassHeaderAnnotationVisitor
instanceKlass org/jetbrains/kotlin/load/kotlin/KotlinJvmBinaryClass$AnnotationVisitor
instanceKlass kotlin/jvm/functions/Function4
instanceKlass org/jetbrains/kotlin/load/kotlin/VirtualFileKotlinClass$Factory
instanceKlass org/jetbrains/org/objectweb/asm/AnnotationVisitor
instanceKlass org/jetbrains/org/objectweb/asm/ClassVisitor
instanceKlass org/jetbrains/kotlin/load/kotlin/FileBasedKotlinClass
instanceKlass  @bci org/jetbrains/kotlin/load/kotlin/KotlinBinaryClassCache$Companion getKotlinBinaryClassOrClassFileContent (Lcom/intellij/openapi/vfs/VirtualFile;Lorg/jetbrains/kotlin/metadata/jvm/deserialization/JvmMetadataVersion;[B)Lorg/jetbrains/kotlin/load/kotlin/KotlinClassFinder$Result; 124 <appendix> member <vmtarget> ; # org/jetbrains/kotlin/load/kotlin/KotlinBinaryClassCache$Companion$$Lambda+0x0000000802262838
instanceKlass org/jetbrains/kotlin/load/kotlin/KotlinBinaryClassCache$RequestCache
instanceKlass org/jetbrains/kotlin/cli/jvm/compiler/KotlinCliJavaFileManagerImpl$WhenMappings
instanceKlass org/jetbrains/kotlin/load/java/lazy/descriptors/LazyJavaPackageScope$KotlinClassLookupResult
instanceKlass org/jetbrains/kotlin/load/java/lazy/descriptors/LazyJavaPackageScope$FindClassRequest
instanceKlass org/jetbrains/kotlin/resolve/jvm/multiplatform/OptionalAnnotationClassDataFinder
instanceKlass org/jetbrains/kotlin/cli/jvm/index/JvmDependenciesIndexImpl$SearchResult
instanceKlass org/jetbrains/kotlin/load/java/lazy/LazyJavaAnnotations
instanceKlass org/jetbrains/kotlin/load/java/lazy/LazyJavaAnnotationsKt
instanceKlass org/jetbrains/kotlin/load/java/lazy/descriptors/JvmPackageScope
instanceKlass org/jetbrains/kotlin/load/java/lazy/ContextKt
instanceKlass org/jetbrains/kotlin/storage/LockBasedStorageManager$KeyWithComputation
instanceKlass org/jetbrains/kotlin/load/java/structure/JavaElementsKt
instanceKlass org/jetbrains/kotlin/load/java/structure/impl/source/JavaElementPsiSource
instanceKlass org/jetbrains/kotlin/load/java/structure/impl/JavaElementImpl
instanceKlass org/jetbrains/kotlin/load/java/structure/impl/source/JavaSourceFactoryOwner
instanceKlass org/jetbrains/kotlin/load/java/structure/MapBasedJavaAnnotationOwner
instanceKlass org/jetbrains/kotlin/load/java/structure/impl/source/JavaElementSourceFactory$Companion
instanceKlass org/jetbrains/kotlin/cli/jvm/index/JvmDependenciesIndexImpl$FindClassRequest
instanceKlass org/jetbrains/kotlin/cli/jvm/index/JvmDependenciesIndexImpl$WhenMappings
instanceKlass com/intellij/util/containers/IntArrayList
instanceKlass org/jetbrains/kotlin/cli/jvm/index/JvmDependenciesIndexImpl$Cache
instanceKlass org/jetbrains/kotlin/cli/jvm/index/JvmDependenciesIndexImpl$TraverseRequest
instanceKlass org/jetbrains/kotlin/cli/jvm/index/JvmDependenciesIndexImpl$SearchRequest
instanceKlass org/jetbrains/kotlin/cli/jvm/compiler/KotlinCliJavaFileManagerImplKt
instanceKlass  @bci org/jetbrains/kotlin/resolve/jvm/KotlinJavaPsiFacade calcFinders ()[Lorg/jetbrains/kotlin/resolve/jvm/KotlinJavaPsiFacade$KotlinPsiElementFinderWrapper; 149 <appendix> argL0 ; # org/jetbrains/kotlin/resolve/jvm/KotlinJavaPsiFacade$$Lambda+0x0000000802254e78
instanceKlass org/jetbrains/kotlin/resolve/jvm/KotlinSafeClassFinder
instanceKlass org/jetbrains/kotlin/resolve/jvm/KotlinJavaPsiFacade$CliFinder
instanceKlass org/jetbrains/kotlin/resolve/jvm/KotlinJavaPsiFacade$PackageCache
instanceKlass org/jetbrains/kotlin/progress/ProgressIndicatorAndCompilationCanceledStatus
instanceKlass com/google/common/collect/AbstractMapEntry
instanceKlass com/google/common/collect/LinkedHashMultimap$ValueSetLink
instanceKlass com/google/common/collect/CollectPreconditions
instanceKlass  @bci org/jetbrains/kotlin/resolve/lazy/ResolveSessionUtils getClassDescriptorsByFqName (Lorg/jetbrains/kotlin/descriptors/ModuleDescriptor;Lorg/jetbrains/kotlin/name/FqName;)Ljava/util/Collection; 18 <appendix> argL0 ; # org/jetbrains/kotlin/resolve/lazy/ResolveSessionUtils$$Lambda+0x00000008022523e8
instanceKlass org/jetbrains/kotlin/resolve/lazy/ResolveSessionUtils
instanceKlass org/jetbrains/kotlin/name/FqNamesUtilKt$WhenMappings
instanceKlass  @bci com/intellij/psi/impl/JavaPsiFacadeImpl findClass (Ljava/lang/String;Lcom/intellij/psi/search/GlobalSearchScope;)Lcom/intellij/psi/PsiClass; 24 <appendix> argL0 ; # com/intellij/psi/impl/JavaPsiFacadeImpl$$Lambda+0x00000008022510b8
instanceKlass com/intellij/psi/impl/source/tree/RecursiveTreeElementWalkingVisitor$ASTTreeGuide
instanceKlass com/intellij/util/WalkingState
instanceKlass com/intellij/util/WalkingState$TreeGuide
instanceKlass com/intellij/psi/impl/source/tree/JavaSourceUtil
instanceKlass  @bci com/intellij/psi/PsiClassType <clinit> ()V 7 <appendix> argL0 ; # com/intellij/psi/PsiClassType$$Lambda+0x0000000802250000
instanceKlass com/intellij/lang/jvm/types/JvmTypeResolveResult
instanceKlass com/intellij/util/containers/SingletonIteratorBase
instanceKlass com/intellij/util/containers/JBIterable$Stateful
instanceKlass com/intellij/util/containers/TreeTraversal$P$1
instanceKlass  @bci com/intellij/util/containers/TreeTraversal$P <clinit> ()V 0 <appendix> argL0 ; # com/intellij/util/containers/TreeTraversal$P$$Lambda+0x000000080224de18
instanceKlass com/intellij/util/containers/JBIterator$2
instanceKlass com/intellij/util/containers/TreeTraversal$P
instanceKlass com/intellij/util/containers/JBIterator$Op
instanceKlass com/intellij/util/containers/TreeTraversal$2$1WrappedTree
instanceKlass com/intellij/util/containers/TreeTraversal$TraversalArgs
instanceKlass  @bci com/intellij/util/containers/JBIterable filter (Lcom/intellij/openapi/util/Condition;)Lcom/intellij/util/containers/JBIterable; 11 <appendix> member <vmtarget> ; # com/intellij/util/containers/JBIterable$$Lambda+0x000000080224b0d0
instanceKlass com/intellij/util/containers/TreeTraversal$2
instanceKlass  @bci com/intellij/util/containers/FilteredTraverserBase traverse (Lcom/intellij/util/containers/TreeTraversal;)Lcom/intellij/util/containers/JBIterable; 9 <appendix> member <vmtarget> ; # com/intellij/util/containers/FilteredTraverserBase$$Lambda+0x000000080224abd0
instanceKlass  @bci com/intellij/util/containers/FilteredTraverserBase unique (Lcom/intellij/util/Function;)Lcom/intellij/util/containers/FilteredTraverserBase; 11 <appendix> member <vmtarget> ; # com/intellij/util/containers/FilteredTraverserBase$$Lambda+0x000000080224a930
instanceKlass  @bci com/intellij/util/Functions <clinit> ()V 36 <appendix> argL0 ; # com/intellij/util/Functions$$Lambda+0x000000080224a698
instanceKlass  @bci com/intellij/util/Functions <clinit> ()V 28 <appendix> argL0 ; # com/intellij/util/Functions$$Lambda+0x000000080224a400
instanceKlass  @bci com/intellij/util/Functions <clinit> ()V 20 <appendix> argL0 ; # com/intellij/util/Functions$$Lambda+0x000000080224a168
instanceKlass com/intellij/util/Functions$2
instanceKlass com/intellij/util/Functions$1
instanceKlass com/intellij/util/Function$Mono
instanceKlass com/intellij/util/Functions
instanceKlass com/intellij/util/containers/FilteredTraverserBase$Cond
instanceKlass com/intellij/util/containers/JBIterator
instanceKlass com/intellij/util/NotNullizer
instanceKlass com/intellij/util/containers/TreeTraversal$TraversalInterceptor
instanceKlass com/intellij/util/containers/JBIterable
instanceKlass com/intellij/util/containers/TreeTraversal$GuidedIt$Guide
instanceKlass com/intellij/util/containers/FilteredTraverserBase$Meta
instanceKlass com/intellij/util/containers/TreeTraversal
instanceKlass com/intellij/util/containers/FilteredTraverserBase
instanceKlass  @bci com/intellij/psi/impl/PsiClassImplUtil$MemberCache <init> (Lcom/intellij/psi/PsiClass;Lcom/intellij/psi/search/GlobalSearchScope;)V 22 <appendix> member <vmtarget> ; # com/intellij/psi/impl/PsiClassImplUtil$MemberCache$$Lambda+0x00000008022433d8
instanceKlass  @bci com/intellij/psi/impl/PsiClassImplUtil lambda$getMap$2 (Lcom/intellij/psi/PsiClass;)Ljava/util/concurrent/ConcurrentMap; 1 <appendix> member <vmtarget> ; # com/intellij/psi/impl/PsiClassImplUtil$$Lambda+0x0000000802243138
instanceKlass com/intellij/psi/impl/PsiClassImplUtil$MemberCache
instanceKlass  @bci com/intellij/psi/impl/PsiClassImplUtil getMap (Lcom/intellij/psi/PsiClass;Lcom/intellij/psi/search/GlobalSearchScope;)Lcom/intellij/psi/impl/PsiClassImplUtil$MemberCache; 19 <appendix> argL0 ; # com/intellij/psi/impl/PsiClassImplUtil$$Lambda+0x0000000802242c78
instanceKlass  @bci com/intellij/psi/impl/source/ClassInnerStuffCache getInnerClassesMap ()Ljava/util/Map; 119 <appendix> member <vmtarget> ; # com/intellij/psi/impl/source/ClassInnerStuffCache$$Lambda+0x00000008022429d8
instanceKlass com/intellij/psi/ExternallyDefinedPsiElement
instanceKlass  @bci com/intellij/psi/impl/source/ClassInnerStuffCache findInnerClassByName (Ljava/lang/String;Z)Lcom/intellij/psi/PsiClass; 19 <appendix> member <vmtarget> ; # com/intellij/psi/impl/source/ClassInnerStuffCache$$Lambda+0x0000000802242530
instanceKlass  @bci com/intellij/psi/PsiTypeParameter <clinit> ()V 7 <appendix> argL0 ; # com/intellij/psi/PsiTypeParameter$$Lambda+0x00000008022422e0
instanceKlass  @bci com/intellij/psi/impl/ScopedClassHierarchy <init> (Lcom/intellij/psi/PsiClass;Lcom/intellij/psi/search/GlobalSearchScope;)V 6 <appendix> member <vmtarget> ; # com/intellij/psi/impl/ScopedClassHierarchy$$Lambda+0x00000008022409c8
instanceKlass  @bci com/intellij/psi/impl/ScopedClassHierarchy lambda$getHierarchy$1 (Lcom/intellij/psi/PsiClass;)Lcom/intellij/psi/util/CachedValueProvider$Result; 1 <appendix> member <vmtarget> ; # com/intellij/psi/impl/ScopedClassHierarchy$$Lambda+0x0000000802240728
instanceKlass  @bci com/intellij/psi/impl/ScopedClassHierarchy getHierarchy (Lcom/intellij/psi/PsiClass;Lcom/intellij/psi/search/GlobalSearchScope;)Lcom/intellij/psi/impl/ScopedClassHierarchy; 35 <appendix> member <vmtarget> ; # com/intellij/psi/impl/ScopedClassHierarchy$$Lambda+0x00000008022404d0
instanceKlass com/intellij/psi/impl/ScopedClassHierarchy$1
instanceKlass com/intellij/psi/impl/ScopedClassHierarchy
instanceKlass com/intellij/psi/impl/PsiClassImplUtil$1
instanceKlass com/intellij/psi/EmptySubstitutor$Holder
instanceKlass com/intellij/psi/EmptySubstitutor
instanceKlass  @bci com/intellij/psi/impl/PsiClassImplUtil <clinit> ()V 24 <appendix> argL0 ; # com/intellij/psi/impl/PsiClassImplUtil$$Lambda+0x000000080223f208
instanceKlass com/intellij/psi/impl/PsiClassImplUtil$ClassIconRequest
instanceKlass com/intellij/psi/impl/PsiClassImplUtil
instanceKlass com/intellij/psi/scope/JavaScopeProcessorEvent
instanceKlass com/intellij/psi/ResolveState
instanceKlass com/intellij/psi/scope/util/PsiScopesUtil
instanceKlass com/intellij/psi/JavaCodeFragment
instanceKlass com/intellij/psi/PsiCodeFragment
instanceKlass com/intellij/psi/JavaResolveResult$1
instanceKlass com/intellij/psi/impl/source/resolve/ClassResolverProcessor
instanceKlass  @bci com/intellij/util/IdempotenceChecker <clinit> ()V 57 <appendix> argL0 ; # com/intellij/util/IdempotenceChecker$$Lambda+0x000000080223d5c8
instanceKlass  @bci com/intellij/util/IdempotenceChecker <clinit> ()V 46 <appendix> argL0 ; # com/intellij/util/IdempotenceChecker$$Lambda+0x000000080223d378
instanceKlass  @bci com/intellij/util/IdempotenceChecker <clinit> ()V 21 <appendix> argL0 ; # com/intellij/util/IdempotenceChecker$$Lambda+0x000000080223d128
instanceKlass com/intellij/util/IdempotenceChecker
instanceKlass  @bci com/intellij/psi/impl/source/resolve/ResolveCache loggingResolver (Ljava/lang/Object;Lcom/intellij/openapi/util/Computable;)Lcom/intellij/openapi/util/Computable; 20 <appendix> member <vmtarget> ; # com/intellij/psi/impl/source/resolve/ResolveCache$$Lambda+0x000000080223cc70
instanceKlass  @bci com/intellij/psi/impl/source/resolve/ResolveCache resolveWithCaching (Lcom/intellij/psi/PsiPolyVariantReference;Lcom/intellij/psi/impl/source/resolve/ResolveCache$PolyVariantContextResolver;ZZLcom/intellij/psi/PsiFile;)[Lcom/intellij/psi/ResolveResult; 76 <appendix> member <vmtarget> ; # com/intellij/psi/impl/source/resolve/ResolveCache$$Lambda+0x000000080223c9f0
instanceKlass com/intellij/psi/impl/source/PsiJavaCodeReferenceElementImpl$OurGenericsResolver
instanceKlass com/intellij/psi/impl/source/PsiJavaCodeReferenceElementImpl$1
instanceKlass com/intellij/psi/search/PsiElementProcessor$FindElement
instanceKlass com/intellij/psi/search/PsiElementProcessor$CollectElements
instanceKlass com/intellij/psi/search/PsiElementProcessor
instanceKlass com/intellij/psi/util/PsiTreeUtil
instanceKlass org/jetbrains/uast/java/JavaUAnnotation$Companion
instanceKlass  @bci com/intellij/psi/impl/source/tree/java/PsiAnnotationImpl <clinit> ()V 0 <appendix> argL0 ; # com/intellij/psi/impl/source/tree/java/PsiAnnotationImpl$$Lambda+0x000000080223a3f8
instanceKlass com/intellij/util/PairFunction
instanceKlass com/intellij/psi/PsiMirrorElement
instanceKlass  @bci com/intellij/psi/PsiParameter <clinit> ()V 7 <appendix> argL0 ; # com/intellij/psi/PsiParameter$$Lambda+0x000000080222fa70
instanceKlass  @bci com/intellij/psi/impl/source/ClassInnerStuffCache getInnerClasses ()[Lcom/intellij/psi/PsiClass; 5 <appendix> member <vmtarget> ; # com/intellij/psi/impl/source/ClassInnerStuffCache$$Lambda+0x0000000802227548
instanceKlass org/jetbrains/uast/java/JavaUMethod$Companion
instanceKlass  @bci com/intellij/psi/PsiMethod <clinit> ()V 7 <appendix> argL0 ; # com/intellij/psi/PsiMethod$$Lambda+0x0000000802222998
instanceKlass  @bci com/intellij/psi/impl/source/ClassInnerStuffCache getMethods ()[Lcom/intellij/psi/PsiMethod; 5 <appendix> member <vmtarget> ; # com/intellij/psi/impl/source/ClassInnerStuffCache$$Lambda+0x0000000802222720
instanceKlass  @bci com/intellij/psi/PsiClassInitializer <clinit> ()V 7 <appendix> argL0 ; # com/intellij/psi/PsiClassInitializer$$Lambda+0x0000000802221c30
instanceKlass com/intellij/util/containers/EmptyIterator
instanceKlass com/intellij/util/containers/ContainerUtilRt
instanceKlass  @bci com/intellij/psi/impl/source/ClassInnerStuffCache internMembers (Ljava/util/List;)Ljava/util/List; 2 <appendix> member <vmtarget> ; # com/intellij/psi/impl/source/ClassInnerStuffCache$$Lambda+0x000000080221ca50
instanceKlass  @bci com/intellij/psi/PsiField <clinit> ()V 7 <appendix> argL0 ; # com/intellij/psi/PsiField$$Lambda+0x000000080221c800
instanceKlass com/intellij/psi/util/CachedValueProfiler$Overhead
instanceKlass  @bci com/intellij/psi/util/CachedValueProfiler <clinit> ()V 20 <appendix> argL0 ; # com/intellij/psi/util/CachedValueProfiler$$Lambda+0x000000080221db68
instanceKlass com/intellij/psi/util/CachedValueProfiler$ThreadContext
instanceKlass com/intellij/psi/util/CachedValueProfiler$GlobalContext
instanceKlass com/intellij/psi/util/CachedValueProfiler$EventPlace
instanceKlass com/intellij/psi/util/CachedValueProfiler
instanceKlass  @bci com/intellij/util/CachedValueBase lambda$getValueWithLock$4 (Ljava/lang/Object;)Lcom/intellij/util/CachedValueBase$Data; 3 <appendix> member <vmtarget> ; # com/intellij/util/CachedValueBase$$Lambda+0x000000080221d000
instanceKlass com/intellij/openapi/util/RecursionManager$StackFrame
instanceKlass com/intellij/openapi/util/RecursionManager$MyKey
instanceKlass  @bci com/intellij/openapi/util/RecursionGuard doPreventingRecursion (Ljava/lang/Object;ZLcom/intellij/openapi/util/Computable;)Ljava/lang/Object; 25 <appendix> member <vmtarget> ; # com/intellij/openapi/util/RecursionGuard$$Lambda+0x000000080221f7a0
instanceKlass  @bci com/intellij/util/CachedValueBase getValueWithLock (Ljava/lang/Object;)Ljava/lang/Object; 41 <appendix> member <vmtarget> ; # com/intellij/util/CachedValueBase$$Lambda+0x000000080221f520
instanceKlass com/intellij/util/CachedValueBase$Data
instanceKlass com/intellij/util/CachedValueLeakChecker
instanceKlass com/intellij/psi/util/CachedValuesManager$1
instanceKlass  @bci com/intellij/psi/util/CachedValuesManager getProjectPsiDependentCache (Lcom/intellij/psi/PsiElement;Ljava/util/function/Function;)Ljava/lang/Object; 31 <appendix> member <vmtarget> ; # com/intellij/psi/util/CachedValuesManager$$Lambda+0x000000080221e8f0
instanceKlass  @bci com/intellij/psi/impl/source/ClassInnerStuffCache getFields ()[Lcom/intellij/psi/PsiField; 5 <appendix> member <vmtarget> ; # com/intellij/psi/impl/source/ClassInnerStuffCache$$Lambda+0x000000080221e678
instanceKlass  @bci com/intellij/psi/augment/PsiAugmentProvider collectAugments (Lcom/intellij/psi/PsiElement;Ljava/lang/Class;Ljava/lang/String;)Ljava/util/List; 36 <appendix> member <vmtarget> ; # com/intellij/psi/augment/PsiAugmentProvider$$Lambda+0x000000080221bd68
instanceKlass  @cpi com/intellij/psi/augment/PsiAugmentProvider 432 form vmentry <vmtarget> ; # java/lang/invoke/LambdaForm$DMH+0x000000080221c000
instanceKlass com/intellij/openapi/project/ProjectCoreUtil
instanceKlass com/intellij/lang/jvm/annotation/JvmAnnotationAttributeValue
instanceKlass com/intellij/psi/PsiJvmConversionHelper
instanceKlass com/intellij/psi/impl/PsiImplUtil
instanceKlass org/jetbrains/uast/java/JavaUClass$Companion
instanceKlass com/intellij/psi/impl/source/ClassInnerStuffCache
instanceKlass  @bci com/intellij/psi/PsiClass <clinit> ()V 7 <appendix> argL0 ; # com/intellij/psi/PsiClass$$Lambda+0x000000080220f070
instanceKlass org/jetbrains/uast/java/JavaAbstractUElement
instanceKlass  @bci com/intellij/psi/impl/source/PsiImportStatementImpl <clinit> ()V 7 <appendix> argL0 ; # com/intellij/psi/impl/source/PsiImportStatementImpl$$Lambda+0x000000080220c8c8
instanceKlass  @bci com/intellij/psi/PsiImportStatementBase <clinit> ()V 7 <appendix> argL0 ; # com/intellij/psi/PsiImportStatementBase$$Lambda+0x0000000802209988
instanceKlass com/intellij/psi/impl/source/SourceTreeToPsiMap
instanceKlass org/jetbrains/uast/internal/ThreadLocalTroubleCollector$Logger
instanceKlass org/jetbrains/uast/internal/ThreadLocalTroubleCollector
instanceKlass org/jetbrains/uast/internal/ImplementationUtilsKt
instanceKlass com/intellij/psi/impl/source/tree/ChildRole
instanceKlass com/intellij/openapi/progress/WrappedProgressIndicator
instanceKlass  @bci com/intellij/openapi/progress/impl/CoreProgressManager registerIndicatorAndRun (Lcom/intellij/openapi/progress/ProgressIndicator;Ljava/lang/Thread;Lcom/intellij/openapi/progress/ProgressIndicator;Lcom/intellij/openapi/util/ThrowableComputable;)Ljava/lang/Object; 60 <appendix> argL0 ; # com/intellij/openapi/progress/impl/CoreProgressManager$$Lambda+0x0000000802206bf8
instanceKlass com/intellij/openapi/progress/impl/NonCancelableIndicator
instanceKlass com/intellij/openapi/progress/StandardProgressIndicator
instanceKlass com/intellij/openapi/progress/Cancellation
instanceKlass  @bci com/intellij/openapi/progress/impl/CoreProgressManager computeInNonCancelableSection (Lcom/intellij/openapi/util/ThrowableComputable;)Ljava/lang/Object; 10 <appendix> member <vmtarget> ; # com/intellij/openapi/progress/impl/CoreProgressManager$$Lambda+0x0000000802205c88
instanceKlass  @bci com/intellij/openapi/progress/impl/CoreProgressManager executeNonCancelableSection (Ljava/lang/Runnable;)V 10 <appendix> member <vmtarget> ; # com/intellij/openapi/progress/impl/CoreProgressManager$$Lambda+0x0000000802205a30
instanceKlass com/intellij/openapi/util/ThrowableComputable
instanceKlass  @bci com/intellij/psi/impl/source/tree/LazyParseableElement setChildren (Lcom/intellij/psi/impl/source/tree/TreeElement;)V 13 <appendix> member <vmtarget> ; # com/intellij/psi/impl/source/tree/LazyParseableElement$$Lambda+0x00000008022055a8
instanceKlass com/intellij/psi/ParsingDiagnostics$ParserDiagnosticsHandler
instanceKlass com/intellij/psi/ParsingDiagnostics
instanceKlass  @bci com/intellij/psi/PsiTypeElement <clinit> ()V 7 <appendix> argL0 ; # com/intellij/psi/PsiTypeElement$$Lambda+0x0000000802203198
instanceKlass com/intellij/psi/impl/source/ClassReferencePointer
instanceKlass com/intellij/lang/jvm/types/JvmArrayType
instanceKlass com/intellij/psi/impl/source/Constants
instanceKlass com/intellij/psi/PsiReferenceParameterList
instanceKlass  @bci com/intellij/psi/PsiJavaCodeReferenceElement <clinit> ()V 7 <appendix> argL0 ; # com/intellij/psi/PsiJavaCodeReferenceElement$$Lambda+0x00000008021fab60
instanceKlass  @bci com/intellij/psi/PsiReference <clinit> ()V 7 <appendix> argL0 ; # com/intellij/psi/PsiReference$$Lambda+0x00000008021f9e48
instanceKlass com/intellij/patterns/ElementPattern
instanceKlass com/intellij/psi/impl/source/resolve/ResolveCache$PolyVariantContextResolver
instanceKlass com/intellij/psi/filters/ElementFilter
instanceKlass com/intellij/psi/impl/source/SourceJavaCodeReference
instanceKlass com/intellij/psi/tree/ILeafElementType
instanceKlass com/intellij/psi/tree/ICustomParsingType
instanceKlass com/intellij/psi/PsiPackageStatement
instanceKlass com/intellij/psi/impl/source/BasicJavaAstTreeUtil
instanceKlass com/intellij/lang/WhitespacesAndCommentsBinder$RecursiveBinder
instanceKlass com/intellij/lang/impl/PsiBuilderImpl$RelativeTokenTextView
instanceKlass com/intellij/lang/impl/PsiBuilderAdapter
instanceKlass com/intellij/lang/java/parser/DeclarationParser$1
instanceKlass it/unimi/dsi/fastutil/Arrays
instanceKlass  @bci com/intellij/psi/tree/ParentProviderElementType containsWithSourceParent (Lcom/intellij/psi/tree/IElementType;Lcom/intellij/psi/tree/TokenSet;)Z 45 <appendix> member <vmtarget> ; # com/intellij/psi/tree/ParentProviderElementType$$Lambda+0x00000008021f3590
instanceKlass com/intellij/lang/WhitespacesBinders$2
instanceKlass com/intellij/lang/WhitespacesBinders$1
instanceKlass com/intellij/lang/WhitespacesBinders
instanceKlass com/intellij/lang/PsiBuilderUtil
instanceKlass  @bci com/intellij/lang/java/parser/BasicFileParser parse (Lcom/intellij/lang/PsiBuilder;)V 11 <appendix> member <vmtarget> ; # com/intellij/lang/java/parser/BasicFileParser$$Lambda+0x00000008021f29e8
instanceKlass com/intellij/lang/java/parser/BasicReferenceParser$TypeInfo
instanceKlass com/intellij/lang/java/parser/BasicPrattExpressionParser$ParserData
instanceKlass com/intellij/lang/java/parser/BasicPrattExpressionParser$ConditionalExprParser
instanceKlass com/intellij/lang/java/parser/BasicPrattExpressionParser$InstanceofParser
instanceKlass com/intellij/lang/java/parser/BasicPrattExpressionParser$PolyExprParser
instanceKlass com/intellij/lang/java/parser/BasicPrattExpressionParser$AssignmentParser
instanceKlass com/intellij/lang/java/parser/BasicPrattExpressionParser$InfixParser
instanceKlass com/intellij/lang/java/parser/BasicOldExpressionParser
instanceKlass com/intellij/lang/java/parser/BasicPrattExpressionParser
instanceKlass com/intellij/psi/impl/source/AbstractBasicJavaElementTypeFactory$JavaElementTypeContainer
instanceKlass com/intellij/psi/impl/source/tree/JavaElementTypeFactory$SingletonHelper
instanceKlass com/intellij/psi/impl/source/AbstractBasicJavaElementTypeFactory
instanceKlass com/intellij/lang/java/parser/BasicPatternParser
instanceKlass com/intellij/lang/java/parser/BasicFileParser
instanceKlass com/intellij/lang/java/parser/BasicDeclarationParser
instanceKlass com/intellij/lang/java/parser/BasicExpressionParser
instanceKlass com/intellij/lang/java/parser/BasicStatementParser
instanceKlass com/intellij/lang/java/parser/BasicReferenceParser
instanceKlass com/intellij/lang/java/parser/BasicModuleParser
instanceKlass com/intellij/psi/impl/source/resolve/FileContextUtil
instanceKlass com/intellij/lang/impl/TokenSequence$Builder
instanceKlass com/intellij/lang/impl/TokenSequence
instanceKlass com/intellij/lang/impl/PsiBuilderImpl$Token
instanceKlass com/intellij/lang/LighterLazyParseableNode
instanceKlass com/intellij/lang/impl/MarkerPool
instanceKlass com/intellij/psi/text/BlockSupport
instanceKlass com/intellij/psi/impl/source/tree/SharedImplUtil
instanceKlass com/intellij/lang/WhitespacesAndCommentsBinder$TokenTextGetter
instanceKlass com/intellij/lang/PsiBuilder$Marker
instanceKlass com/intellij/lang/impl/PsiBuilderImpl$ProductionMarker
instanceKlass com/intellij/lang/impl/PsiBuilderImpl$Node
instanceKlass com/intellij/lang/LighterASTNode
instanceKlass com/intellij/util/diff/ShallowNodeComparator
instanceKlass com/intellij/util/diff/DiffTreeChangeBuilder
instanceKlass com/intellij/lang/SyntaxTreeBuilder$Marker
instanceKlass com/intellij/openapi/util/UnprotectedUserDataHolder
instanceKlass com/intellij/psi/impl/source/AbstractBasicJavaDocElementTypeFactory$JavaDocElementTypeContainer
instanceKlass com/intellij/psi/impl/source/tree/JavaDocElementTypeFactory$SingletonHelper
instanceKlass com/intellij/lang/java/lexer/_JavaLexer
instanceKlass com/intellij/lexer/FlexLexer
instanceKlass it/unimi/dsi/fastutil/ints/IntListIterator
instanceKlass it/unimi/dsi/fastutil/ints/IntStack
instanceKlass it/unimi/dsi/fastutil/Stack
instanceKlass com/intellij/lexer/LexerPosition
instanceKlass com/intellij/util/text/CharSequenceSubSequence
instanceKlass com/intellij/util/text/ImmutableText$InnerLeaf
instanceKlass com/intellij/util/text/ImmutableText$CompositeNode
instanceKlass  @bci com/intellij/psi/util/PsiUtil <clinit> ()V 77 <appendix> argL0 ; # com/intellij/psi/util/PsiUtil$$Lambda+0x00000008021e2368
instanceKlass com/intellij/lang/java/parser/BasicJavaParserUtil
instanceKlass  @bci com/intellij/lang/java/parser/JavaParserUtil createBuilder (Lcom/intellij/lang/ASTNode;)Lcom/intellij/lang/PsiBuilder; 11 <appendix> argL0 ; # com/intellij/lang/java/parser/JavaParserUtil$$Lambda+0x00000008021e1ec0
instanceKlass  @bci com/intellij/lang/java/parser/JavaParserUtil createBuilder (Lcom/intellij/lang/ASTNode;)Lcom/intellij/lang/PsiBuilder; 6 <appendix> argL0 ; # com/intellij/lang/java/parser/JavaParserUtil$$Lambda+0x00000008021e1c50
instanceKlass  @bci com/intellij/lang/java/parser/JavaParserUtil createBuilder (Lcom/intellij/lang/ASTNode;)Lcom/intellij/lang/PsiBuilder; 1 <appendix> argL0 ; # com/intellij/lang/java/parser/JavaParserUtil$$Lambda+0x00000008021e19e0
instanceKlass com/intellij/psi/impl/source/WhiteSpaceAndCommentSetHolder$TrailingWhitespacesAndCommentsBinder
instanceKlass com/intellij/psi/impl/source/WhiteSpaceAndCommentSetHolder$PrecedingWhitespacesAndCommentsBinder
instanceKlass com/intellij/lang/WhitespacesAndCommentsBinder
instanceKlass com/intellij/psi/impl/source/WhiteSpaceAndCommentSetHolder
instanceKlass  @bci com/intellij/psi/impl/source/BasicJavaDocElementType$DocCommentElementType <init> (Ljava/util/function/Function;Ljava/util/function/Function;Lcom/intellij/psi/impl/source/AbstractBasicJavaDocElementTypeFactory;Ljava/util/function/Function;)V 44 <appendix> member <vmtarget> ; # com/intellij/psi/impl/source/BasicJavaDocElementType$DocCommentElementType$$Lambda+0x00000008021e0e40
instanceKlass  @bci com/intellij/psi/impl/source/tree/JavaDocElementType <clinit> ()V 286 <appendix> argL0 ; # com/intellij/psi/impl/source/tree/JavaDocElementType$$Lambda+0x00000008021e0bd0
instanceKlass com/intellij/psi/impl/source/AbstractBasicJavaDocElementTypeFactory
instanceKlass  @bci com/intellij/psi/impl/source/tree/JavaDocElementType <clinit> ()V 278 <appendix> argL0 ; # com/intellij/psi/impl/source/tree/JavaDocElementType$$Lambda+0x00000008021e04e0
instanceKlass  @bci com/intellij/psi/impl/source/tree/JavaDocElementType <clinit> ()V 273 <appendix> argL0 ; # com/intellij/psi/impl/source/tree/JavaDocElementType$$Lambda+0x00000008021e0270
instanceKlass  @bci com/intellij/psi/impl/source/tree/JavaDocElementType <clinit> ()V 258 <appendix> argL0 ; # com/intellij/psi/impl/source/tree/JavaDocElementType$$Lambda+0x00000008021e0000
instanceKlass  @bci com/intellij/psi/impl/source/tree/JavaDocElementType <clinit> ()V 253 <appendix> argL0 ; # com/intellij/psi/impl/source/tree/JavaDocElementType$$Lambda+0x00000008021dfcc8
instanceKlass  @bci com/intellij/psi/impl/source/tree/JavaDocElementType <clinit> ()V 248 <appendix> argL0 ; # com/intellij/psi/impl/source/tree/JavaDocElementType$$Lambda+0x00000008021dfa78
instanceKlass  @bci com/intellij/psi/impl/source/tree/JavaDocElementType <clinit> ()V 233 <appendix> argL0 ; # com/intellij/psi/impl/source/tree/JavaDocElementType$$Lambda+0x00000008021df808
instanceKlass  @bci com/intellij/psi/impl/source/tree/JavaDocElementType <clinit> ()V 228 <appendix> argL0 ; # com/intellij/psi/impl/source/tree/JavaDocElementType$$Lambda+0x00000008021df598
instanceKlass  @bci com/intellij/psi/impl/source/tree/JavaDocElementType <clinit> ()V 223 <appendix> argL0 ; # com/intellij/psi/impl/source/tree/JavaDocElementType$$Lambda+0x00000008021df348
instanceKlass  @bci com/intellij/psi/impl/source/tree/JavaDocElementType <clinit> ()V 189 <appendix> argL0 ; # com/intellij/psi/impl/source/tree/JavaDocElementType$$Lambda+0x00000008021df0f8
instanceKlass  @bci com/intellij/psi/impl/source/tree/JavaDocElementType <clinit> ()V 168 <appendix> argL0 ; # com/intellij/psi/impl/source/tree/JavaDocElementType$$Lambda+0x00000008021deea8
instanceKlass  @bci com/intellij/psi/impl/source/tree/JavaDocElementType <clinit> ()V 147 <appendix> argL0 ; # com/intellij/psi/impl/source/tree/JavaDocElementType$$Lambda+0x00000008021dec58
instanceKlass  @bci com/intellij/psi/impl/source/tree/JavaDocElementType <clinit> ()V 126 <appendix> argL0 ; # com/intellij/psi/impl/source/tree/JavaDocElementType$$Lambda+0x00000008021dea08
instanceKlass  @bci com/intellij/psi/impl/source/tree/JavaDocElementType <clinit> ()V 105 <appendix> argL0 ; # com/intellij/psi/impl/source/tree/JavaDocElementType$$Lambda+0x00000008021de7b8
instanceKlass  @bci com/intellij/psi/impl/source/tree/JavaDocElementType <clinit> ()V 69 <appendix> argL0 ; # com/intellij/psi/impl/source/tree/JavaDocElementType$$Lambda+0x00000008021de568
instanceKlass  @bci com/intellij/psi/impl/source/tree/JavaDocElementType <clinit> ()V 48 <appendix> argL0 ; # com/intellij/psi/impl/source/tree/JavaDocElementType$$Lambda+0x00000008021de318
instanceKlass  @bci com/intellij/psi/impl/source/tree/JavaDocElementType <clinit> ()V 27 <appendix> argL0 ; # com/intellij/psi/impl/source/tree/JavaDocElementType$$Lambda+0x00000008021de0c8
instanceKlass  @bci com/intellij/psi/impl/source/tree/JavaDocElementType <clinit> ()V 6 <appendix> argL0 ; # com/intellij/psi/impl/source/tree/JavaDocElementType$$Lambda+0x00000008021dde78
instanceKlass  @bci com/intellij/psi/tree/ParentAwareTokenSet orSet ([Lcom/intellij/psi/tree/ParentAwareTokenSet;)Lcom/intellij/psi/tree/ParentAwareTokenSet; 14 <appendix> argL0 ; # com/intellij/psi/tree/ParentAwareTokenSet$$Lambda+0x00000008021ddc28
instanceKlass  @bci com/intellij/psi/tree/ParentAwareTokenSet orSet ([Lcom/intellij/psi/tree/ParentAwareTokenSet;)Lcom/intellij/psi/tree/ParentAwareTokenSet; 4 <appendix> argL0 ; # com/intellij/psi/tree/ParentAwareTokenSet$$Lambda+0x00000008021dd9b8
instanceKlass com/intellij/psi/impl/source/BasicElementTypes
instanceKlass com/intellij/psi/impl/source/BasicJavaDocElementType
instanceKlass com/intellij/psi/impl/source/tree/ElementType
instanceKlass com/intellij/psi/impl/source/tree/JavaDocElementType
instanceKlass com/intellij/psi/JavaDocTokenType
instanceKlass com/intellij/psi/JavaTokenType
instanceKlass  @bci com/intellij/psi/impl/source/tree/LazyParseableElement ensureParsed ()V 135 <appendix> member <vmtarget> ; # com/intellij/psi/impl/source/tree/LazyParseableElement$$Lambda+0x00000008021dad68
instanceKlass com/intellij/util/ThrowableRunnable
instanceKlass com/intellij/psi/impl/source/tree/TreeUtil
instanceKlass com/intellij/psi/impl/DebugUtil
instanceKlass  @bci com/intellij/psi/impl/source/tree/JavaElementType <clinit> ()V 1837 <appendix> argL0 ; # com/intellij/psi/impl/source/tree/JavaElementType$$Lambda+0x00000008021d9588
instanceKlass  @bci com/intellij/psi/impl/source/tree/JavaElementType <clinit> ()V 1832 <appendix> argL0 ; # com/intellij/psi/impl/source/tree/JavaElementType$$Lambda+0x00000008021d9318
instanceKlass  @bci com/intellij/psi/impl/source/tree/JavaElementType <clinit> ()V 1814 <appendix> argL0 ; # com/intellij/psi/impl/source/tree/JavaElementType$$Lambda+0x00000008021d90a8
instanceKlass  @bci com/intellij/psi/impl/source/tree/JavaElementType <clinit> ()V 1809 <appendix> argL0 ; # com/intellij/psi/impl/source/tree/JavaElementType$$Lambda+0x00000008021d8e38
instanceKlass  @bci com/intellij/psi/impl/source/tree/JavaElementType <clinit> ()V 1804 <appendix> argL0 ; # com/intellij/psi/impl/source/tree/JavaElementType$$Lambda+0x00000008021d8be8
instanceKlass com/intellij/psi/impl/source/BasicJavaElementType$FrontBackTypeTextElementType$1
instanceKlass  @bci com/intellij/psi/impl/source/tree/JavaElementType <clinit> ()V 1781 <appendix> argL0 ; # com/intellij/psi/impl/source/tree/JavaElementType$$Lambda+0x00000008021d8718
instanceKlass  @bci com/intellij/psi/impl/source/tree/JavaElementType <clinit> ()V 1776 <appendix> argL0 ; # com/intellij/psi/impl/source/tree/JavaElementType$$Lambda+0x00000008021d84a8
instanceKlass  @bci com/intellij/psi/impl/source/tree/JavaElementType <clinit> ()V 1771 <appendix> argL0 ; # com/intellij/psi/impl/source/tree/JavaElementType$$Lambda+0x00000008021d8258
instanceKlass  @bci com/intellij/psi/impl/source/BasicJavaElementType$ReferenceThinCodeFragmentElementType <init> (Ljava/util/function/Supplier;Ljava/util/function/Function;Ljava/util/function/Function;)V 28 <appendix> member <vmtarget> ; # com/intellij/psi/impl/source/BasicJavaElementType$ReferenceThinCodeFragmentElementType$$Lambda+0x00000008021d8000
instanceKlass  @bci com/intellij/psi/impl/source/tree/JavaElementType <clinit> ()V 1751 <appendix> argL0 ; # com/intellij/psi/impl/source/tree/JavaElementType$$Lambda+0x00000008021d7d80
instanceKlass  @bci com/intellij/psi/impl/source/tree/JavaElementType <clinit> ()V 1746 <appendix> argL0 ; # com/intellij/psi/impl/source/tree/JavaElementType$$Lambda+0x00000008021d7b10
instanceKlass  @bci com/intellij/psi/impl/source/tree/JavaElementType <clinit> ()V 1741 <appendix> argL0 ; # com/intellij/psi/impl/source/tree/JavaElementType$$Lambda+0x00000008021d78c0
instanceKlass  @bci com/intellij/psi/impl/source/BasicJavaElementType$ExpressionThinCodeFragmentElementType <init> (Ljava/util/function/Supplier;Ljava/util/function/Function;Ljava/util/function/Function;)V 28 <appendix> member <vmtarget> ; # com/intellij/psi/impl/source/BasicJavaElementType$ExpressionThinCodeFragmentElementType$$Lambda+0x00000008021d7668
instanceKlass  @bci com/intellij/psi/impl/source/tree/JavaElementType <clinit> ()V 1726 <appendix> argL0 ; # com/intellij/psi/impl/source/tree/JavaElementType$$Lambda+0x00000008021d73f8
instanceKlass  @bci com/intellij/psi/impl/source/tree/JavaElementType <clinit> ()V 1721 <appendix> argL0 ; # com/intellij/psi/impl/source/tree/JavaElementType$$Lambda+0x00000008021d7188
instanceKlass  @bci com/intellij/psi/impl/source/tree/JavaElementType <clinit> ()V 1716 <appendix> argL0 ; # com/intellij/psi/impl/source/tree/JavaElementType$$Lambda+0x00000008021d6f38
instanceKlass  @bci com/intellij/psi/impl/source/BasicJavaElementType$StatementThinCodeFragmentElementType <init> (Ljava/util/function/Supplier;Ljava/util/function/Function;Ljava/util/function/Function;)V 28 <appendix> member <vmtarget> ; # com/intellij/psi/impl/source/BasicJavaElementType$StatementThinCodeFragmentElementType$$Lambda+0x00000008021d6ce0
instanceKlass  @bci com/intellij/psi/impl/source/tree/JavaElementType <clinit> ()V 1701 <appendix> argL0 ; # com/intellij/psi/impl/source/tree/JavaElementType$$Lambda+0x00000008021d6a70
instanceKlass  @bci com/intellij/psi/impl/source/tree/JavaElementType <clinit> ()V 1696 <appendix> argL0 ; # com/intellij/psi/impl/source/tree/JavaElementType$$Lambda+0x00000008021d6800
instanceKlass  @bci com/intellij/psi/impl/source/tree/JavaElementType <clinit> ()V 1691 <appendix> argL0 ; # com/intellij/psi/impl/source/tree/JavaElementType$$Lambda+0x00000008021d65b0
instanceKlass  @bci com/intellij/psi/impl/source/BasicJavaElementType$MemberThinCodeFragmentElementType <init> (Ljava/util/function/Supplier;Ljava/util/function/Function;Ljava/util/function/Function;)V 28 <appendix> member <vmtarget> ; # com/intellij/psi/impl/source/BasicJavaElementType$MemberThinCodeFragmentElementType$$Lambda+0x00000008021d6358
instanceKlass  @bci com/intellij/psi/impl/source/tree/JavaElementType <clinit> ()V 1676 <appendix> argL0 ; # com/intellij/psi/impl/source/tree/JavaElementType$$Lambda+0x00000008021d60e8
instanceKlass  @bci com/intellij/psi/impl/source/tree/JavaElementType <clinit> ()V 1671 <appendix> argL0 ; # com/intellij/psi/impl/source/tree/JavaElementType$$Lambda+0x00000008021d5e78
instanceKlass  @bci com/intellij/psi/impl/source/tree/JavaElementType <clinit> ()V 1666 <appendix> argL0 ; # com/intellij/psi/impl/source/tree/JavaElementType$$Lambda+0x00000008021d5c28
instanceKlass  @bci com/intellij/psi/impl/source/tree/JavaElementType <clinit> ()V 1651 <appendix> argL0 ; # com/intellij/psi/impl/source/tree/JavaElementType$$Lambda+0x00000008021d59b8
instanceKlass com/intellij/lexer/TokenList
instanceKlass com/intellij/lang/java/parser/JavaParserUtil
instanceKlass  @bci com/intellij/psi/impl/source/tree/JavaElementType <clinit> ()V 1646 <appendix> argL0 ; # com/intellij/psi/impl/source/tree/JavaElementType$$Lambda+0x00000008021d52e0
instanceKlass  @bci com/intellij/psi/impl/source/tree/JavaElementType <clinit> ()V 1641 <appendix> argL0 ; # com/intellij/psi/impl/source/tree/JavaElementType$$Lambda+0x00000008021d5070
instanceKlass com/intellij/lang/jvm/types/JvmWildcardType
instanceKlass com/intellij/psi/JavaResolveResult
instanceKlass  @bci com/intellij/psi/impl/source/tree/JavaElementType <clinit> ()V 1636 <appendix> argL0 ; # com/intellij/psi/impl/source/tree/JavaElementType$$Lambda+0x00000008021d40c0
instanceKlass  @bci com/intellij/psi/impl/source/tree/JavaElementType <clinit> ()V 1618 <appendix> argL0 ; # com/intellij/psi/impl/source/tree/JavaElementType$$Lambda+0x00000008021d3e70
instanceKlass  @bci com/intellij/psi/impl/source/tree/JavaElementType <clinit> ()V 1597 <appendix> argL0 ; # com/intellij/psi/impl/source/tree/JavaElementType$$Lambda+0x00000008021d3c20
instanceKlass  @bci com/intellij/psi/impl/source/tree/JavaElementType <clinit> ()V 1576 <appendix> argL0 ; # com/intellij/psi/impl/source/tree/JavaElementType$$Lambda+0x00000008021d39d0
instanceKlass  @bci com/intellij/psi/impl/source/tree/JavaElementType <clinit> ()V 1555 <appendix> argL0 ; # com/intellij/psi/impl/source/tree/JavaElementType$$Lambda+0x00000008021d3780
instanceKlass  @bci com/intellij/psi/impl/source/tree/JavaElementType <clinit> ()V 1534 <appendix> argL0 ; # com/intellij/psi/impl/source/tree/JavaElementType$$Lambda+0x00000008021d3530
instanceKlass  @bci com/intellij/psi/impl/source/tree/JavaElementType <clinit> ()V 1513 <appendix> argL0 ; # com/intellij/psi/impl/source/tree/JavaElementType$$Lambda+0x00000008021d32e0
instanceKlass  @bci com/intellij/psi/impl/source/tree/JavaElementType <clinit> ()V 1492 <appendix> argL0 ; # com/intellij/psi/impl/source/tree/JavaElementType$$Lambda+0x00000008021d3090
instanceKlass  @bci com/intellij/psi/impl/source/tree/JavaElementType <clinit> ()V 1471 <appendix> argL0 ; # com/intellij/psi/impl/source/tree/JavaElementType$$Lambda+0x00000008021d2e40
instanceKlass  @bci com/intellij/psi/impl/source/tree/JavaElementType <clinit> ()V 1450 <appendix> argL0 ; # com/intellij/psi/impl/source/tree/JavaElementType$$Lambda+0x00000008021d2bf0
instanceKlass  @bci com/intellij/psi/impl/source/tree/JavaElementType <clinit> ()V 1429 <appendix> argL0 ; # com/intellij/psi/impl/source/tree/JavaElementType$$Lambda+0x00000008021d29a0
instanceKlass  @bci com/intellij/psi/impl/source/tree/JavaElementType <clinit> ()V 1408 <appendix> argL0 ; # com/intellij/psi/impl/source/tree/JavaElementType$$Lambda+0x00000008021d2750
instanceKlass  @bci com/intellij/psi/impl/source/tree/JavaElementType <clinit> ()V 1387 <appendix> argL0 ; # com/intellij/psi/impl/source/tree/JavaElementType$$Lambda+0x00000008021d2500
instanceKlass  @bci com/intellij/psi/impl/source/tree/JavaElementType <clinit> ()V 1366 <appendix> argL0 ; # com/intellij/psi/impl/source/tree/JavaElementType$$Lambda+0x00000008021d22b0
instanceKlass  @bci com/intellij/psi/impl/source/tree/JavaElementType <clinit> ()V 1345 <appendix> argL0 ; # com/intellij/psi/impl/source/tree/JavaElementType$$Lambda+0x00000008021d2060
instanceKlass  @bci com/intellij/psi/impl/source/tree/JavaElementType <clinit> ()V 1324 <appendix> argL0 ; # com/intellij/psi/impl/source/tree/JavaElementType$$Lambda+0x00000008021d1e10
instanceKlass  @bci com/intellij/psi/impl/source/tree/JavaElementType <clinit> ()V 1303 <appendix> argL0 ; # com/intellij/psi/impl/source/tree/JavaElementType$$Lambda+0x00000008021d1bc0
instanceKlass  @bci com/intellij/psi/impl/source/tree/JavaElementType <clinit> ()V 1282 <appendix> argL0 ; # com/intellij/psi/impl/source/tree/JavaElementType$$Lambda+0x00000008021d1970
instanceKlass  @bci com/intellij/psi/impl/source/tree/JavaElementType <clinit> ()V 1261 <appendix> argL0 ; # com/intellij/psi/impl/source/tree/JavaElementType$$Lambda+0x00000008021d1720
instanceKlass  @bci com/intellij/psi/impl/source/tree/JavaElementType <clinit> ()V 1240 <appendix> argL0 ; # com/intellij/psi/impl/source/tree/JavaElementType$$Lambda+0x00000008021d14d0
instanceKlass  @bci com/intellij/psi/impl/source/tree/JavaElementType <clinit> ()V 1219 <appendix> argL0 ; # com/intellij/psi/impl/source/tree/JavaElementType$$Lambda+0x00000008021d1280
instanceKlass  @bci com/intellij/psi/impl/source/tree/JavaElementType <clinit> ()V 1198 <appendix> argL0 ; # com/intellij/psi/impl/source/tree/JavaElementType$$Lambda+0x00000008021d1030
instanceKlass  @bci com/intellij/psi/impl/source/tree/JavaElementType <clinit> ()V 1177 <appendix> argL0 ; # com/intellij/psi/impl/source/tree/JavaElementType$$Lambda+0x00000008021d0de0
instanceKlass  @bci com/intellij/psi/impl/source/tree/JavaElementType <clinit> ()V 1156 <appendix> argL0 ; # com/intellij/psi/impl/source/tree/JavaElementType$$Lambda+0x00000008021d0b90
instanceKlass  @bci com/intellij/psi/impl/source/tree/JavaElementType <clinit> ()V 1135 <appendix> argL0 ; # com/intellij/psi/impl/source/tree/JavaElementType$$Lambda+0x00000008021d0940
instanceKlass  @bci com/intellij/psi/impl/source/tree/JavaElementType <clinit> ()V 1114 <appendix> argL0 ; # com/intellij/psi/impl/source/tree/JavaElementType$$Lambda+0x00000008021d06f0
instanceKlass  @bci com/intellij/psi/impl/source/tree/JavaElementType <clinit> ()V 1093 <appendix> argL0 ; # com/intellij/psi/impl/source/tree/JavaElementType$$Lambda+0x00000008021d04a0
instanceKlass  @bci com/intellij/psi/impl/source/tree/JavaElementType <clinit> ()V 1072 <appendix> argL0 ; # com/intellij/psi/impl/source/tree/JavaElementType$$Lambda+0x00000008021d0250
instanceKlass  @bci com/intellij/psi/impl/source/tree/JavaElementType <clinit> ()V 1051 <appendix> argL0 ; # com/intellij/psi/impl/source/tree/JavaElementType$$Lambda+0x00000008021d0000
instanceKlass  @bci com/intellij/psi/impl/source/tree/JavaElementType <clinit> ()V 1030 <appendix> argL0 ; # com/intellij/psi/impl/source/tree/JavaElementType$$Lambda+0x00000008021cfdb0
instanceKlass  @bci com/intellij/psi/impl/source/tree/JavaElementType <clinit> ()V 1009 <appendix> argL0 ; # com/intellij/psi/impl/source/tree/JavaElementType$$Lambda+0x00000008021cfb60
instanceKlass  @bci com/intellij/psi/impl/source/tree/JavaElementType <clinit> ()V 988 <appendix> argL0 ; # com/intellij/psi/impl/source/tree/JavaElementType$$Lambda+0x00000008021cf910
instanceKlass  @bci com/intellij/psi/impl/source/tree/JavaElementType <clinit> ()V 967 <appendix> argL0 ; # com/intellij/psi/impl/source/tree/JavaElementType$$Lambda+0x00000008021cf6c0
instanceKlass  @bci com/intellij/psi/impl/source/tree/JavaElementType <clinit> ()V 946 <appendix> argL0 ; # com/intellij/psi/impl/source/tree/JavaElementType$$Lambda+0x00000008021cf470
instanceKlass  @bci com/intellij/psi/impl/source/tree/JavaElementType <clinit> ()V 925 <appendix> argL0 ; # com/intellij/psi/impl/source/tree/JavaElementType$$Lambda+0x00000008021cf220
instanceKlass  @bci com/intellij/psi/impl/source/tree/JavaElementType <clinit> ()V 904 <appendix> argL0 ; # com/intellij/psi/impl/source/tree/JavaElementType$$Lambda+0x00000008021cefd0
instanceKlass  @bci com/intellij/psi/impl/source/tree/JavaElementType <clinit> ()V 883 <appendix> argL0 ; # com/intellij/psi/impl/source/tree/JavaElementType$$Lambda+0x00000008021ced80
instanceKlass  @bci com/intellij/psi/impl/source/tree/JavaElementType <clinit> ()V 862 <appendix> argL0 ; # com/intellij/psi/impl/source/tree/JavaElementType$$Lambda+0x00000008021ceb30
instanceKlass  @bci com/intellij/psi/impl/source/tree/JavaElementType <clinit> ()V 841 <appendix> argL0 ; # com/intellij/psi/impl/source/tree/JavaElementType$$Lambda+0x00000008021ce8e0
instanceKlass  @bci com/intellij/psi/impl/source/tree/JavaElementType <clinit> ()V 820 <appendix> argL0 ; # com/intellij/psi/impl/source/tree/JavaElementType$$Lambda+0x00000008021ce690
instanceKlass  @bci com/intellij/psi/impl/source/tree/JavaElementType <clinit> ()V 798 <appendix> argL0 ; # com/intellij/psi/impl/source/tree/JavaElementType$$Lambda+0x00000008021ce440
instanceKlass  @bci com/intellij/psi/impl/source/tree/JavaElementType <clinit> ()V 776 <appendix> argL0 ; # com/intellij/psi/impl/source/tree/JavaElementType$$Lambda+0x00000008021ce1f0
instanceKlass  @bci com/intellij/psi/impl/source/tree/JavaElementType <clinit> ()V 755 <appendix> argL0 ; # com/intellij/psi/impl/source/tree/JavaElementType$$Lambda+0x00000008021cdfa0
instanceKlass  @bci com/intellij/psi/impl/source/tree/JavaElementType <clinit> ()V 734 <appendix> argL0 ; # com/intellij/psi/impl/source/tree/JavaElementType$$Lambda+0x00000008021cdd50
instanceKlass  @bci com/intellij/psi/impl/source/tree/JavaElementType <clinit> ()V 713 <appendix> argL0 ; # com/intellij/psi/impl/source/tree/JavaElementType$$Lambda+0x00000008021cdb00
instanceKlass  @bci com/intellij/psi/impl/source/tree/JavaElementType <clinit> ()V 692 <appendix> argL0 ; # com/intellij/psi/impl/source/tree/JavaElementType$$Lambda+0x00000008021cd8b0
instanceKlass  @bci com/intellij/psi/impl/source/tree/JavaElementType <clinit> ()V 671 <appendix> argL0 ; # com/intellij/psi/impl/source/tree/JavaElementType$$Lambda+0x00000008021cd660
instanceKlass  @bci com/intellij/psi/impl/source/tree/JavaElementType <clinit> ()V 650 <appendix> argL0 ; # com/intellij/psi/impl/source/tree/JavaElementType$$Lambda+0x00000008021cd410
instanceKlass  @bci com/intellij/psi/impl/source/tree/JavaElementType <clinit> ()V 629 <appendix> argL0 ; # com/intellij/psi/impl/source/tree/JavaElementType$$Lambda+0x00000008021cd1c0
instanceKlass  @bci com/intellij/psi/impl/source/tree/JavaElementType <clinit> ()V 608 <appendix> argL0 ; # com/intellij/psi/impl/source/tree/JavaElementType$$Lambda+0x00000008021ccf70
instanceKlass  @bci com/intellij/psi/impl/source/tree/JavaElementType <clinit> ()V 587 <appendix> argL0 ; # com/intellij/psi/impl/source/tree/JavaElementType$$Lambda+0x00000008021ccd20
instanceKlass  @bci com/intellij/psi/impl/source/tree/JavaElementType <clinit> ()V 566 <appendix> argL0 ; # com/intellij/psi/impl/source/tree/JavaElementType$$Lambda+0x00000008021ccad0
instanceKlass  @bci com/intellij/psi/impl/source/tree/JavaElementType <clinit> ()V 545 <appendix> argL0 ; # com/intellij/psi/impl/source/tree/JavaElementType$$Lambda+0x00000008021cc880
instanceKlass  @bci com/intellij/psi/impl/source/tree/JavaElementType <clinit> ()V 524 <appendix> argL0 ; # com/intellij/psi/impl/source/tree/JavaElementType$$Lambda+0x00000008021cc630
instanceKlass  @bci com/intellij/psi/impl/source/tree/JavaElementType <clinit> ()V 503 <appendix> argL0 ; # com/intellij/psi/impl/source/tree/JavaElementType$$Lambda+0x00000008021cc3e0
instanceKlass  @bci com/intellij/psi/impl/source/tree/JavaElementType <clinit> ()V 482 <appendix> argL0 ; # com/intellij/psi/impl/source/tree/JavaElementType$$Lambda+0x00000008021cc190
instanceKlass  @bci com/intellij/psi/impl/source/tree/JavaElementType <clinit> ()V 461 <appendix> argL0 ; # com/intellij/psi/impl/source/tree/JavaElementType$$Lambda+0x00000008021cbf40
instanceKlass  @bci com/intellij/psi/impl/source/tree/JavaElementType <clinit> ()V 440 <appendix> argL0 ; # com/intellij/psi/impl/source/tree/JavaElementType$$Lambda+0x00000008021cbcf0
instanceKlass  @bci com/intellij/psi/impl/source/tree/JavaElementType <clinit> ()V 419 <appendix> argL0 ; # com/intellij/psi/impl/source/tree/JavaElementType$$Lambda+0x00000008021cbaa0
instanceKlass  @bci com/intellij/psi/impl/source/tree/JavaElementType <clinit> ()V 398 <appendix> argL0 ; # com/intellij/psi/impl/source/tree/JavaElementType$$Lambda+0x00000008021cb850
instanceKlass  @bci com/intellij/psi/impl/source/tree/JavaElementType <clinit> ()V 377 <appendix> argL0 ; # com/intellij/psi/impl/source/tree/JavaElementType$$Lambda+0x00000008021cb600
instanceKlass  @bci com/intellij/psi/impl/source/tree/JavaElementType <clinit> ()V 356 <appendix> argL0 ; # com/intellij/psi/impl/source/tree/JavaElementType$$Lambda+0x00000008021cb3b0
instanceKlass  @bci com/intellij/psi/impl/source/tree/JavaElementType <clinit> ()V 335 <appendix> argL0 ; # com/intellij/psi/impl/source/tree/JavaElementType$$Lambda+0x00000008021cb160
instanceKlass  @bci com/intellij/psi/impl/source/tree/JavaElementType <clinit> ()V 314 <appendix> argL0 ; # com/intellij/psi/impl/source/tree/JavaElementType$$Lambda+0x00000008021caf10
instanceKlass  @bci com/intellij/psi/impl/source/tree/JavaElementType <clinit> ()V 292 <appendix> argL0 ; # com/intellij/psi/impl/source/tree/JavaElementType$$Lambda+0x00000008021cacc0
instanceKlass  @bci com/intellij/psi/impl/source/tree/JavaElementType <clinit> ()V 271 <appendix> argL0 ; # com/intellij/psi/impl/source/tree/JavaElementType$$Lambda+0x00000008021caa70
instanceKlass  @bci com/intellij/psi/impl/source/tree/JavaElementType <clinit> ()V 250 <appendix> argL0 ; # com/intellij/psi/impl/source/tree/JavaElementType$$Lambda+0x00000008021ca820
instanceKlass  @bci com/intellij/psi/impl/source/tree/JavaElementType <clinit> ()V 229 <appendix> argL0 ; # com/intellij/psi/impl/source/tree/JavaElementType$$Lambda+0x00000008021ca5d0
instanceKlass com/intellij/psi/impl/java/stubs/PsiImportStatementStub
instanceKlass com/intellij/psi/PsiReferenceList
instanceKlass com/intellij/psi/impl/java/stubs/PsiClassReferenceListStub
instanceKlass com/intellij/psi/impl/java/stubs/PsiFieldStub
instanceKlass com/intellij/psi/impl/java/stubs/PsiMethodStub
instanceKlass com/intellij/psi/impl/cache/TypeInfo
instanceKlass com/intellij/psi/impl/java/stubs/PsiClassStub
instanceKlass com/intellij/psi/PsiPackageAccessibilityStatement
instanceKlass com/intellij/psi/impl/java/stubs/PsiPackageAccessibilityStatementStub
instanceKlass com/intellij/psi/impl/java/stubs/PsiRecordHeaderStub
instanceKlass com/intellij/psi/impl/java/stubs/PsiRecordComponentStub
instanceKlass com/intellij/psi/impl/java/stubs/PsiMemberStub
instanceKlass com/intellij/psi/PsiProvidesStatement
instanceKlass com/intellij/psi/impl/java/stubs/PsiProvidesStatementStub
instanceKlass com/intellij/psi/PsiUsesStatement
instanceKlass com/intellij/psi/impl/java/stubs/PsiUsesStatementStub
instanceKlass com/intellij/psi/PsiRequiresStatement
instanceKlass com/intellij/psi/impl/java/stubs/PsiRequiresStatementStub
instanceKlass com/intellij/psi/PsiJavaModule
instanceKlass com/intellij/psi/impl/java/stubs/PsiJavaModuleStub
instanceKlass com/intellij/psi/PsiImportList
instanceKlass com/intellij/psi/impl/java/stubs/PsiImportListStub
instanceKlass com/intellij/psi/impl/java/stubs/PsiClassInitializerStub
instanceKlass com/intellij/psi/PsiTypeParameterList
instanceKlass com/intellij/psi/impl/java/stubs/PsiTypeParameterListStub
instanceKlass com/intellij/psi/impl/java/stubs/PsiTypeParameterStub
instanceKlass com/intellij/psi/impl/java/stubs/PsiParameterStub
instanceKlass com/intellij/psi/PsiParameterList
instanceKlass com/intellij/psi/impl/java/stubs/PsiParameterListStub
instanceKlass  @bci com/intellij/psi/impl/java/stubs/MethodReferenceElementType <clinit> ()V 0 <appendix> argL0 ; # com/intellij/psi/impl/java/stubs/MethodReferenceElementType$$Lambda+0x00000008021c60d8
instanceKlass com/intellij/psi/impl/java/stubs/PsiNameValuePairStub
instanceKlass com/intellij/psi/PsiAnnotationParameterList
instanceKlass com/intellij/psi/impl/java/stubs/PsiAnnotationParameterListStub
instanceKlass com/intellij/psi/impl/java/stubs/PsiAnnotationStub
instanceKlass com/intellij/psi/tree/ParentAwareTokenSet
instanceKlass com/intellij/psi/impl/source/BasicJavaElementType
instanceKlass com/intellij/psi/impl/java/stubs/PsiModifierListStub
instanceKlass com/intellij/psi/impl/java/stubs/JavaStubElementTypes
instanceKlass com/intellij/lang/java/parser/BasicJavaParser
instanceKlass com/intellij/psi/tree/ILightLazyParseableElementType
instanceKlass com/intellij/psi/impl/source/tree/JavaElementType
instanceKlass  @bci com/intellij/psi/impl/source/tree/LazyParseableElement <init> (Lcom/intellij/psi/tree/IElementType;Ljava/lang/CharSequence;)V 57 <appendix> member <vmtarget> ; # com/intellij/psi/impl/source/tree/LazyParseableElement$$Lambda+0x00000008021b8af0
instanceKlass  @bci com/intellij/psi/impl/source/tree/LazyParseableElement <clinit> ()V 24 <appendix> argL0 ; # com/intellij/psi/impl/source/tree/LazyParseableElement$$Lambda+0x00000008021b8228
instanceKlass com/intellij/injected/editor/DocumentWindow
instanceKlass com/intellij/openapi/editor/impl/FrozenDocument
instanceKlass com/intellij/openapi/editor/impl/DocumentImpl$1
instanceKlass java/beans/ChangeListenerMap
instanceKlass java/beans/PropertyChangeSupport
instanceKlass com/intellij/openapi/editor/ex/MarkupIterator
instanceKlass com/intellij/util/containers/PeekableIterator
instanceKlass it/unimi/dsi/fastutil/longs/LongSet
instanceKlass it/unimi/dsi/fastutil/longs/LongCollection
instanceKlass it/unimi/dsi/fastutil/longs/LongIterable
instanceKlass com/intellij/openapi/editor/impl/MutableInterval
instanceKlass com/intellij/openapi/editor/impl/Interval
instanceKlass com/intellij/openapi/editor/impl/RedBlackTree$Node
instanceKlass com/intellij/openapi/editor/ex/PrioritizedDocumentListener$1
instanceKlass com/intellij/openapi/editor/ex/DocumentEx$1
instanceKlass com/intellij/util/keyFMap/ArrayBackedFMap
instanceKlass com/intellij/openapi/fileEditor/impl/LoadTextUtil$ConvertResult
instanceKlass com/intellij/util/text/ByteArrayCharSequence
instanceKlass com/intellij/util/BitUtil
instanceKlass com/intellij/openapi/fileEditor/impl/LoadTextUtil$DetectResult
instanceKlass com/intellij/openapi/vfs/CharsetToolkit
instanceKlass com/intellij/openapi/fileEditor/impl/LoadTextUtil
instanceKlass com/intellij/openapi/application/AccessToken
instanceKlass  @bci com/intellij/openapi/project/ProjectLocatorKt <clinit> ()V 0 <appendix> argL0 ; # com/intellij/openapi/project/ProjectLocatorKt$$Lambda+0x00000008021b19f0
instanceKlass com/intellij/openapi/project/ProjectLocatorKt
instanceKlass  @bci com/intellij/openapi/project/ProjectLocator <clinit> ()V 11 <appendix> argL0 ; # com/intellij/openapi/project/ProjectLocator$$Lambda+0x00000008021b1568
instanceKlass com/intellij/openapi/project/ProjectLocator$Companion
instanceKlass com/intellij/openapi/project/ProjectLocator
instanceKlass  @bci com/intellij/util/AstLoadingFilter <clinit> ()V 18 <appendix> argL0 ; # com/intellij/util/AstLoadingFilter$$Lambda+0x00000008021b0e98
instanceKlass com/intellij/util/AstLoadingFilter
instanceKlass org/jetbrains/uast/UastLazyPartsKt$UNINITIALIZED_UAST_PART$1
instanceKlass org/jetbrains/uast/UastLazyPartsKt
instanceKlass org/jetbrains/uast/UastLazyPart
instanceKlass org/jetbrains/uast/java/JavaUFile
instanceKlass org/jetbrains/uast/java/internal/JavaUElementWithComments
instanceKlass com/intellij/psi/javadoc/PsiInlineDocTag
instanceKlass com/intellij/psi/javadoc/PsiDocTag
instanceKlass org/jetbrains/uast/UastEmptyExpression
instanceKlass org/jetbrains/uast/UYieldExpression
instanceKlass org/jetbrains/uast/UWhileExpression
instanceKlass org/jetbrains/uast/UVariableEx
instanceKlass org/jetbrains/uast/UTypeReferenceExpression
instanceKlass org/jetbrains/uast/UTryExpression
instanceKlass org/jetbrains/uast/UThrowExpression
instanceKlass org/jetbrains/uast/UThisExpression
instanceKlass org/jetbrains/uast/USwitchExpression
instanceKlass org/jetbrains/uast/USwitchClauseExpressionWithBody
instanceKlass org/jetbrains/uast/USwitchClauseExpression
instanceKlass org/jetbrains/uast/USuperExpression
instanceKlass org/jetbrains/uast/USimpleNameReferenceExpression
instanceKlass org/jetbrains/uast/UReturnExpression
instanceKlass org/jetbrains/uast/UQualifiedReferenceExpression
instanceKlass org/jetbrains/uast/UPrefixExpression
instanceKlass org/jetbrains/uast/UPostfixExpression
instanceKlass org/jetbrains/uast/UUnaryExpression
instanceKlass org/jetbrains/uast/UParenthesizedExpression
instanceKlass org/jetbrains/uast/UParameterEx
instanceKlass com/intellij/psi/impl/light/LightRecordMember
instanceKlass com/intellij/psi/SyntheticElement
instanceKlass org/jetbrains/uast/UParameter
instanceKlass org/jetbrains/uast/UObjectLiteralExpression
instanceKlass org/jetbrains/uast/UNamedExpression
instanceKlass org/jetbrains/uast/UMultiResolvable
instanceKlass org/jetbrains/uast/ULocalVariableEx
instanceKlass org/jetbrains/uast/ULocalVariable
instanceKlass org/jetbrains/uast/ULiteralExpression
instanceKlass org/jetbrains/uast/ULambdaExpression
instanceKlass org/jetbrains/uast/ULabeledExpression
instanceKlass org/jetbrains/uast/UInstanceExpression
instanceKlass org/jetbrains/uast/ULabeled
instanceKlass org/jetbrains/uast/expressions/UInjectionHost
instanceKlass org/jetbrains/uast/UImportStatement
instanceKlass org/jetbrains/uast/UIfExpression
instanceKlass org/jetbrains/uast/UIdentifier
instanceKlass org/jetbrains/uast/UForExpression
instanceKlass org/jetbrains/uast/UForEachExpression
instanceKlass org/jetbrains/uast/UFieldEx
instanceKlass org/jetbrains/uast/UExpressionList
instanceKlass org/jetbrains/uast/UPatternExpression
instanceKlass org/jetbrains/uast/UEnumConstantEx
instanceKlass org/jetbrains/uast/UEnumConstant
instanceKlass org/jetbrains/uast/UField
instanceKlass org/jetbrains/uast/UVariable
instanceKlass org/jetbrains/uast/psi/UElementWithLocation
instanceKlass com/intellij/psi/PsiImportStaticStatement
instanceKlass com/intellij/psi/PsiImportStatement
instanceKlass org/jetbrains/uast/UDoWhileExpression
instanceKlass org/jetbrains/uast/ULoopExpression
instanceKlass org/jetbrains/uast/UDeclarationsExpression
instanceKlass org/jetbrains/uast/UContinueExpression
instanceKlass com/intellij/psi/javadoc/PsiDocComment
instanceKlass com/intellij/psi/PsiDocCommentBase
instanceKlass org/jetbrains/uast/UComment
instanceKlass org/jetbrains/uast/UClassLiteralExpression
instanceKlass org/jetbrains/uast/UClassInitializerEx
instanceKlass org/jetbrains/uast/UDeclarationEx
instanceKlass org/jetbrains/uast/UClassInitializer
instanceKlass com/intellij/psi/PsiCatchSection
instanceKlass org/jetbrains/uast/UCatchClause
instanceKlass org/jetbrains/uast/UCallableReferenceExpression
instanceKlass org/jetbrains/uast/UReferenceExpression
instanceKlass org/jetbrains/uast/UCallExpressionEx
instanceKlass org/jetbrains/uast/UCallExpression
instanceKlass org/jetbrains/uast/UBreakExpression
instanceKlass org/jetbrains/uast/UJumpExpression
instanceKlass org/jetbrains/uast/util/ClassSetImpl3
instanceKlass org/jetbrains/uast/UBlockExpression
instanceKlass org/jetbrains/uast/UBinaryExpressionWithType
instanceKlass org/jetbrains/uast/UBinaryExpression
instanceKlass org/jetbrains/uast/UPolyadicExpression
instanceKlass org/jetbrains/uast/UArrayAccessExpression
instanceKlass org/jetbrains/uast/UExpression
instanceKlass org/jetbrains/uast/util/ClassSetImpl2
instanceKlass org/jetbrains/uast/UAnonymousClass
instanceKlass org/jetbrains/uast/UClass
instanceKlass org/jetbrains/uast/UAnnotationMethod
instanceKlass org/jetbrains/uast/UMethod
instanceKlass org/jetbrains/uast/UDeclaration
instanceKlass org/jetbrains/uast/UAnnotationEx
instanceKlass org/jetbrains/uast/util/ClassSetImpl1
instanceKlass org/jetbrains/uast/UAnnotation
instanceKlass org/jetbrains/uast/UResolvable
instanceKlass com/intellij/psi/PsiDeconstructionPattern
instanceKlass com/intellij/psi/PsiTypeTestPattern
instanceKlass com/intellij/psi/PsiUnnamedPattern
instanceKlass com/intellij/psi/PsiPrimaryPattern
instanceKlass com/intellij/psi/PsiPattern
instanceKlass com/intellij/psi/PsiRecordHeader
instanceKlass com/intellij/psi/PsiYieldStatement
instanceKlass com/intellij/psi/PsiWhileStatement
instanceKlass com/intellij/psi/PsiTypeCastExpression
instanceKlass com/intellij/psi/PsiTryStatement
instanceKlass com/intellij/psi/PsiThrowStatement
instanceKlass com/intellij/psi/PsiThisExpression
instanceKlass com/intellij/psi/PsiSynchronizedStatement
instanceKlass com/intellij/psi/PsiSwitchStatement
instanceKlass com/intellij/psi/PsiSwitchLabeledRuleStatement
instanceKlass com/intellij/psi/PsiSwitchLabelStatement
instanceKlass com/intellij/psi/PsiSwitchLabelStatementBase
instanceKlass com/intellij/psi/PsiSwitchExpression
instanceKlass com/intellij/psi/PsiSwitchBlock
instanceKlass com/intellij/psi/PsiSuperExpression
instanceKlass com/intellij/psi/PsiQualifiedExpression
instanceKlass com/intellij/psi/PsiReturnStatement
instanceKlass com/intellij/psi/PsiPrefixExpression
instanceKlass com/intellij/psi/PsiPostfixExpression
instanceKlass com/intellij/psi/PsiUnaryExpression
instanceKlass com/intellij/psi/PsiParenthesizedExpression
instanceKlass com/intellij/psi/PsiNewExpression
instanceKlass com/intellij/psi/PsiNameValuePair
instanceKlass com/intellij/lang/jvm/annotation/JvmAnnotationAttribute
instanceKlass com/intellij/psi/PsiMethodReferenceExpression
instanceKlass com/intellij/psi/PsiMethodCallExpression
instanceKlass com/intellij/psi/PsiCallExpression
instanceKlass com/intellij/psi/PsiLiteralExpression
instanceKlass com/intellij/psi/PsiLiteral
instanceKlass com/intellij/psi/PsiLambdaExpression
instanceKlass com/intellij/psi/PsiFunctionalExpression
instanceKlass com/intellij/psi/PsiLabeledStatement
instanceKlass com/intellij/psi/PsiJavaModuleReferenceElement
instanceKlass com/intellij/psi/PsiInstanceOfExpression
instanceKlass com/intellij/psi/PsiImportStaticReferenceElement
instanceKlass com/intellij/psi/PsiIfStatement
instanceKlass com/intellij/psi/PsiForeachStatement
instanceKlass com/intellij/psi/PsiForeachStatementBase
instanceKlass com/intellij/psi/PsiForStatement
instanceKlass com/intellij/psi/PsiExpressionStatement
instanceKlass com/intellij/psi/PsiExpressionListStatement
instanceKlass com/intellij/psi/PsiEmptyStatement
instanceKlass com/intellij/psi/PsiDoWhileStatement
instanceKlass com/intellij/psi/PsiConditionalLoopStatement
instanceKlass com/intellij/psi/PsiLoopStatement
instanceKlass com/intellij/psi/PsiDeclarationStatement
instanceKlass com/intellij/psi/PsiContinueStatement
instanceKlass com/intellij/psi/PsiConditionalExpression
instanceKlass com/intellij/psi/PsiCodeBlock
instanceKlass com/intellij/psi/PsiClassObjectAccessExpression
instanceKlass com/intellij/psi/PsiBreakStatement
instanceKlass com/intellij/psi/PsiBlockStatement
instanceKlass com/intellij/psi/PsiBinaryExpression
instanceKlass com/intellij/psi/PsiPolyadicExpression
instanceKlass com/intellij/psi/PsiAssignmentExpression
instanceKlass com/intellij/psi/PsiAssertStatement
instanceKlass com/intellij/psi/PsiStatement
instanceKlass com/intellij/psi/PsiArrayInitializerMemberValue
instanceKlass com/intellij/psi/PsiArrayInitializerExpression
instanceKlass com/intellij/psi/PsiArrayAccessExpression
instanceKlass com/intellij/psi/PsiAnnotatedJavaCodeReferenceElement
instanceKlass org/jetbrains/uast/util/ClassSetImpl
instanceKlass org/jetbrains/uast/util/ClassSetKt$emptyClassSet$1
instanceKlass org/jetbrains/uast/util/ClassSet
instanceKlass org/jetbrains/uast/util/ClassSetKt
instanceKlass com/intellij/psi/PsiRecordComponent
instanceKlass com/intellij/psi/PsiTypeParameter
instanceKlass com/intellij/lang/jvm/JvmTypeParameter
instanceKlass com/intellij/psi/PsiResourceVariable
instanceKlass com/intellij/psi/PsiResourceListElement
instanceKlass com/intellij/psi/PsiPatternVariable
instanceKlass com/intellij/psi/impl/source/PsiExtensibleClass
instanceKlass com/intellij/psi/PsiEnumConstantInitializer
instanceKlass com/intellij/psi/PsiEnumConstant
instanceKlass com/intellij/lang/jvm/JvmEnumField
instanceKlass com/intellij/psi/PsiConstructorCall
instanceKlass com/intellij/psi/PsiCall
instanceKlass com/intellij/psi/PsiClassInitializer
instanceKlass com/intellij/psi/PsiAnonymousClass
instanceKlass com/intellij/psi/PsiAnnotationMethod
instanceKlass org/jetbrains/uast/UAnchorOwner
instanceKlass org/jetbrains/uast/java/PsiElementMappingKt
instanceKlass org/jetbrains/uast/UFile
instanceKlass org/jetbrains/uast/UAnnotated
instanceKlass org/jetbrains/uast/UElement
instanceKlass org/jetbrains/uast/visitor/AbstractUastVisitor
instanceKlass org/jetbrains/kotlin/analyzer/AnalysisResult$Companion
instanceKlass org/jetbrains/kotlin/analyzer/AnalysisResult
instanceKlass org/jetbrains/kotlin/resolve/checkers/ClassifierUsageCheckerKt
instanceKlass org/jetbrains/kotlin/util/slicedMap/Slices$SliceBuilder
instanceKlass org/jetbrains/kotlin/util/slicedMap/SetSlice$Companion
instanceKlass org/jetbrains/kotlin/util/slicedMap/RewritePolicy$1
instanceKlass org/jetbrains/kotlin/resolve/BindingContext$1
instanceKlass com/google/common/collect/AbstractMapBasedMultimap$AsMap$AsMapIterator
instanceKlass com/google/common/collect/Platform
instanceKlass com/google/common/collect/Multiset
instanceKlass com/google/common/collect/AbstractMultimap
instanceKlass com/google/common/collect/SetMultimap
instanceKlass javaslang/collection/HashArrayMappedTrieModule$AbstractNode
instanceKlass javaslang/collection/HashArrayMappedTrie
instanceKlass javaslang/collection/Set
instanceKlass javaslang/collection/Seq
instanceKlass javaslang/Tuple
instanceKlass javaslang/collection/Iterator
instanceKlass javaslang/collection/Stack
instanceKlass javaslang/collection/HashMap
instanceKlass javaslang/collection/Map
instanceKlass javaslang/Function1
instanceKlass javaslang/\u03bb
instanceKlass javaslang/collection/Traversable
instanceKlass javaslang/Value
instanceKlass javaslang/collection/Foldable
instanceKlass javaslang/Kind2
instanceKlass org/jetbrains/kotlin/resolve/calls/smartcasts/DataFlowInfoImpl$Companion
instanceKlass org/jetbrains/kotlin/resolve/calls/smartcasts/DataFlowInfoImpl
instanceKlass org/jetbrains/kotlin/resolve/calls/smartcasts/DataFlowInfoFactory
instanceKlass org/jetbrains/kotlin/resolve/calls/smartcasts/DataFlowInfo$Companion
instanceKlass kotlinx/collections/immutable/PersistentList$Builder
instanceKlass org/jetbrains/kotlin/library/metadata/impl/KlibResolvedModuleDescriptorsFactoryImpl$Companion
instanceKlass org/jetbrains/kotlin/library/metadata/impl/KlibResolvedModuleDescriptorsFactoryImpl
instanceKlass org/jetbrains/kotlin/library/metadata/KlibResolvedModuleDescriptorsFactory
instanceKlass org/jetbrains/kotlin/library/metadata/impl/KlibMetadataModuleDescriptorFactoryImpl
instanceKlass org/jetbrains/kotlin/library/metadata/KlibMetadataModuleDescriptorFactory
instanceKlass org/jetbrains/kotlin/library/metadata/impl/KlibMetadataDeserializedPackageFragmentsFactoryImpl
instanceKlass org/jetbrains/kotlin/library/metadata/KlibMetadataDeserializedPackageFragmentsFactory
instanceKlass org/jetbrains/kotlin/library/metadata/impl/KlibModuleDescriptorFactoryImpl
instanceKlass org/jetbrains/kotlin/library/metadata/KlibModuleDescriptorFactory
instanceKlass org/jetbrains/kotlin/library/metadata/NullFlexibleTypeDeserializer
instanceKlass org/jetbrains/kotlin/library/metadata/KlibMetadataFactories
instanceKlass org/jetbrains/kotlin/cli/jvm/compiler/TopDownAnalyzerFacadeForJVMKt
instanceKlass org/jetbrains/kotlin/load/kotlin/incremental/IncrementalPackagePartProvider
instanceKlass org/jetbrains/kotlin/cli/jvm/config/ClassicFrontendSpecificJvmConfigurationKeys
instanceKlass org/jetbrains/kotlin/resolve/CodeAnalyzerInitializer$Companion
# instanceKlass java/lang/invoke/LambdaForm$MH+0x0000000802183800
# instanceKlass java/lang/invoke/LambdaForm$MH+0x0000000802183400
# instanceKlass java/lang/invoke/LambdaForm$MH+0x0000000802183000
# instanceKlass java/lang/invoke/LambdaForm$MH+0x0000000802182c00
# instanceKlass java/lang/invoke/LambdaForm$MH+0x0000000802182800
# instanceKlass java/lang/invoke/LambdaForm$MH+0x0000000802182400
# instanceKlass java/lang/invoke/LambdaForm$MH+0x0000000802182000
# instanceKlass java/lang/invoke/LambdaForm$MH+0x0000000802181c00
# instanceKlass java/lang/invoke/LambdaForm$MH+0x0000000802181800
# instanceKlass java/lang/invoke/LambdaForm$MH+0x0000000802181400
# instanceKlass java/lang/invoke/LambdaForm$MH+0x0000000802181000
# instanceKlass java/lang/invoke/LambdaForm$MH+0x0000000802180c00
# instanceKlass java/lang/invoke/LambdaForm$MH+0x0000000802180800
# instanceKlass java/lang/invoke/LambdaForm$MH+0x0000000802180400
# instanceKlass java/lang/invoke/LambdaForm$MH+0x0000000802180000
# instanceKlass java/lang/invoke/LambdaForm$MH+0x000000080217fc00
# instanceKlass java/lang/invoke/LambdaForm$MH+0x000000080217f800
# instanceKlass java/lang/invoke/LambdaForm$MH+0x000000080217f400
# instanceKlass java/lang/invoke/LambdaForm$MH+0x000000080217f000
# instanceKlass java/lang/invoke/LambdaForm$MH+0x000000080217ec00
# instanceKlass java/lang/invoke/LambdaForm$MH+0x000000080217e800
# instanceKlass java/lang/invoke/LambdaForm$MH+0x000000080217e400
# instanceKlass java/lang/invoke/LambdaForm$MH+0x000000080217e000
instanceKlass org/jetbrains/kotlin/resolve/calls/inference/ConstraintSystemBuilderImpl$Companion
instanceKlass org/jetbrains/kotlin/resolve/calls/inference/ConstraintSystemBuilderImpl
instanceKlass org/jetbrains/kotlin/resolve/calls/results/FlatSignatureForResolvedCallKt
# instanceKlass java/lang/invoke/LambdaForm$MH+0x000000080217dc00
# instanceKlass java/lang/invoke/LambdaForm$MH+0x000000080217d800
# instanceKlass java/lang/invoke/LambdaForm$MH+0x000000080217d400
# instanceKlass java/lang/invoke/LambdaForm$MH+0x000000080217d000
# instanceKlass java/lang/invoke/LambdaForm$MH+0x000000080217cc00
# instanceKlass java/lang/invoke/LambdaForm$MH+0x000000080217c800
# instanceKlass java/lang/invoke/LambdaForm$MH+0x000000080217c400
# instanceKlass java/lang/invoke/LambdaForm$MH+0x000000080217c000
# instanceKlass java/lang/invoke/LambdaForm$MH+0x000000080217bc00
# instanceKlass java/lang/invoke/LambdaForm$MH+0x000000080217b800
# instanceKlass java/lang/invoke/LambdaForm$MH+0x000000080217b400
# instanceKlass java/lang/invoke/LambdaForm$MH+0x000000080217b000
# instanceKlass java/lang/invoke/LambdaForm$MH+0x000000080217ac00
# instanceKlass java/lang/invoke/LambdaForm$MH+0x000000080217a800
# instanceKlass java/lang/invoke/LambdaForm$MH+0x000000080217a400
# instanceKlass java/lang/invoke/LambdaForm$MH+0x000000080217a000
# instanceKlass java/lang/invoke/LambdaForm$MH+0x0000000802179c00
# instanceKlass java/lang/invoke/LambdaForm$MH+0x0000000802179800
# instanceKlass java/lang/invoke/LambdaForm$MH+0x0000000802179400
# instanceKlass java/lang/invoke/LambdaForm$MH+0x0000000802179000
# instanceKlass java/lang/invoke/LambdaForm$MH+0x0000000802178c00
# instanceKlass java/lang/invoke/LambdaForm$MH+0x0000000802178800
# instanceKlass java/lang/invoke/LambdaForm$MH+0x0000000802178400
# instanceKlass java/lang/invoke/LambdaForm$MH+0x0000000802178000
# instanceKlass java/lang/invoke/LambdaForm$MH+0x0000000802173c00
# instanceKlass java/lang/invoke/LambdaForm$MH+0x0000000802173800
# instanceKlass java/lang/invoke/LambdaForm$MH+0x0000000802173400
# instanceKlass java/lang/invoke/LambdaForm$MH+0x0000000802173000
# instanceKlass java/lang/invoke/LambdaForm$MH+0x0000000802172c00
instanceKlass org/jetbrains/kotlin/resolve/calls/CallExpressionResolver$Companion
# instanceKlass java/lang/invoke/LambdaForm$MH+0x0000000802172800
# instanceKlass java/lang/invoke/LambdaForm$MH+0x0000000802172400
# instanceKlass java/lang/invoke/LambdaForm$MH+0x0000000802172000
# instanceKlass java/lang/invoke/LambdaForm$MH+0x0000000802171c00
# instanceKlass java/lang/invoke/LambdaForm$MH+0x0000000802171800
# instanceKlass java/lang/invoke/LambdaForm$MH+0x0000000802171400
# instanceKlass java/lang/invoke/LambdaForm$MH+0x0000000802171000
# instanceKlass java/lang/invoke/LambdaForm$MH+0x0000000802170c00
# instanceKlass java/lang/invoke/LambdaForm$MH+0x0000000802170800
# instanceKlass java/lang/invoke/LambdaForm$MH+0x0000000802170400
# instanceKlass java/lang/invoke/LambdaForm$MH+0x0000000802170000
# instanceKlass java/lang/invoke/LambdaForm$MH+0x000000080216fc00
# instanceKlass java/lang/invoke/LambdaForm$MH+0x000000080216f800
# instanceKlass java/lang/invoke/LambdaForm$MH+0x000000080216f400
# instanceKlass java/lang/invoke/LambdaForm$MH+0x000000080216f000
# instanceKlass java/lang/invoke/LambdaForm$MH+0x000000080216ec00
# instanceKlass java/lang/invoke/LambdaForm$MH+0x000000080216e800
# instanceKlass java/lang/invoke/LambdaForm$MH+0x000000080216e400
# instanceKlass java/lang/invoke/LambdaForm$MH+0x000000080216e000
# instanceKlass java/lang/invoke/LambdaForm$MH+0x000000080216dc00
# instanceKlass java/lang/invoke/LambdaForm$MH+0x000000080216d800
# instanceKlass java/lang/invoke/LambdaForm$MH+0x000000080216d400
# instanceKlass java/lang/invoke/LambdaForm$MH+0x000000080216d000
# instanceKlass java/lang/invoke/LambdaForm$MH+0x000000080216cc00
# instanceKlass java/lang/invoke/LambdaForm$MH+0x000000080216c800
# instanceKlass java/lang/invoke/LambdaForm$MH+0x000000080216c400
# instanceKlass java/lang/invoke/LambdaForm$MH+0x000000080216c000
# instanceKlass java/lang/invoke/LambdaForm$MH+0x000000080216bc00
# instanceKlass java/lang/invoke/LambdaForm$MH+0x000000080216b800
# instanceKlass java/lang/invoke/LambdaForm$MH+0x000000080216b400
# instanceKlass java/lang/invoke/LambdaForm$MH+0x000000080216b000
# instanceKlass java/lang/invoke/LambdaForm$MH+0x000000080216ac00
instanceKlass org/jetbrains/kotlin/builtins/jvm/JvmBuiltInsPackageFragmentProvider$Companion
instanceKlass org/jetbrains/kotlin/resolve/jvm/TopPackageNamesProvider
instanceKlass org/jetbrains/kotlin/serialization/deserialization/JvmEnumEntriesDeserializationSupport
instanceKlass org/jetbrains/kotlin/metadata/jvm/deserialization/JvmProtoBufUtil
instanceKlass org/jetbrains/kotlin/load/kotlin/JavaFlexibleTypeDeserializer
# instanceKlass java/lang/invoke/LambdaForm$MH+0x000000080216a800
# instanceKlass java/lang/invoke/LambdaForm$MH+0x000000080216a400
# instanceKlass java/lang/invoke/LambdaForm$MH+0x000000080216a000
# instanceKlass java/lang/invoke/LambdaForm$MH+0x0000000802169c00
# instanceKlass java/lang/invoke/LambdaForm$MH+0x0000000802169800
# instanceKlass java/lang/invoke/LambdaForm$MH+0x0000000802169400
# instanceKlass java/lang/invoke/LambdaForm$MH+0x0000000802169000
# instanceKlass java/lang/invoke/LambdaForm$MH+0x0000000802168c00
# instanceKlass java/lang/invoke/LambdaForm$MH+0x0000000802168800
# instanceKlass java/lang/invoke/LambdaForm$MH+0x0000000802168400
# instanceKlass java/lang/invoke/LambdaForm$MH+0x0000000802168000
# instanceKlass java/lang/invoke/LambdaForm$MH+0x0000000802165c00
instanceKlass org/jetbrains/kotlin/load/kotlin/DeserializationComponentsForJava$Companion
instanceKlass org/jetbrains/kotlin/load/kotlin/AbstractBinaryClassAnnotationLoader$Companion
instanceKlass org/jetbrains/kotlin/types/TypeParameterErasureOptions
instanceKlass org/jetbrains/kotlin/types/TypeParameterUpperBoundEraser$Companion
instanceKlass org/jetbrains/kotlin/types/TypeParameterUpperBoundEraser
instanceKlass org/jetbrains/kotlin/types/ErasureProjectionComputer
instanceKlass org/jetbrains/kotlin/load/java/lazy/types/JavaTypeResolver
instanceKlass kotlin/InitializedLazyImpl
instanceKlass org/jetbrains/kotlin/load/java/lazy/TypeParameterResolver$EMPTY
instanceKlass org/jetbrains/kotlin/load/java/lazy/TypeParameterResolver
# instanceKlass java/lang/invoke/LambdaForm$MH+0x0000000802165800
# instanceKlass java/lang/invoke/LambdaForm$MH+0x0000000802165400
# instanceKlass java/lang/invoke/LambdaForm$MH+0x0000000802165000
# instanceKlass java/lang/invoke/LambdaForm$MH+0x0000000802164c00
# instanceKlass java/lang/invoke/LambdaForm$MH+0x0000000802164800
# instanceKlass java/lang/invoke/LambdaForm$MH+0x0000000802164400
# instanceKlass java/lang/invoke/LambdaForm$MH+0x0000000802164000
# instanceKlass java/lang/invoke/LambdaForm$MH+0x0000000802163c00
# instanceKlass java/lang/invoke/LambdaForm$MH+0x0000000802163800
# instanceKlass java/lang/invoke/LambdaForm$MH+0x0000000802163400
# instanceKlass java/lang/invoke/LambdaForm$MH+0x0000000802163000
# instanceKlass java/lang/invoke/LambdaForm$MH+0x0000000802162c00
# instanceKlass java/lang/invoke/LambdaForm$MH+0x0000000802162800
# instanceKlass java/lang/invoke/LambdaForm$MH+0x0000000802162400
# instanceKlass java/lang/invoke/LambdaForm$MH+0x0000000802162000
# instanceKlass java/lang/invoke/LambdaForm$MH+0x0000000802161c00
# instanceKlass java/lang/invoke/LambdaForm$MH+0x0000000802161800
# instanceKlass java/lang/invoke/LambdaForm$MH+0x0000000802161400
# instanceKlass java/lang/invoke/LambdaForm$MH+0x0000000802161000
# instanceKlass java/lang/invoke/LambdaForm$MH+0x0000000802160c00
# instanceKlass java/lang/invoke/LambdaForm$MH+0x0000000802160800
# instanceKlass java/lang/invoke/LambdaForm$MH+0x0000000802160400
# instanceKlass java/lang/invoke/LambdaForm$MH+0x0000000802160000
# instanceKlass java/lang/invoke/LambdaForm$MH+0x000000080215fc00
# instanceKlass java/lang/invoke/LambdaForm$MH+0x000000080215f800
# instanceKlass java/lang/invoke/LambdaForm$DMH+0x000000080215f400
instanceKlass org/jetbrains/kotlin/load/java/components/TraceBasedErrorReporter$Companion
instanceKlass org/jetbrains/kotlin/load/kotlin/header/KotlinClassHeader$Kind$Companion
instanceKlass org/jetbrains/kotlin/load/kotlin/DeserializedDescriptorResolver$Companion
# instanceKlass java/lang/invoke/LambdaForm$MH+0x000000080215f000
# instanceKlass java/lang/invoke/LambdaForm$MH+0x000000080215ec00
# instanceKlass java/lang/invoke/LambdaForm$MH+0x000000080215e800
# instanceKlass java/lang/invoke/LambdaForm$MH+0x000000080215e400
# instanceKlass java/lang/invoke/LambdaForm$MH+0x000000080215e000
# instanceKlass java/lang/invoke/LambdaForm$MH+0x000000080215dc00
# instanceKlass java/lang/invoke/LambdaForm$MH+0x000000080215d800
# instanceKlass java/lang/invoke/LambdaForm$MH+0x000000080215d400
# instanceKlass java/lang/invoke/LambdaForm$MH+0x000000080215d000
# instanceKlass java/lang/invoke/LambdaForm$MH+0x000000080215cc00
# instanceKlass java/lang/invoke/LambdaForm$MH+0x000000080215c800
# instanceKlass java/lang/invoke/LambdaForm$MH+0x000000080215c400
# instanceKlass java/lang/invoke/LambdaForm$MH+0x000000080215c000
# instanceKlass java/lang/invoke/LambdaForm$MH+0x000000080215bc00
# instanceKlass java/lang/invoke/LambdaForm$MH+0x000000080215b800
# instanceKlass java/lang/invoke/LambdaForm$MH+0x000000080215b400
# instanceKlass java/lang/invoke/LambdaForm$MH+0x000000080215b000
# instanceKlass java/lang/invoke/LambdaForm$MH+0x000000080215ac00
instanceKlass org/jetbrains/kotlin/util/slicedMap/Slices$2
instanceKlass org/jetbrains/kotlin/util/slicedMap/Slices$1
instanceKlass org/jetbrains/kotlin/util/slicedMap/RewritePolicy
instanceKlass org/jetbrains/kotlin/util/slicedMap/Slices
instanceKlass org/jetbrains/kotlin/load/java/components/FilesByFacadeFqNameIndexer$Companion
instanceKlass com/intellij/util/SmartFMap
instanceKlass org/jetbrains/kotlin/resolve/ObservableBindingTrace
# instanceKlass java/lang/invoke/LambdaForm$MH+0x000000080215a800
# instanceKlass java/lang/invoke/LambdaForm$MH+0x000000080215a400
# instanceKlass java/lang/invoke/LambdaForm$MH+0x000000080215a000
# instanceKlass java/lang/invoke/LambdaForm$MH+0x0000000802159c00
# instanceKlass java/lang/invoke/LambdaForm$MH+0x0000000802159800
# instanceKlass java/lang/invoke/LambdaForm$MH+0x0000000802159400
# instanceKlass java/lang/invoke/LambdaForm$MH+0x0000000802159000
# instanceKlass java/lang/invoke/LambdaForm$MH+0x0000000802158c00
# instanceKlass java/lang/invoke/LambdaForm$MH+0x0000000802158800
# instanceKlass java/lang/invoke/LambdaForm$MH+0x0000000802158400
# instanceKlass java/lang/invoke/LambdaForm$MH+0x0000000802158000
# instanceKlass java/lang/invoke/LambdaForm$MH+0x0000000802153c00
# instanceKlass java/lang/invoke/LambdaForm$MH+0x0000000802153800
# instanceKlass java/lang/invoke/LambdaForm$MH+0x0000000802153400
# instanceKlass java/lang/invoke/LambdaForm$MH+0x0000000802153000
# instanceKlass java/lang/invoke/LambdaForm$MH+0x0000000802152c00
# instanceKlass java/lang/invoke/LambdaForm$MH+0x0000000802152800
# instanceKlass java/lang/invoke/LambdaForm$MH+0x0000000802152400
instanceKlass org/jetbrains/kotlin/resolve/ShadowedExtensionChecker
instanceKlass org/jetbrains/kotlin/resolve/ExposedVisibilityChecker
# instanceKlass java/lang/invoke/LambdaForm$MH+0x0000000802152000
# instanceKlass java/lang/invoke/LambdaForm$MH+0x0000000802151c00
# instanceKlass java/lang/invoke/LambdaForm$MH+0x0000000802151800
# instanceKlass java/lang/invoke/LambdaForm$MH+0x0000000802151400
# instanceKlass java/lang/invoke/LambdaForm$MH+0x0000000802151000
# instanceKlass java/lang/invoke/LambdaForm$MH+0x0000000802150c00
# instanceKlass java/lang/invoke/LambdaForm$MH+0x0000000802150800
# instanceKlass java/lang/invoke/LambdaForm$MH+0x0000000802150400
instanceKlass org/jetbrains/kotlin/resolve/DeclarationsChecker$Companion
# instanceKlass java/lang/invoke/LambdaForm$MH+0x0000000802150000
# instanceKlass java/lang/invoke/LambdaForm$MH+0x000000080214fc00
# instanceKlass java/lang/invoke/LambdaForm$MH+0x000000080214f800
# instanceKlass java/lang/invoke/LambdaForm$MH+0x000000080214f400
instanceKlass org/jetbrains/kotlin/resolve/VarianceCheckerCore$Companion
instanceKlass org/jetbrains/kotlin/resolve/VarianceCheckerCore
instanceKlass org/jetbrains/kotlin/idea/MainFunctionDetector$Companion
# instanceKlass java/lang/invoke/LambdaForm$MH+0x000000080214f000
# instanceKlass java/lang/invoke/LambdaForm$MH+0x000000080214ec00
# instanceKlass java/lang/invoke/LambdaForm$MH+0x000000080214e800
# instanceKlass java/lang/invoke/LambdaForm$MH+0x000000080214e400
# instanceKlass java/lang/invoke/LambdaForm$MH+0x000000080214e000
# instanceKlass java/lang/invoke/LambdaForm$MH+0x000000080214dc00
# instanceKlass java/lang/invoke/LambdaForm$MH+0x000000080214d800
# instanceKlass java/lang/invoke/LambdaForm$MH+0x000000080214d400
# instanceKlass java/lang/invoke/LambdaForm$MH+0x000000080214d000
# instanceKlass java/lang/invoke/LambdaForm$MH+0x000000080214cc00
# instanceKlass java/lang/invoke/LambdaForm$MH+0x000000080214c800
instanceKlass org/jetbrains/kotlin/resolve/OverrideResolver$Companion
instanceKlass org/jetbrains/kotlin/load/java/AbstractAnnotationTypeQualifierResolver$Companion
# instanceKlass java/lang/invoke/LambdaForm$MH+0x000000080214c400
# instanceKlass java/lang/invoke/LambdaForm$MH+0x000000080214c000
# instanceKlass java/lang/invoke/LambdaForm$MH+0x000000080214bc00
# instanceKlass java/lang/invoke/LambdaForm$MH+0x000000080214b800
# instanceKlass java/lang/invoke/LambdaForm$MH+0x000000080214b400
# instanceKlass java/lang/invoke/LambdaForm$MH+0x000000080214b000
# instanceKlass java/lang/invoke/LambdaForm$MH+0x000000080214ac00
# instanceKlass java/lang/invoke/LambdaForm$MH+0x000000080214a800
# instanceKlass java/lang/invoke/LambdaForm$MH+0x000000080214a400
# instanceKlass java/lang/invoke/LambdaForm$MH+0x000000080214a000
# instanceKlass java/lang/invoke/LambdaForm$MH+0x0000000802149c00
# instanceKlass java/lang/invoke/LambdaForm$MH+0x0000000802149800
# instanceKlass java/lang/invoke/LambdaForm$MH+0x0000000802149400
# instanceKlass java/lang/invoke/LambdaForm$MH+0x0000000802149000
# instanceKlass java/lang/invoke/LambdaForm$MH+0x0000000802148c00
# instanceKlass java/lang/invoke/LambdaForm$MH+0x0000000802148800
# instanceKlass java/lang/invoke/LambdaForm$MH+0x0000000802148400
# instanceKlass java/lang/invoke/LambdaForm$MH+0x0000000802148000
# instanceKlass java/lang/invoke/LambdaForm$MH+0x0000000802147c00
# instanceKlass java/lang/invoke/LambdaForm$MH+0x0000000802147800
# instanceKlass java/lang/invoke/LambdaForm$MH+0x0000000802147400
# instanceKlass java/lang/invoke/LambdaForm$MH+0x0000000802147000
# instanceKlass java/lang/invoke/LambdaForm$MH+0x0000000802146c00
# instanceKlass java/lang/invoke/LambdaForm$MH+0x0000000802146800
# instanceKlass java/lang/invoke/LambdaForm$MH+0x0000000802146400
# instanceKlass java/lang/invoke/LambdaForm$MH+0x0000000802146000
# instanceKlass java/lang/invoke/LambdaForm$MH+0x0000000802145c00
# instanceKlass java/lang/invoke/LambdaForm$MH+0x0000000802145800
# instanceKlass java/lang/invoke/LambdaForm$MH+0x0000000802145400
# instanceKlass java/lang/invoke/LambdaForm$MH+0x0000000802145000
# instanceKlass java/lang/invoke/LambdaForm$MH+0x0000000802144c00
# instanceKlass java/lang/invoke/LambdaForm$MH+0x0000000802144800
# instanceKlass java/lang/invoke/LambdaForm$MH+0x0000000802144400
# instanceKlass java/lang/invoke/LambdaForm$MH+0x0000000802144000
# instanceKlass java/lang/invoke/LambdaForm$MH+0x0000000802143c00
# instanceKlass java/lang/invoke/LambdaForm$MH+0x0000000802143800
# instanceKlass java/lang/invoke/LambdaForm$MH+0x0000000802143400
# instanceKlass java/lang/invoke/LambdaForm$MH+0x0000000802143000
# instanceKlass java/lang/invoke/LambdaForm$MH+0x0000000802142c00
# instanceKlass java/lang/invoke/LambdaForm$MH+0x0000000802142800
# instanceKlass java/lang/invoke/LambdaForm$MH+0x0000000802142400
# instanceKlass java/lang/invoke/LambdaForm$MH+0x0000000802142000
# instanceKlass java/lang/invoke/LambdaForm$MH+0x0000000802141c00
# instanceKlass java/lang/invoke/LambdaForm$MH+0x0000000802141800
# instanceKlass java/lang/invoke/LambdaForm$MH+0x0000000802141400
# instanceKlass java/lang/invoke/LambdaForm$MH+0x0000000802141000
# instanceKlass java/lang/invoke/LambdaForm$MH+0x0000000802140c00
# instanceKlass java/lang/invoke/LambdaForm$MH+0x0000000802140800
# instanceKlass java/lang/invoke/LambdaForm$MH+0x0000000802140400
# instanceKlass java/lang/invoke/LambdaForm$MH+0x0000000802140000
# instanceKlass java/lang/invoke/LambdaForm$MH+0x000000080213bc00
# instanceKlass java/lang/invoke/LambdaForm$MH+0x000000080213b800
# instanceKlass java/lang/invoke/LambdaForm$MH+0x000000080213b400
instanceKlass org/jetbrains/kotlin/resolve/VariableTypeAndInitializerResolver$Companion
# instanceKlass java/lang/invoke/LambdaForm$MH+0x000000080213b000
# instanceKlass java/lang/invoke/LambdaForm$MH+0x000000080213ac00
# instanceKlass java/lang/invoke/LambdaForm$MH+0x000000080213a800
# instanceKlass java/lang/invoke/LambdaForm$MH+0x000000080213a400
# instanceKlass java/lang/invoke/LambdaForm$MH+0x000000080213a000
# instanceKlass java/lang/invoke/LambdaForm$MH+0x0000000802139c00
# instanceKlass java/lang/invoke/LambdaForm$MH+0x0000000802139800
# instanceKlass java/lang/invoke/LambdaForm$MH+0x0000000802139400
# instanceKlass java/lang/invoke/LambdaForm$MH+0x0000000802139000
instanceKlass org/jetbrains/kotlin/resolve/checkers/ResolutionWithStubTypesChecker
instanceKlass org/jetbrains/kotlin/types/checker/SimpleClassicTypeSystemContext
instanceKlass org/jetbrains/kotlin/resolve/checkers/PassingProgressionAsCollectionCallChecker
instanceKlass org/jetbrains/kotlin/resolve/calls/checkers/CallCheckerWithAdditionalResolve
# instanceKlass java/lang/invoke/LambdaForm$MH+0x0000000802138c00
# instanceKlass java/lang/invoke/LambdaForm$MH+0x0000000802138800
# instanceKlass java/lang/invoke/LambdaForm$MH+0x0000000802138400
# instanceKlass java/lang/invoke/LambdaForm$MH+0x0000000802138000
# instanceKlass java/lang/invoke/LambdaForm$MH+0x0000000802137c00
# instanceKlass java/lang/invoke/LambdaForm$MH+0x0000000802137800
# instanceKlass java/lang/invoke/LambdaForm$MH+0x0000000802137400
# instanceKlass java/lang/invoke/LambdaForm$MH+0x0000000802137000
# instanceKlass java/lang/invoke/LambdaForm$MH+0x0000000802136c00
# instanceKlass java/lang/invoke/LambdaForm$MH+0x0000000802136800
# instanceKlass java/lang/invoke/LambdaForm$MH+0x0000000802136400
# instanceKlass java/lang/invoke/LambdaForm$MH+0x0000000802136000
# instanceKlass java/lang/invoke/LambdaForm$MH+0x0000000802135c00
# instanceKlass java/lang/invoke/LambdaForm$MH+0x0000000802135800
# instanceKlass java/lang/invoke/LambdaForm$MH+0x0000000802135400
# instanceKlass java/lang/invoke/LambdaForm$MH+0x0000000802135000
# instanceKlass java/lang/invoke/LambdaForm$MH+0x0000000802134c00
# instanceKlass java/lang/invoke/LambdaForm$MH+0x0000000802134800
# instanceKlass java/lang/invoke/LambdaForm$MH+0x0000000802134400
# instanceKlass java/lang/invoke/LambdaForm$MH+0x0000000802134000
# instanceKlass java/lang/invoke/LambdaForm$MH+0x0000000802133c00
# instanceKlass java/lang/invoke/LambdaForm$MH+0x0000000802133800
# instanceKlass java/lang/invoke/LambdaForm$MH+0x0000000802133400
# instanceKlass java/lang/invoke/LambdaForm$DMH+0x0000000802133000
instanceKlass org/jetbrains/kotlin/resolve/calls/components/NewOverloadingConflictResolver$Companion
instanceKlass org/jetbrains/kotlin/resolve/calls/inference/components/KotlinConstraintSystemCompleter$Companion
instanceKlass org/jetbrains/kotlin/resolve/calls/inference/components/PostponedArgumentInputTypesResolver$Companion
# instanceKlass java/lang/invoke/LambdaForm$MH+0x0000000802132c00
# instanceKlass java/lang/invoke/LambdaForm$MH+0x0000000802132800
# instanceKlass java/lang/invoke/LambdaForm$MH+0x0000000802132400
# instanceKlass java/lang/invoke/LambdaForm$MH+0x0000000802132000
# instanceKlass java/lang/invoke/LambdaForm$MH+0x0000000802131c00
# instanceKlass java/lang/invoke/LambdaForm$MH+0x0000000802131800
# instanceKlass java/lang/invoke/LambdaForm$MH+0x0000000802131400
# instanceKlass java/lang/invoke/LambdaForm$MH+0x0000000802131000
# instanceKlass java/lang/invoke/LambdaForm$MH+0x0000000802130c00
# instanceKlass java/lang/invoke/LambdaForm$MH+0x0000000802130800
# instanceKlass java/lang/invoke/LambdaForm$MH+0x0000000802130400
# instanceKlass java/lang/invoke/LambdaForm$MH+0x0000000802130000
# instanceKlass java/lang/invoke/LambdaForm$MH+0x000000080212fc00
# instanceKlass java/lang/invoke/LambdaForm$MH+0x000000080212f800
# instanceKlass java/lang/invoke/LambdaForm$MH+0x000000080212f400
# instanceKlass java/lang/invoke/LambdaForm$MH+0x000000080212f000
instanceKlass org/jetbrains/kotlin/resolve/calls/tower/KotlinToResolvedCallTransformer$Companion
# instanceKlass java/lang/invoke/LambdaForm$MH+0x000000080212ec00
# instanceKlass java/lang/invoke/LambdaForm$MH+0x000000080212e800
# instanceKlass java/lang/invoke/LambdaForm$MH+0x000000080212e400
# instanceKlass java/lang/invoke/LambdaForm$MH+0x000000080212e000
# instanceKlass java/lang/invoke/LambdaForm$MH+0x000000080212dc00
# instanceKlass java/lang/invoke/LambdaForm$MH+0x000000080212d800
# instanceKlass java/lang/invoke/LambdaForm$MH+0x000000080212d400
# instanceKlass java/lang/invoke/LambdaForm$MH+0x000000080212d000
# instanceKlass java/lang/invoke/LambdaForm$MH+0x000000080212cc00
# instanceKlass java/lang/invoke/LambdaForm$MH+0x000000080212c800
# instanceKlass java/lang/invoke/LambdaForm$MH+0x000000080212c400
# instanceKlass java/lang/invoke/LambdaForm$MH+0x000000080212c000
# instanceKlass java/lang/invoke/LambdaForm$MH+0x000000080212bc00
instanceKlass org/jetbrains/kotlin/resolve/calls/results/OverloadingConflictResolver$SpecificityComparisonWithNumerics$1
instanceKlass org/jetbrains/kotlin/resolve/calls/results/SpecificityComparisonCallbacks
instanceKlass org/jetbrains/kotlin/resolve/calls/results/OverloadingConflictResolver$resolvedCallHashingStrategy$1
# instanceKlass java/lang/invoke/LambdaForm$MH+0x000000080212b800
# instanceKlass java/lang/invoke/LambdaForm$MH+0x000000080212b400
# instanceKlass java/lang/invoke/LambdaForm$MH+0x000000080212b000
# instanceKlass java/lang/invoke/LambdaForm$MH+0x000000080212ac00
# instanceKlass java/lang/invoke/LambdaForm$MH+0x000000080212a800
# instanceKlass java/lang/invoke/LambdaForm$MH+0x000000080212a400
# instanceKlass java/lang/invoke/LambdaForm$MH+0x000000080212a000
# instanceKlass java/lang/invoke/LambdaForm$MH+0x0000000802129c00
instanceKlass org/jetbrains/kotlin/resolve/calls/components/CallableReferenceOverloadConflictResolver$Companion
instanceKlass org/jetbrains/kotlin/resolve/calls/inference/components/TrivialConstraintTypeInferenceOracle$Companion
instanceKlass org/jetbrains/kotlin/types/AbstractTypeApproximator$Companion
# instanceKlass java/lang/invoke/LambdaForm$MH+0x0000000802129800
# instanceKlass java/lang/invoke/LambdaForm$MH+0x0000000802129400
# instanceKlass java/lang/invoke/LambdaForm$MH+0x0000000802129000
# instanceKlass java/lang/invoke/LambdaForm$MH+0x0000000802128c00
# instanceKlass java/lang/invoke/LambdaForm$MH+0x0000000802128800
# instanceKlass java/lang/invoke/LambdaForm$MH+0x0000000802128400
# instanceKlass java/lang/invoke/LambdaForm$MH+0x0000000802128000
# instanceKlass java/lang/invoke/LambdaForm$MH+0x0000000802123c00
# instanceKlass java/lang/invoke/LambdaForm$MH+0x0000000802123800
# instanceKlass java/lang/invoke/LambdaForm$MH+0x0000000802123400
# instanceKlass java/lang/invoke/LambdaForm$MH+0x0000000802123000
# instanceKlass java/lang/invoke/LambdaForm$MH+0x0000000802122c00
instanceKlass org/jetbrains/kotlin/types/expressions/DoubleColonExpressionResolver$Companion
# instanceKlass java/lang/invoke/LambdaForm$MH+0x0000000802122800
# instanceKlass java/lang/invoke/LambdaForm$MH+0x0000000802122400
# instanceKlass java/lang/invoke/LambdaForm$MH+0x0000000802122000
# instanceKlass java/lang/invoke/LambdaForm$MH+0x0000000802121c00
# instanceKlass java/lang/invoke/LambdaForm$MH+0x0000000802121800
# instanceKlass java/lang/invoke/LambdaForm$MH+0x0000000802121400
# instanceKlass java/lang/invoke/LambdaForm$MH+0x0000000802121000
# instanceKlass java/lang/invoke/LambdaForm$MH+0x0000000802120c00
# instanceKlass java/lang/invoke/LambdaForm$MH+0x0000000802120800
instanceKlass org/jetbrains/kotlin/resolve/calls/smartcasts/SmartCastManager$Companion
# instanceKlass java/lang/invoke/LambdaForm$MH+0x0000000802120400
# instanceKlass java/lang/invoke/LambdaForm$MH+0x0000000802120000
# instanceKlass java/lang/invoke/LambdaForm$MH+0x000000080211fc00
# instanceKlass java/lang/invoke/LambdaForm$MH+0x000000080211f800
# instanceKlass java/lang/invoke/LambdaForm$MH+0x000000080211f400
# instanceKlass java/lang/invoke/LambdaForm$MH+0x000000080211f000
instanceKlass org/jetbrains/kotlin/resolve/StatementFilter$Companion
instanceKlass org/jetbrains/kotlin/resolve/AnnotationChecker$Companion
# instanceKlass java/lang/invoke/LambdaForm$MH+0x000000080211ec00
# instanceKlass java/lang/invoke/LambdaForm$MH+0x000000080211e800
# instanceKlass java/lang/invoke/LambdaForm$MH+0x000000080211e400
# instanceKlass java/lang/invoke/LambdaForm$MH+0x000000080211e000
# instanceKlass java/lang/invoke/LambdaForm$MH+0x000000080211dc00
# instanceKlass java/lang/invoke/LambdaForm$MH+0x000000080211d800
# instanceKlass java/lang/invoke/LambdaForm$MH+0x000000080211d400
# instanceKlass java/lang/invoke/LambdaForm$MH+0x000000080211d000
# instanceKlass java/lang/invoke/LambdaForm$MH+0x000000080211cc00
# instanceKlass java/lang/invoke/LambdaForm$MH+0x000000080211c800
# instanceKlass java/lang/invoke/LambdaForm$MH+0x000000080211c400
# instanceKlass java/lang/invoke/LambdaForm$MH+0x000000080211c000
instanceKlass org/jetbrains/kotlin/resolve/TypeResolver$Companion
instanceKlass org/jetbrains/kotlin/resolve/lazy/FileScopeFactory$DefaultImportImpl
instanceKlass org/jetbrains/kotlin/util/collectionUtils/ScopeUtilsKt
instanceKlass org/jetbrains/kotlin/builtins/jvm/CloneableClassScope$Companion
instanceKlass org/jetbrains/kotlin/descriptors/TypeParameterUtilsKt
instanceKlass org/jetbrains/kotlin/incremental/UtilsKt
instanceKlass org/jetbrains/kotlin/serialization/deserialization/descriptors/DeserializedClassDescriptor$EnumEntryClassDescriptors
instanceKlass org/jetbrains/kotlin/serialization/deserialization/descriptors/DeserializedAnnotations
instanceKlass org/jetbrains/kotlin/descriptors/impl/AbstractTypeParameterDescriptor$2
instanceKlass org/jetbrains/kotlin/descriptors/impl/AbstractTypeParameterDescriptor$1
instanceKlass org/jetbrains/kotlin/descriptors/SupertypeLoopChecker$EMPTY
instanceKlass org/jetbrains/kotlin/descriptors/ScopesHolderForClass$Companion
instanceKlass org/jetbrains/kotlin/descriptors/ScopesHolderForClass
instanceKlass org/jetbrains/kotlin/serialization/deserialization/ProtoEnumFlagsUtilsKt$WhenMappings
instanceKlass org/jetbrains/kotlin/serialization/deserialization/ProtoEnumFlagsUtilsKt
instanceKlass org/jetbrains/kotlin/serialization/deserialization/ProtoEnumFlags$WhenMappings
instanceKlass org/jetbrains/kotlin/serialization/deserialization/ProtoEnumFlags
instanceKlass org/jetbrains/kotlin/descriptors/DeserializedDescriptor
instanceKlass org/jetbrains/kotlin/serialization/deserialization/ClassDeserializer$ClassKey
instanceKlass org/jetbrains/kotlin/resolve/scopes/ChainedMemberScope$Companion
instanceKlass org/jetbrains/kotlin/resolve/scopes/ChainedMemberScope
instanceKlass org/jetbrains/kotlin/descriptors/PackageFragmentProviderKt
instanceKlass org/jetbrains/kotlin/descriptors/impl/CompositePackageFragmentProvider
instanceKlass org/jetbrains/kotlin/resolve/scopes/MemberScope$Companion
instanceKlass org/jetbrains/kotlin/resolve/scopes/DescriptorKindFilter$Companion$MaskToName
instanceKlass org/jetbrains/kotlin/resolve/scopes/DescriptorKindFilter$Companion
instanceKlass org/jetbrains/kotlin/resolve/scopes/DescriptorKindFilter
instanceKlass org/jetbrains/kotlin/resolve/scopes/AbstractScopeAdapter
instanceKlass org/jetbrains/kotlin/resolve/DefaultImportProvider$DefaultImportsKey
# instanceKlass java/lang/invoke/LambdaForm$MH+0x000000080210d800
# instanceKlass java/lang/invoke/LambdaForm$MH+0x000000080210d400
# instanceKlass java/lang/invoke/LambdaForm$MH+0x000000080210d000
# instanceKlass java/lang/invoke/LambdaForm$MH+0x000000080210cc00
# instanceKlass java/lang/invoke/LambdaForm$MH+0x000000080210c800
# instanceKlass java/lang/invoke/LambdaForm$MH+0x000000080210c400
# instanceKlass java/lang/invoke/LambdaForm$MH+0x000000080210c000
instanceKlass org/jetbrains/kotlin/resolve/QualifiedExpressionResolver$Companion
instanceKlass org/jetbrains/kotlin/resolve/constants/evaluate/ConstantExpressionEvaluator$Companion$ExperimentalityDiagnostic1
instanceKlass org/jetbrains/kotlin/resolve/constants/evaluate/ConstantExpressionEvaluator$Companion
instanceKlass org/jetbrains/kotlin/util/CounterWithExclude$Companion
instanceKlass org/jetbrains/kotlin/util/ReenterableCounter$Companion
instanceKlass org/jetbrains/kotlin/container/MethodBinding
instanceKlass org/jetbrains/kotlin/resolve/extensions/SyntheticResolveExtension$Companion$getInstance$1
instanceKlass  @bci org/jetbrains/kotlin/resolve/lazy/ResolveSession <init> (Lcom/intellij/openapi/project/Project;Lorg/jetbrains/kotlin/context/GlobalContext;Lorg/jetbrains/kotlin/descriptors/ModuleDescriptor;Lorg/jetbrains/kotlin/resolve/lazy/declarations/DeclarationProviderFactory;Lorg/jetbrains/kotlin/resolve/BindingTrace;Lorg/jetbrains/kotlin/types/checker/NewKotlinTypeChecker;)V 166 <appendix> member <vmtarget> ; # org/jetbrains/kotlin/resolve/lazy/ResolveSession$$Lambda+0x0000000802108258
instanceKlass  @bci org/jetbrains/kotlin/resolve/lazy/ResolveSession <init> (Lcom/intellij/openapi/project/Project;Lorg/jetbrains/kotlin/context/GlobalContext;Lorg/jetbrains/kotlin/descriptors/ModuleDescriptor;Lorg/jetbrains/kotlin/resolve/lazy/declarations/DeclarationProviderFactory;Lorg/jetbrains/kotlin/resolve/BindingTrace;Lorg/jetbrains/kotlin/types/checker/NewKotlinTypeChecker;)V 147 <appendix> member <vmtarget> ; # org/jetbrains/kotlin/resolve/lazy/ResolveSession$$Lambda+0x0000000802108000
instanceKlass org/jetbrains/kotlin/resolve/lazy/descriptors/LazyAnnotations
instanceKlass org/jetbrains/kotlin/resolve/lazy/ResolveSession$1
instanceKlass org/jetbrains/kotlin/storage/LockBasedLazyResolveStorageManager$LockProtectedContext
instanceKlass org/jetbrains/kotlin/storage/LockBasedLazyResolveStorageManager$LockProtectedTrace
instanceKlass org/jetbrains/kotlin/storage/LockBasedLazyResolveStorageManager
# instanceKlass java/lang/invoke/LambdaForm$MH+0x0000000802103c00
# instanceKlass java/lang/invoke/LambdaForm$MH+0x0000000802103800
# instanceKlass java/lang/invoke/LambdaForm$MH+0x0000000802103400
# instanceKlass java/lang/invoke/LambdaForm$MH+0x0000000802103000
# instanceKlass java/lang/invoke/LambdaForm$MH+0x0000000802102c00
# instanceKlass java/lang/invoke/LambdaForm$MH+0x0000000802102800
instanceKlass org/jetbrains/kotlin/resolve/checkers/OptInNames
instanceKlass org/jetbrains/kotlin/resolve/checkers/OptInUsageChecker$OptInFactoryBasedReporter
instanceKlass org/jetbrains/kotlin/resolve/checkers/OptInUsageChecker$OptInDiagnosticReporter
instanceKlass org/jetbrains/kotlin/resolve/checkers/OptInUsageChecker$Companion
instanceKlass org/jetbrains/kotlin/resolve/checkers/ExpectedActualDeclarationChecker$Companion
instanceKlass org/jetbrains/kotlin/resolve/jvm/checkers/InlinePlatformCompatibilityChecker$Companion
instanceKlass org/jetbrains/kotlin/resolve/LanguageVersionSettingsProvider$Companion
instanceKlass org/jetbrains/kotlin/resolve/LanguageVersionSettingsProvider
instanceKlass org/jetbrains/kotlin/synthetic/SyntheticScopeProviderExtension
instanceKlass org/jetbrains/kotlin/resolve/scopes/SyntheticScope$Default
instanceKlass org/jetbrains/kotlin/resolve/scopes/SyntheticScope
# instanceKlass java/lang/invoke/LambdaForm$MH+0x0000000802102400
# instanceKlass java/lang/invoke/LambdaForm$MH+0x0000000802102000
# instanceKlass java/lang/invoke/LambdaForm$MH+0x0000000802101c00
# instanceKlass java/lang/invoke/LambdaForm$MH+0x0000000802101800
# instanceKlass java/lang/invoke/LambdaForm$MH+0x0000000802101400
# instanceKlass java/lang/invoke/LambdaForm$MH+0x0000000802101000
# instanceKlass java/lang/invoke/LambdaForm$MH+0x0000000802100c00
# instanceKlass java/lang/invoke/LambdaForm$MH+0x0000000802100800
# instanceKlass java/lang/invoke/LambdaForm$MH+0x0000000802100400
# instanceKlass java/lang/invoke/LambdaForm$MH+0x0000000802100000
instanceKlass org/jetbrains/kotlin/resolve/deprecation/DeprecationResolver$Companion
instanceKlass org/jetbrains/kotlin/container/IterableDescriptor
instanceKlass org/jetbrains/kotlin/builtins/ReflectionTypes$ClassLookup
instanceKlass org/jetbrains/kotlin/builtins/ReflectionTypes$Companion
instanceKlass org/jetbrains/kotlin/resolve/jvm/checkers/JavaNullabilityChecker$Companion
instanceKlass org/jetbrains/kotlin/container/ConstructorBinding
instanceKlass org/jetbrains/kotlin/container/ResolveKt
instanceKlass org/jetbrains/kotlin/container/SingletonDescriptor$WhenMappings
instanceKlass org/jetbrains/kotlin/load/kotlin/MemberSignature
instanceKlass org/jetbrains/kotlin/load/kotlin/AbstractBinaryClassAnnotationLoader$AnnotationsContainer
instanceKlass org/jetbrains/kotlin/load/java/typeEnhancement/JavaTypeEnhancement
instanceKlass org/jetbrains/kotlin/load/java/typeEnhancement/NullabilityQualifierWithMigrationStatus
instanceKlass org/jetbrains/kotlin/load/java/JavaTypeQualifiersByElementType
instanceKlass org/jetbrains/kotlin/load/kotlin/KotlinJvmBinaryClass
instanceKlass org/jetbrains/kotlin/load/java/typeEnhancement/SignatureEnhancement
instanceKlass org/jetbrains/kotlin/load/kotlin/DeserializedDescriptorResolver
instanceKlass org/jetbrains/kotlin/load/java/lazy/JavaResolverComponents
instanceKlass org/jetbrains/kotlin/resolve/inline/ReasonableInlineRule
instanceKlass org/jetbrains/kotlin/resolve/AnalyzerExtensions
instanceKlass org/jetbrains/kotlin/resolve/ControlFlowAnalyzer
instanceKlass org/jetbrains/kotlin/resolve/ConflictingOverloadsDispatcher$Default
instanceKlass org/jetbrains/kotlin/resolve/ConflictingOverloadsDispatcher
instanceKlass com/intellij/psi/templateLanguages/OuterLanguageElement
instanceKlass com/intellij/psi/PsiErrorElement
instanceKlass com/intellij/psi/PsiPlainTextFile
instanceKlass org/jetbrains/kotlin/resolve/calls/context/CallPosition
instanceKlass org/jetbrains/kotlin/builtins/PlatformSpecificCastChecker$Default
instanceKlass org/jetbrains/kotlin/resolve/checkers/PlatformDiagnosticSuppressor$Default
instanceKlass org/jetbrains/kotlin/resolve/DeclarationsChecker
instanceKlass org/jetbrains/kotlin/resolve/calls/context/TemporaryTraceAndCache
instanceKlass org/jetbrains/kotlin/resolve/ModifiersChecker$ModifiersCheckingProcedure
instanceKlass org/jetbrains/kotlin/resolve/calls/inference/components/TypeVariableDependencyInformationProvider
instanceKlass org/jetbrains/kotlin/resolve/calls/inference/components/VariableFixationFinder$VariableForFixation
instanceKlass org/jetbrains/kotlin/resolve/calls/inference/model/VariableWithConstraints
instanceKlass org/jetbrains/kotlin/resolve/calls/inference/components/ConstraintSystemCompletionContext
instanceKlass org/jetbrains/kotlin/resolve/calls/inference/components/ResultTypeResolver$Context
instanceKlass org/jetbrains/kotlin/resolve/calls/inference/components/VariableFixationFinder$Context
instanceKlass org/jetbrains/kotlin/resolve/calls/inference/components/PostponedArgumentInputTypesResolver
instanceKlass org/jetbrains/kotlin/resolve/calls/inference/components/VariableFixationFinder
instanceKlass org/jetbrains/kotlin/resolve/calls/components/PostponedArgumentsAnalyzer$SubstitutorAndStubsForLambdaAnalysis
instanceKlass org/jetbrains/kotlin/resolve/calls/components/ReturnArgumentsAnalysisResult
instanceKlass org/jetbrains/kotlin/resolve/calls/components/PostponedArgumentsAnalyzerContext
instanceKlass org/jetbrains/kotlin/resolve/calls/model/KotlinDiagnosticsHolder$SimpleHolder
instanceKlass org/jetbrains/kotlin/resolve/calls/tower/CandidateFactory
instanceKlass org/jetbrains/kotlin/resolve/calls/inference/model/ConstraintStorage
instanceKlass org/jetbrains/kotlin/resolve/calls/components/KotlinCallCompleter
instanceKlass org/jetbrains/kotlin/resolve/calls/tower/NewAbstractResolvedCall
instanceKlass org/jetbrains/kotlin/resolve/calls/components/AdditionalDiagnosticReporter
instanceKlass org/jetbrains/kotlin/resolve/calls/tower/KotlinResolutionCallbacksImpl
instanceKlass org/jetbrains/kotlin/resolve/calls/tower/PSIKotlinCallArgument
instanceKlass org/jetbrains/kotlin/resolve/calls/inference/components/ResultTypeResolver
instanceKlass org/jetbrains/kotlin/resolve/calls/inference/components/KotlinConstraintSystemCompleter
instanceKlass org/jetbrains/kotlin/resolve/calls/components/PostponedArgumentsAnalyzer
instanceKlass org/jetbrains/kotlin/resolve/calls/KotlinCallResolver
instanceKlass org/jetbrains/kotlin/resolve/calls/tower/KotlinToResolvedCallTransformer
instanceKlass org/jetbrains/kotlin/resolve/calls/inference/components/NewTypeSubstitutor
instanceKlass org/jetbrains/kotlin/resolve/scopes/receivers/ReceiverValueWithSmartCastInfo
instanceKlass org/jetbrains/kotlin/resolve/calls/tower/ImplicitsExtensionsResolutionFilter$Default
instanceKlass org/jetbrains/kotlin/resolve/calls/tower/TowerData
instanceKlass org/jetbrains/kotlin/resolve/calls/tower/TowerResolver$ResultCollector
instanceKlass org/jetbrains/kotlin/resolve/calls/tower/ScopeTowerProcessor
instanceKlass org/jetbrains/kotlin/resolve/calls/model/ResolvedAtom
instanceKlass org/jetbrains/kotlin/resolve/calls/model/ResolvedCallableReferenceAtom
instanceKlass org/jetbrains/kotlin/resolve/calls/inference/ConstraintSystemBuilder
instanceKlass org/jetbrains/kotlin/resolve/calls/inference/ConstraintSystemOperation
instanceKlass org/jetbrains/kotlin/resolve/calls/results/OverloadingConflictResolver
instanceKlass org/jetbrains/kotlin/types/TypeApproximatorConfiguration
instanceKlass org/jetbrains/kotlin/resolve/calls/inference/model/Constraint
instanceKlass org/jetbrains/kotlin/resolve/calls/inference/components/ConstraintIncorporator$Context
instanceKlass org/jetbrains/kotlin/resolve/calls/inference/components/TrivialConstraintTypeInferenceOracle
instanceKlass org/jetbrains/kotlin/resolve/calls/inference/components/ConstraintInjector$Context
instanceKlass org/jetbrains/kotlin/resolve/calls/inference/components/ConstraintIncorporator
instanceKlass org/jetbrains/kotlin/resolve/calls/components/TypeArgumentsToParametersMapper$TypeArgumentsMapping
instanceKlass org/jetbrains/kotlin/resolve/calls/components/ArgumentsToParametersMapper$ArgumentMapping
instanceKlass org/jetbrains/kotlin/resolve/calls/components/CallableReferenceArgumentResolver
instanceKlass org/jetbrains/kotlin/resolve/calls/components/TypeArgumentsToParametersMapper
instanceKlass org/jetbrains/kotlin/resolve/calls/components/ArgumentsToParametersMapper
instanceKlass org/jetbrains/kotlin/resolve/calls/model/MutableResolvedCall
instanceKlass org/jetbrains/kotlin/resolve/calls/inference/ConstraintSystem$Builder
instanceKlass org/jetbrains/kotlin/types/expressions/ClassLiteralChecker
instanceKlass org/jetbrains/kotlin/resolve/calls/smartcasts/SmartCastResult
instanceKlass com/intellij/openapi/util/Ref
instanceKlass org/jetbrains/kotlin/types/expressions/DoubleColonExpressionResolver$ResolutionResultsAndTraceCommitCallback
instanceKlass org/jetbrains/kotlin/types/expressions/DoubleColonLHS
instanceKlass org/jetbrains/kotlin/resolve/constants/CompileTimeConstant
instanceKlass org/jetbrains/kotlin/types/FunctionPlaceholders
instanceKlass org/jetbrains/kotlin/resolve/calls/CandidateResolver$ValueArgumentsCheckingResult
instanceKlass org/jetbrains/kotlin/resolve/calls/smartcasts/SmartCastManager
instanceKlass org/jetbrains/kotlin/resolve/calls/results/OverloadResolutionResultsImpl
instanceKlass org/jetbrains/kotlin/resolve/calls/tower/ImplicitsExtensionsResolutionFilter
instanceKlass org/jetbrains/kotlin/resolve/calls/inference/BuilderInferenceSupport
instanceKlass org/jetbrains/kotlin/resolve/calls/results/ResolutionResultsHandler
instanceKlass org/jetbrains/kotlin/resolve/calls/tower/TowerResolver
instanceKlass org/jetbrains/kotlin/resolve/calls/CandidateResolver
instanceKlass org/jetbrains/kotlin/resolve/calls/model/MutableDataFlowInfoForArguments
instanceKlass org/jetbrains/kotlin/resolve/calls/model/DataFlowInfoForArguments
instanceKlass org/jetbrains/kotlin/resolve/calls/tasks/OldResolutionCandidate
instanceKlass org/jetbrains/kotlin/resolve/calls/GenericCandidateResolver
instanceKlass org/jetbrains/kotlin/resolve/calls/CallCompleter
instanceKlass org/jetbrains/kotlin/resolve/calls/tower/PSICallResolver
instanceKlass org/jetbrains/kotlin/resolve/calls/ArgumentTypeResolver
instanceKlass org/jetbrains/kotlin/resolve/calls/tower/NewResolutionOldInference
instanceKlass org/jetbrains/kotlin/resolve/scopes/receivers/ExpressionReceiver
instanceKlass org/jetbrains/kotlin/resolve/DelegatingBindingTrace
instanceKlass org/jetbrains/kotlin/resolve/calls/tasks/TracingStrategy
instanceKlass org/jetbrains/kotlin/resolve/calls/tower/NewResolutionOldInference$ResolutionKind
instanceKlass org/jetbrains/kotlin/types/expressions/FakeCallResolver$RealExpression
instanceKlass org/jetbrains/kotlin/resolve/calls/smartcasts/ConditionalDataFlowInfo
instanceKlass org/jetbrains/kotlin/resolve/calls/checkers/RttiExpressionChecker
instanceKlass org/jetbrains/kotlin/types/expressions/ControlStructureTypingUtils
instanceKlass org/jetbrains/kotlin/resolve/MissingSupertypesResolver
instanceKlass org/jetbrains/kotlin/types/expressions/ForLoopConventionsChecker
instanceKlass org/jetbrains/kotlin/builtins/PlatformSpecificCastChecker
instanceKlass org/jetbrains/kotlin/resolve/DeclarationsCheckerBuilder
instanceKlass org/jetbrains/kotlin/resolve/CollectionLiteralResolver
instanceKlass org/jetbrains/kotlin/types/expressions/DoubleColonExpressionResolver
instanceKlass org/jetbrains/kotlin/resolve/calls/model/KotlinCallComponents
instanceKlass org/jetbrains/kotlin/contracts/parsing/ContractParsingServices
instanceKlass org/jetbrains/kotlin/resolve/calls/CallExpressionResolver
instanceKlass org/jetbrains/kotlin/types/expressions/FakeCallResolver
instanceKlass org/jetbrains/kotlin/types/expressions/DataFlowAnalyzer
instanceKlass org/jetbrains/kotlin/types/expressions/LocalClassifierAnalyzer
instanceKlass org/jetbrains/kotlin/types/expressions/ValueParameterResolver
instanceKlass org/jetbrains/kotlin/resolve/LocalVariableResolver
instanceKlass org/jetbrains/kotlin/contracts/EffectSystem
instanceKlass org/jetbrains/kotlin/resolve/calls/tower/KotlinResolutionCallbacksImpl$LambdaInfo
instanceKlass org/jetbrains/kotlin/types/expressions/KotlinTypeInfo
instanceKlass org/jetbrains/kotlin/resolve/StatementFilter
instanceKlass org/jetbrains/kotlin/resolve/AnnotationChecker
instanceKlass org/jetbrains/kotlin/types/expressions/ExpressionTypingComponents
instanceKlass org/jetbrains/kotlin/types/expressions/ExpressionTypingInternals
instanceKlass org/jetbrains/kotlin/types/expressions/ExpressionTypingFacade
instanceKlass org/jetbrains/kotlin/resolve/DelegatedPropertyResolver
instanceKlass org/jetbrains/kotlin/types/SubtypingRepresentatives
instanceKlass org/jetbrains/kotlin/resolve/PossiblyBareType
instanceKlass org/jetbrains/kotlin/resolve/TypeResolutionContext
instanceKlass org/jetbrains/kotlin/resolve/calls/tasks/DynamicCallableDescriptors
instanceKlass org/jetbrains/kotlin/resolve/scopes/LexicalScopeStorage
instanceKlass org/jetbrains/kotlin/resolve/DeclarationSignatureAnonymousTypeTransformer
instanceKlass org/jetbrains/kotlin/types/AbstractTypeApproximator
instanceKlass org/jetbrains/kotlin/resolve/ModifiersChecker
instanceKlass org/jetbrains/kotlin/types/expressions/DestructuringDeclarationResolver
instanceKlass org/jetbrains/kotlin/resolve/OverloadChecker
instanceKlass org/jetbrains/kotlin/types/expressions/ExpressionTypingServices
instanceKlass org/jetbrains/kotlin/resolve/VariableTypeAndInitializerResolver
instanceKlass org/jetbrains/kotlin/resolve/scopes/LocalRedeclarationChecker
instanceKlass org/jetbrains/kotlin/descriptors/TypeAliasDescriptor
instanceKlass org/jetbrains/kotlin/mpp/TypeAliasSymbolMarker
instanceKlass org/jetbrains/kotlin/resolve/scopes/optimization/OptimizingOptions$Default
instanceKlass org/jetbrains/kotlin/resolve/QualifiedExpressionResolver$TypeQualifierResolutionResult
instanceKlass org/jetbrains/kotlin/resolve/QualifiedExpressionResolver$QualifiedExpressionResolveResult
instanceKlass org/jetbrains/kotlin/incremental/KotlinLookupLocation
instanceKlass org/jetbrains/kotlin/resolve/scopes/receivers/Qualifier
instanceKlass org/jetbrains/kotlin/resolve/scopes/receivers/QualifierReceiver
instanceKlass org/jetbrains/kotlin/resolve/scopes/receivers/DetailedReceiver
instanceKlass org/jetbrains/kotlin/resolve/QualifiedExpressionResolver$QualifierPart
instanceKlass org/jetbrains/kotlin/resolve/scopes/optimization/OptimizingOptions
instanceKlass org/jetbrains/kotlin/resolve/scopes/ImportingScope
instanceKlass org/jetbrains/kotlin/resolve/lazy/FileScopeFactory$DummyContainerDescriptor
instanceKlass org/jetbrains/kotlin/resolve/lazy/FileScopeFactory$DefaultImportResolvers
instanceKlass org/jetbrains/kotlin/resolve/lazy/ImportResolutionComponents
instanceKlass org/jetbrains/kotlin/resolve/lazy/FileScopeFactory
instanceKlass org/jetbrains/kotlin/resolve/lazy/FileScopeProviderImpl
instanceKlass org/jetbrains/kotlin/resolve/lazy/FileScopes
instanceKlass org/jetbrains/kotlin/resolve/lazy/ImportForceResolver
instanceKlass org/jetbrains/kotlin/resolve/ModuleStructureOracle$SingleModule
instanceKlass org/jetbrains/kotlin/resolve/sam/SamWithReceiverResolver
instanceKlass org/jetbrains/kotlin/resolve/deprecation/DeprecationResolver$DeprecationInfo
instanceKlass org/jetbrains/kotlin/psi/Call
instanceKlass org/jetbrains/kotlin/cfg/ControlFlowInformationProvider
instanceKlass org/jetbrains/kotlin/idea/MainFunctionDetector
instanceKlass org/jetbrains/kotlin/load/java/AbstractAnnotationTypeQualifierResolver
instanceKlass org/jetbrains/kotlin/resolve/jvm/modules/JavaModuleResolver$AccessError
instanceKlass org/jetbrains/kotlin/resolve/jvm/modules/JavaModule$Explicit
instanceKlass org/jetbrains/kotlin/resolve/jvm/modules/JavaModule
instanceKlass org/jetbrains/kotlin/load/java/descriptors/JavaClassDescriptor
instanceKlass org/jetbrains/kotlin/mpp/MppJavaImplicitActualizatorMarker
instanceKlass org/jetbrains/kotlin/builtins/jvm/JvmBuiltIns$Settings
instanceKlass org/jetbrains/kotlin/load/java/sources/JavaSourceElement
instanceKlass org/jetbrains/kotlin/descriptors/SimpleFunctionDescriptor
instanceKlass org/jetbrains/kotlin/mpp/SimpleFunctionSymbolMarker
instanceKlass org/jetbrains/kotlin/load/java/structure/JavaPackage
instanceKlass org/jetbrains/kotlin/load/java/JavaClassFinder$Request
instanceKlass org/jetbrains/kotlin/load/java/lazy/LazyJavaResolverContext
instanceKlass org/jetbrains/kotlin/load/java/components/SignaturePropagator$PropagatedSignature
instanceKlass org/jetbrains/kotlin/load/java/structure/JavaMethod
instanceKlass org/jetbrains/kotlin/load/java/structure/JavaField
instanceKlass org/jetbrains/kotlin/load/java/structure/JavaMember
instanceKlass org/jetbrains/kotlin/load/kotlin/AbstractBinaryClassAnnotationLoader
instanceKlass org/jetbrains/kotlin/load/kotlin/JavaClassDataFinder
instanceKlass org/jetbrains/kotlin/load/java/lazy/LazyJavaPackageFragmentProvider
instanceKlass org/jetbrains/kotlin/load/kotlin/KotlinClassFinder$Result
instanceKlass org/jetbrains/kotlin/resolve/lazy/data/KtClassLikeInfo
instanceKlass com/intellij/openapi/module/Module
instanceKlass org/jetbrains/kotlin/resolve/calls/results/OverloadResolutionResults
instanceKlass org/jetbrains/kotlin/resolve/calls/model/ResolvedValueArgument
instanceKlass org/jetbrains/kotlin/resolve/scopes/LexicalScope
instanceKlass org/jetbrains/kotlin/resolve/scopes/HierarchicalScope
instanceKlass org/jetbrains/kotlin/resolve/constants/evaluate/ConstantExpressionEvaluator
instanceKlass org/jetbrains/kotlin/resolve/calls/CallResolver
instanceKlass org/jetbrains/kotlin/resolve/TopDownAnalysisContext
instanceKlass org/jetbrains/kotlin/resolve/BodiesResolveContext
instanceKlass org/jetbrains/kotlin/resolve/calls/smartcasts/DataFlowInfo
instanceKlass org/jetbrains/kotlin/resolve/FilePreprocessor
instanceKlass org/jetbrains/kotlin/resolve/QualifiedExpressionResolver
instanceKlass org/jetbrains/kotlin/resolve/BodyResolver
instanceKlass org/jetbrains/kotlin/resolve/VarianceChecker
instanceKlass org/jetbrains/kotlin/resolve/OverloadResolver
instanceKlass org/jetbrains/kotlin/resolve/OverrideResolver
instanceKlass org/jetbrains/kotlin/resolve/DeclarationResolver
instanceKlass org/jetbrains/kotlin/container/SetterInfo
instanceKlass javax/inject/Inject
instanceKlass org/jetbrains/kotlin/resolve/lazy/DeclarationScopeProviderImpl
instanceKlass org/jetbrains/kotlin/resolve/FunctionDescriptorResolver
instanceKlass org/jetbrains/kotlin/resolve/lazy/LazyDeclarationResolver
instanceKlass org/jetbrains/kotlin/descriptors/ClassDescriptorWithResolutionScopes
instanceKlass org/jetbrains/kotlin/resolve/DescriptorResolver
instanceKlass org/jetbrains/kotlin/resolve/lazy/FileScopeProvider
instanceKlass org/jetbrains/kotlin/resolve/calls/components/InferenceSession
instanceKlass org/jetbrains/kotlin/resolve/lazy/LazyEntity
instanceKlass org/jetbrains/kotlin/resolve/TypeResolver
instanceKlass org/jetbrains/kotlin/resolve/lazy/descriptors/LazyAnnotationsContext
instanceKlass org/jetbrains/kotlin/resolve/lazy/DeclarationScopeProvider
instanceKlass org/jetbrains/kotlin/storage/LazyResolveStorageManager
instanceKlass org/jetbrains/kotlin/incremental/components/Position
instanceKlass org/jetbrains/kotlin/resolve/calls/inference/model/OnlyInputTypeConstraintPosition
instanceKlass org/jetbrains/kotlin/resolve/calls/inference/model/ConstraintPosition
instanceKlass org/jetbrains/kotlin/resolve/calls/model/PostponedAtomWithRevisableExpectedType
instanceKlass org/jetbrains/kotlin/resolve/calls/model/PostponedResolvedAtomMarker
instanceKlass org/jetbrains/kotlin/types/model/K2Only
instanceKlass org/jetbrains/kotlin/types/model/ObsoleteTypeKind
instanceKlass org/jetbrains/kotlin/resolve/checkers/EmptyIntersectionTypeInfo
instanceKlass org/jetbrains/kotlin/types/model/DynamicTypeMarker
instanceKlass org/jetbrains/kotlin/types/TypeCheckerState$SupertypesPolicy
instanceKlass org/jetbrains/kotlin/types/model/TypeVariableMarker
instanceKlass org/jetbrains/kotlin/types/model/TypeVariableTypeConstructorMarker
instanceKlass org/jetbrains/kotlin/types/model/StubTypeMarker
instanceKlass org/jetbrains/kotlin/types/model/CapturedTypeConstructorMarker
instanceKlass org/jetbrains/kotlin/types/model/CapturedTypeMarker
instanceKlass org/jetbrains/kotlin/types/model/FlexibleTypeMarker
instanceKlass org/jetbrains/kotlin/types/model/DefinitelyNotNullTypeMarker
instanceKlass org/jetbrains/kotlin/resolve/checkers/OptInUsageChecker$OptInReporterMultiplexer
instanceKlass org/jetbrains/kotlin/resolve/calls/components/candidate/ResolutionCandidate
instanceKlass org/jetbrains/kotlin/resolve/calls/model/KotlinDiagnosticsHolder
instanceKlass org/jetbrains/kotlin/resolve/calls/tower/Candidate
instanceKlass org/jetbrains/kotlin/resolve/calls/components/KotlinResolutionCallbacks
instanceKlass org/jetbrains/kotlin/resolve/calls/model/KotlinCall
instanceKlass org/jetbrains/kotlin/resolve/calls/tower/ImplicitScopeTower
instanceKlass org/jetbrains/kotlin/resolve/calls/model/CallableReferenceKotlinCallArgument
instanceKlass org/jetbrains/kotlin/resolve/calls/model/CallableReferenceResolutionAtom
instanceKlass org/jetbrains/kotlin/resolve/calls/model/PostponableKotlinCallArgument
instanceKlass org/jetbrains/kotlin/resolve/calls/model/ResolutionAtom
instanceKlass org/jetbrains/kotlin/resolve/calls/results/SimpleConstraintSystem
instanceKlass org/jetbrains/kotlin/resolve/calls/inference/components/ConstraintInjector
instanceKlass org/jetbrains/kotlin/resolve/calls/model/SimpleKotlinCallArgument
instanceKlass org/jetbrains/kotlin/resolve/calls/model/ReceiverKotlinCallArgument
instanceKlass org/jetbrains/kotlin/resolve/calls/model/KotlinCallArgument
instanceKlass org/jetbrains/kotlin/types/TypeCheckerState
instanceKlass org/jetbrains/kotlin/resolve/ModuleStructureOracle
instanceKlass org/jetbrains/kotlin/resolve/constants/ConstantValue
instanceKlass org/jetbrains/kotlin/descriptors/ValueParameterDescriptor
instanceKlass org/jetbrains/kotlin/mpp/ValueParameterSymbolMarker
instanceKlass org/jetbrains/kotlin/resolve/deprecation/DeprecationResolver
instanceKlass org/jetbrains/kotlin/builtins/ReflectionTypes
instanceKlass org/jetbrains/kotlin/resolve/calls/smartcasts/DataFlowValue
instanceKlass org/jetbrains/kotlin/resolve/UpperBoundViolatedReporter
instanceKlass org/jetbrains/kotlin/types/TypeSubstitutor
instanceKlass org/jetbrains/kotlin/types/model/TypeSubstitutorMarker
instanceKlass org/jetbrains/kotlin/descriptors/TypeParameterDescriptor
instanceKlass org/jetbrains/kotlin/mpp/TypeParameterSymbolMarker
instanceKlass org/jetbrains/kotlin/types/model/TypeParameterMarker
instanceKlass org/jetbrains/kotlin/diagnostics/DiagnosticSink$DiagnosticsCallback
instanceKlass com/intellij/util/xmlb/annotations/Transient
instanceKlass com/intellij/openapi/components/BaseComponent
instanceKlass com/intellij/openapi/components/NamedComponent
instanceKlass com/intellij/util/messages/ListenerDescriptor
instanceKlass kotlin/ReplaceWith
instanceKlass kotlin/Deprecated
instanceKlass org/jetbrains/kotlin/cfg/ControlFlowInformationProviderImpl$Factory
instanceKlass org/jetbrains/kotlin/cfg/ControlFlowInformationProvider$Factory
instanceKlass org/jetbrains/kotlin/idea/MainFunctionDetector$Factory$Ordinary
instanceKlass org/jetbrains/kotlin/idea/MainFunctionDetector$Factory
instanceKlass org/jetbrains/kotlin/resolve/lazy/BasicAbsentDescriptorHandler
instanceKlass org/jetbrains/kotlin/resolve/lazy/CompilerLocalDescriptorResolver
instanceKlass org/jetbrains/kotlin/resolve/lazy/LocalDescriptorResolver
instanceKlass org/jetbrains/kotlin/resolve/BodyResolveCache$ThrowException
instanceKlass org/jetbrains/kotlin/resolve/BodyResolveCache
instanceKlass org/jetbrains/kotlin/resolve/jvm/JvmDiagnosticComponents
instanceKlass org/jetbrains/kotlin/platform/PlatformSpecificDiagnosticComponents
instanceKlass org/jetbrains/kotlin/load/java/components/FilesByFacadeFqNameIndexer
instanceKlass org/jetbrains/kotlin/resolve/FilePreprocessorExtension
instanceKlass org/jetbrains/kotlin/resolve/jvm/modules/JavaModuleResolver$SERVICE
instanceKlass org/jetbrains/kotlin/load/java/lazy/JavaResolverSettings$Companion$create$1
instanceKlass org/jetbrains/kotlin/load/java/lazy/JavaResolverSettings$Companion
instanceKlass org/jetbrains/kotlin/load/java/lazy/JavaResolverSettings
instanceKlass org/jetbrains/kotlin/load/java/JavaClassesTracker$Default
instanceKlass org/jetbrains/kotlin/load/java/JavaClassesTracker
instanceKlass org/jetbrains/kotlin/resolve/jvm/multiplatform/OptionalAnnotationPackageFragmentProvider
instanceKlass org/jetbrains/kotlin/serialization/deserialization/AbstractDeserializedPackageFragmentProvider
instanceKlass org/jetbrains/kotlin/config/JvmDefaultMode$Companion
instanceKlass org/jetbrains/kotlin/config/JvmAnalysisFlags$Delegates$JvmDefaultModeDisabledByDefault
instanceKlass org/jetbrains/kotlin/name/FqNamesUtilKt
instanceKlass org/jetbrains/kotlin/load/java/NullabilityAnnotationStates$Companion
instanceKlass org/jetbrains/kotlin/load/java/Jsr305Settings
instanceKlass kotlin/KotlinVersionCurrentValue
instanceKlass kotlin/KotlinVersion$Companion
instanceKlass kotlin/KotlinVersion
instanceKlass org/jetbrains/kotlin/load/java/ReportLevel$Companion
instanceKlass org/jetbrains/kotlin/load/java/JavaNullabilityAnnotationsStatus$Companion
instanceKlass org/jetbrains/kotlin/load/java/JavaNullabilityAnnotationsStatus
instanceKlass org/jetbrains/kotlin/load/java/NullabilityAnnotationStatesImpl
instanceKlass org/jetbrains/kotlin/load/java/NullabilityAnnotationStates
instanceKlass org/jetbrains/kotlin/load/java/JavaNullabilityAnnotationSettingsKt
instanceKlass org/jetbrains/kotlin/load/java/JavaTypeEnhancementState$Companion
instanceKlass org/jetbrains/kotlin/load/java/JavaTypeEnhancementState
instanceKlass org/jetbrains/kotlin/config/JvmAnalysisFlags$Delegates$JavaTypeEnhancementStateWarnByDefault
instanceKlass org/jetbrains/kotlin/config/JvmAnalysisFlags
instanceKlass org/jetbrains/kotlin/load/java/components/JavaSourceElementFactoryImpl
instanceKlass org/jetbrains/kotlin/load/java/sources/JavaSourceElementFactory
instanceKlass org/jetbrains/kotlin/load/java/components/AbstractJavaResolverCache
instanceKlass org/jetbrains/kotlin/load/java/components/JavaResolverCache
instanceKlass org/jetbrains/kotlin/load/java/AbstractJavaClassFinder
instanceKlass org/jetbrains/kotlin/load/java/JavaClassFinder
instanceKlass org/jetbrains/kotlin/resolve/jvm/CompositeSyntheticJavaPartsProvider
instanceKlass org/jetbrains/kotlin/resolve/jvm/SyntheticJavaPartsProvider$Companion
instanceKlass org/jetbrains/kotlin/resolve/jvm/SyntheticJavaPartsProvider
instanceKlass org/jetbrains/kotlin/load/java/components/JavaDeprecationSettings
instanceKlass org/jetbrains/kotlin/resolve/deprecation/DeprecationSettings
instanceKlass org/jetbrains/kotlin/resolve/TypeResolver$TypeTransformerForTests
instanceKlass org/jetbrains/kotlin/load/java/components/TraceBasedErrorReporter
instanceKlass org/jetbrains/kotlin/load/java/components/SignaturePropagatorImpl
instanceKlass org/jetbrains/kotlin/load/java/components/SignaturePropagator
instanceKlass org/jetbrains/kotlin/load/java/components/JavaPropertyInitializerEvaluatorImpl
instanceKlass org/jetbrains/kotlin/load/java/components/JavaPropertyInitializerEvaluator
instanceKlass org/jetbrains/kotlin/load/kotlin/DeserializationComponentsForJava
instanceKlass org/jetbrains/kotlin/resolve/jvm/JavaDescriptorResolver
instanceKlass org/jetbrains/kotlin/load/kotlin/VirtualFileFinder$SERVICE
instanceKlass org/jetbrains/kotlin/load/kotlin/VirtualFileFinder
instanceKlass org/jetbrains/kotlin/load/kotlin/KotlinClassFinder
instanceKlass org/jetbrains/kotlin/serialization/deserialization/KotlinMetadataFinder
instanceKlass org/jetbrains/kotlin/load/kotlin/VirtualFileFinderFactory$SERVICE
instanceKlass org/jetbrains/kotlin/resolve/AnnotationResolver
instanceKlass org/jetbrains/kotlin/resolve/LazyTopDownAnalyzer
instanceKlass org/jetbrains/kotlin/resolve/lazy/ResolveSession
instanceKlass org/jetbrains/kotlin/resolve/lazy/LazyClassContext
instanceKlass org/jetbrains/kotlin/resolve/lazy/KotlinCodeAnalyzer
instanceKlass org/jetbrains/kotlin/resolve/lazy/TopLevelDescriptorProvider
instanceKlass org/jetbrains/kotlin/util/ProgressManagerBasedCancellationChecker
instanceKlass org/jetbrains/kotlin/util/CancellationChecker
instanceKlass org/jetbrains/kotlin/resolve/calls/inference/components/ClassicConstraintSystemUtilContext
instanceKlass org/jetbrains/kotlin/resolve/calls/inference/components/ConstraintSystemUtilContext
instanceKlass org/jetbrains/kotlin/resolve/calls/components/ClassicTypeSystemContextForCS
instanceKlass org/jetbrains/kotlin/resolve/calls/components/BuiltInsProvider
instanceKlass org/jetbrains/kotlin/types/checker/ClassicTypeSystemContext
instanceKlass org/jetbrains/kotlin/types/TypeSystemCommonBackendContext
instanceKlass org/jetbrains/kotlin/types/model/TypeSystemInferenceExtensionContextDelegate
instanceKlass org/jetbrains/kotlin/types/model/TypeSystemInferenceExtensionContext
instanceKlass org/jetbrains/kotlin/types/model/TypeSystemCommonSuperTypesContext
instanceKlass org/jetbrains/kotlin/types/model/TypeCheckerProviderContext
instanceKlass org/jetbrains/kotlin/types/model/TypeSystemTypeFactoryContext
instanceKlass org/jetbrains/kotlin/types/model/TypeSystemBuiltInsContext
instanceKlass org/jetbrains/kotlin/types/model/TypeSystemContext
instanceKlass org/jetbrains/kotlin/types/model/TypeSystemOptimizationContext
instanceKlass org/jetbrains/kotlin/contracts/ContractDeserializerImpl
instanceKlass org/jetbrains/kotlin/resolve/checkers/OptInUsageChecker$ClassifierUsage
instanceKlass org/jetbrains/kotlin/resolve/checkers/OptInUsageChecker$Overrides
instanceKlass org/jetbrains/kotlin/resolve/checkers/OptInUsageChecker
instanceKlass org/jetbrains/kotlin/resolve/calls/smartcasts/DataFlowValueFactoryImpl
instanceKlass org/jetbrains/kotlin/resolve/calls/smartcasts/DataFlowValueFactory
instanceKlass org/jetbrains/kotlin/resolve/calls/tower/KotlinResolutionStatelessCallbacksImpl
instanceKlass org/jetbrains/kotlin/resolve/calls/components/KotlinResolutionStatelessCallbacks
instanceKlass org/jetbrains/kotlin/resolve/SupertypeLoopCheckerImpl
instanceKlass org/jetbrains/kotlin/resolve/jvm/checkers/RepeatableAnnotationChecker
instanceKlass org/jetbrains/kotlin/resolve/checkers/ExpectedActualDeclarationChecker
instanceKlass org/jetbrains/kotlin/resolve/checkers/OptInMarkerDeclarationAnnotationChecker
instanceKlass org/jetbrains/kotlin/resolve/jvm/checkers/JvmSerializableLambdaAnnotationChecker
instanceKlass org/jetbrains/kotlin/resolve/jvm/multiplatform/JavaActualAnnotationArgumentExtractor
instanceKlass org/jetbrains/kotlin/resolve/checkers/ExpectedActualDeclarationChecker$ActualAnnotationArgumentExtractor
instanceKlass org/jetbrains/kotlin/types/expressions/GenericArrayClassLiteralSupport$Enabled
instanceKlass org/jetbrains/kotlin/types/expressions/GenericArrayClassLiteralSupport
instanceKlass org/jetbrains/kotlin/types/expressions/FunctionWithBigAritySupport$LanguageVersionDependent
instanceKlass org/jetbrains/kotlin/types/expressions/FunctionWithBigAritySupport
instanceKlass org/jetbrains/kotlin/resolve/jvm/JvmPlatformAnnotationFeaturesSupport
instanceKlass org/jetbrains/kotlin/resolve/PlatformAnnotationFeaturesSupport
instanceKlass org/jetbrains/kotlin/resolve/jvm/checkers/JvmRecordApplicabilityChecker
instanceKlass org/jetbrains/kotlin/resolve/jvm/JvmAdditionalClassPartsProvider
instanceKlass org/jetbrains/kotlin/resolve/AdditionalClassPartsProvider
instanceKlass org/jetbrains/kotlin/load/java/sam/JvmSamConversionOracle
instanceKlass org/jetbrains/kotlin/resolve/sam/SamConversionOracle
instanceKlass org/jetbrains/kotlin/resolve/jvm/JvmPlatformOverloadsSpecificityComparator
instanceKlass org/jetbrains/kotlin/resolve/calls/results/PlatformOverloadsSpecificityComparator
instanceKlass org/jetbrains/kotlin/resolve/jvm/JvmTypeSpecificityComparator
instanceKlass org/jetbrains/kotlin/resolve/jvm/checkers/JvmModuleAccessibilityChecker$ClassifierUsage
instanceKlass org/jetbrains/kotlin/resolve/jvm/checkers/JvmModuleAccessibilityChecker
instanceKlass org/jetbrains/kotlin/resolve/jvm/checkers/InlinePlatformCompatibilityChecker
instanceKlass org/jetbrains/kotlin/resolve/jvm/checkers/JvmDefaultChecker
instanceKlass org/jetbrains/kotlin/resolve/jvm/checkers/InterfaceDefaultMethodCallChecker
instanceKlass org/jetbrains/kotlin/synthetic/JavaSyntheticScopes
instanceKlass org/jetbrains/kotlin/resolve/scopes/SyntheticScopes
instanceKlass org/jetbrains/kotlin/resolve/calls/checkers/AbstractReflectionApiCallChecker
instanceKlass org/jetbrains/kotlin/resolve/jvm/checkers/JvmStaticChecker
instanceKlass org/jetbrains/kotlin/resolve/jvm/checkers/JavaNullabilityChecker
instanceKlass org/jetbrains/kotlin/container/SingletonDescriptor
instanceKlass org/jetbrains/kotlin/resolve/UpperBoundChecker
instanceKlass org/jetbrains/kotlin/frontend/di/InjectionKt
instanceKlass org/jetbrains/kotlin/resolve/SealedClassInheritorsProvider
instanceKlass org/jetbrains/kotlin/metadata/jvm/deserialization/ModuleMappingKt
instanceKlass org/jetbrains/kotlin/protobuf/UnmodifiableLazyStringList$2
instanceKlass org/jetbrains/kotlin/metadata/jvm/deserialization/PackageParts
instanceKlass org/jetbrains/kotlin/metadata/jvm/JvmModuleProtoBuf$PackagePartsOrBuilder
instanceKlass org/jetbrains/kotlin/load/kotlin/JvmPackagePartProviderBase$ModuleMappingInfo
instanceKlass org/jetbrains/kotlin/metadata/jvm/JvmModuleProtoBuf$ModuleOrBuilder
instanceKlass org/jetbrains/kotlin/metadata/deserialization/VersionSpecificBehaviorKt
instanceKlass kotlin/collections/MapWithDefault
instanceKlass org/jetbrains/kotlin/utils/MetadataHelpersKt
instanceKlass org/jetbrains/kotlin/utils/DeserializationHelpersKt
instanceKlass org/jetbrains/kotlin/load/kotlin/ModuleMappingUtilKt
instanceKlass org/jetbrains/kotlin/metadata/jvm/deserialization/BinaryModuleData
instanceKlass org/jetbrains/kotlin/metadata/jvm/deserialization/JvmMetadataVersion$Companion
instanceKlass org/jetbrains/kotlin/metadata/jvm/deserialization/ModuleMapping$Companion
instanceKlass org/jetbrains/kotlin/metadata/jvm/deserialization/ModuleMapping
instanceKlass org/jetbrains/kotlin/cli/jvm/compiler/JvmPackagePartProviderKt
instanceKlass org/jetbrains/kotlin/config/KotlinCompilerVersion
instanceKlass org/jetbrains/kotlin/config/LanguageVersionSettingsKt
instanceKlass org/jetbrains/kotlin/config/ExplicitApiMode$Companion
instanceKlass org/jetbrains/kotlin/config/AnalysisFlag$Delegates$ApiModeDisabledByDefault
instanceKlass org/jetbrains/kotlin/config/AnalysisFlag$Delegates$ListOfStrings
instanceKlass org/jetbrains/kotlin/config/AnalysisFlag
instanceKlass org/jetbrains/kotlin/config/AnalysisFlag$Delegate
instanceKlass org/jetbrains/kotlin/config/AnalysisFlag$Delegates$Boolean
instanceKlass org/jetbrains/kotlin/config/AnalysisFlags
instanceKlass org/jetbrains/kotlin/resolve/CompilerDeserializationConfiguration
instanceKlass org/jetbrains/kotlin/load/kotlin/JvmPackagePartProviderBase$Companion
instanceKlass org/jetbrains/kotlin/load/kotlin/JvmPackagePartProviderBase
instanceKlass org/jetbrains/kotlin/load/kotlin/PackageAndMetadataPartProvider
instanceKlass org/jetbrains/kotlin/serialization/deserialization/MetadataPartProvider
instanceKlass org/jetbrains/kotlin/load/kotlin/PackagePartProvider
instanceKlass  @bci org/jetbrains/kotlin/resolve/lazy/declarations/FileBasedDeclarationProviderFactory <init> (Lorg/jetbrains/kotlin/storage/StorageManager;Ljava/util/Collection;)V 29 <appendix> member <vmtarget> ; # org/jetbrains/kotlin/resolve/lazy/declarations/FileBasedDeclarationProviderFactory$$Lambda+0x00000008020950e8
instanceKlass org/jetbrains/kotlin/resolve/lazy/declarations/FileBasedDeclarationProviderFactory$Index
instanceKlass  @bci org/jetbrains/kotlin/resolve/lazy/declarations/AbstractDeclarationProviderFactory <init> (Lorg/jetbrains/kotlin/storage/StorageManager;)V 15 <appendix> member <vmtarget> ; # org/jetbrains/kotlin/resolve/lazy/declarations/AbstractDeclarationProviderFactory$$Lambda+0x0000000802094c50
instanceKlass org/jetbrains/kotlin/resolve/lazy/declarations/PackageMemberDeclarationProvider
instanceKlass org/jetbrains/kotlin/resolve/lazy/declarations/ClassMemberDeclarationProvider
instanceKlass org/jetbrains/kotlin/resolve/lazy/declarations/DeclarationProvider
instanceKlass org/jetbrains/kotlin/resolve/lazy/declarations/AbstractDeclarationProviderFactory
instanceKlass org/jetbrains/kotlin/resolve/lazy/declarations/DeclarationProviderFactory
instanceKlass org/jetbrains/kotlin/frontend/java/di/InjectionKt
instanceKlass org/jetbrains/kotlin/descriptors/impl/ModuleDependenciesImpl
instanceKlass org/jetbrains/kotlin/descriptors/impl/ModuleDependencies
instanceKlass org/jetbrains/kotlin/protobuf/SmallSortedMap$EntryIterator
instanceKlass org/jetbrains/kotlin/protobuf/GeneratedMessageLite$ExtendableMessage$ExtensionWriter
instanceKlass org/jetbrains/kotlin/serialization/deserialization/descriptors/DeserializedMemberScope$OptimizedImplementation
instanceKlass org/jetbrains/kotlin/serialization/deserialization/descriptors/DeserializedMemberScope$Implementation
instanceKlass org/jetbrains/kotlin/serialization/deserialization/MemberDeserializer
instanceKlass org/jetbrains/kotlin/serialization/deserialization/TypeDeserializer
instanceKlass org/jetbrains/kotlin/serialization/deserialization/DeserializationContext
instanceKlass org/jetbrains/kotlin/metadata/deserialization/VersionRequirementTable$Companion
instanceKlass org/jetbrains/kotlin/metadata/deserialization/VersionRequirementTable
instanceKlass org/jetbrains/kotlin/serialization/deserialization/EnumEntriesDeserializationSupport$Default
instanceKlass org/jetbrains/kotlin/serialization/deserialization/EnumEntriesDeserializationSupport
instanceKlass org/jetbrains/kotlin/resolve/OverridingUtil$1
instanceKlass org/jetbrains/kotlin/load/java/JavaIncompatibilityRulesOverridabilityCondition$Companion
instanceKlass org/jetbrains/kotlin/load/java/JavaIncompatibilityRulesOverridabilityCondition
instanceKlass org/jetbrains/kotlin/load/java/ErasedOverridabilityCondition
instanceKlass org/jetbrains/kotlin/load/java/FieldOverridabilityCondition
instanceKlass org/jetbrains/kotlin/resolve/ExternalOverridabilityCondition
instanceKlass org/jetbrains/kotlin/types/checker/KotlinTypeChecker$TypeConstructorEquality
instanceKlass org/jetbrains/kotlin/resolve/OverridingUtil
instanceKlass org/jetbrains/kotlin/types/checker/NewKotlinTypeCheckerImpl
instanceKlass org/jetbrains/kotlin/types/checker/NewKotlinTypeChecker$Companion
instanceKlass org/jetbrains/kotlin/types/checker/NewKotlinTypeChecker
instanceKlass org/jetbrains/kotlin/types/checker/KotlinTypeChecker
instanceKlass org/jetbrains/kotlin/resolve/sam/SamConversionResolverImpl
instanceKlass org/jetbrains/kotlin/serialization/deserialization/ContractDeserializer$Companion$DEFAULT$1
instanceKlass org/jetbrains/kotlin/serialization/deserialization/ContractDeserializer$Companion
instanceKlass org/jetbrains/kotlin/serialization/deserialization/ContractDeserializer
instanceKlass org/jetbrains/kotlin/serialization/deserialization/ErrorReporter$1
instanceKlass org/jetbrains/kotlin/serialization/deserialization/ErrorReporter
instanceKlass org/jetbrains/kotlin/serialization/deserialization/LocalClassifierTypeSettings$Default
instanceKlass org/jetbrains/kotlin/serialization/deserialization/LocalClassifierTypeSettings
instanceKlass org/jetbrains/kotlin/serialization/deserialization/AnnotationDeserializer
instanceKlass org/jetbrains/kotlin/serialization/deserialization/AnnotationAndConstantLoader
instanceKlass org/jetbrains/kotlin/serialization/deserialization/DeserializedClassDataFinder
instanceKlass org/jetbrains/kotlin/serialization/deserialization/DeserializationConfiguration$Default
instanceKlass org/jetbrains/kotlin/serialization/deserialization/DeserializationConfiguration
instanceKlass org/jetbrains/kotlin/serialization/deserialization/DeserializationComponents
instanceKlass org/jetbrains/kotlin/descriptors/NotFoundClasses
instanceKlass org/jetbrains/kotlin/descriptors/PackageFragmentProviderImpl
instanceKlass org/jetbrains/kotlin/descriptors/PackageFragmentProviderOptimized
instanceKlass org/jetbrains/kotlin/descriptors/PackageFragmentProvider
instanceKlass org/jetbrains/kotlin/metadata/builtins/ReadPackageFragmentKt
instanceKlass org/jetbrains/kotlin/serialization/deserialization/builtins/BuiltInsPackageFragmentImpl$Companion
instanceKlass org/jetbrains/kotlin/builtins/BuiltInsPackageFragment
instanceKlass org/jetbrains/kotlin/utils/WrappedValues$ThrowableWrapper
instanceKlass org/jetbrains/kotlin/utils/WrappedValues$1
instanceKlass org/jetbrains/kotlin/utils/WrappedValues
instanceKlass org/jetbrains/kotlin/storage/LockBasedStorageManager$CacheWithNullableValuesBasedOnMemoizedFunction$1
instanceKlass org/jetbrains/kotlin/types/KotlinTypeFactory
instanceKlass org/jetbrains/kotlin/util/ArrayMap
instanceKlass org/jetbrains/kotlin/util/TypeRegistry
instanceKlass org/jetbrains/kotlin/util/AbstractArrayMapOwner
instanceKlass org/jetbrains/kotlin/descriptors/FieldDescriptor
instanceKlass org/jetbrains/kotlin/descriptors/PropertySetterDescriptor
instanceKlass org/jetbrains/kotlin/descriptors/PropertyGetterDescriptor
instanceKlass org/jetbrains/kotlin/descriptors/PropertyAccessorDescriptor
instanceKlass org/jetbrains/kotlin/descriptors/VariableAccessorDescriptor
instanceKlass org/jetbrains/kotlin/types/error/ErrorPropertyDescriptor
instanceKlass org/jetbrains/kotlin/descriptors/PropertyDescriptor
instanceKlass org/jetbrains/kotlin/mpp/PropertySymbolMarker
instanceKlass org/jetbrains/kotlin/descriptors/VariableDescriptorWithAccessors
instanceKlass kotlin/jvm/internal/StringCompanionObject
instanceKlass org/jetbrains/kotlin/types/error/ErrorTypeConstructor
instanceKlass org/jetbrains/kotlin/types/error/ErrorScope
instanceKlass org/jetbrains/kotlin/cli/common/ModuleVisibilityHelperImpl
instanceKlass org/jetbrains/kotlin/descriptors/DescriptorVisibilities$12
instanceKlass org/jetbrains/kotlin/descriptors/DescriptorVisibilities$11
instanceKlass org/jetbrains/kotlin/descriptors/DescriptorVisibilities$10
instanceKlass org/jetbrains/kotlin/util/ModuleVisibilityHelper
instanceKlass org/jetbrains/kotlin/descriptors/DescriptorVisibility
instanceKlass org/jetbrains/kotlin/descriptors/Visibility
instanceKlass org/jetbrains/kotlin/descriptors/DescriptorVisibilities
instanceKlass org/jetbrains/kotlin/descriptors/FunctionDescriptor$CopyBuilder
instanceKlass org/jetbrains/kotlin/descriptors/CallableMemberDescriptor$CopyBuilder
instanceKlass org/jetbrains/kotlin/descriptors/ClassConstructorDescriptor
instanceKlass org/jetbrains/kotlin/mpp/ConstructorSymbolMarker
instanceKlass org/jetbrains/kotlin/descriptors/ConstructorDescriptor
instanceKlass org/jetbrains/kotlin/types/error/ErrorModuleDescriptor
instanceKlass org/jetbrains/kotlin/types/error/ErrorUtils
instanceKlass org/jetbrains/kotlin/types/TypeProjection
instanceKlass org/jetbrains/kotlin/types/model/TypeArgumentMarker
instanceKlass org/jetbrains/kotlin/types/TypeUtils
instanceKlass org/jetbrains/kotlin/descriptors/impl/AbstractClassDescriptor$1$1
instanceKlass org/jetbrains/kotlin/types/AbstractTypeRefiner
instanceKlass org/jetbrains/kotlin/types/checker/KotlinTypeRefinerKt
instanceKlass org/jetbrains/kotlin/resolve/descriptorUtil/DescriptorUtilsKt
instanceKlass org/jetbrains/kotlin/descriptors/FunctionDescriptor
instanceKlass org/jetbrains/kotlin/mpp/FunctionSymbolMarker
instanceKlass org/jetbrains/kotlin/resolve/DescriptorUtils
instanceKlass org/jetbrains/kotlin/resolve/scopes/MemberScopeImpl
instanceKlass org/jetbrains/kotlin/descriptors/SupertypeLoopChecker
instanceKlass org/jetbrains/kotlin/types/ClassifierBasedTypeConstructor
instanceKlass org/jetbrains/kotlin/descriptors/impl/AbstractClassDescriptor$3
instanceKlass org/jetbrains/kotlin/descriptors/impl/AbstractClassDescriptor$2
instanceKlass org/jetbrains/kotlin/descriptors/impl/AbstractClassDescriptor$1
instanceKlass org/jetbrains/kotlin/descriptors/Modality$Companion
instanceKlass org/jetbrains/kotlin/descriptors/impl/ModuleAwareClassDescriptor$Companion
instanceKlass org/jetbrains/kotlin/types/TypeConstructor
instanceKlass org/jetbrains/kotlin/types/model/TypeConstructorMarker
instanceKlass org/jetbrains/kotlin/resolve/scopes/MemberScope
instanceKlass org/jetbrains/kotlin/resolve/scopes/ResolutionScope
instanceKlass org/jetbrains/kotlin/descriptors/impl/ModuleAwareClassDescriptor
instanceKlass org/jetbrains/kotlin/descriptors/PackageViewDescriptor
instanceKlass org/jetbrains/kotlin/renderer/KeywordStringsGenerated
instanceKlass org/jetbrains/kotlin/renderer/RenderingUtilsKt
instanceKlass org/jetbrains/kotlin/descriptors/ModuleDescriptor$DefaultImpls
instanceKlass org/jetbrains/kotlin/renderer/DescriptorRendererImpl$RenderDeclarationDescriptorVisitor
instanceKlass org/jetbrains/kotlin/descriptors/DeclarationDescriptorVisitor
instanceKlass org/jetbrains/kotlin/renderer/ClassifierNamePolicy$FULLY_QUALIFIED
instanceKlass org/jetbrains/kotlin/renderer/ClassifierNamePolicy$SHORT
instanceKlass org/jetbrains/kotlin/renderer/ExcludedTypeAnnotations
instanceKlass org/jetbrains/kotlin/renderer/DescriptorRenderer$ValueParametersHandler$DEFAULT
instanceKlass org/jetbrains/kotlin/renderer/DescriptorRenderer$ValueParametersHandler
instanceKlass org/jetbrains/kotlin/renderer/DescriptorRendererModifier$Companion
instanceKlass kotlin/properties/ObservableProperty
instanceKlass kotlin/properties/ReadWriteProperty
instanceKlass kotlin/properties/ReadOnlyProperty
instanceKlass kotlin/properties/Delegates
instanceKlass org/jetbrains/kotlin/renderer/ClassifierNamePolicy$SOURCE_CODE_QUALIFIED
instanceKlass org/jetbrains/kotlin/renderer/ClassifierNamePolicy
instanceKlass org/jetbrains/kotlin/renderer/DescriptorRendererOptionsImpl
instanceKlass org/jetbrains/kotlin/renderer/DescriptorRendererOptions
instanceKlass org/jetbrains/kotlin/renderer/DescriptorRenderer$Companion
instanceKlass org/jetbrains/kotlin/renderer/DescriptorRenderer
instanceKlass org/jetbrains/kotlin/descriptors/PackageFragmentDescriptor
instanceKlass org/jetbrains/kotlin/builtins/jvm/JvmBuiltInsCustomizer
instanceKlass org/jetbrains/kotlin/storage/StorageKt
instanceKlass org/jetbrains/kotlin/builtins/jvm/JvmBuiltInClassDescriptorFactory$Companion
instanceKlass org/jetbrains/kotlin/builtins/jvm/JvmBuiltInClassDescriptorFactory
instanceKlass org/jetbrains/kotlin/builtins/functions/BuiltInFictitiousFunctionClassFactory
instanceKlass org/jetbrains/kotlin/descriptors/deserialization/ClassDescriptorFactory
instanceKlass org/jetbrains/kotlin/serialization/deserialization/builtins/BuiltInsResourceLoader
instanceKlass org/jetbrains/kotlin/serialization/deserialization/builtins/BuiltInsLoaderImpl
instanceKlass org/jetbrains/kotlin/builtins/BuiltInsLoader$Companion
instanceKlass org/jetbrains/kotlin/builtins/BuiltInsLoader
instanceKlass org/jetbrains/kotlin/cli/jvm/compiler/TopDownAnalyzerFacadeForJVM$SourceOrBinaryModuleClassResolver
instanceKlass org/jetbrains/kotlin/load/java/lazy/ModuleClassResolver
instanceKlass org/jetbrains/kotlin/incremental/components/EnumWhenTracker$DoNothing
instanceKlass org/jetbrains/kotlin/incremental/components/EnumWhenTracker
instanceKlass org/jetbrains/kotlin/incremental/components/InlineConstTracker$DoNothing
instanceKlass org/jetbrains/kotlin/incremental/components/InlineConstTracker
instanceKlass org/jetbrains/kotlin/incremental/components/ExpectActualTracker$DoNothing
instanceKlass org/jetbrains/kotlin/incremental/components/ExpectActualTracker
instanceKlass org/jetbrains/kotlin/incremental/components/LookupTracker$DO_NOTHING
instanceKlass org/jetbrains/kotlin/incremental/components/LookupTracker
instanceKlass org/jetbrains/kotlin/builtins/KotlinBuiltIns$4
instanceKlass org/jetbrains/kotlin/context/MutableModuleContextImpl
instanceKlass org/jetbrains/kotlin/context/MutableModuleContext
instanceKlass org/jetbrains/kotlin/context/ModuleContext
instanceKlass org/jetbrains/kotlin/descriptors/impl/PackageViewDescriptorFactory$Default
instanceKlass org/jetbrains/kotlin/descriptors/ModuleCapability
instanceKlass org/jetbrains/kotlin/descriptors/impl/PackageViewDescriptorFactory$Companion
instanceKlass org/jetbrains/kotlin/descriptors/impl/PackageViewDescriptorFactory
instanceKlass org/jetbrains/kotlin/descriptors/annotations/Annotations$Companion$EMPTY$1
instanceKlass org/jetbrains/kotlin/descriptors/annotations/Annotations$Companion
instanceKlass org/jetbrains/kotlin/descriptors/annotations/Annotations
instanceKlass org/jetbrains/kotlin/descriptors/annotations/AnnotatedImpl
instanceKlass org/jetbrains/kotlin/builtins/jvm/JvmBuiltIns$WhenMappings
instanceKlass org/jetbrains/kotlin/builtins/KotlinBuiltIns$3
instanceKlass org/jetbrains/kotlin/builtins/KotlinBuiltIns$2
instanceKlass org/jetbrains/kotlin/storage/LockBasedStorageManager$LockBasedLazyValue
instanceKlass org/jetbrains/kotlin/builtins/KotlinBuiltIns$1
instanceKlass org/jetbrains/kotlin/descriptors/deserialization/PlatformDependentDeclarationFilter
instanceKlass org/jetbrains/kotlin/incremental/components/LookupLocation
instanceKlass org/jetbrains/kotlin/descriptors/deserialization/AdditionalClassPartsProvider
instanceKlass org/jetbrains/kotlin/types/model/TypeArgumentListMarker
instanceKlass  @bci org/jetbrains/kotlin/context/ContextKt GlobalContext (Ljava/lang/String;)Lorg/jetbrains/kotlin/context/GlobalContextImpl; 23 <appendix> argL0 ; # org/jetbrains/kotlin/context/ContextKt$$Lambda+0x000000080205c430
instanceKlass org/jetbrains/kotlin/context/SimpleGlobalContext
instanceKlass org/jetbrains/kotlin/storage/ExceptionTracker
instanceKlass org/jetbrains/kotlin/context/ProjectContextImpl
instanceKlass org/jetbrains/kotlin/context/ProjectContext
instanceKlass org/jetbrains/kotlin/context/GlobalContext
instanceKlass org/jetbrains/kotlin/context/ContextKt
instanceKlass org/jetbrains/kotlin/resolve/TargetEnvironment$Companion
instanceKlass org/jetbrains/kotlin/resolve/TargetEnvironment
instanceKlass org/jetbrains/kotlin/cli/jvm/compiler/TopDownAnalyzerFacadeForJVM
instanceKlass  @bci org/jetbrains/kotlin/resolve/diagnostics/MutableDiagnosticsWithSuppression <init> (Lorg/jetbrains/kotlin/resolve/diagnostics/KotlinSuppressCache;Lorg/jetbrains/kotlin/resolve/diagnostics/Diagnostics;)V 43 <appendix> member <vmtarget> ; # org/jetbrains/kotlin/resolve/diagnostics/MutableDiagnosticsWithSuppression$$Lambda+0x0000000802059b00
instanceKlass com/intellij/openapi/util/Getter
instanceKlass org/jetbrains/kotlin/resolve/diagnostics/KotlinSuppressCache$Companion
instanceKlass org/jetbrains/kotlin/diagnostics/AbstractKotlinSuppressCache$Companion
instanceKlass org/jetbrains/kotlin/resolve/diagnostics/Diagnostics$Companion$EMPTY$1
instanceKlass org/jetbrains/kotlin/resolve/diagnostics/Diagnostics$Companion
instanceKlass org/jetbrains/kotlin/resolve/diagnostics/MutableDiagnosticsWithSuppression
instanceKlass org/jetbrains/kotlin/resolve/diagnostics/Diagnostics
instanceKlass org/jetbrains/kotlin/diagnostics/GenericDiagnostics
instanceKlass org/jetbrains/kotlin/util/slicedMap/WritableSlice
instanceKlass org/jetbrains/kotlin/resolve/BindingTraceContext$1
instanceKlass org/jetbrains/kotlin/resolve/CleanableBindingContext
instanceKlass com/google/common/collect/Multimap
instanceKlass org/jetbrains/kotlin/util/slicedMap/SlicedMapImpl
instanceKlass org/jetbrains/kotlin/resolve/BindingTraceFilter$Companion
instanceKlass org/jetbrains/kotlin/resolve/BindingTraceFilter
instanceKlass org/jetbrains/kotlin/diagnostics/DiagnosticSink$2
instanceKlass org/jetbrains/kotlin/diagnostics/DiagnosticSink$1
instanceKlass org/jetbrains/kotlin/util/slicedMap/ReadOnlySlice
instanceKlass org/jetbrains/kotlin/util/slicedMap/MutableSlicedMap
instanceKlass org/jetbrains/kotlin/util/slicedMap/SlicedMap
instanceKlass org/jetbrains/kotlin/diagnostics/AbstractKotlinSuppressCache
instanceKlass org/jetbrains/kotlin/resolve/BindingContext
instanceKlass org/jetbrains/kotlin/resolve/BindingTraceContext
instanceKlass org/jetbrains/kotlin/resolve/ModuleAnnotationsResolver$Companion
instanceKlass kotlin/jvm/internal/TypeIntrinsics
instanceKlass  @bci com/intellij/openapi/vfs/StandardFileSystems <clinit> ()V 11 <appendix> argL0 ; # com/intellij/openapi/vfs/StandardFileSystems$$Lambda+0x0000000802054888
instanceKlass  @bci com/intellij/openapi/vfs/StandardFileSystems <clinit> ()V 0 <appendix> argL0 ; # com/intellij/openapi/vfs/StandardFileSystems$$Lambda+0x0000000802054638
instanceKlass com/intellij/openapi/vfs/StandardFileSystems
instanceKlass org/jetbrains/kotlin/analysis/api/descriptors/KtFe10AnalysisHandlerExtension$Companion
instanceKlass org/jetbrains/kotlin/analysis/api/descriptors/KtFe10AnalysisHandlerExtension
instanceKlass org/jetbrains/kotlin/references/fe10/base/KtFe10KotlinReferenceProviderContributor
instanceKlass org/jetbrains/kotlin/idea/references/KotlinReferenceProviderContributor
instanceKlass org/jetbrains/kotlin/idea/references/ReadWriteAccessChecker$Companion
instanceKlass org/jetbrains/kotlin/analysis/api/descriptors/references/ReadWriteAccessCheckerDescriptorsImpl
instanceKlass org/jetbrains/kotlin/idea/references/ReadWriteAccessChecker
instanceKlass org/jetbrains/kotlin/analysis/api/descriptors/CliFe10AnalysisFacade
instanceKlass org/jetbrains/kotlin/analysis/api/descriptors/Fe10AnalysisFacade
instanceKlass  @bci org/jetbrains/kotlin/analysis/api/lifetime/impl/NoWriteActionInAnalyseCallChecker <init> (Lcom/intellij/openapi/Disposable;)V 35 <appendix> argL0 ; # org/jetbrains/kotlin/analysis/api/lifetime/impl/NoWriteActionInAnalyseCallChecker$$Lambda+0x0000000802052d20
instanceKlass org/jetbrains/kotlin/analysis/api/lifetime/impl/NoWriteActionInAnalyseCallChecker$listener$1
instanceKlass com/intellij/openapi/application/ApplicationListener
instanceKlass org/jetbrains/kotlin/analysis/api/lifetime/impl/NoWriteActionInAnalyseCallChecker
instanceKlass org/jetbrains/kotlin/analysis/api/session/KtAnalysisSessionProvider$Companion
instanceKlass org/jetbrains/kotlin/analysis/api/session/KtAnalysisSessionProvider
instanceKlass org/jetbrains/kotlin/psi/KotlinReferenceProvidersService
instanceKlass org/jetbrains/kotlin/analysis/providers/KotlinPackageProviderFactory
instanceKlass  @bci java/util/function/IntUnaryOperator identity ()Ljava/util/function/IntUnaryOperator; 0 <appendix> argL0 ; # java/util/function/IntUnaryOperator$$Lambda+0x0000000801d48890
instanceKlass com/intellij/util/indexing/IndexingDataKeys
instanceKlass  @bci org/jetbrains/kotlin/analysis/providers/impl/KotlinStaticDeclarationProviderFactory indexSupertypeNames (Lorg/jetbrains/kotlin/psi/KtClassOrObject;)V 68 <appendix> member <vmtarget> ; # org/jetbrains/kotlin/analysis/providers/impl/KotlinStaticDeclarationProviderFactory$$Lambda+0x0000000802050c18
instanceKlass org/jetbrains/kotlin/psi/UserDataProperty
instanceKlass kotlin/reflect/jvm/internal/ReflectProperties$Val$1
instanceKlass kotlin/reflect/jvm/internal/ReflectProperties$Val
instanceKlass kotlin/reflect/jvm/internal/ReflectProperties
instanceKlass kotlin/reflect/jvm/internal/KPropertyImpl$Companion
instanceKlass kotlin/reflect/jvm/internal/KCallableImpl
instanceKlass kotlin/reflect/KMutableProperty$Setter
instanceKlass org/jetbrains/kotlin/psi/psiUtil/KtPsiUtilKt
instanceKlass  @bci org/jetbrains/kotlin/analysis/providers/impl/KotlinStaticDeclarationProviderFactory addToClassMap (Lorg/jetbrains/kotlin/psi/KtClassOrObject;)V 28 <appendix> member <vmtarget> ; # org/jetbrains/kotlin/analysis/providers/impl/KotlinStaticDeclarationProviderFactory$$Lambda+0x000000080204c148
instanceKlass  @bci org/jetbrains/kotlin/analysis/providers/impl/KotlinStaticDeclarationProviderFactory addToFunctionMap (Lorg/jetbrains/kotlin/psi/KtNamedFunction;)V 40 <appendix> member <vmtarget> ; # org/jetbrains/kotlin/analysis/providers/impl/KotlinStaticDeclarationProviderFactory$$Lambda+0x000000080204bc60
instanceKlass  @bci org/jetbrains/kotlin/analysis/providers/impl/KotlinStaticDeclarationProviderFactory addToFacadeFileMap (Lorg/jetbrains/kotlin/psi/KtFile;)V 25 <appendix> member <vmtarget> ; # org/jetbrains/kotlin/analysis/providers/impl/KotlinStaticDeclarationProviderFactory$$Lambda+0x000000080204b1a8
instanceKlass org/jetbrains/kotlin/psi/psiUtil/PsiUtilsKt
instanceKlass  @bci org/jetbrains/kotlin/psi/KtDeclaration <clinit> ()V 7 <appendix> argL0 ; # org/jetbrains/kotlin/psi/KtDeclaration$$Lambda+0x0000000802049fa0
instanceKlass org/jetbrains/kotlin/psi/stubs/elements/KtTokenSets
instanceKlass org/jetbrains/kotlin/psi/KtFile$Companion
# instanceKlass java/lang/invoke/LambdaForm$MH+0x0000000802045000
# instanceKlass java/lang/invoke/LambdaForm$MH+0x0000000802044c00
instanceKlass org/jetbrains/kotlin/constant/AnnotationValue$Value
instanceKlass org/jetbrains/kotlin/psi/stubs/impl/KotlinClassTypeBean
instanceKlass org/jetbrains/kotlin/types/model/SimpleTypeMarker
instanceKlass org/jetbrains/kotlin/constant/AnnotationValue$Companion
# instanceKlass java/lang/invoke/LambdaForm$MH+0x0000000802044800
instanceKlass org/jetbrains/kotlin/constant/KClassValue$Value
instanceKlass org/jetbrains/kotlin/resolve/constants/ClassLiteralValue
# instanceKlass java/lang/invoke/LambdaForm$MH+0x0000000802044400
instanceKlass org/jetbrains/kotlin/serialization/deserialization/AbstractAnnotationLoader$WhenMappings
instanceKlass org/jetbrains/kotlin/load/kotlin/KotlinJvmBinarySourceElement
instanceKlass  @bci com/intellij/util/containers/Unsafe putObjectVolatile (Ljava/lang/Object;JLjava/lang/Object;)V 6 <adapter> ; # java/lang/invoke/LambdaForm$MH+0x0000000802044000
instanceKlass org/jetbrains/kotlin/descriptors/SourceElement$1
instanceKlass org/jetbrains/kotlin/serialization/deserialization/ClassData
instanceKlass kotlin/jvm/internal/Ref$ObjectRef
instanceKlass org/jetbrains/kotlin/builtins/functions/FunctionTypeKindExtractor$KindWithArity
instanceKlass org/jetbrains/kotlin/analysis/decompiler/stub/flags/FlagsKt$MODALITY$1$WhenMappings
instanceKlass org/jetbrains/kotlin/analysis/decompiler/stub/ClassClsStubBuilder$WhenMappings
instanceKlass org/jetbrains/kotlin/analysis/decompiler/stub/ClassClsStubBuilder$Companion
instanceKlass org/jetbrains/kotlin/analysis/decompiler/stub/ClassClsStubBuilder
instanceKlass org/jetbrains/kotlin/analysis/decompiler/stub/ClassClsStubBuilderKt
instanceKlass org/jetbrains/kotlin/constant/ConstantValue
instanceKlass org/jetbrains/kotlin/psi/stubs/impl/KotlinConstantValueKt$WhenMappings
instanceKlass org/jetbrains/kotlin/psi/stubs/impl/KotlinConstantValueKt
instanceKlass com/intellij/psi/stubs/Hash
instanceKlass com/intellij/psi/stubs/StrippedIntOpenHashMap
instanceKlass  @bci com/intellij/util/containers/Unsafe compareAndSwapLong (Ljava/lang/Object;JJJ)Z 16 <adapter> ; # java/lang/invoke/LambdaForm$MH+0x000000080203cc00
instanceKlass  @bci com/intellij/util/containers/Unsafe compareAndSwapObject (Ljava/lang/Object;JLjava/lang/Object;Ljava/lang/Object;)Z 8 <adapter> ; # java/lang/invoke/LambdaForm$MH+0x000000080203c800
instanceKlass  @bci com/intellij/util/containers/Unsafe getObjectVolatile (Ljava/lang/Object;J)Ljava/lang/Object; 5 <adapter> ; # java/lang/invoke/LambdaForm$MH+0x000000080203c400
instanceKlass  @bci com/intellij/util/containers/Unsafe compareAndSwapInt (Ljava/lang/Object;JII)Z 8 <adapter> ; # java/lang/invoke/LambdaForm$MH+0x000000080203c000
instanceKlass com/intellij/psi/stubs/StubList$2
instanceKlass com/intellij/util/containers/ConcurrentIntObjectHashMap$CollectionView
instanceKlass com/intellij/util/containers/ConcurrentIntObjectHashMap$CounterCell
instanceKlass com/intellij/util/containers/ConcurrentIntObjectHashMap$Node
instanceKlass com/intellij/util/containers/IntObjectMap$Entry
instanceKlass com/intellij/util/containers/ConcurrentIntObjectHashMap
instanceKlass org/jetbrains/kotlin/builtins/functions/FunctionTypeKind
instanceKlass org/jetbrains/kotlin/builtins/functions/FunctionTypeKindExtractor$Companion
instanceKlass org/jetbrains/kotlin/builtins/functions/FunctionTypeKindExtractor
instanceKlass org/jetbrains/kotlin/builtins/FunctionTypesKt
instanceKlass org/jetbrains/kotlin/name/SpecialNames
instanceKlass org/jetbrains/kotlin/analysis/decompiler/stub/AnnotationWithTarget
instanceKlass org/jetbrains/kotlin/analysis/decompiler/stub/AnnotationWithArgs
instanceKlass org/jetbrains/kotlin/analysis/decompiler/stub/TypeClsStubBuilder$WhenMappings
instanceKlass org/jetbrains/kotlin/psi/stubs/impl/ModifierMaskUtils
instanceKlass org/jetbrains/kotlin/analysis/decompiler/stub/flags/FlagsKt$VISIBILITY$1$WhenMappings
instanceKlass org/jetbrains/kotlin/analysis/decompiler/stub/flags/FlagsKt
instanceKlass org/jetbrains/kotlin/analysis/decompiler/stub/flags/FlagsToModifiers
instanceKlass org/jetbrains/kotlin/psi/stubs/impl/KotlinFunctionStubImpl$Companion
instanceKlass org/jetbrains/kotlin/psi/stubs/impl/KotlinStubOrigin$Facade$Companion
instanceKlass org/jetbrains/kotlin/psi/stubs/impl/KotlinStubOrigin$Companion
instanceKlass org/jetbrains/kotlin/psi/stubs/impl/KotlinStubOrigin
instanceKlass org/jetbrains/kotlin/metadata/deserialization/ProtoTypeTableUtilKt
instanceKlass kotlin/UnsafeLazyImpl
instanceKlass org/jetbrains/kotlin/analysis/decompiler/stub/ContextReceiversListStubBuilder
instanceKlass org/jetbrains/kotlin/analysis/decompiler/stub/TypeClsStubBuilder
instanceKlass org/jetbrains/kotlin/analysis/decompiler/stub/TypeParametersImpl
instanceKlass org/jetbrains/kotlin/analysis/decompiler/stub/ClsStubBuilderContextKt
instanceKlass org/jetbrains/kotlin/analysis/decompiler/stub/CallableClsStubBuilder
instanceKlass org/jetbrains/kotlin/analysis/decompiler/stub/CallableClsStubBuilderKt$WhenMappings
instanceKlass org/jetbrains/kotlin/metadata/ProtoBuf$MemberKind$1
instanceKlass org/jetbrains/kotlin/metadata/ProtoBuf$Class$Kind$1
instanceKlass org/jetbrains/kotlin/metadata/ProtoBuf$Modality$1
instanceKlass org/jetbrains/kotlin/metadata/ProtoBuf$Visibility$1
instanceKlass org/jetbrains/kotlin/metadata/deserialization/Flags$FlagField
instanceKlass org/jetbrains/kotlin/metadata/deserialization/Flags
instanceKlass org/jetbrains/kotlin/analysis/decompiler/stub/CallableClsStubBuilderKt
instanceKlass org/jetbrains/kotlin/metadata/deserialization/ProtoBufUtilKt
instanceKlass org/jetbrains/kotlin/metadata/jvm/JvmProtoBuf$JvmFieldSignatureOrBuilder
instanceKlass org/jetbrains/kotlin/metadata/jvm/JvmProtoBuf$JvmPropertySignatureOrBuilder
instanceKlass org/jetbrains/kotlin/metadata/jvm/JvmProtoBuf$JvmMethodSignatureOrBuilder
instanceKlass org/jetbrains/kotlin/metadata/jvm/JvmProtoBuf
instanceKlass org/jetbrains/kotlin/resolve/jvm/JvmClassName
instanceKlass org/jetbrains/kotlin/load/kotlin/JvmPackagePartSource
instanceKlass org/jetbrains/kotlin/load/kotlin/FacadeClassSource
instanceKlass org/jetbrains/kotlin/serialization/deserialization/descriptors/DeserializedContainerSource
instanceKlass org/jetbrains/kotlin/name/NameUtils
instanceKlass org/jetbrains/kotlin/load/kotlin/PackagePartClassUtils
instanceKlass org/jetbrains/kotlin/serialization/deserialization/ProtoContainer
instanceKlass com/intellij/util/io/StringRef
instanceKlass org/jetbrains/kotlin/psi/stubs/impl/KotlinStubBaseImpl$Companion
instanceKlass com/intellij/util/containers/UnsignedShortArrayList
instanceKlass com/intellij/psi/stubs/MostlyUShortIntList
instanceKlass com/intellij/psi/stubs/StubList$TempState
instanceKlass org/jetbrains/kotlin/psi/stubs/impl/KotlinFileStubImpl$Companion
instanceKlass org/jetbrains/kotlin/analysis/decompiler/stub/ClsStubBuildingKt
instanceKlass org/jetbrains/kotlin/analysis/decompiler/stub/EmptyTypeParameters
instanceKlass org/jetbrains/kotlin/analysis/decompiler/stub/TypeParameters
instanceKlass org/jetbrains/kotlin/analysis/decompiler/stub/ClsStubBuilderContext
instanceKlass org/jetbrains/kotlin/metadata/deserialization/TypeTable
instanceKlass org/jetbrains/kotlin/serialization/deserialization/AbstractAnnotationLoader
instanceKlass org/jetbrains/kotlin/serialization/deserialization/AnnotationLoader
instanceKlass org/jetbrains/kotlin/serialization/deserialization/ProtoBasedClassDataFinder
instanceKlass org/jetbrains/kotlin/serialization/deserialization/ClassDataFinder
instanceKlass org/jetbrains/kotlin/analysis/decompiler/stub/ClsStubBuilderComponents
instanceKlass org/jetbrains/kotlin/utils/CollectionsKt
instanceKlass org/jetbrains/kotlin/builtins/PrimitiveType$Companion
instanceKlass org/jetbrains/kotlin/builtins/StandardNames
instanceKlass org/jetbrains/kotlin/builtins/StandardNames$FqNames
instanceKlass org/jetbrains/kotlin/serialization/deserialization/ClassDeserializer$Companion
instanceKlass org/jetbrains/kotlin/serialization/deserialization/ClassDeserializer
instanceKlass org/jetbrains/kotlin/serialization/deserialization/NameResolverUtilKt
instanceKlass kotlin/Triple
instanceKlass org/jetbrains/kotlin/metadata/deserialization/NameResolverImpl$WhenMappings
instanceKlass org/jetbrains/kotlin/protobuf/Utf8
instanceKlass org/jetbrains/kotlin/metadata/deserialization/NameResolverImpl
instanceKlass org/jetbrains/kotlin/metadata/deserialization/NameResolver
instanceKlass org/jetbrains/kotlin/metadata/ProtoBuf$Type$Argument$Projection$1
instanceKlass org/jetbrains/kotlin/metadata/ProtoBuf$Type$ArgumentOrBuilder
instanceKlass org/jetbrains/kotlin/metadata/ProtoBuf$Annotation$ArgumentOrBuilder
instanceKlass org/jetbrains/kotlin/protobuf/SmallSortedMap$Entry
instanceKlass org/jetbrains/kotlin/protobuf/FieldSet$1
instanceKlass org/jetbrains/kotlin/protobuf/AbstractMessageLite$Builder
instanceKlass org/jetbrains/kotlin/protobuf/GeneratedMessageLite$1
instanceKlass org/jetbrains/kotlin/metadata/ProtoBuf$QualifiedNameTable$QualifiedName$Kind$1
instanceKlass org/jetbrains/kotlin/metadata/ProtoBuf$QualifiedNameTable$QualifiedNameOrBuilder
instanceKlass org/jetbrains/kotlin/protobuf/WireFormat
instanceKlass org/jetbrains/kotlin/protobuf/CodedOutputStream
instanceKlass org/jetbrains/kotlin/protobuf/CodedInputStream
instanceKlass org/jetbrains/kotlin/metadata/ProtoBuf$QualifiedNameTableOrBuilder
instanceKlass org/jetbrains/kotlin/protobuf/LazyStringList
instanceKlass org/jetbrains/kotlin/protobuf/ProtocolStringList
instanceKlass org/jetbrains/kotlin/metadata/ProtoBuf$StringTableOrBuilder
instanceKlass org/jetbrains/kotlin/metadata/ProtoBuf$PackageFragmentOrBuilder
instanceKlass kotlin/collections/IntIterator
instanceKlass org/jetbrains/kotlin/metadata/builtins/BuiltInsBinaryVersion$Companion
instanceKlass org/jetbrains/kotlin/metadata/deserialization/BinaryVersion$Companion
instanceKlass org/jetbrains/kotlin/metadata/deserialization/BinaryVersion
instanceKlass org/jetbrains/kotlin/analysis/decompiler/psi/BuiltInDefinitionFile$Companion
instanceKlass org/jetbrains/kotlin/analysis/decompiler/stub/file/KotlinMetadataStubBuilder$FileWithMetadata
instanceKlass org/jetbrains/kotlin/analysis/decompiler/psi/KotlinBuiltInDecompilationInterceptor$Companion
instanceKlass org/jetbrains/kotlin/analysis/decompiler/psi/KotlinBuiltInDecompilationInterceptor
instanceKlass  @bci com/intellij/util/indexing/FileContentImpl createByContent (Lcom/intellij/openapi/vfs/VirtualFile;[B)Lcom/intellij/util/indexing/FileContent; 35 <appendix> member <vmtarget> ; # com/intellij/util/indexing/FileContentImpl$$Lambda+0x0000000802014a18
instanceKlass com/intellij/openapi/util/NotNullComputable
instanceKlass com/intellij/openapi/util/Computable
instanceKlass com/intellij/lang/LighterAST
instanceKlass com/intellij/util/indexing/PsiDependentFileContent
instanceKlass com/intellij/util/indexing/FileContent
instanceKlass com/intellij/util/indexing/IndexedFile
instanceKlass  @bci java/util/regex/CharPredicates category (I)Ljava/util/regex/Pattern$CharPredicate; 1 <appendix> member <vmtarget> ; # java/util/regex/CharPredicates$$Lambda+0x0000000801d48600
instanceKlass com/intellij/util/io/URLUtil
instanceKlass org/jetbrains/kotlin/protobuf/ExtensionRegistryLite$ObjectIntPair
instanceKlass org/jetbrains/kotlin/metadata/ProtoBuf$TypeParameter$Variance$1
instanceKlass org/jetbrains/kotlin/metadata/ProtoBuf$TypeParameterOrBuilder
instanceKlass org/jetbrains/kotlin/metadata/ProtoBuf$EnumEntryOrBuilder
instanceKlass org/jetbrains/kotlin/metadata/ProtoBuf$Annotation$Argument$Value$Type$1
instanceKlass org/jetbrains/kotlin/protobuf/Internal$EnumLiteMap
instanceKlass org/jetbrains/kotlin/metadata/ProtoBuf$Annotation$Argument$ValueOrBuilder
instanceKlass org/jetbrains/kotlin/metadata/ProtoBuf$ValueParameterOrBuilder
instanceKlass org/jetbrains/kotlin/metadata/ProtoBuf$PropertyOrBuilder
instanceKlass org/jetbrains/kotlin/metadata/ProtoBuf$ContractOrBuilder
instanceKlass org/jetbrains/kotlin/metadata/ProtoBuf$FunctionOrBuilder
instanceKlass org/jetbrains/kotlin/metadata/ProtoBuf$ConstructorOrBuilder
instanceKlass org/jetbrains/kotlin/metadata/ProtoBuf$AnnotationOrBuilder
instanceKlass org/jetbrains/kotlin/metadata/ProtoBuf$TypeOrBuilder
instanceKlass org/jetbrains/kotlin/metadata/ProtoBuf$ClassOrBuilder
instanceKlass org/jetbrains/kotlin/protobuf/Internal$EnumLite
instanceKlass org/jetbrains/kotlin/protobuf/GeneratedMessageLite$ExtensionDescriptor
instanceKlass org/jetbrains/kotlin/protobuf/GeneratedMessageLite$GeneratedExtension
instanceKlass org/jetbrains/kotlin/metadata/ProtoBuf$VersionRequirementTableOrBuilder
instanceKlass org/jetbrains/kotlin/metadata/ProtoBuf$TypeTableOrBuilder
instanceKlass org/jetbrains/kotlin/protobuf/ByteString$ByteIterator
instanceKlass org/jetbrains/kotlin/protobuf/ByteString
instanceKlass org/jetbrains/kotlin/protobuf/SmallSortedMap$EmptySet$2
instanceKlass org/jetbrains/kotlin/protobuf/SmallSortedMap$EmptySet$1
instanceKlass org/jetbrains/kotlin/protobuf/SmallSortedMap$EmptySet
instanceKlass org/jetbrains/kotlin/protobuf/LazyFieldLite
instanceKlass org/jetbrains/kotlin/protobuf/FieldSet
instanceKlass org/jetbrains/kotlin/protobuf/AbstractParser
instanceKlass org/jetbrains/kotlin/protobuf/MessageLite$Builder
instanceKlass org/jetbrains/kotlin/protobuf/Parser
instanceKlass org/jetbrains/kotlin/protobuf/FieldSet$FieldDescriptorLite
instanceKlass org/jetbrains/kotlin/protobuf/AbstractMessageLite
instanceKlass org/jetbrains/kotlin/metadata/ProtoBuf$PackageOrBuilder
instanceKlass org/jetbrains/kotlin/protobuf/GeneratedMessageLite$ExtendableMessageOrBuilder
instanceKlass org/jetbrains/kotlin/protobuf/MessageLite
instanceKlass org/jetbrains/kotlin/protobuf/MessageLiteOrBuilder
instanceKlass org/jetbrains/kotlin/metadata/builtins/BuiltInsProtoBuf
instanceKlass org/jetbrains/kotlin/protobuf/ExtensionRegistryLite
instanceKlass org/jetbrains/kotlin/serialization/SerializerExtensionProtocol
instanceKlass org/jetbrains/kotlin/analysis/decompiler/psi/KotlinBuiltInStubVersionOffsetProvider$Companion
instanceKlass org/jetbrains/kotlin/analysis/decompiler/psi/KotlinBuiltInStubVersionOffsetProvider
instanceKlass org/jetbrains/kotlin/analysis/decompiler/psi/KotlinBuiltInDecompilerKt
instanceKlass org/jetbrains/kotlin/serialization/deserialization/FlexibleTypeDeserializer$ThrowException
instanceKlass org/jetbrains/kotlin/serialization/deserialization/FlexibleTypeDeserializer
instanceKlass org/jetbrains/kotlin/analysis/decompiler/psi/KotlinBuiltInFileType
instanceKlass org/jetbrains/kotlin/analysis/providers/impl/KotlinStaticDeclarationIndex
instanceKlass org/jetbrains/kotlin/analysis/providers/KotlinDeclarationProviderFactory$Companion
instanceKlass org/jetbrains/kotlin/analysis/providers/KotlinDeclarationProviderFactory
instanceKlass org/jetbrains/kotlin/analysis/providers/impl/KotlinStaticAnnotationsResolverFactory
instanceKlass org/jetbrains/kotlin/analysis/providers/KotlinAnnotationsResolverFactory
instanceKlass org/jetbrains/kotlin/analysis/project/structure/ProjectStructureProvider$Companion
instanceKlass org/jetbrains/kotlin/utils/exceptions/KotlinExceptionWithAttachments
instanceKlass org/jetbrains/kotlin/analysis/project/structure/impl/KtSourceModuleImpl
instanceKlass org/jetbrains/kotlin/analysis/project/structure/KtSourceModule
instanceKlass com/intellij/openapi/vfs/VirtualFileWithId
instanceKlass it/unimi/dsi/fastutil/ints/Y$d
instanceKlass it/unimi/dsi/fastutil/ints/IntArrays$a
instanceKlass it/unimi/dsi/fastutil/ints/IntArrays$Segment
instanceKlass it/unimi/dsi/fastutil/ints/IntArrays
instanceKlass it/unimi/dsi/fastutil/ints/IntBidirectionalIterator
instanceKlass it/unimi/dsi/fastutil/objects/ObjectBidirectionalIterator
instanceKlass it/unimi/dsi/fastutil/a
instanceKlass it/unimi/dsi/fastutil/ints/IntIterator
instanceKlass  @bci com/android/tools/r8/ir/optimize/u0 a (Lcom/android/tools/r8/internal/YB;Lcom/android/tools/r8/graph/w2;)V 164 <appendix> member <vmtarget> ; # com/android/tools/r8/ir/optimize/u0$$Lambda+0x0000000801d2ed68
instanceKlass  @bci com/android/tools/r8/ir/optimize/u0 a (Lcom/android/tools/r8/internal/YB;Lcom/android/tools/r8/graph/w2;)V 107 <appendix> member <vmtarget> ; # com/android/tools/r8/ir/optimize/u0$$Lambda+0x0000000801d2eae0
instanceKlass  @bci com/android/tools/r8/ir/optimize/u0 a (Lcom/android/tools/r8/internal/YB;Lcom/android/tools/r8/graph/w2;)V 31 <appendix> member <vmtarget> ; # com/android/tools/r8/ir/optimize/u0$$Lambda+0x0000000801d2e878
instanceKlass com/android/tools/r8/ir/optimize/u0
instanceKlass it/unimi/dsi/fastutil/ints/IntSets
instanceKlass  @bci com/android/tools/r8/ir/optimize/v0 a (Lcom/android/tools/r8/graph/E2;Ljava/util/List;Lcom/android/tools/r8/graph/I2;Lcom/android/tools/r8/synthesis/M;)V 71 <appendix> member <vmtarget> ; # com/android/tools/r8/ir/optimize/v0$$Lambda+0x0000000801d2e3e0
instanceKlass  @bci com/android/tools/r8/ir/optimize/v0 a (Lcom/android/tools/r8/graph/E2;Ljava/util/List;Lcom/android/tools/r8/graph/I2;Lcom/android/tools/r8/synthesis/M;)V 42 <appendix> argL0 ; # com/android/tools/r8/ir/optimize/v0$$Lambda+0x0000000801d2e170
instanceKlass  @bci com/android/tools/r8/ir/optimize/v0 a (Lcom/android/tools/r8/graph/I2;Ljava/util/List;Lcom/android/tools/r8/internal/dQ;Lcom/android/tools/r8/internal/Je;)Lcom/android/tools/r8/graph/j1; 60 <appendix> member <vmtarget> ; # com/android/tools/r8/ir/optimize/v0$$Lambda+0x0000000801d2df08
instanceKlass  @bci com/android/tools/r8/ir/optimize/v0 a (Lcom/android/tools/r8/graph/I2;Ljava/util/List;Lcom/android/tools/r8/internal/dQ;Lcom/android/tools/r8/internal/Je;)Lcom/android/tools/r8/graph/j1; 44 <appendix> argL0 ; # com/android/tools/r8/ir/optimize/v0$$Lambda+0x0000000801d2dcb8
instanceKlass  @bci com/android/tools/r8/ir/optimize/v0 b (Lcom/android/tools/r8/internal/Et;Lcom/android/tools/r8/internal/dQ;Lcom/android/tools/r8/internal/Je;)Lcom/android/tools/r8/internal/Md; 659 <appendix> member <vmtarget> ; # com/android/tools/r8/ir/optimize/v0$$Lambda+0x0000000801d2da40
instanceKlass  @bci com/android/tools/r8/ir/optimize/v0 b (Lcom/android/tools/r8/internal/Et;Lcom/android/tools/r8/internal/dQ;Lcom/android/tools/r8/internal/Je;)Lcom/android/tools/r8/internal/Md; 86 <appendix> argL0 ; # com/android/tools/r8/ir/optimize/v0$$Lambda+0x0000000801d2d7c0
instanceKlass it/unimi/dsi/fastutil/ints/IntSpliterator
instanceKlass com/intellij/openapi/vfs/VirtualFileSetEx
instanceKlass com/intellij/openapi/vfs/VirtualFileSet
instanceKlass com/intellij/psi/search/impl/VirtualFileEnumeration$1
instanceKlass org/jetbrains/kotlin/types/WrappedTypeFactory
instanceKlass org/jetbrains/kotlin/descriptors/CallableMemberDescriptor
instanceKlass org/jetbrains/kotlin/builtins/KotlinBuiltIns
instanceKlass org/jetbrains/kotlin/descriptors/ClassDescriptor
instanceKlass org/jetbrains/kotlin/mpp/RegularClassSymbolMarker
instanceKlass org/jetbrains/kotlin/descriptors/ClassOrPackageFragmentDescriptor
instanceKlass org/jetbrains/kotlin/descriptors/ClassifierDescriptorWithTypeParameters
instanceKlass org/jetbrains/kotlin/mpp/ClassLikeSymbolMarker
instanceKlass org/jetbrains/kotlin/descriptors/MemberDescriptor
instanceKlass org/jetbrains/kotlin/descriptors/ReceiverParameterDescriptor
instanceKlass org/jetbrains/kotlin/descriptors/ParameterDescriptor
# instanceKlass java/lang/invoke/LambdaForm$MH+0x0000000801ff4000
instanceKlass org/jetbrains/kotlin/resolve/checkers/ClassifierUsageCheckerContext
instanceKlass org/jetbrains/kotlin/resolve/calls/context/ResolutionContext
instanceKlass kotlin/annotation/MustBeDocumented
instanceKlass kotlin/jvm/JvmStatic
instanceKlass org/jetbrains/kotlin/descriptors/ModuleDescriptor
instanceKlass org/jetbrains/kotlin/resolve/BindingTrace
instanceKlass org/jetbrains/kotlin/descriptors/ClassifierDescriptor
instanceKlass org/jetbrains/kotlin/mpp/ClassifierSymbolMarker
instanceKlass org/jetbrains/kotlin/descriptors/SourceElement
instanceKlass org/jetbrains/kotlin/resolve/calls/checkers/CallCheckerContext
instanceKlass org/jetbrains/kotlin/resolve/calls/model/ResolvedCall
instanceKlass org/jetbrains/kotlin/resolve/scopes/receivers/ReceiverValue
instanceKlass org/jetbrains/kotlin/resolve/scopes/receivers/Receiver
instanceKlass org/jetbrains/kotlin/types/KotlinType
instanceKlass org/jetbrains/kotlin/descriptors/annotations/AnnotationDescriptor
instanceKlass org/jetbrains/kotlin/types/model/AnnotationMarker
instanceKlass org/jetbrains/kotlin/diagnostics/DiagnosticSink
instanceKlass org/jetbrains/kotlin/descriptors/VariableDescriptor
instanceKlass org/jetbrains/kotlin/descriptors/ValueDescriptor
instanceKlass org/jetbrains/kotlin/descriptors/CallableDescriptor
instanceKlass org/jetbrains/kotlin/mpp/CallableSymbolMarker
instanceKlass org/jetbrains/kotlin/descriptors/Substitutable
instanceKlass org/jetbrains/kotlin/descriptors/DeclarationDescriptorNonRoot
instanceKlass org/jetbrains/kotlin/descriptors/DeclarationDescriptorWithSource
instanceKlass org/jetbrains/kotlin/descriptors/DeclarationDescriptorWithVisibility
instanceKlass org/jetbrains/kotlin/container/ConstructorInfo
instanceKlass  @bci com/intellij/util/containers/MultiMap getModifiable (Ljava/lang/Object;)Ljava/util/Collection; 6 <appendix> member <vmtarget> ; # com/intellij/util/containers/MultiMap$$Lambda+0x0000000801fed748
instanceKlass com/intellij/util/ObjectUtilsRt
instanceKlass kotlin/annotation/Target
instanceKlass kotlin/annotation/Retention
instanceKlass kotlin/Metadata
instanceKlass org/jetbrains/kotlin/container/DefaultImplementation
instanceKlass kotlin/sequences/GeneratorSequence$iterator$1
instanceKlass kotlin/sequences/GeneratorSequence
instanceKlass kotlin/jvm/internal/DefaultConstructorMarker
instanceKlass kotlin/reflect/jvm/internal/KDeclarationContainerImpl$Companion
instanceKlass kotlin/reflect/jvm/internal/KTypeParameterOwnerImpl
instanceKlass kotlin/reflect/jvm/internal/KClassifierImpl
instanceKlass kotlin/reflect/jvm/internal/CacheByClass
instanceKlass kotlin/reflect/jvm/internal/CacheByClassKt
instanceKlass kotlin/reflect/jvm/internal/CachesKt
instanceKlass kotlin/reflect/jvm/internal/KDeclarationContainerImpl
instanceKlass kotlin/jvm/internal/ClassBasedDeclarationContainer
instanceKlass kotlin/reflect/KMutableProperty2
instanceKlass kotlin/reflect/KMutableProperty0
instanceKlass kotlin/reflect/KTypeParameter
instanceKlass kotlin/reflect/KClass
instanceKlass kotlin/reflect/KMutableProperty1
instanceKlass kotlin/reflect/KMutableProperty
instanceKlass kotlin/reflect/KProperty2
instanceKlass kotlin/reflect/KProperty0
instanceKlass kotlin/reflect/KType
instanceKlass kotlin/jvm/internal/ReflectionFactory
instanceKlass kotlin/reflect/KClassifier
instanceKlass kotlin/jvm/internal/Reflection
instanceKlass kotlin/jvm/JvmClassMappingKt
instanceKlass org/jetbrains/kotlin/resolve/checkers/DeclarationCheckerContext
instanceKlass org/jetbrains/kotlin/resolve/checkers/CheckerContext
instanceKlass org/jetbrains/kotlin/descriptors/DeclarationDescriptor
instanceKlass org/jetbrains/kotlin/mpp/DeclarationSymbolMarker
instanceKlass org/jetbrains/kotlin/descriptors/ValidateableDescriptor
instanceKlass org/jetbrains/kotlin/descriptors/Named
instanceKlass org/jetbrains/kotlin/descriptors/annotations/Annotated
instanceKlass org/jetbrains/kotlin/container/ClassInfo
instanceKlass org/jetbrains/kotlin/container/ClassTraversalCache
instanceKlass org/jetbrains/kotlin/container/CacheKt
instanceKlass org/jetbrains/kotlin/container/DynamicComponentDescriptor
instanceKlass org/jetbrains/kotlin/container/ComponentResolveContext
instanceKlass org/jetbrains/kotlin/container/ValueResolveContext
instanceKlass org/jetbrains/kotlin/container/InstanceComponentDescriptor
instanceKlass org/jetbrains/kotlin/container/ComponentDescriptor
instanceKlass org/jetbrains/kotlin/container/ValueDescriptor
instanceKlass org/jetbrains/kotlin/container/ContainerKt
instanceKlass org/jetbrains/kotlin/resolve/checkers/PlatformDiagnosticSuppressor
instanceKlass org/jetbrains/kotlin/resolve/lazy/AbsentDescriptorHandler
instanceKlass org/jetbrains/kotlin/types/DynamicTypesSettings
instanceKlass org/jetbrains/kotlin/resolve/calls/results/TypeSpecificityComparator$NONE
instanceKlass org/jetbrains/kotlin/resolve/calls/results/TypeSpecificityComparator
instanceKlass org/jetbrains/kotlin/resolve/checkers/OptionalExpectationUsageChecker
instanceKlass org/jetbrains/kotlin/resolve/checkers/MissingDependencyClassChecker$ClassifierUsage
instanceKlass org/jetbrains/kotlin/resolve/checkers/ApiVersionClassifierUsageChecker
instanceKlass org/jetbrains/kotlin/resolve/checkers/DeprecatedClassifierUsageChecker
instanceKlass org/jetbrains/kotlin/resolve/calls/checkers/EnumEntriesUnsupportedChecker
instanceKlass org/jetbrains/kotlin/resolve/calls/checkers/CustomEnumEntriesMigrationCallChecker
instanceKlass org/jetbrains/kotlin/resolve/calls/checkers/CompanionIncorrectlyUnboundedWhenUsedAsLHSCallChecker
instanceKlass org/jetbrains/kotlin/resolve/calls/checkers/IncorrectCapturedApproximationCallChecker
instanceKlass org/jetbrains/kotlin/resolve/calls/checkers/BuilderInferenceAssignmentChecker
instanceKlass org/jetbrains/kotlin/resolve/calls/checkers/UnsupportedUntilOperatorChecker
instanceKlass org/jetbrains/kotlin/resolve/calls/checkers/EqualityCallChecker
instanceKlass org/jetbrains/kotlin/resolve/calls/checkers/ResolutionToPrivateConstructorOfSealedClassChecker
instanceKlass org/jetbrains/kotlin/resolve/calls/checkers/CompanionInParenthesesLHSCallChecker
instanceKlass org/jetbrains/kotlin/resolve/calls/checkers/EnumEntryVsCompanionPriorityCallChecker
instanceKlass org/jetbrains/kotlin/utils/StringsKt
instanceKlass org/jetbrains/kotlin/resolve/calls/checkers/NewSchemeOfIntegerOperatorResolutionChecker
instanceKlass org/jetbrains/kotlin/resolve/calls/checkers/SelfCallInNestedObjectConstructorChecker
instanceKlass org/jetbrains/kotlin/resolve/calls/checkers/VarargWrongExecutionOrderChecker
instanceKlass org/jetbrains/kotlin/resolve/calls/checkers/ReferencingToUnderscoreNamedParameterOfCatchBlockChecker
instanceKlass org/jetbrains/kotlin/resolve/checkers/NullableExtensionOperatorWithSafeCallChecker
instanceKlass org/jetbrains/kotlin/resolve/calls/checkers/FunInterfaceConstructorReferenceChecker
instanceKlass org/jetbrains/kotlin/resolve/calls/checkers/UnitConversionCallChecker
instanceKlass org/jetbrains/kotlin/resolve/calls/checkers/SuspendConversionCallChecker
instanceKlass org/jetbrains/kotlin/resolve/calls/checkers/AbstractClassInstantiationChecker
instanceKlass org/jetbrains/kotlin/resolve/checkers/MissingDependencySupertypeChecker$ForCalls
instanceKlass org/jetbrains/kotlin/resolve/calls/checkers/ReifiedTypeParameterSubstitutionChecker
instanceKlass org/jetbrains/kotlin/resolve/calls/checkers/ContractNotAllowedCallChecker
instanceKlass org/jetbrains/kotlin/resolve/calls/checkers/NamedFunAsExpressionChecker
instanceKlass org/jetbrains/kotlin/resolve/calls/checkers/NullableVarargArgumentCallChecker
instanceKlass org/jetbrains/kotlin/resolve/calls/checkers/ResultTypeWithNullableOperatorsChecker
instanceKlass org/jetbrains/kotlin/resolve/calls/checkers/UselessElvisCallChecker
instanceKlass org/jetbrains/kotlin/resolve/calls/checkers/LambdaWithSuspendModifierCallChecker
instanceKlass org/jetbrains/kotlin/resolve/checkers/PrimitiveNumericComparisonCallChecker
instanceKlass org/jetbrains/kotlin/resolve/calls/checkers/ImplicitNothingAsTypeParameterCallChecker
instanceKlass org/jetbrains/kotlin/resolve/calls/checkers/AssigningNamedArgumentToVarargChecker
instanceKlass org/jetbrains/kotlin/resolve/calls/checkers/UnderscoreUsageChecker
instanceKlass org/jetbrains/kotlin/resolve/calls/checkers/CallableReferenceCompatibilityChecker
instanceKlass org/jetbrains/kotlin/resolve/checkers/MissingDependencyClassChecker
instanceKlass org/jetbrains/kotlin/resolve/calls/checkers/DslScopeViolationCallChecker
instanceKlass org/jetbrains/kotlin/resolve/calls/checkers/BuilderFunctionsCallChecker
instanceKlass org/jetbrains/kotlin/resolve/calls/checkers/CoroutineSuspendCallChecker
instanceKlass org/jetbrains/kotlin/resolve/calls/checkers/ApiVersionCallChecker
instanceKlass org/jetbrains/kotlin/resolve/calls/checkers/ProtectedConstructorCallChecker
instanceKlass org/jetbrains/kotlin/resolve/calls/checkers/ConstructorHeaderCallChecker
instanceKlass org/jetbrains/kotlin/resolve/calls/checkers/OperatorCallChecker$Companion
instanceKlass org/jetbrains/kotlin/resolve/calls/checkers/OperatorCallChecker
instanceKlass org/jetbrains/kotlin/resolve/calls/checkers/InfixCallChecker
instanceKlass org/jetbrains/kotlin/resolve/calls/checkers/CallReturnsArrayOfNothingChecker
instanceKlass kotlin/jvm/internal/SpreadBuilder
instanceKlass org/jetbrains/kotlin/resolve/calls/checkers/DeprecatedCallChecker
instanceKlass org/jetbrains/kotlin/resolve/checkers/TrailingCommaCallChecker
instanceKlass org/jetbrains/kotlin/resolve/calls/checkers/SafeCallChecker
instanceKlass org/jetbrains/kotlin/resolve/calls/checkers/SynchronizedByValueChecker
instanceKlass org/jetbrains/kotlin/resolve/calls/checkers/InlineCheckerWrapper
instanceKlass org/jetbrains/kotlin/resolve/calls/checkers/CapturingInClosureChecker
instanceKlass org/jetbrains/kotlin/resolve/checkers/StubForBuilderInferenceParameterTypeChecker
instanceKlass org/jetbrains/kotlin/resolve/checkers/ActualTypealiasToSpecialAnnotationChecker
instanceKlass org/jetbrains/kotlin/resolve/checkers/VolatileAnnotationChecker
instanceKlass org/jetbrains/kotlin/resolve/checkers/EnumEntriesRedeclarationChecker
instanceKlass org/jetbrains/kotlin/resolve/checkers/DataObjectContentChecker
instanceKlass org/jetbrains/kotlin/resolve/calls/checkers/UnsupportedUntilRangeDeclarationChecker
instanceKlass org/jetbrains/kotlin/resolve/checkers/CyclicAnnotationsChecker
instanceKlass org/jetbrains/kotlin/resolve/checkers/ValueParameterUsageInDefaultArgumentChecker
instanceKlass org/jetbrains/kotlin/resolve/checkers/SubtypingBetweenContextReceiversChecker
instanceKlass org/jetbrains/kotlin/resolve/checkers/ContextualDeclarationChecker
instanceKlass org/jetbrains/kotlin/resolve/checkers/EnumCompanionInEnumConstructorCallChecker
instanceKlass org/jetbrains/kotlin/resolve/checkers/SuspendFunctionAsSupertypeChecker
instanceKlass org/jetbrains/kotlin/resolve/checkers/SealedInterfaceAllowedChecker
instanceKlass org/jetbrains/kotlin/resolve/checkers/SealedInheritorInSameModuleChecker
instanceKlass org/jetbrains/kotlin/resolve/checkers/SealedInheritorInSamePackageChecker
instanceKlass org/jetbrains/kotlin/resolve/checkers/PrivateInlineFunctionsReturningAnonymousObjectsChecker
instanceKlass org/jetbrains/kotlin/resolve/checkers/ContractDescriptionBlockChecker
instanceKlass org/jetbrains/kotlin/resolve/checkers/DeprecatedSinceKotlinAnnotationChecker
instanceKlass org/jetbrains/kotlin/resolve/checkers/DeprecationInheritanceChecker
instanceKlass org/jetbrains/kotlin/resolve/checkers/FunInterfaceDeclarationChecker
instanceKlass org/jetbrains/kotlin/resolve/checkers/MissingDependencySupertypeChecker$ForDeclarations
instanceKlass org/jetbrains/kotlin/resolve/checkers/TrailingCommaDeclarationChecker
instanceKlass org/jetbrains/kotlin/resolve/checkers/TailrecFunctionChecker
instanceKlass org/jetbrains/kotlin/resolve/checkers/ExplicitApiDeclarationChecker$Companion
instanceKlass org/jetbrains/kotlin/resolve/checkers/ExplicitApiDeclarationChecker
instanceKlass org/jetbrains/kotlin/resolve/checkers/LocalVariableTypeParametersChecker
instanceKlass org/jetbrains/kotlin/resolve/checkers/ResultClassInReturnTypeChecker
instanceKlass org/jetbrains/kotlin/resolve/checkers/ReservedMembersAndConstructsForValueClass$Companion
instanceKlass org/jetbrains/kotlin/resolve/checkers/ReservedMembersAndConstructsForValueClass
instanceKlass org/jetbrains/kotlin/resolve/checkers/AnnotationClassTargetAndRetentionChecker
instanceKlass org/jetbrains/kotlin/resolve/checkers/InnerClassInsideValueClass
instanceKlass org/jetbrains/kotlin/resolve/checkers/PropertiesWithBackingFieldsInsideValueClass
instanceKlass org/jetbrains/kotlin/resolve/checkers/MultiFieldValueClassAnnotationsChecker
instanceKlass org/jetbrains/kotlin/resolve/checkers/ValueClassDeclarationChecker
instanceKlass org/jetbrains/kotlin/util/OperatorNameConventions
instanceKlass org/jetbrains/kotlin/resolve/checkers/SuspendLimitationsChecker
instanceKlass org/jetbrains/kotlin/resolve/checkers/KClassWithIncorrectTypeArgumentChecker
instanceKlass org/jetbrains/kotlin/resolve/checkers/DelegationChecker
instanceKlass org/jetbrains/kotlin/resolve/checkers/DynamicReceiverChecker
instanceKlass org/jetbrains/kotlin/resolve/checkers/ReifiedTypeParameterAnnotationChecker
instanceKlass kotlin/text/Regex$Companion
instanceKlass kotlin/text/Regex
instanceKlass org/jetbrains/kotlin/resolve/RequireKotlinConstants
instanceKlass org/jetbrains/kotlin/resolve/AnnotationsKt
instanceKlass org/jetbrains/kotlin/resolve/checkers/KotlinVersionStringAnnotationValueChecker
instanceKlass org/jetbrains/kotlin/resolve/checkers/InfixModifierChecker
instanceKlass org/jetbrains/kotlin/resolve/checkers/InlineParameterChecker
instanceKlass org/jetbrains/kotlin/resolve/checkers/UnderscoreChecker
instanceKlass org/jetbrains/kotlin/resolve/checkers/ConstModifierChecker
instanceKlass org/jetbrains/kotlin/resolve/checkers/DataClassDeclarationChecker
instanceKlass org/jetbrains/kotlin/resolve/checkers/ExpectActualClassifiersAreInBetaChecker
instanceKlass org/jetbrains/kotlin/resolve/checkers/ActualClassifierMustHasTheSameMembersAsNonFinalExpectClassifierChecker
instanceKlass org/jetbrains/kotlin/resolve/checkers/ExpectActualInTheSameModuleChecker
instanceKlass org/jetbrains/kotlin/resolve/PlatformConfiguratorBaseKt
instanceKlass org/jetbrains/kotlin/container/ComponentRegistry
instanceKlass org/jetbrains/kotlin/container/ComponentStorage
instanceKlass org/jetbrains/kotlin/container/ValueResolver
instanceKlass org/jetbrains/kotlin/container/StorageComponentContainer
instanceKlass org/jetbrains/kotlin/container/ComponentProvider
instanceKlass org/jetbrains/kotlin/container/ComponentContainer
instanceKlass org/jetbrains/kotlin/container/DslKt
instanceKlass org/jetbrains/kotlin/resolve/jvm/JvmDeclarationReturnTypeSanitizer
instanceKlass org/jetbrains/kotlin/resolve/DeclarationReturnTypeSanitizer
instanceKlass org/jetbrains/kotlin/resolve/jvm/JvmOverridesBackwardCompatibilityHelper
instanceKlass org/jetbrains/kotlin/resolve/OverridesBackwardCompatibilityHelper
instanceKlass org/jetbrains/kotlin/resolve/jvm/JvmDelegationFilter
instanceKlass org/jetbrains/kotlin/resolve/lazy/DelegationFilter
instanceKlass org/jetbrains/kotlin/builtins/jvm/JavaToKotlinClassMapper
instanceKlass org/jetbrains/kotlin/builtins/PlatformToKotlinClassMapper
instanceKlass org/jetbrains/kotlin/resolve/jvm/JvmOverloadFilter
instanceKlass org/jetbrains/kotlin/resolve/OverloadFilter
instanceKlass org/jetbrains/kotlin/resolve/jvm/checkers/JvmSimpleNameBacktickChecker
instanceKlass org/jetbrains/kotlin/resolve/IdentifierChecker
instanceKlass org/jetbrains/kotlin/resolve/sam/SamConversionResolver$Empty
instanceKlass org/jetbrains/kotlin/resolve/sam/SamConversionResolver
instanceKlass org/jetbrains/kotlin/container/PlatformSpecificExtension
instanceKlass org/jetbrains/kotlin/container/PlatformExtensionsClashResolver
instanceKlass org/jetbrains/kotlin/resolve/jvm/checkers/SynchronizedAnnotationOnLambdaChecker
instanceKlass org/jetbrains/kotlin/resolve/jvm/checkers/ExplicitMetadataChecker
instanceKlass org/jetbrains/kotlin/name/ClassId$Companion
instanceKlass org/jetbrains/kotlin/name/ClassId
instanceKlass org/jetbrains/kotlin/name/StandardClassIdsKt
instanceKlass org/jetbrains/kotlin/name/StandardClassIds
instanceKlass org/jetbrains/kotlin/name/JvmStandardClassIds
instanceKlass org/jetbrains/kotlin/resolve/jvm/checkers/FileClassAnnotationsChecker
instanceKlass org/jetbrains/kotlin/resolve/AdditionalAnnotationChecker
instanceKlass org/jetbrains/kotlin/resolve/jvm/checkers/MissingBuiltInDeclarationChecker$ClassifierUsage
instanceKlass org/jetbrains/kotlin/resolve/checkers/BigFunctionTypeAvailabilityChecker
instanceKlass org/jetbrains/kotlin/resolve/checkers/ClassifierUsageChecker
instanceKlass org/jetbrains/kotlin/resolve/jvm/checkers/JvmArrayVariableInLoopAssignmentChecker
instanceKlass org/jetbrains/kotlin/resolve/jvm/checkers/JavaTypeAccessibilityChecker
instanceKlass org/jetbrains/kotlin/resolve/jvm/platform/JavaGenericVarianceViolationTypeChecker
instanceKlass org/jetbrains/kotlin/resolve/jvm/RuntimeAssertionsTypeChecker
instanceKlass org/jetbrains/kotlin/resolve/calls/checkers/AdditionalTypeChecker
instanceKlass  @bci org/jetbrains/kotlin/diagnostics/Errors$Initializer initializeFactoryNames (Ljava/lang/Class;)V 9 <appendix> argL0 ; # org/jetbrains/kotlin/diagnostics/Errors$Initializer$$Lambda+0x0000000801fc75f8
instanceKlass org/jetbrains/kotlin/diagnostics/rendering/DiagnosticFactoryToRendererMap
instanceKlass org/jetbrains/kotlin/diagnostics/rendering/DefaultErrorMessages$Extension
instanceKlass org/jetbrains/kotlin/diagnostics/Errors$Initializer
instanceKlass org/jetbrains/kotlin/diagnostics/DiagnosticFactoryForDeprecation4$Companion
instanceKlass org/jetbrains/kotlin/diagnostics/ClassicPositioningStrategies
instanceKlass org/jetbrains/kotlin/diagnostics/DiagnosticFactoryForDeprecation2$Companion
instanceKlass org/jetbrains/kotlin/diagnostics/DiagnosticFactoryForDeprecation0$Companion
instanceKlass org/jetbrains/kotlin/diagnostics/DiagnosticFactoryForDeprecation1$Companion
instanceKlass org/jetbrains/kotlin/diagnostics/DiagnosticFactoryForDeprecation3$Companion
instanceKlass org/jetbrains/kotlin/diagnostics/DiagnosticFactoryForDeprecation
instanceKlass org/jetbrains/kotlin/config/LanguageFeature$Companion
instanceKlass org/jetbrains/kotlin/psi/KtOperationExpression
instanceKlass org/jetbrains/kotlin/BlockExpressionElementType$Companion
instanceKlass org/jetbrains/kotlin/psi/stubs/KotlinScriptStub
instanceKlass org/jetbrains/kotlin/psi/stubs/KotlinPlaceHolderWithTextStub
instanceKlass com/intellij/psi/LiteralTextEscaper
instanceKlass com/intellij/psi/ContributedReferenceHost
instanceKlass org/jetbrains/kotlin/psi/stubs/KotlinCollectionLiteralExpressionStub
instanceKlass org/jetbrains/kotlin/psi/stubs/KotlinClassLiteralExpressionStub
instanceKlass org/jetbrains/kotlin/psi/KtDoubleColonExpression
instanceKlass org/jetbrains/kotlin/psi/stubs/KotlinConstantExpressionStub
instanceKlass org/jetbrains/kotlin/psi/stubs/elements/KtConstantExpressionElementType$Companion
instanceKlass org/jetbrains/kotlin/psi/stubs/KotlinContextReceiverStub
instanceKlass org/jetbrains/kotlin/psi/LambdaArgument
instanceKlass org/jetbrains/kotlin/psi/stubs/KotlinContractEffectStub
instanceKlass org/jetbrains/kotlin/psi/ValueArgumentName
instanceKlass org/jetbrains/kotlin/psi/stubs/KotlinValueArgumentStub
instanceKlass org/jetbrains/kotlin/psi/ValueArgument
instanceKlass org/jetbrains/kotlin/psi/stubs/KotlinEnumEntrySuperclassReferenceExpressionStub
instanceKlass org/jetbrains/kotlin/psi/KtQualifiedExpression
instanceKlass org/jetbrains/kotlin/psi/stubs/KotlinNameReferenceExpressionStub
instanceKlass org/jetbrains/kotlin/psi/stubs/KotlinTypeProjectionStub
instanceKlass org/jetbrains/kotlin/psi/KtSimpleNameExpression
instanceKlass org/jetbrains/kotlin/psi/KtReferenceExpression
instanceKlass org/jetbrains/kotlin/psi/stubs/impl/KotlinTypeBean
instanceKlass org/jetbrains/kotlin/types/model/KotlinTypeMarker
instanceKlass org/jetbrains/kotlin/psi/stubs/KotlinUserTypeStub
instanceKlass org/jetbrains/kotlin/psi/KtTypeElement
instanceKlass org/jetbrains/kotlin/psi/stubs/KotlinModifierListStub
instanceKlass org/jetbrains/kotlin/psi/stubs/KotlinImportAliasStub
instanceKlass org/jetbrains/kotlin/psi/KtImportInfo$ImportContent
instanceKlass org/jetbrains/kotlin/psi/KtImportInfo
instanceKlass org/jetbrains/kotlin/psi/stubs/KotlinImportDirectiveStub
instanceKlass org/jetbrains/kotlin/psi/KtAnnotationsContainer
instanceKlass org/jetbrains/kotlin/psi/stubs/KotlinAnnotationUseSiteTargetStub
instanceKlass org/jetbrains/kotlin/psi/KtCallElement
instanceKlass org/jetbrains/kotlin/psi/stubs/KotlinAnnotationEntryStub
instanceKlass org/jetbrains/kotlin/psi/stubs/KotlinTypeParameterStub
instanceKlass org/jetbrains/kotlin/psi/stubs/KotlinParameterStub
instanceKlass org/jetbrains/kotlin/psi/stubs/KotlinConstructorStub
instanceKlass org/jetbrains/kotlin/psi/KtAnonymousInitializer
instanceKlass org/jetbrains/kotlin/psi/stubs/KotlinPlaceHolderStub
instanceKlass org/jetbrains/kotlin/psi/stubs/KotlinObjectStub
instanceKlass org/jetbrains/kotlin/psi/stubs/KotlinTypeAliasStub
instanceKlass org/jetbrains/kotlin/psi/stubs/KotlinBackingFieldStub
instanceKlass org/jetbrains/kotlin/psi/stubs/KotlinPropertyAccessorStub
instanceKlass org/jetbrains/kotlin/psi/KtVariableDeclaration
instanceKlass org/jetbrains/kotlin/psi/KtValVarKeywordOwner
instanceKlass org/jetbrains/kotlin/psi/stubs/KotlinPropertyStub
instanceKlass org/jetbrains/kotlin/psi/KtDeclarationWithInitializer
instanceKlass org/jetbrains/kotlin/psi/KtFunction
instanceKlass org/jetbrains/kotlin/psi/KtCallableDeclaration
instanceKlass org/jetbrains/kotlin/psi/KtDeclarationWithBody
instanceKlass org/jetbrains/kotlin/psi/stubs/KotlinFunctionStub
instanceKlass org/jetbrains/kotlin/psi/stubs/KotlinCallableStubBase
instanceKlass  @bci org/jetbrains/kotlin/psi/stubs/elements/KtStubElementType <init> (Ljava/lang/String;Ljava/lang/Class;Ljava/lang/Class;)V 125 <appendix> member <vmtarget> ; # org/jetbrains/kotlin/psi/stubs/elements/KtStubElementType$$Lambda+0x0000000801f1c4e8
instanceKlass org/jetbrains/kotlin/psi/stubs/KotlinClassStub
instanceKlass org/jetbrains/kotlin/psi/stubs/KotlinClassOrObjectStub
instanceKlass org/jetbrains/kotlin/psi/stubs/KotlinStubWithFqName
instanceKlass com/intellij/psi/stubs/NamedStub
instanceKlass org/jetbrains/kotlin/psi/stubs/KotlinClassifierStub
instanceKlass com/intellij/psi/StubBasedPsiElement
instanceKlass org/jetbrains/kotlin/psi/KtTypeParameterListOwner
instanceKlass org/jetbrains/kotlin/psi/KtClassLikeDeclaration
instanceKlass org/jetbrains/kotlin/psi/KtPureClassOrObject
instanceKlass org/jetbrains/kotlin/psi/KtNamedDeclaration
instanceKlass org/jetbrains/kotlin/psi/KtNamed
instanceKlass org/jetbrains/kotlin/psi/KtStatementExpression
instanceKlass org/jetbrains/kotlin/psi/KtDeclaration
instanceKlass org/jetbrains/kotlin/psi/KtModifierListOwner
instanceKlass org/jetbrains/kotlin/psi/KtExpression
instanceKlass org/jetbrains/kotlin/psi/stubs/elements/KtStubElementTypes
instanceKlass com/intellij/psi/tree/IReparseableElementTypeBase
instanceKlass org/jetbrains/kotlin/KtNodeTypes
instanceKlass com/intellij/psi/tree/IReparseableLeafElementType
instanceKlass com/intellij/psi/TokenType
instanceKlass com/intellij/psi/tree/TokenSet
instanceKlass com/intellij/lang/PsiParser
instanceKlass org/jetbrains/kotlin/kdoc/lexer/KDocTokens
instanceKlass org/jetbrains/kotlin/lexer/KtTokens
instanceKlass org/jetbrains/kotlin/diagnostics/PositioningStrategy
instanceKlass org/jetbrains/kotlin/diagnostics/PositioningStrategies
instanceKlass org/jetbrains/kotlin/diagnostics/DiagnosticFactory$Companion
instanceKlass org/jetbrains/kotlin/diagnostics/ParametrizedDiagnostic
instanceKlass org/jetbrains/kotlin/diagnostics/Diagnostic
instanceKlass org/jetbrains/kotlin/diagnostics/DiagnosticMarker
instanceKlass org/jetbrains/kotlin/diagnostics/UnboundDiagnostic
instanceKlass org/jetbrains/kotlin/diagnostics/Errors
instanceKlass org/jetbrains/kotlin/diagnostics/DiagnosticFactory
instanceKlass org/jetbrains/kotlin/resolve/jvm/checkers/JvmSyntheticAssignmentChecker
instanceKlass org/jetbrains/kotlin/resolve/calls/checkers/AssignmentChecker
instanceKlass org/jetbrains/kotlin/resolve/jvm/checkers/JvmPropertyVsFieldAmbiguityCallChecker
instanceKlass org/jetbrains/kotlin/resolve/calls/checkers/LateinitIntrinsicApplicabilityChecker
instanceKlass org/jetbrains/kotlin/resolve/jvm/checkers/UpperBoundViolatedInTypealiasConstructorChecker
instanceKlass org/jetbrains/kotlin/resolve/jvm/checkers/EnumDeclaringClassDeprecationChecker
instanceKlass org/jetbrains/kotlin/resolve/jvm/checkers/SamInterfaceConstructorReferenceCallChecker
instanceKlass org/jetbrains/kotlin/resolve/jvm/checkers/PolymorphicSignatureCallChecker
instanceKlass org/jetbrains/kotlin/resolve/jvm/checkers/InconsistentOperatorFromJavaCallChecker
instanceKlass org/jetbrains/kotlin/resolve/jvm/checkers/ApiVersionIsAtLeastArgumentsChecker
instanceKlass org/jetbrains/kotlin/resolve/jvm/RuntimeAssertionsOnExtensionReceiverCallChecker
instanceKlass org/jetbrains/kotlin/resolve/jvm/checkers/ProtectedSyntheticExtensionCallChecker
instanceKlass org/jetbrains/kotlin/resolve/jvm/checkers/SuperCallWithDefaultArgumentsChecker
instanceKlass org/jetbrains/kotlin/resolve/jvm/checkers/UnsupportedSyntheticCallableReferenceChecker
instanceKlass org/jetbrains/kotlin/resolve/jvm/checkers/ProtectedInSuperClassCompanionCallChecker
instanceKlass org/jetbrains/kotlin/resolve/jvm/checkers/JavaClassOnCompanionChecker
instanceKlass org/jetbrains/kotlin/resolve/jvm/checkers/SuspensionPointInsideMutexLockChecker
instanceKlass org/jetbrains/kotlin/resolve/jvm/checkers/JavaAnnotationCallChecker$Companion
instanceKlass org/jetbrains/kotlin/resolve/jvm/checkers/JavaAnnotationCallChecker
instanceKlass org/jetbrains/kotlin/resolve/jvm/checkers/MissingBuiltInDeclarationChecker
instanceKlass org/jetbrains/kotlin/resolve/calls/checkers/CallChecker
instanceKlass org/jetbrains/kotlin/types/AbstractTypePreparator
instanceKlass org/jetbrains/kotlin/resolve/jvm/checkers/JavaOverrideWithWrongNullabilityOverrideChecker
instanceKlass org/jetbrains/kotlin/resolve/jvm/checkers/ClassInheritsJavaSealedClassChecker
instanceKlass org/jetbrains/kotlin/resolve/jvm/checkers/FunctionDelegateMemberNameClashChecker
instanceKlass org/jetbrains/kotlin/resolve/jvm/checkers/DefaultCheckerInTailrec
instanceKlass org/jetbrains/kotlin/resolve/jvm/checkers/JvmMultifileClassStateChecker
instanceKlass org/jetbrains/kotlin/resolve/jvm/checkers/BadInheritedJavaSignaturesChecker
instanceKlass org/jetbrains/kotlin/resolve/jvm/checkers/SuspendInFunInterfaceChecker
instanceKlass org/jetbrains/kotlin/util/capitalizeDecapitalize/CapitalizeDecapitalizeKt
instanceKlass org/jetbrains/kotlin/resolve/jvm/checkers/JvmAnnotationsTargetNonExistentAccessorChecker$Companion
instanceKlass org/jetbrains/kotlin/resolve/jvm/checkers/JvmAnnotationsTargetNonExistentAccessorChecker
instanceKlass org/jetbrains/kotlin/resolve/jvm/checkers/StrictfpApplicabilityChecker
instanceKlass org/jetbrains/kotlin/resolve/jvm/checkers/JvmInlineApplicabilityChecker
instanceKlass org/jetbrains/kotlin/resolve/jvm/checkers/JvmSyntheticApplicabilityChecker
instanceKlass org/jetbrains/kotlin/resolve/jvm/checkers/TypeParameterBoundIsNotArrayChecker
instanceKlass org/jetbrains/kotlin/resolve/jvm/checkers/JvmFieldApplicabilityChecker
instanceKlass org/jetbrains/kotlin/resolve/jvm/checkers/OverloadsAnnotationChecker
instanceKlass org/jetbrains/kotlin/resolve/jvm/checkers/ExternalFunChecker
instanceKlass org/jetbrains/kotlin/resolve/jvm/checkers/LocalFunInlineChecker
instanceKlass org/jetbrains/kotlin/resolve/jvm/checkers/SynchronizedAnnotationChecker
instanceKlass org/jetbrains/kotlin/resolve/jvm/checkers/JvmNameAnnotationChecker
instanceKlass org/jetbrains/kotlin/resolve/checkers/DeclarationChecker
instanceKlass org/jetbrains/kotlin/resolve/PlatformConfiguratorBase
instanceKlass org/jetbrains/kotlin/resolve/PlatformConfigurator
instanceKlass org/jetbrains/kotlin/name/FqNameUnsafe$1
instanceKlass org/jetbrains/kotlin/name/Name
instanceKlass org/jetbrains/kotlin/name/FqNameUnsafe
instanceKlass org/jetbrains/kotlin/name/FqName
instanceKlass org/jetbrains/kotlin/resolve/ImportPath$Companion
instanceKlass org/jetbrains/kotlin/resolve/ImportPath
instanceKlass org/jetbrains/kotlin/storage/DefaultSimpleLock
instanceKlass org/jetbrains/kotlin/storage/SimpleLock$Companion
instanceKlass org/jetbrains/kotlin/resolve/DefaultImportProvider
instanceKlass org/jetbrains/kotlin/platform/jvm/JvmPlatformKt
instanceKlass org/jetbrains/kotlin/analysis/project/structure/impl/KtLibraryModuleImpl
instanceKlass org/jetbrains/kotlin/analysis/project/structure/impl/KtModuleWithPlatform
instanceKlass org/jetbrains/kotlin/analysis/project/structure/KtLibraryModule
instanceKlass org/jetbrains/kotlin/analysis/project/structure/KtBinaryModule
instanceKlass org/jetbrains/kotlin/analysis/project/structure/KtModule
instanceKlass  @bci com/android/tools/r8/internal/sd a (Lcom/android/tools/r8/graph/y;)Z 22 <appendix> member <vmtarget> ; # com/android/tools/r8/internal/sd$$Lambda+0x0000000801d2d538
instanceKlass com/intellij/openapi/vfs/VirtualFileVisitor$Result
instanceKlass com/intellij/openapi/vfs/VirtualFileVisitor$Option
instanceKlass  @bci com/intellij/openapi/vfs/VfsUtilCore <clinit> ()V 8 <appendix> argL0 ; # com/intellij/openapi/vfs/VfsUtilCore$$Lambda+0x0000000801eed158
instanceKlass com/intellij/openapi/vfs/VfsUtilCore
instanceKlass  @bci org/jetbrains/kotlin/analysis/api/impl/base/util/LibraryUtils getAllVirtualFilesFromRoot (Lcom/intellij/openapi/vfs/VirtualFile;Z)Ljava/util/Collection; 36 <appendix> member <vmtarget> ; # org/jetbrains/kotlin/analysis/api/impl/base/util/LibraryUtils$$Lambda+0x0000000801eec578
instanceKlass com/intellij/openapi/roots/ContentIterator
instanceKlass  @bci org/jetbrains/kotlin/analysis/api/impl/base/util/LibraryUtils getAllVirtualFilesFromRoot (Lcom/intellij/openapi/vfs/VirtualFile;Z)Ljava/util/Collection; 30 <appendix> argL0 ; # org/jetbrains/kotlin/analysis/api/impl/base/util/LibraryUtils$$Lambda+0x0000000801eec0e8
instanceKlass org/jetbrains/kotlin/analysis/api/impl/base/util/LibraryUtils
instanceKlass org/jetbrains/kotlin/analysis/api/standalone/base/project/structure/StandaloneProjectFactory
instanceKlass org/jetbrains/kotlin/analysis/project/structure/builder/KtModuleBuilder
instanceKlass org/jetbrains/kotlin/platform/TargetPlatform
instanceKlass org/jetbrains/kotlin/platform/TargetPlatformKt
instanceKlass org/jetbrains/kotlin/platform/TargetPlatformVersion$NoVersion
instanceKlass org/jetbrains/kotlin/config/JvmTarget$Companion
instanceKlass org/jetbrains/kotlin/platform/TargetPlatformVersion
instanceKlass org/jetbrains/kotlin/platform/SimplePlatform
instanceKlass org/jetbrains/kotlin/platform/jvm/JvmPlatforms
instanceKlass kotlin/collections/builders/ListBuilder$Itr
instanceKlass kotlin/jvm/internal/markers/KMutableListIterator
instanceKlass org/jetbrains/kotlin/analysis/project/structure/builder/KtModuleProviderBuilder
instanceKlass org/jetbrains/kotlin/analysis/project/structure/ProjectStructureProvider
instanceKlass org/jetbrains/kotlin/psi/KtAnnotated
instanceKlass org/jetbrains/kotlin/psi/KtElement
instanceKlass org/jetbrains/kotlin/psi/KtPureElement
instanceKlass org/jetbrains/kotlin/psi/KtDeclarationContainer
instanceKlass com/intellij/psi/util/PsiUtilCore$NullPsiElement
instanceKlass com/intellij/psi/util/PsiUtilCore
instanceKlass  @bci com/intellij/psi/impl/source/PsiJavaFileBaseImpl <init> (Lcom/intellij/psi/tree/IElementType;Lcom/intellij/psi/tree/IElementType;Lcom/intellij/psi/FileViewProvider;)V 65 <appendix> member <vmtarget> ; # com/intellij/psi/impl/source/PsiJavaFileBaseImpl$$Lambda+0x0000000801ee1490
instanceKlass com/intellij/psi/util/CachedValueProvider$Result
instanceKlass com/intellij/util/CachedValueBase
instanceKlass com/intellij/psi/impl/source/PsiJavaFileBaseImpl$MyCacheBuilder
instanceKlass com/intellij/psi/impl/source/SubstrateRef
instanceKlass com/intellij/psi/impl/source/FileTrees
instanceKlass  @bci com/intellij/psi/impl/source/PsiJavaFileBaseImpl <clinit> ()V 40 <appendix> argL0 ; # com/intellij/psi/impl/source/PsiJavaFileBaseImpl$$Lambda+0x0000000801edfa78
instanceKlass  @bci com/intellij/psi/impl/source/PsiFileImpl <clinit> ()V 37 <appendix> argL0 ; # com/intellij/psi/impl/source/PsiFileImpl$$Lambda+0x0000000801edf808
instanceKlass com/intellij/psi/tree/ParentProviderElementType
instanceKlass com/intellij/psi/tree/ICompositeElementType
instanceKlass com/intellij/psi/stubs/EmptyStubSerializer
instanceKlass com/intellij/psi/scope/PsiScopeProcessor$Event
instanceKlass com/intellij/psi/impl/source/StubbedSpine
instanceKlass com/intellij/psi/PsiJavaFile
instanceKlass com/intellij/psi/AbstractBasicJavaFile
instanceKlass com/intellij/psi/PsiClassOwner
instanceKlass com/intellij/openapi/vfs/local/CoreLocalVirtualFile$IncompleteDirectoryAttributes
instanceKlass  @bci com/intellij/util/ConcurrencyUtil cacheOrGet (Ljava/util/concurrent/atomic/AtomicReference;Ljava/lang/Object;)Ljava/lang/Object; 40 <appendix> member <vmtarget> ; # com/intellij/util/ConcurrencyUtil$$Lambda+0x0000000801ed7098
instanceKlass com/intellij/psi/AbstractFileViewProvider$VirtualFileContent
instanceKlass com/intellij/psi/PsiLock
instanceKlass com/intellij/psi/PsiLargeBinaryFile
instanceKlass com/intellij/psi/PsiLargeFile
instanceKlass com/intellij/psi/PsiBinaryFile
instanceKlass com/intellij/psi/AbstractFileViewProvider$Content
instanceKlass com/intellij/injected/editor/VirtualFileWindow
instanceKlass com/intellij/util/concurrency/ThreadingAssertions
instanceKlass kotlin/collections/builders/MapBuilder$Itr
instanceKlass kotlin/jvm/internal/markers/KMutableIterator
instanceKlass kotlin/collections/builders/ListBuilder$Companion
instanceKlass kotlin/jvm/internal/markers/KMutableList
instanceKlass kotlin/io/path/PathsKt__PathReadWriteKt
instanceKlass kotlin/collections/builders/ListBuilderKt
instanceKlass kotlin/collections/builders/MapBuilder$Companion
instanceKlass kotlin/collections/builders/MapBuilder
instanceKlass kotlin/jvm/internal/markers/KMutableMap
instanceKlass kotlin/collections/builders/SetBuilder$Companion
instanceKlass org/jetbrains/kotlin/analysis/project/structure/impl/KtModuleUtilsKt
instanceKlass org/jetbrains/kotlin/analysis/api/lifetime/KtLifetimeTokenProvider
instanceKlass org/jetbrains/kotlin/analysis/api/lifetime/KtDefaultLifetimeTokenProvider
instanceKlass org/jetbrains/kotlin/analysis/providers/KotlinModificationTrackerFactory
instanceKlass  @bci org/jetbrains/uast/UastFacade <clinit> ()V 79 <appendix> argL0 ; # org/jetbrains/uast/UastFacade$$Lambda+0x0000000801ecd050
instanceKlass org/jetbrains/uast/UastFacade$1
instanceKlass com/intellij/ide/plugins/DynamicPluginListener$Companion
instanceKlass com/intellij/ide/plugins/DynamicPluginListener
instanceKlass org/jetbrains/uast/UastFacade
instanceKlass org/jetbrains/uast/UastContext
instanceKlass com/intellij/psi/PsiNameHelper
instanceKlass org/jetbrains/uast/kotlin/internal/UastAnalysisHandlerExtension
instanceKlass com/android/tools/lint/UastEnvironmentUtilsKt$configureApplicationEnvironment$2
instanceKlass com/intellij/pom/java/LanguageFeatureProvider
instanceKlass com/intellij/codeInsight/CustomExceptionHandler
instanceKlass com/intellij/pom/java/InternalPersistentJavaLanguageLevelReaderService$DefaultImpl
instanceKlass com/intellij/pom/java/InternalPersistentJavaLanguageLevelReaderService
instanceKlass com/android/tools/lint/LintVirtualFileSetFactory
instanceKlass com/intellij/openapi/vfs/VirtualFileSetFactory
instanceKlass org/jetbrains/kotlin/analysis/decompiler/stub/file/DummyFileAttributeService
instanceKlass org/jetbrains/kotlin/analysis/decompiler/stub/file/FileAttributeService
instanceKlass org/jetbrains/kotlin/analysis/decompiler/stub/file/ClsKotlinBinaryClassCache
instanceKlass org/jetbrains/kotlin/analysis/decompiler/psi/BuiltInsVirtualFileProvider$Companion
instanceKlass org/jetbrains/kotlin/analysis/decompiler/psi/BuiltInsVirtualFileProvider
instanceKlass org/jetbrains/kotlin/analysis/providers/impl/KotlinFakeClsStubsCache
instanceKlass org/jetbrains/kotlin/references/fe10/base/DummyKtFe10ReferenceResolutionHelper
instanceKlass org/jetbrains/kotlin/references/fe10/base/KtFe10ReferenceResolutionHelper
instanceKlass org/jetbrains/uast/kotlin/internal/CliKotlinUastResolveProviderService
instanceKlass org/jetbrains/uast/kotlin/KotlinUastResolveProviderService
instanceKlass org/jetbrains/uast/kotlin/BaseKotlinUastResolveProviderService
instanceKlass org/jetbrains/uast/kotlin/KotlinUastLanguagePlugin
instanceKlass org/jetbrains/uast/evaluation/AbstractEvaluatorExtension
instanceKlass org/jetbrains/uast/java/JavaUastLanguagePlugin
instanceKlass org/jetbrains/uast/evaluation/UEvaluatorExtension$Companion
instanceKlass org/jetbrains/uast/evaluation/UEvaluatorExtension
instanceKlass org/jetbrains/uast/UastLanguagePlugin$Companion
instanceKlass org/jetbrains/uast/UastLanguagePlugin
instanceKlass com/android/tools/lint/UastEnvironmentUtilsKt$configureApplicationEnvironment$1
instanceKlass org/jetbrains/kotlin/cli/jvm/compiler/JavaLanguageLevelKt$EntriesMappings
instanceKlass org/jetbrains/kotlin/cli/jvm/compiler/JavaLanguageLevelKt
instanceKlass com/intellij/util/keyFMap/PairElementsFMap
instanceKlass org/jetbrains/kotlin/config/AppendJavaSourceRootsHandlerKeyKt
instanceKlass org/jetbrains/kotlin/cli/jvm/compiler/CliVirtualFileFinderFactory
instanceKlass org/jetbrains/kotlin/load/kotlin/VirtualFileFinderFactory
instanceKlass org/jetbrains/kotlin/load/kotlin/MetadataFinderFactory
instanceKlass org/jetbrains/kotlin/cli/jvm/modules/CliJavaModuleResolver$Companion
instanceKlass org/jetbrains/kotlin/cli/jvm/modules/CliJavaModuleResolver
instanceKlass org/jetbrains/kotlin/resolve/jvm/modules/JavaModuleResolver
instanceKlass org/jetbrains/kotlin/load/java/JavaModuleAnnotationsProvider
instanceKlass org/jetbrains/kotlin/cli/jvm/index/SingleJavaFileRootsIndex
instanceKlass org/jetbrains/kotlin/cli/jvm/index/JvmDependenciesIndexImpl
instanceKlass org/jetbrains/kotlin/cli/jvm/index/JvmDependenciesDynamicCompoundIndex
instanceKlass org/jetbrains/kotlin/cli/jvm/index/JvmDependenciesIndex
instanceKlass org/jetbrains/kotlin/cli/jvm/compiler/ClasspathRootsResolver$RootsAndModules
instanceKlass kotlin/sequences/FlatteningSequence$iterator$1
instanceKlass kotlin/sequences/FlatteningSequence
instanceKlass kotlin/collections/CollectionsKt___CollectionsKt$asSequence$$inlined$Sequence$1
instanceKlass kotlin/sequences/EmptySequence
instanceKlass kotlin/sequences/DropTakeSequence
instanceKlass org/jetbrains/kotlin/cli/jvm/index/JavaRoot$RootTypes
instanceKlass org/jetbrains/kotlin/cli/jvm/index/JavaRoot
instanceKlass com/intellij/openapi/util/io/NioFiles$1
instanceKlass com/intellij/openapi/util/io/NioFiles
instanceKlass com/intellij/util/ConcurrencyUtil
instanceKlass  @bci com/intellij/util/containers/FactoryMap entrySet ()Ljava/util/Set; 9 <appendix> argL0 ; # com/intellij/util/containers/FactoryMap$$Lambda+0x0000000801ebc800
instanceKlass com/intellij/util/text/CharArrayExternalizable
instanceKlass com/intellij/util/text/ImmutableCharSequence
instanceKlass com/intellij/util/text/CharArrayUtil
instanceKlass com/intellij/util/containers/FactoryMap
instanceKlass  @bci com/intellij/openapi/vfs/impl/jar/CoreJarHandler <init> (Lcom/intellij/openapi/vfs/impl/jar/CoreJarFileSystem;Ljava/lang/String;)V 40 <appendix> argL0 ; # com/intellij/openapi/vfs/impl/jar/CoreJarHandler$$Lambda+0x0000000801ebf178
instanceKlass com/intellij/openapi/util/io/FileUtil$1
instanceKlass com/intellij/openapi/util/io/FileUtilRt$SymlinkResolver
instanceKlass com/intellij/openapi/util/io/FileUtil
instanceKlass  @bci com/intellij/openapi/vfs/impl/ZipHandlerBase buildEntryMapForZipFile (Ljava/util/zip/ZipFile;)Ljava/util/Map; 70 <appendix> member <vmtarget> ; # com/intellij/openapi/vfs/impl/ZipHandlerBase$$Lambda+0x0000000801ebe840
instanceKlass com/intellij/openapi/vfs/impl/ArchiveHandler$EntryInfo
instanceKlass com/intellij/util/containers/ShareableKey
instanceKlass  @bci com/intellij/util/containers/SLRUMap <init> (IILcom/intellij/util/containers/hash/EqualityPolicy;)V 55 <appendix> member <vmtarget> ; # com/intellij/util/containers/SLRUMap$$Lambda+0x0000000801ebbaa0
instanceKlass com/intellij/util/containers/LinkedCustomHashMap$Entry
instanceKlass  @bci com/intellij/util/containers/SLRUMap <init> (IILcom/intellij/util/containers/hash/EqualityPolicy;)V 37 <appendix> member <vmtarget> ; # com/intellij/util/containers/SLRUMap$$Lambda+0x0000000801ebb3a8
instanceKlass  @cpi com/android/tools/r8/internal/Rg 158 form vmentry <vmtarget> ; # java/lang/invoke/LambdaForm$DMH+0x0000000801ebc000
instanceKlass com/intellij/util/containers/LinkedCustomHashMap$RemoveCallback
instanceKlass com/intellij/util/containers/LinkedCustomHashMap
instanceKlass com/intellij/util/containers/SLRUMap
instanceKlass com/intellij/openapi/util/io/FileAttributes
instanceKlass com/intellij/util/io/ResourceHandle
instanceKlass com/intellij/util/io/FileAccessorCache
instanceKlass com/intellij/util/containers/hash/EqualityPolicy
instanceKlass com/intellij/openapi/vfs/impl/AddonlyKeylessHash$KeyValueMapper
instanceKlass com/intellij/openapi/util/Pair
instanceKlass org/jetbrains/kotlin/cli/jvm/compiler/ClasspathRootsResolver$RootWithPrefix
instanceKlass org/jetbrains/kotlin/cli/jvm/config/JvmModulePathRoot
instanceKlass org/jetbrains/kotlin/storage/LockBasedStorageManager$MapBasedMemoizedFunction
instanceKlass org/jetbrains/kotlin/storage/EmptySimpleLock
instanceKlass org/jetbrains/kotlin/storage/LockBasedStorageManager$ExceptionHandlingStrategy$1
instanceKlass org/jetbrains/kotlin/storage/LockBasedStorageManager$ExceptionHandlingStrategy
instanceKlass org/jetbrains/kotlin/storage/MemoizedFunctionToNullable
instanceKlass org/jetbrains/kotlin/storage/MemoizedFunctionToNotNull
instanceKlass org/jetbrains/kotlin/storage/NullableLazyValue
instanceKlass org/jetbrains/kotlin/storage/CacheWithNotNullValues
instanceKlass org/jetbrains/kotlin/storage/NotNullLazyValue
instanceKlass org/jetbrains/kotlin/storage/CacheWithNullableValues
instanceKlass org/jetbrains/kotlin/storage/SimpleLock
instanceKlass org/jetbrains/kotlin/storage/LockBasedStorageManager
instanceKlass org/jetbrains/kotlin/storage/StorageManager
instanceKlass org/jetbrains/kotlin/cli/jvm/modules/JavaModuleGraph
instanceKlass org/jetbrains/kotlin/cli/jvm/compiler/ClasspathRootsResolver$Companion
instanceKlass org/jetbrains/kotlin/cli/jvm/compiler/ClasspathRootsResolver
instanceKlass org/jetbrains/kotlin/cli/jvm/modules/CliJavaModuleFinder
instanceKlass org/jetbrains/kotlin/resolve/jvm/modules/JavaModuleFinder
instanceKlass kotlin/jvm/internal/Ref$BooleanRef
instanceKlass org/jetbrains/kotlin/extensions/PreprocessedFileCreator
instanceKlass  @bci com/intellij/openapi/util/KeyedExtensionCollector buildExtensions (Ljava/lang/String;Ljava/lang/Object;)Ljava/util/List; 48 <appendix> member <vmtarget> ; # com/intellij/openapi/util/KeyedExtensionCollector$$Lambda+0x0000000801eb2e98
instanceKlass com/intellij/openapi/util/KeyedExtensionCollector$MyExtensionPointListener
instanceKlass kotlin/jvm/functions/Function3
instanceKlass org/jetbrains/kotlin/cli/common/config/KotlinSourceRoot
instanceKlass org/jetbrains/kotlin/cli/common/config/ContentRootsKt
instanceKlass org/jetbrains/kotlin/cli/jvm/compiler/CoreEnvironmentUtilsKt
instanceKlass org/jetbrains/kotlin/resolve/lazy/declarations/DeclarationProviderFactoryService$Companion
instanceKlass org/jetbrains/kotlin/resolve/lazy/declarations/DeclarationProviderFactoryService
instanceKlass kotlin/collections/EmptyIterator
instanceKlass org/jetbrains/kotlin/cli/jvm/compiler/CliModuleAnnotationsResolver
instanceKlass org/jetbrains/kotlin/resolve/ModuleAnnotationsResolver
instanceKlass org/jetbrains/kotlin/resolve/jvm/KotlinJavaPsiFacade$2
instanceKlass org/jetbrains/kotlin/resolve/jvm/KotlinJavaPsiFacade$1
instanceKlass  @bci org/jetbrains/kotlin/resolve/jvm/KotlinJavaPsiFacade <init> (Lcom/intellij/openapi/project/Project;)V 47 <appendix> member <vmtarget> ; # org/jetbrains/kotlin/resolve/jvm/KotlinJavaPsiFacade$$Lambda+0x0000000801eafcf0
instanceKlass com/intellij/psi/PsiModifierList
instanceKlass org/jetbrains/kotlin/resolve/jvm/NotFoundPackagesCachingStrategy$Default
instanceKlass  @bci com/intellij/psi/PsiElement <clinit> ()V 7 <appendix> argL0 ; # com/intellij/psi/PsiElement$$Lambda+0x0000000801eaced0
instanceKlass  @bci com/intellij/psi/impl/ElementBase <clinit> ()V 16 <appendix> argL0 ; # com/intellij/psi/impl/ElementBase$$Lambda+0x0000000801eacc40
instanceKlass  @bci com/intellij/psi/impl/ElementBase <clinit> ()V 8 <appendix> argL0 ; # com/intellij/psi/impl/ElementBase$$Lambda+0x0000000801eac9f0
instanceKlass com/intellij/psi/impl/ElementBase$ElementIconRequest
instanceKlass org/jetbrains/kotlin/load/java/structure/JavaClass
instanceKlass org/jetbrains/kotlin/load/java/structure/JavaModifierListOwner
instanceKlass org/jetbrains/kotlin/load/java/structure/JavaTypeParameterListOwner
instanceKlass org/jetbrains/kotlin/load/java/structure/JavaClassifier
instanceKlass org/jetbrains/kotlin/load/java/structure/JavaAnnotationOwner
instanceKlass org/jetbrains/kotlin/load/java/structure/JavaNamedElement
instanceKlass org/jetbrains/kotlin/load/java/structure/JavaElement
instanceKlass org/jetbrains/kotlin/resolve/jvm/KotlinJavaPsiFacade$KotlinPsiElementFinderWrapperImpl
instanceKlass org/jetbrains/kotlin/resolve/jvm/KotlinJavaPsiFacade$KotlinPsiElementFinderWrapper
instanceKlass org/jetbrains/kotlin/resolve/jvm/NotFoundPackagesCachingStrategy
instanceKlass org/jetbrains/kotlin/resolve/jvm/KotlinJavaPsiFacade
instanceKlass org/jetbrains/kotlin/load/java/structure/impl/source/JavaElementSourceFactory
instanceKlass org/jetbrains/kotlin/cli/common/CliModuleVisibilityManagerImpl
instanceKlass org/jetbrains/kotlin/load/kotlin/ModuleVisibilityManager
instanceKlass org/jetbrains/kotlin/compiler/plugin/CompilerPluginRegistrarKt
instanceKlass org/jetbrains/kotlin/compiler/plugin/CompilerPluginRegistrar$Companion
instanceKlass org/jetbrains/kotlin/compiler/plugin/CompilerPluginRegistrar
instanceKlass org/jetbrains/kotlin/compiler/plugin/CompilerPluginRegistrar$ExtensionStorage
instanceKlass org/jetbrains/kotlin/compiler/plugin/ComponentRegistrar$Companion
instanceKlass org/jetbrains/kotlin/compiler/plugin/ComponentRegistrar
instanceKlass org/jetbrains/kotlin/resolve/diagnostics/DiagnosticSuppressor
instanceKlass org/jetbrains/kotlin/fir/extensions/FirAnalysisHandlerExtension
instanceKlass org/jetbrains/kotlin/resolve/extensions/AssignResolutionAltererExtension
instanceKlass org/jetbrains/kotlin/extensions/AnnotationBasedExtension
instanceKlass org/jetbrains/kotlin/types/DefaultTypeAttributeTranslator
instanceKlass org/jetbrains/kotlin/types/extensions/TypeAttributeTranslators
instanceKlass org/jetbrains/kotlin/extensions/TypeAttributeTranslatorExtension
instanceKlass org/jetbrains/kotlin/types/TypeAttributeTranslator
instanceKlass org/jetbrains/kotlin/fir/extensions/FirExtensionRegistrarAdapter
instanceKlass org/jetbrains/kotlin/serialization/DescriptorSerializerPlugin
instanceKlass org/jetbrains/kotlin/extensions/internal/CallResolutionInterceptorExtension
instanceKlass org/jetbrains/kotlin/extensions/internal/CandidateInterceptor
instanceKlass org/jetbrains/kotlin/extensions/internal/TypeResolutionInterceptorExtension
instanceKlass org/jetbrains/kotlin/extensions/internal/TypeResolutionInterceptor
instanceKlass org/jetbrains/kotlin/cli/common/extensions/ShellExtension
instanceKlass org/jetbrains/kotlin/cli/common/extensions/ScriptEvaluationExtension
instanceKlass org/jetbrains/kotlin/resolve/extensions/ExtraImportsProviderExtension
instanceKlass org/jetbrains/kotlin/extensions/ProcessSourcesBeforeCompilingExtension
instanceKlass org/jetbrains/kotlin/extensions/CollectAdditionalSourcesExtension
instanceKlass org/jetbrains/kotlin/extensions/CompilerConfigurationExtension
instanceKlass org/jetbrains/kotlin/js/translate/extensions/JsSyntheticTranslateExtension
instanceKlass org/jetbrains/kotlin/extensions/PreprocessedVirtualFileFactoryExtension
instanceKlass org/jetbrains/kotlin/extensions/DeclarationAttributeAltererExtension
instanceKlass org/jetbrains/kotlin/extensions/StorageComponentContainerContributor
instanceKlass org/jetbrains/kotlin/resolve/jvm/extensions/PackageFragmentProviderExtension
instanceKlass org/jetbrains/kotlin/resolve/jvm/extensions/AnalysisHandlerExtension
instanceKlass org/jetbrains/kotlin/resolve/extensions/AnalysisHandlerExtension
instanceKlass org/jetbrains/kotlin/codegen/extensions/ClassFileFactoryFinalizerExtension
instanceKlass org/jetbrains/kotlin/backend/jvm/extensions/ClassGeneratorExtension
instanceKlass org/jetbrains/kotlin/codegen/extensions/ClassBuilderInterceptorExtension
instanceKlass org/jetbrains/kotlin/resolve/jvm/extensions/SyntheticJavaResolveExtension
instanceKlass org/jetbrains/kotlin/resolve/extensions/SyntheticResolveExtension
instanceKlass org/jetbrains/kotlin/extensions/ProjectExtensionDescriptor
instanceKlass org/jetbrains/kotlin/codegen/extensions/ExpressionCodegenExtension
instanceKlass com/intellij/openapi/util/io/FileUtilRt$RepeatableIOOperation
instanceKlass com/intellij/openapi/util/io/FileUtilRt
instanceKlass com/intellij/openapi/vfs/PersistentFSConstants
instanceKlass org/jetbrains/kotlin/cli/common/environment/UtilKt
instanceKlass  @bci com/intellij/lang/jvm/facade/JvmFacadeImpl <init> (Lcom/intellij/openapi/project/Project;)V 53 <appendix> member <vmtarget> ; # com/intellij/lang/jvm/facade/JvmFacadeImpl$$Lambda+0x0000000801e9cf80
instanceKlass com/intellij/psi/impl/source/DummyHolderFactory$DefaultFactory
instanceKlass com/intellij/psi/impl/source/DummyHolderFactory
instanceKlass com/intellij/psi/PsiImportHolder
instanceKlass com/intellij/openapi/ui/Queryable
instanceKlass com/intellij/psi/impl/source/PsiFileWithStubSupport
instanceKlass com/intellij/psi/impl/PsiFileEx
instanceKlass com/intellij/psi/impl/source/JavaDummyHolderFactory
instanceKlass  @bci com/intellij/psi/impl/JavaPsiFacadeImpl <init> (Lcom/intellij/openapi/project/Project;)V 92 <appendix> member <vmtarget> ; # com/intellij/psi/impl/JavaPsiFacadeImpl$$Lambda+0x0000000801e97570
instanceKlass  @bci com/intellij/psi/impl/JavaPsiFacadeImpl <init> (Lcom/intellij/openapi/project/Project;)V 55 <appendix> member <vmtarget> ; # com/intellij/psi/impl/JavaPsiFacadeImpl$$Lambda+0x0000000801e97318
instanceKlass com/intellij/lang/jvm/facade/JvmFacadeImpl
instanceKlass com/intellij/lang/jvm/facade/JvmFacade
instanceKlass com/intellij/util/containers/ConcurrentRefValueHashMap$ValueReference
instanceKlass com/intellij/util/containers/ConcurrentRefValueHashMap
instanceKlass com/intellij/psi/impl/source/HolderFactory
instanceKlass com/intellij/psi/PsiConstantEvaluationHelper
instanceKlass com/intellij/psi/JavaPsiFacade
instanceKlass org/jetbrains/kotlin/cli/jvm/compiler/MockInferredAnnotationsManager$Companion
instanceKlass com/intellij/codeInsight/InferredAnnotationsManager
instanceKlass com/intellij/codeInsight/ExternalAnnotationsListener
instanceKlass com/intellij/codeInsight/ExternalAnnotationsManager
instanceKlass com/intellij/util/Processor
instanceKlass org/jetbrains/kotlin/asJava/finder/JavaElementFinder$Companion
instanceKlass org/jetbrains/kotlin/resolve/jvm/KotlinFinderMarker
instanceKlass org/jetbrains/kotlin/asJava/KotlinAsJavaSupport$Companion
instanceKlass org/jetbrains/kotlin/asJava/KotlinAsJavaSupport
instanceKlass kotlin/SafePublicationLazyImpl$Companion
instanceKlass kotlin/SafePublicationLazyImpl
instanceKlass kotlin/LazyKt__LazyJVMKt$WhenMappings
instanceKlass org/jetbrains/kotlin/asJava/classes/ImplUtilsKt
instanceKlass org/jetbrains/kotlin/asJava/LightClassGenerationSupport$Companion
instanceKlass org/jetbrains/kotlin/asJava/LightClassGenerationSupport
instanceKlass org/jetbrains/kotlin/resolve/jvm/JvmCodeAnalyzerInitializer
instanceKlass org/jetbrains/kotlin/resolve/CodeAnalyzerInitializer
instanceKlass com/intellij/psi/impl/JvmPsiConversionHelperImpl
instanceKlass com/intellij/psi/JvmPsiConversionHelper
instanceKlass  @bci it/unimi/dsi/fastutil/objects/ObjectOpenHashSet <clinit> ()V 10 <appendix> argL0 ; # it/unimi/dsi/fastutil/objects/ObjectOpenHashSet$$Lambda+0x0000000801e8fa28
instanceKlass  @bci it/unimi/dsi/fastutil/objects/ObjectOpenHashSet <clinit> ()V 5 <appendix> argL0 ; # it/unimi/dsi/fastutil/objects/ObjectOpenHashSet$$Lambda+0x0000000801e8f7c8
instanceKlass  @bci it/unimi/dsi/fastutil/objects/ObjectOpenHashSet <clinit> ()V 0 <appendix> argL0 ; # it/unimi/dsi/fastutil/objects/ObjectOpenHashSet$$Lambda+0x0000000801e8f578
instanceKlass it/unimi/dsi/fastutil/objects/ObjectIterator
instanceKlass it/unimi/dsi/fastutil/objects/ObjectSpliterator
instanceKlass com/intellij/util/containers/Interner
instanceKlass org/jetbrains/kotlin/utils/PlatformUtilsKt
instanceKlass org/jetbrains/kotlin/load/java/structure/impl/classFiles/BinaryClassSignatureParser
instanceKlass com/intellij/openapi/util/RecursionManager$2
instanceKlass com/intellij/util/containers/SoftKeySoftValueHashMap
instanceKlass  @bci com/intellij/psi/search/ProjectScope <clinit> ()V 54 <appendix> argL0 ; # com/intellij/psi/search/ProjectScope$$Lambda+0x0000000801e8c648
instanceKlass  @bci com/intellij/psi/search/ProjectScope <clinit> ()V 41 <appendix> argL0 ; # com/intellij/psi/search/ProjectScope$$Lambda+0x0000000801e8c3d8
instanceKlass  @bci com/intellij/psi/search/ProjectScope <clinit> ()V 28 <appendix> argL0 ; # com/intellij/psi/search/ProjectScope$$Lambda+0x0000000801e8c168
instanceKlass  @bci com/intellij/psi/search/ProjectScope <clinit> ()V 15 <appendix> argL0 ; # com/intellij/psi/search/ProjectScope$$Lambda+0x0000000801e8bef8
instanceKlass  @bci com/intellij/psi/search/ProjectScope <clinit> ()V 2 <appendix> argL0 ; # com/intellij/psi/search/ProjectScope$$Lambda+0x0000000801e8ba20
instanceKlass com/intellij/psi/search/ProjectScope
instanceKlass org/jetbrains/kotlin/util/PerformanceCounter$Companion
instanceKlass org/jetbrains/kotlin/util/PerformanceCounter
instanceKlass org/jetbrains/kotlin/cli/jvm/compiler/KotlinCliJavaFileManagerImpl$Companion
instanceKlass com/intellij/core/CoreJavaFileManager
instanceKlass org/jetbrains/kotlin/resolve/jvm/KotlinCliJavaFileManager
instanceKlass com/intellij/psi/controlFlow/ControlFlowFactory$1
instanceKlass  @bci com/intellij/util/containers/ConcurrentWeakKeySoftValueHashMap <clinit> ()V 0 <appendix> argL0 ; # com/intellij/util/containers/ConcurrentWeakKeySoftValueHashMap$$Lambda+0x0000000801e8a270
instanceKlass com/intellij/util/containers/ConcurrentWeakKeySoftValueHashMap$HardKey
instanceKlass com/intellij/util/containers/ConcurrentWeakKeySoftValueHashMap$KeyReference
instanceKlass com/intellij/util/containers/ConcurrentWeakKeySoftValueHashMap
instanceKlass com/intellij/psi/controlFlow/ControlFlow
instanceKlass com/intellij/psi/controlFlow/ControlFlowFactory
instanceKlass com/intellij/psi/codeStyle/SuggestedNameInfo
instanceKlass com/intellij/psi/codeStyle/JavaCodeStyleManager
instanceKlass com/intellij/core/CoreJavaFileCodeStyleFacade
instanceKlass com/intellij/psi/codeStyle/JavaFileCodeStyleFacade
instanceKlass com/intellij/psi/codeStyle/CodeStyleSettingsFacade
instanceKlass com/intellij/psi/codeStyle/JavaCodeStyleSettingsFacade
instanceKlass com/intellij/psi/impl/source/resolve/JavaResolveCache$1
instanceKlass com/intellij/psi/impl/source/resolve/JavaResolveCache
instanceKlass  @bci com/intellij/pom/java/LanguageLevel <clinit> ()V 694 <appendix> argL0 ; # com/intellij/pom/java/LanguageLevel$$Lambda+0x0000000801e86d60
instanceKlass  @bci com/intellij/pom/java/LanguageLevel <clinit> ()V 684 <appendix> argL0 ; # com/intellij/pom/java/LanguageLevel$$Lambda+0x0000000801e86ae0
instanceKlass com/intellij/util/lang/JavaVersion
instanceKlass  @bci com/intellij/AbstractBundle getLazyMessage (Ljava/lang/String;[Ljava/lang/Object;)Ljava/util/function/Supplier; 34 <appendix> member <vmtarget> ; # com/intellij/AbstractBundle$$Lambda+0x0000000801e86410
instanceKlass com/intellij/AbstractBundle
instanceKlass com/intellij/core/JavaPsiBundle
instanceKlass com/intellij/openapi/roots/LanguageLevelProjectExtension$LanguageLevelChangeListener
instanceKlass com/intellij/openapi/roots/LanguageLevelProjectExtension
instanceKlass  @bci com/intellij/openapi/util/RecursionManager <clinit> ()V 8 <appendix> argL0 ; # com/intellij/openapi/util/RecursionManager$$Lambda+0x0000000801e84958
instanceKlass com/intellij/openapi/util/RecursionManager$CalculationStack
instanceKlass com/intellij/openapi/util/RecursionGuard$StackStamp
instanceKlass com/intellij/openapi/util/RecursionGuard
instanceKlass com/intellij/openapi/util/RecursionManager
instanceKlass com/intellij/psi/scope/processor/FilterScopeProcessor
instanceKlass com/intellij/psi/scope/PsiScopeProcessor
instanceKlass com/intellij/psi/scope/NameHint
instanceKlass com/intellij/psi/scope/ElementClassHint
instanceKlass com/intellij/psi/PsiInferenceHelper
instanceKlass com/intellij/psi/impl/source/resolve/PsiResolveHelperImpl
instanceKlass com/intellij/psi/PsiResolveHelper
instanceKlass com/intellij/psi/impl/JavaPsiImplementationHelper
instanceKlass com/intellij/psi/impl/PsiElementFactoryImpl$1
instanceKlass  @bci com/intellij/psi/impl/PsiElementFactoryImpl <clinit> ()V 25 <appendix> argL0 ; # com/intellij/psi/impl/PsiElementFactoryImpl$$Lambda+0x0000000801e80b20
instanceKlass  @bci com/intellij/psi/PsiType <clinit> ()V 135 <appendix> argL0 ; # com/intellij/psi/PsiType$$Lambda+0x0000000801e808d0
instanceKlass com/intellij/psi/TypeAnnotationProvider$1
instanceKlass com/intellij/psi/TypeAnnotationProvider$Static
instanceKlass com/intellij/psi/TypeAnnotationProvider
instanceKlass  @bci com/intellij/psi/PsiAnnotation <clinit> ()V 7 <appendix> argL0 ; # com/intellij/psi/PsiAnnotation$$Lambda+0x0000000801e7f898
instanceKlass com/intellij/psi/PsiAnnotation
instanceKlass com/intellij/lang/jvm/types/JvmPrimitiveTypeKind
instanceKlass com/intellij/lang/jvm/JvmAnnotation
instanceKlass com/intellij/psi/PsiTypes
instanceKlass  @bci com/intellij/psi/impl/PsiJavaParserFacadeImpl <clinit> ()V 132 <appendix> argL0 ; # com/intellij/psi/impl/PsiJavaParserFacadeImpl$$Lambda+0x0000000801e7e070
instanceKlass  @bci com/intellij/psi/impl/PsiJavaParserFacadeImpl <clinit> ()V 124 <appendix> argL0 ; # com/intellij/psi/impl/PsiJavaParserFacadeImpl$$Lambda+0x0000000801e7de10
instanceKlass  @bci com/intellij/psi/impl/PsiJavaParserFacadeImpl <clinit> ()V 116 <appendix> argL0 ; # com/intellij/psi/impl/PsiJavaParserFacadeImpl$$Lambda+0x0000000801e7dbb0
instanceKlass  @bci com/intellij/psi/impl/PsiJavaParserFacadeImpl <clinit> ()V 108 <appendix> argL0 ; # com/intellij/psi/impl/PsiJavaParserFacadeImpl$$Lambda+0x0000000801e7d950
instanceKlass  @bci com/intellij/psi/impl/PsiJavaParserFacadeImpl <clinit> ()V 100 <appendix> argL0 ; # com/intellij/psi/impl/PsiJavaParserFacadeImpl$$Lambda+0x0000000801e7d6f0
instanceKlass  @bci com/intellij/psi/impl/PsiJavaParserFacadeImpl <clinit> ()V 92 <appendix> argL0 ; # com/intellij/psi/impl/PsiJavaParserFacadeImpl$$Lambda+0x0000000801e7d490
instanceKlass  @bci com/intellij/psi/impl/PsiJavaParserFacadeImpl <clinit> ()V 84 <appendix> argL0 ; # com/intellij/psi/impl/PsiJavaParserFacadeImpl$$Lambda+0x0000000801e7d230
instanceKlass  @bci com/intellij/psi/impl/PsiJavaParserFacadeImpl <clinit> ()V 76 <appendix> argL0 ; # com/intellij/psi/impl/PsiJavaParserFacadeImpl$$Lambda+0x0000000801e7cfd0
instanceKlass  @bci com/intellij/psi/impl/PsiJavaParserFacadeImpl <clinit> ()V 68 <appendix> argL0 ; # com/intellij/psi/impl/PsiJavaParserFacadeImpl$$Lambda+0x0000000801e7cd70
instanceKlass  @bci com/intellij/psi/impl/PsiJavaParserFacadeImpl <clinit> ()V 60 <appendix> argL0 ; # com/intellij/psi/impl/PsiJavaParserFacadeImpl$$Lambda+0x0000000801e7cb10
instanceKlass  @bci com/intellij/psi/impl/PsiJavaParserFacadeImpl <clinit> ()V 52 <appendix> argL0 ; # com/intellij/psi/impl/PsiJavaParserFacadeImpl$$Lambda+0x0000000801e7c8b0
instanceKlass  @bci com/intellij/psi/impl/PsiJavaParserFacadeImpl <clinit> ()V 44 <appendix> argL0 ; # com/intellij/psi/impl/PsiJavaParserFacadeImpl$$Lambda+0x0000000801e7c650
instanceKlass  @bci com/intellij/psi/impl/PsiJavaParserFacadeImpl <clinit> ()V 36 <appendix> argL0 ; # com/intellij/psi/impl/PsiJavaParserFacadeImpl$$Lambda+0x0000000801e7c3f0
instanceKlass  @bci com/intellij/psi/impl/PsiJavaParserFacadeImpl <clinit> ()V 28 <appendix> argL0 ; # com/intellij/psi/impl/PsiJavaParserFacadeImpl$$Lambda+0x0000000801e7c190
instanceKlass com/intellij/lang/java/parser/JavaParserUtil$ParserWrapper
instanceKlass com/intellij/psi/PsiImportStatementBase
instanceKlass com/intellij/psi/PsiTypeElement
instanceKlass com/intellij/psi/PsiReferenceExpression
instanceKlass com/intellij/psi/PsiJavaCodeReferenceElement
instanceKlass com/intellij/psi/PsiQualifiedReferenceElement
instanceKlass com/intellij/psi/PsiQualifiedReference
instanceKlass com/intellij/psi/PsiJavaReference
instanceKlass com/intellij/psi/PsiPolyVariantReference
instanceKlass com/intellij/psi/PsiExpression
instanceKlass com/intellij/psi/PsiCaseLabelElement
instanceKlass com/intellij/psi/PsiAnnotationMemberValue
instanceKlass com/intellij/lang/jvm/types/JvmReferenceType
instanceKlass com/intellij/lang/jvm/types/JvmPrimitiveType
instanceKlass com/intellij/psi/PsiType
instanceKlass com/intellij/lang/jvm/types/JvmType
instanceKlass com/intellij/psi/PsiAnnotationOwner
instanceKlass com/intellij/lang/java/parser/BasicJavaParserUtil$ParserWrapper
instanceKlass com/intellij/psi/impl/PsiJavaParserFacadeImpl
instanceKlass com/intellij/psi/PsiElementFactory
instanceKlass com/intellij/psi/JVMElementFactory
instanceKlass com/intellij/psi/PsiJavaParserFacade
instanceKlass com/intellij/lang/injection/InjectedLanguageManager
instanceKlass com/intellij/mock/MockDumbUtil
instanceKlass com/intellij/openapi/project/DumbUtil
instanceKlass com/intellij/psi/search/impl/VirtualFileEnumeration
instanceKlass com/intellij/psi/search/impl/VirtualFileEnumerationAware
instanceKlass com/intellij/psi/search/SearchScope
instanceKlass com/intellij/psi/search/ProjectAwareFileFilter
instanceKlass com/intellij/psi/PsiDirectory
instanceKlass com/intellij/psi/impl/file/PsiDirectoryFactory
instanceKlass com/intellij/psi/util/ParameterizedCachedValue
instanceKlass com/intellij/psi/util/CachedValue
instanceKlass com/intellij/psi/impl/PsiCachedValuesFactory
instanceKlass com/intellij/psi/util/CachedValueProvider
instanceKlass com/intellij/psi/util/CachedValuesManager
instanceKlass com/intellij/psi/impl/source/tree/TreeElementVisitor
instanceKlass com/intellij/psi/PsiFileFactory
instanceKlass com/intellij/psi/impl/PsiToDocumentSynchronizer
instanceKlass  @bci com/intellij/openapi/editor/event/DocumentListener <clinit> ()V 7 <appendix> argL0 ; # com/intellij/openapi/editor/event/DocumentListener$$Lambda+0x0000000801e6e100
instanceKlass com/intellij/psi/PsiDocumentManager
instanceKlass com/intellij/core/MockDocumentCommitProcessor
instanceKlass com/intellij/psi/impl/DocumentCommitProcessor
instanceKlass com/intellij/psi/SmartPointerManager
instanceKlass com/intellij/psi/impl/file/impl/FileManagerImpl$1
instanceKlass  @bci com/intellij/psi/impl/file/impl/FileManagerImpl <init> (Lcom/intellij/psi/impl/PsiManagerImpl;Lcom/intellij/openapi/util/NotNullLazyValue;)V 93 <appendix> member <vmtarget> ; # com/intellij/psi/impl/file/impl/FileManagerImpl$$Lambda+0x0000000801e6bfc8
instanceKlass  @bci com/intellij/psi/impl/file/impl/FileManagerImpl <init> (Lcom/intellij/psi/impl/PsiManagerImpl;Lcom/intellij/openapi/util/NotNullLazyValue;)V 52 <appendix> argL0 ; # com/intellij/psi/impl/file/impl/FileManagerImpl$$Lambda+0x0000000801e6bd78
instanceKlass com/intellij/openapi/util/Comparing
instanceKlass com/intellij/openapi/fileTypes/CharsetUtil
instanceKlass com/intellij/util/LocalTimeCounter
instanceKlass  @bci com/intellij/openapi/extensions/impl/ExtensionPointImpl addExtensionPointListener (Lcom/intellij/openapi/extensions/ExtensionPointListener;ZLcom/intellij/openapi/Disposable;)V 40 <appendix> member <vmtarget> ; # com/intellij/openapi/extensions/impl/ExtensionPointImpl$$Lambda+0x0000000801e6b478
instanceKlass com/intellij/openapi/extensions/ExtensionPointPriorityListener
instanceKlass  @bci com/intellij/openapi/extensions/impl/ExtensionPointImpl addListener (Lcom/intellij/openapi/extensions/ExtensionPointListener;)Z 20 <appendix> member <vmtarget> ; # com/intellij/openapi/extensions/impl/ExtensionPointImpl$$Lambda+0x0000000801e6afb8
instanceKlass com/intellij/openapi/extensions/ExtensionPointUtil$1
instanceKlass com/intellij/openapi/extensions/ExtensionPointUtil
instanceKlass  @bci com/intellij/openapi/vfs/DeprecatedVirtualFileSystem startEventPropagation ()V 33 <appendix> member <vmtarget> ; # com/intellij/openapi/vfs/DeprecatedVirtualFileSystem$$Lambda+0x0000000801e6a888
instanceKlass  @bci com/android/tools/r8/internal/ih0 a (Lcom/android/tools/r8/internal/Et;Lcom/android/tools/r8/internal/K5;Lcom/android/tools/r8/internal/Ow;Lcom/android/tools/r8/internal/HB;Lcom/android/tools/r8/graph/H0;Lcom/android/tools/r8/ir/optimize/a;Ljava/util/Set;)Lcom/android/tools/r8/internal/Ow; 727 <appendix> argL0 ; # com/android/tools/r8/internal/ih0$$Lambda+0x0000000801d2d2e8
instanceKlass  @bci com/intellij/openapi/vfs/VirtualFile <clinit> ()V 7 <appendix> argL0 ; # com/intellij/openapi/vfs/VirtualFile$$Lambda+0x0000000801e6a638
instanceKlass com/intellij/openapi/vfs/NonPhysicalFileSystem
instanceKlass com/intellij/openapi/vfs/VirtualFileVisitor
instanceKlass com/intellij/openapi/vfs/VirtualFileWithAssignedFileType
instanceKlass com/intellij/psi/impl/file/impl/FileManagerImpl
instanceKlass  @bci com/intellij/openapi/util/NotNullLazyValue createValue (Lcom/intellij/openapi/util/NotNullFactory;)Lcom/intellij/openapi/util/NotNullLazyValue; 14 <appendix> member <vmtarget> ; # com/intellij/openapi/util/NotNullLazyValue$$Lambda+0x0000000801e67d70
instanceKlass  @bci com/intellij/psi/impl/PsiManagerImpl <init> (Lcom/intellij/openapi/project/Project;)V 56 <appendix> member <vmtarget> ; # com/intellij/psi/impl/PsiManagerImpl$$Lambda+0x0000000801e67ad8
instanceKlass com/intellij/openapi/util/NotNullFactory
instanceKlass com/intellij/openapi/util/Factory
instanceKlass com/intellij/openapi/vfs/VirtualFileFilter$2
instanceKlass com/intellij/openapi/vfs/VirtualFileFilter$1
instanceKlass com/intellij/openapi/vfs/VirtualFileFilter
instanceKlass  @bci com/intellij/openapi/util/LowMemoryWatcher register (Ljava/lang/Runnable;Lcom/intellij/openapi/util/LowMemoryWatcher$LowMemoryWatcherType;Lcom/intellij/openapi/Disposable;)V 36 <appendix> member <vmtarget> ; # com/intellij/openapi/util/LowMemoryWatcher$$Lambda+0x0000000801e66d20
instanceKlass com/intellij/openapi/util/LowMemoryWatcher
instanceKlass  @bci com/intellij/psi/impl/source/resolve/ResolveCache <init> (Lcom/intellij/openapi/project/Project;)V 47 <appendix> member <vmtarget> ; # com/intellij/psi/impl/source/resolve/ResolveCache$$Lambda+0x0000000801e663e8
instanceKlass com/intellij/psi/impl/source/resolve/ResolveCache$1
instanceKlass com/intellij/psi/impl/AnyPsiChangeListener
instanceKlass com/intellij/psi/impl/file/impl/FileManager
instanceKlass com/intellij/openapi/wm/ex/ProgressIndicatorEx
instanceKlass com/intellij/psi/ResolveResult
instanceKlass com/intellij/psi/impl/source/resolve/ResolveCache$StrongValueReference
instanceKlass com/intellij/util/containers/ConcurrentWeakKeySoftValueHashMap$ValueReference
instanceKlass com/intellij/psi/impl/source/resolve/ResolveCache$AbstractResolver
instanceKlass com/intellij/psi/PsiReference
instanceKlass com/intellij/psi/impl/source/resolve/ResolveCache
instanceKlass com/intellij/psi/impl/PsiModificationTrackerImpl$1
instanceKlass com/intellij/openapi/project/DumbService$DumbModeListener
instanceKlass com/intellij/openapi/project/DumbService$Companion
instanceKlass com/intellij/openapi/project/DumbService
instanceKlass com/intellij/psi/util/PsiModificationTracker$Listener
instanceKlass  @bci com/intellij/util/containers/ConcurrentFactoryMap createWeakMap (Lcom/intellij/util/Function;)Ljava/util/concurrent/ConcurrentMap; 10 <appendix> argL0 ; # com/intellij/util/containers/ConcurrentFactoryMap$$Lambda+0x0000000801e62dd0
instanceKlass  @bci com/intellij/psi/impl/PsiModificationTrackerImpl <init> (Lcom/intellij/openapi/project/Project;)V 35 <appendix> argL0 ; # com/intellij/psi/impl/PsiModificationTrackerImpl$$Lambda+0x0000000801e62b38
instanceKlass com/intellij/psi/impl/PsiModificationTrackerImpl
instanceKlass com/intellij/psi/util/PsiModificationTracker
instanceKlass com/intellij/lang/jvm/facade/JvmElementProvider
instanceKlass com/intellij/psi/PsiElementFinder
instanceKlass com/intellij/psi/impl/PsiTreeChangePreprocessor
instanceKlass com/intellij/openapi/roots/PackageIndex
instanceKlass com/intellij/psi/impl/file/impl/JavaFileManager
instanceKlass com/intellij/psi/search/ProjectScopeBuilder
instanceKlass com/intellij/openapi/roots/FileIndexFacade
instanceKlass com/intellij/psi/impl/ResolveScopeManager
instanceKlass com/intellij/util/CachedValuesFactory
instanceKlass com/intellij/core/CoreProjectEnvironment
instanceKlass org/jetbrains/kotlin/cli/jvm/compiler/KotlinCoreEnvironment$Companion$getOrCreateApplicationEnvironment$1$2
instanceKlass org/jetbrains/kotlin/cli/common/PropertiesKt
instanceKlass  @bci org/jetbrains/kotlin/cli/jvm/compiler/KotlinCoreEnvironment$Companion getOrCreateApplicationEnvironment (Lcom/intellij/openapi/Disposable;Lorg/jetbrains/kotlin/config/CompilerConfiguration;Lorg/jetbrains/kotlin/cli/jvm/compiler/KotlinCoreApplicationEnvironmentMode;)Lorg/jetbrains/kotlin/cli/jvm/compiler/KotlinCoreApplicationEnvironment; 77 <appendix> argL0 ; # org/jetbrains/kotlin/cli/jvm/compiler/KotlinCoreEnvironment$Companion$$Lambda+0x0000000801e5d8f8
instanceKlass com/intellij/openapi/application/TransactionGuard
instanceKlass com/intellij/psi/util/JavaClassSupers
instanceKlass org/jetbrains/kotlin/load/kotlin/KotlinBinaryClassCache$Companion
instanceKlass org/jetbrains/kotlin/load/kotlin/KotlinBinaryClassCache
instanceKlass org/jetbrains/kotlin/psi/stubs/KotlinFileStub
instanceKlass org/jetbrains/kotlin/parsing/KotlinParserDefinition$Companion
instanceKlass org/jetbrains/kotlin/parsing/KotlinCommonParserDefinition
instanceKlass  @bci org/jetbrains/kotlin/idea/KotlinFileType <init> ()V 8 <appendix> argL0 ; # org/jetbrains/kotlin/idea/KotlinFileType$$Lambda+0x0000000801e5b838
instanceKlass com/intellij/util/keyFMap/OneElementFMap
instanceKlass  @bci com/intellij/lang/LanguageUtil matchingMetaLanguages (Lcom/intellij/lang/Language;)Ljava/util/List; 94 <appendix> member <vmtarget> ; # com/intellij/lang/LanguageUtil$$Lambda+0x0000000801e5ace8
instanceKlass com/intellij/openapi/extensions/impl/ExtensionsAreaImplKt
instanceKlass kotlinx/coroutines/IncompleteStateBox
instanceKlass kotlinx/coroutines/internal/LockFreeLinkedListNode
instanceKlass kotlin/coroutines/jvm/internal/CompletedContinuation
instanceKlass com/intellij/ide/plugins/KotlinK2ModeCompatibilityCheckerKt
instanceKlass  @bci com/intellij/openapi/util/BuildNumber <clinit> ()V 4 <appendix> argL0 ; # com/intellij/openapi/util/BuildNumber$$Lambda+0x0000000801e59428
instanceKlass com/intellij/openapi/util/BuildNumber
instanceKlass kotlinx/collections/immutable/implementations/immutableMap/TrieNode$Companion
instanceKlass kotlinx/collections/immutable/implementations/immutableMap/TrieNode
instanceKlass kotlinx/collections/immutable/implementations/immutableMap/PersistentHashMap$Companion
instanceKlass kotlin/collections/AbstractMap$Companion
instanceKlass kotlin/collections/AbstractMap
instanceKlass kotlinx/collections/immutable/PersistentMap
instanceKlass kotlinx/collections/immutable/ImmutableMap
instanceKlass kotlinx/collections/immutable/internal/EndOfChain
instanceKlass kotlinx/collections/immutable/implementations/persistentOrderedSet/PersistentOrderedSet$Companion
instanceKlass com/intellij/ide/plugins/PluginManagerCore
instanceKlass com/intellij/ide/plugins/PluginContentDescriptor$Companion
instanceKlass com/intellij/ide/plugins/PluginContentDescriptor
instanceKlass com/intellij/ide/plugins/IdeaPluginDescriptorImpl
instanceKlass com/intellij/ide/plugins/IdeaPluginDescriptor
instanceKlass org/codehaus/stax2/ri/typed/ValueDecoderFactory
instanceKlass com/fasterxml/aalto/in/ByteBasedPNameTable$Bucket
instanceKlass com/intellij/openapi/extensions/ExtensionPointDescriptor
instanceKlass com/fasterxml/aalto/util/DataUtil
instanceKlass com/fasterxml/aalto/in/ElementScope
instanceKlass com/fasterxml/aalto/in/ByteBasedPNameFactory
instanceKlass com/intellij/ide/plugins/ModuleDependenciesDescriptor$Companion
instanceKlass com/intellij/ide/plugins/ModuleDependenciesDescriptor
instanceKlass com/intellij/ide/plugins/ContainerDescriptor
instanceKlass com/intellij/ide/plugins/RawPluginDescriptor
instanceKlass com/fasterxml/aalto/util/BufferRecycler
instanceKlass com/fasterxml/aalto/util/NameTable
instanceKlass com/fasterxml/aalto/util/XmlCharTypes
instanceKlass com/fasterxml/aalto/in/AttributeCollector
instanceKlass com/fasterxml/aalto/util/TextBuilder
instanceKlass com/fasterxml/aalto/in/FixedNsContext
instanceKlass com/fasterxml/aalto/in/NsBinding
instanceKlass com/fasterxml/aalto/in/PName
instanceKlass org/codehaus/stax2/XMLStreamLocation2
instanceKlass org/codehaus/stax2/typed/TypedArrayDecoder
instanceKlass org/codehaus/stax2/typed/TypedValueDecoder
instanceKlass com/fasterxml/aalto/stax/StreamReaderImpl
instanceKlass org/codehaus/stax2/LocationInfo
instanceKlass org/codehaus/stax2/DTDInfo
instanceKlass org/codehaus/stax2/AttributeInfo
instanceKlass org/codehaus/stax2/XMLStreamReader2
instanceKlass org/codehaus/stax2/validation/Validatable
instanceKlass org/codehaus/stax2/typed/TypedXMLStreamReader
instanceKlass com/fasterxml/aalto/in/XmlScanner
instanceKlass com/fasterxml/aalto/in/InputBootstrapper
instanceKlass com/fasterxml/aalto/util/XmlConsts
instanceKlass com/fasterxml/aalto/util/UriCanonicalizer
instanceKlass com/fasterxml/aalto/in/ReaderConfig$EncodingContext
instanceKlass com/fasterxml/aalto/impl/CommonConfig
instanceKlass com/intellij/util/xml/dom/StaxFactory
instanceKlass kotlin/collections/AbstractList$IteratorImpl
instanceKlass kotlinx/collections/immutable/internal/DeltaCounter
instanceKlass kotlinx/collections/immutable/implementations/immutableSet/TrieNodeKt
instanceKlass kotlinx/collections/immutable/internal/MutabilityOwnership
instanceKlass kotlinx/collections/immutable/PersistentSet$Builder
instanceKlass kotlin/jvm/internal/markers/KMutableSet
instanceKlass kotlinx/collections/immutable/PersistentCollection$Builder
instanceKlass kotlin/jvm/internal/markers/KMutableCollection
instanceKlass kotlin/jvm/internal/markers/KMutableIterable
instanceKlass com/intellij/ide/plugins/XmlReader
instanceKlass com/intellij/ide/plugins/ImmutableZipFileDataLoader
instanceKlass com/intellij/ide/plugins/DataLoader
instanceKlass com/intellij/ide/plugins/NonShareableJavaZipFilePool$load$1
instanceKlass com/intellij/util/lang/ZipFilePool$EntryResolver
instanceKlass com/intellij/util/lang/ZipFilePool
instanceKlass kotlin/ResultKt
instanceKlass kotlinx/coroutines/internal/OpDescriptor
instanceKlass kotlinx/coroutines/DispatchedTaskKt
instanceKlass kotlinx/coroutines/CompletedExceptionally
instanceKlass kotlinx/coroutines/EventLoop_commonKt
instanceKlass kotlinx/coroutines/AbstractTimeSourceKt
instanceKlass kotlin/Result$Failure
instanceKlass kotlinx/coroutines/CompletionStateKt
instanceKlass kotlin/Result$Companion
instanceKlass kotlin/Result
instanceKlass kotlinx/coroutines/internal/ThreadContextKt
instanceKlass kotlinx/coroutines/internal/DispatchedContinuationKt
instanceKlass kotlinx/coroutines/scheduling/Task
instanceKlass kotlin/coroutines/jvm/internal/DebugProbesKt
instanceKlass kotlin/coroutines/intrinsics/IntrinsicsKt__IntrinsicsJvmKt
instanceKlass kotlinx/coroutines/intrinsics/CancellableKt
instanceKlass kotlinx/coroutines/CoroutineStart$WhenMappings
instanceKlass kotlin/coroutines/CombinedContext
instanceKlass kotlinx/coroutines/Job$DefaultImpls
instanceKlass kotlin/coroutines/CoroutineContext$DefaultImpls
instanceKlass kotlinx/coroutines/NonDisposableHandle
instanceKlass kotlinx/coroutines/ChildHandle
instanceKlass kotlinx/coroutines/DisposableHandle
instanceKlass kotlinx/coroutines/Job$Key
instanceKlass kotlinx/coroutines/Empty
instanceKlass kotlinx/coroutines/Incomplete
instanceKlass kotlinx/coroutines/JobSupportKt
instanceKlass kotlinx/coroutines/JobSupport
instanceKlass kotlinx/coroutines/ParentJob
instanceKlass kotlinx/coroutines/ChildJob
instanceKlass kotlinx/coroutines/Job
instanceKlass kotlin/coroutines/ContinuationInterceptor$DefaultImpls
instanceKlass kotlinx/coroutines/DefaultExecutorKt
instanceKlass kotlinx/coroutines/internal/LimitedDispatcherKt
instanceKlass kotlinx/coroutines/internal/LockFreeTaskQueueCore$Companion
instanceKlass kotlinx/coroutines/internal/LockFreeTaskQueueCore
instanceKlass kotlinx/coroutines/internal/ResizableAtomicArray
instanceKlass kotlinx/coroutines/internal/LockFreeTaskQueue
instanceKlass kotlinx/coroutines/scheduling/CoroutineScheduler$Companion
instanceKlass kotlinx/coroutines/scheduling/CoroutineScheduler
instanceKlass kotlinx/coroutines/scheduling/TaskContextImpl
instanceKlass kotlinx/coroutines/scheduling/TaskContext
instanceKlass kotlinx/coroutines/scheduling/SchedulerTimeSource
instanceKlass kotlinx/coroutines/internal/SystemPropsKt__SystemProps_commonKt
instanceKlass kotlinx/coroutines/scheduling/TasksKt
instanceKlass kotlinx/coroutines/Dispatchers
instanceKlass kotlinx/coroutines/internal/SystemPropsKt__SystemPropsKt
instanceKlass kotlinx/coroutines/internal/SystemPropsKt
instanceKlass kotlinx/coroutines/DebugKt
instanceKlass kotlinx/coroutines/CopyableThreadContextElement
instanceKlass kotlinx/coroutines/ThreadContextElement
instanceKlass kotlin/coroutines/CoroutineContext$Element$DefaultImpls
instanceKlass kotlinx/coroutines/CoroutineContextKt
instanceKlass kotlinx/coroutines/GlobalScope
instanceKlass java/util/concurrent/atomic/AtomicIntegerFieldUpdater$AtomicIntegerFieldUpdaterImpl$1
instanceKlass java/util/concurrent/atomic/AtomicIntegerFieldUpdater
instanceKlass kotlin/coroutines/AbstractCoroutineContextKey
instanceKlass kotlin/coroutines/AbstractCoroutineContextElement
instanceKlass kotlinx/coroutines/Delay
instanceKlass kotlinx/coroutines/EventLoopKt
instanceKlass kotlinx/coroutines/internal/ThreadLocalKt
instanceKlass kotlinx/coroutines/internal/Symbol
instanceKlass kotlinx/coroutines/ThreadLocalEventLoop
instanceKlass kotlin/coroutines/ContinuationInterceptor$Key
instanceKlass kotlin/coroutines/ContinuationInterceptor
instanceKlass kotlin/coroutines/CoroutineContext$Element
instanceKlass kotlin/coroutines/EmptyCoroutineContext
instanceKlass kotlin/coroutines/CoroutineContext
instanceKlass kotlinx/coroutines/BuildersKt__BuildersKt
instanceKlass kotlinx/coroutines/BuildersKt
instanceKlass kotlin/coroutines/jvm/internal/BaseContinuationImpl
instanceKlass kotlin/coroutines/jvm/internal/CoroutineStackFrame
instanceKlass kotlin/coroutines/jvm/internal/SuspendFunction
instanceKlass  @bci com/intellij/ide/plugins/DescriptorListLoadingContext <init> (Ljava/util/Set;Ljava/util/Set;Ljava/util/Map;Lkotlin/jvm/functions/Function0;ZZZZ)V 128 <appendix> member <vmtarget> ; # com/intellij/ide/plugins/DescriptorListLoadingContext$$Lambda+0x0000000801e35840
instanceKlass com/intellij/ide/plugins/MyXmlInterner
instanceKlass com/intellij/util/xml/dom/XmlInterner
instanceKlass com/intellij/ide/plugins/DescriptorListLoadingContext
instanceKlass com/intellij/ide/plugins/ReadModuleContext
instanceKlass com/intellij/ide/plugins/PluginXmlPathResolver$Companion
instanceKlass com/intellij/ide/plugins/PluginXmlPathResolver
instanceKlass com/intellij/ide/plugins/PathResolver
instanceKlass kotlin/coroutines/Continuation
instanceKlass com/intellij/ide/plugins/PluginDescriptorLoader
instanceKlass kotlin/io/CloseableKt
instanceKlass org/jetbrains/kotlin/utils/PathUtil
instanceKlass com/intellij/psi/JavaModuleSystem
instanceKlass com/intellij/psi/impl/compiled/ClsCustomNavigationPolicy
instanceKlass org/jetbrains/kotlin/cli/jvm/compiler/IdeaExtensionPoints
instanceKlass com/intellij/psi/impl/smartPointers/SmartPointerAnchorProvider
instanceKlass com/intellij/codeInsight/runner/JavaMainMethodProvider
instanceKlass com/intellij/openapi/util/NotNullLazyValue
instanceKlass  @bci com/intellij/psi/augment/PsiAugmentProvider <clinit> ()V 17 <appendix> argL0 ; # com/intellij/psi/augment/PsiAugmentProvider$$Lambda+0x0000000801e31798
instanceKlass com/intellij/psi/augment/PsiAugmentProvider
instanceKlass com/intellij/psi/meta/MetaDataContributor
instanceKlass com/intellij/psi/FileContextProvider
instanceKlass org/jetbrains/kotlin/cli/jvm/compiler/DummyJavaFileCodeStyleFacadeFactory
instanceKlass com/intellij/psi/codeStyle/JavaFileCodeStyleFacadeFactory
instanceKlass com/intellij/util/containers/CanonicalHashingStrategy
instanceKlass  @bci com/intellij/util/containers/ConcurrentRefHashMap <clinit> ()V 23 <appendix> argL0 ; # com/intellij/util/containers/ConcurrentRefHashMap$$Lambda+0x0000000801e304e0
instanceKlass com/intellij/util/containers/ConcurrentRefHashMap$HardKey
instanceKlass com/intellij/util/containers/ConcurrentRefHashMap$1
instanceKlass com/intellij/util/containers/ConcurrentRefHashMap$KeyReference
instanceKlass  @bci com/intellij/openapi/fileTypes/BinaryFileTypeDecompilers notifyDecompilerSetChange ()V 3 <appendix> argL0 ; # com/intellij/openapi/fileTypes/BinaryFileTypeDecompilers$$Lambda+0x0000000801e2e710
instanceKlass  @bci com/intellij/openapi/fileTypes/BinaryFileTypeDecompilers <init> ()V 11 <appendix> member <vmtarget> ; # com/intellij/openapi/fileTypes/BinaryFileTypeDecompilers$$Lambda+0x0000000801e2e4b8
instanceKlass com/intellij/psi/FileViewProvider
instanceKlass com/intellij/psi/compiled/ClsStubBuilder
instanceKlass com/intellij/psi/compiled/ClassFileDecompilers$Full
instanceKlass  @bci com/intellij/openapi/extensions/impl/ExtensionPointImpl doAddChangeListener (Ljava/lang/Runnable;)Lcom/intellij/openapi/extensions/ExtensionPointAdapter; 14 <appendix> member <vmtarget> ; # com/intellij/openapi/extensions/impl/ExtensionPointImpl$$Lambda+0x0000000801e2d690
instanceKlass com/intellij/openapi/extensions/ExtensionPointAdapter
instanceKlass  @bci com/intellij/psi/compiled/ClassFileDecompilers <init> ()V 21 <appendix> argL0 ; # com/intellij/psi/compiled/ClassFileDecompilers$$Lambda+0x0000000801e2cf78
instanceKlass  @bci com/intellij/util/pico/CachingConstructorInjectionComponentAdapter getGreediestSatisfiableConstructor (Lorg/picocontainer/ComponentAdapter;Lcom/intellij/util/pico/DefaultPicoContainer;Ljava/lang/Class;)Ljava/lang/reflect/Constructor; 43 <appendix> argL0 ; # com/intellij/util/pico/CachingConstructorInjectionComponentAdapter$$Lambda+0x0000000801e2ccb0
instanceKlass com/intellij/openapi/components/Service
instanceKlass com/intellij/psi/compiled/ClassFileDecompilers
instanceKlass com/intellij/psi/compiled/ClassFileDecompilers$Decompiler
instanceKlass com/intellij/psi/util/MethodSignature
instanceKlass com/intellij/openapi/application/QueryExecutorBase
instanceKlass com/intellij/util/QueryExecutor
instanceKlass com/intellij/psi/search/searches/SuperMethodsSearch$1
instanceKlass com/intellij/openapi/extensions/ExtensionPointListener$Companion
instanceKlass com/intellij/psi/search/searches/SmartExtensionPoint$1
instanceKlass com/intellij/openapi/extensions/ExtensionPointAndAreaListener
instanceKlass  @bci com/intellij/psi/search/searches/ExtensibleQueryFactory <init> (Ljava/lang/String;)V 11 <appendix> member <vmtarget> ; # com/intellij/psi/search/searches/ExtensibleQueryFactory$$Lambda+0x0000000801e2a4f8
instanceKlass com/intellij/psi/search/searches/SmartExtensionPoint
instanceKlass com/intellij/util/Query
instanceKlass com/intellij/util/QueryFactory
instanceKlass kotlin/coroutines/CoroutineContext$Key
instanceKlass  @bci com/intellij/openapi/util/registry/Registry doGet (Ljava/lang/String;)Lcom/intellij/openapi/util/registry/RegistryValue; 14 <appendix> member <vmtarget> ; # com/intellij/openapi/util/registry/Registry$$Lambda+0x0000000801e294b0
instanceKlass com/intellij/openapi/util/registry/RegistryValue
instanceKlass com/intellij/openapi/util/registry/Registry$1
instanceKlass com/intellij/openapi/util/registry/RegistryValueListener
instanceKlass com/intellij/openapi/util/registry/Registry
instanceKlass com/intellij/psi/PsiRecursiveVisitor
instanceKlass com/intellij/psi/PsiElementVisitor
instanceKlass com/intellij/lang/folding/FoldingBuilderEx
instanceKlass com/intellij/openapi/project/DumbAware
instanceKlass com/intellij/lang/folding/FoldingBuilder
instanceKlass com/intellij/openapi/project/PossiblyDumbAware
instanceKlass com/intellij/codeInsight/folding/JavaCodeFoldingSettings
instanceKlass com/intellij/psi/PsiParameter
instanceKlass com/intellij/lang/jvm/JvmParameter
instanceKlass com/intellij/psi/presentation/java/VariablePresentationProvider
instanceKlass com/intellij/psi/PsiLocalVariable
instanceKlass com/intellij/psi/presentation/java/FieldPresentationProvider
instanceKlass com/intellij/psi/PsiField
instanceKlass com/intellij/lang/jvm/JvmField
instanceKlass com/intellij/psi/PsiVariable
instanceKlass com/intellij/psi/presentation/java/MethodPresentationProvider
instanceKlass com/intellij/psi/PsiMethod
instanceKlass com/intellij/lang/jvm/JvmMethod
instanceKlass com/intellij/psi/PsiParameterListOwner
instanceKlass com/intellij/psi/presentation/java/ClassPresentationProvider
instanceKlass com/intellij/psi/PsiClass
instanceKlass com/intellij/lang/jvm/JvmClass
instanceKlass com/intellij/lang/jvm/JvmTypeDeclaration
instanceKlass com/intellij/pom/PomRenameableTarget
instanceKlass com/intellij/pom/PomNamedTarget
instanceKlass com/intellij/psi/PsiTarget
instanceKlass com/intellij/pom/PomTarget
instanceKlass com/intellij/psi/PsiTypeParameterListOwner
instanceKlass com/intellij/lang/jvm/JvmTypeParametersOwner
instanceKlass com/intellij/psi/PsiJvmMember
instanceKlass com/intellij/lang/jvm/JvmMember
instanceKlass com/intellij/psi/PsiDocCommentOwner
instanceKlass com/intellij/psi/PsiJavaDocumentedElement
instanceKlass com/intellij/psi/PsiMember
instanceKlass com/intellij/psi/PsiNameIdentifierOwner
instanceKlass com/intellij/navigation/ItemPresentation
instanceKlass com/intellij/psi/presentation/java/PackagePresentationProvider
instanceKlass com/intellij/navigation/ItemPresentationProvider
instanceKlass com/intellij/psi/PsiPackage
instanceKlass com/intellij/lang/jvm/JvmPackage
instanceKlass com/intellij/lang/jvm/JvmNamedElement
instanceKlass com/intellij/psi/PsiQualifiedNamedElement
instanceKlass com/intellij/psi/PsiDirectoryContainer
instanceKlass com/intellij/psi/PsiJvmModifiersOwner
instanceKlass com/intellij/lang/jvm/JvmModifiersOwner
instanceKlass com/intellij/lang/jvm/JvmAnnotatedElement
instanceKlass com/intellij/lang/jvm/JvmElement
instanceKlass com/intellij/psi/PsiModifierListOwner
instanceKlass com/intellij/openapi/projectRoots/JavaVersionService
instanceKlass com/intellij/psi/JavaDirectoryService
instanceKlass com/intellij/psi/PsiSubstitutor
instanceKlass com/intellij/psi/PsiSubstitutorFactory
instanceKlass  @bci com/intellij/openapi/util/ModificationTracker <clinit> ()V 10 <appendix> argL0 ; # com/intellij/openapi/util/ModificationTracker$$Lambda+0x0000000801e1e9b8
instanceKlass com/intellij/openapi/util/ModificationTracker$1
instanceKlass com/intellij/psi/impl/file/PsiPackageImplementationHelper
instanceKlass  @bci com/intellij/openapi/extensions/impl/ExtensionPointImpl doRegisterExtension (Ljava/lang/Object;Lcom/intellij/openapi/extensions/LoadingOrder;Lcom/intellij/openapi/extensions/PluginDescriptor;Lcom/intellij/openapi/Disposable;)V 190 <appendix> member <vmtarget> ; # com/intellij/openapi/extensions/impl/ExtensionPointImpl$$Lambda+0x0000000801e1de10
instanceKlass com/intellij/openapi/extensions/impl/ExtensionPointImplKt
instanceKlass  @bci com/intellij/openapi/extensions/impl/ObjectComponentAdapter <init> (Ljava/lang/Object;Lcom/intellij/openapi/extensions/PluginDescriptor;Lcom/intellij/openapi/extensions/LoadingOrder;)V 36 <appendix> member <vmtarget> ; # com/intellij/openapi/extensions/impl/ObjectComponentAdapter$$Lambda+0x0000000801e1d308
instanceKlass com/intellij/openapi/extensions/impl/ExtensionComponentAdapter
instanceKlass com/intellij/openapi/extensions/LoadingOrder$Orderable
instanceKlass kotlin/text/CharsKt__CharJVMKt
instanceKlass kotlin/internal/ProgressionUtilKt
instanceKlass kotlin/ranges/IntRange$Companion
instanceKlass kotlin/ranges/IntProgression$Companion
instanceKlass kotlin/ranges/IntProgression
instanceKlass kotlin/ranges/OpenEndRange
instanceKlass kotlin/ranges/ClosedRange
instanceKlass kotlin/ranges/RangesKt__RangesKt
instanceKlass kotlin/text/DelimitedRangesSequence$iterator$1
instanceKlass kotlin/sequences/TransformingSequence$iterator$1
instanceKlass kotlin/sequences/TransformingSequence
instanceKlass kotlin/text/DelimitedRangesSequence
instanceKlass kotlin/text/StringsKt__AppendableKt
instanceKlass kotlin/collections/EmptySet
instanceKlass kotlin/collections/SetsKt__SetsJVMKt
instanceKlass com/intellij/openapi/extensions/LoadingOrder$Companion
instanceKlass com/intellij/openapi/extensions/LoadingOrder
instanceKlass com/intellij/codeInsight/JavaContainerProvider
instanceKlass com/intellij/codeInsight/ContainerProvider
instanceKlass com/intellij/psi/impl/PsiExpressionEvaluator
instanceKlass com/intellij/psi/impl/ConstantExpressionEvaluator
instanceKlass com/intellij/psi/stubs/IndexSink
instanceKlass com/intellij/util/diff/FlyweightCapableTreeStructure
instanceKlass  @bci com/intellij/psi/tree/IStubFileElementType <clinit> ()V 4 <appendix> argL0 ; # com/intellij/psi/tree/IStubFileElementType$$Lambda+0x0000000801e14bf8
instanceKlass com/intellij/psi/stubs/LightStubBuilder
instanceKlass com/intellij/psi/impl/java/stubs/PsiJavaFileStub
instanceKlass com/intellij/psi/stubs/PsiClassHolderFileStub
instanceKlass com/intellij/psi/StubBuilder
instanceKlass com/intellij/psi/stubs/PsiFileStub
instanceKlass com/intellij/psi/stubs/StubElement
instanceKlass com/intellij/psi/stubs/Stub
instanceKlass com/intellij/psi/stubs/StubSerializer
instanceKlass com/intellij/psi/stubs/ObjectStubSerializer
instanceKlass com/intellij/lang/java/JavaParserDefinition
instanceKlass com/intellij/psi/javadoc/PsiDocToken
instanceKlass com/intellij/psi/javadoc/PsiSnippetAttributeValue
instanceKlass com/intellij/psi/PsiFragment
instanceKlass com/intellij/psi/PsiLiteralValue
instanceKlass com/intellij/psi/PsiKeyword
instanceKlass com/intellij/psi/PsiIdentifier
instanceKlass com/intellij/psi/PsiJavaToken
instanceKlass com/intellij/psi/javadoc/PsiDocTagValue
instanceKlass com/intellij/psi/impl/compiled/ClassFileStubBuilder
instanceKlass com/intellij/psi/stubs/BinaryFileStubBuilder$CompositeBinaryFileStubBuilder
instanceKlass com/intellij/psi/stubs/BinaryFileStubBuilder
instanceKlass com/intellij/psi/ClassFileViewProviderFactory
instanceKlass com/intellij/psi/FileViewProviderFactory
instanceKlass com/intellij/openapi/util/Condition$3
instanceKlass com/intellij/openapi/util/Condition$2
instanceKlass com/intellij/openapi/util/Condition$1
instanceKlass com/intellij/openapi/util/Conditions
instanceKlass  @bci com/intellij/psi/tree/IElementType <clinit> ()V 15 <appendix> argL0 ; # com/intellij/psi/tree/IElementType$$Lambda+0x0000000801e07720
instanceKlass com/intellij/psi/tree/IElementType$Predicate
instanceKlass  @bci com/intellij/psi/tree/IElementType <clinit> ()V 7 <appendix> argL0 ; # com/intellij/psi/tree/IElementType$$Lambda+0x0000000801e072a0
instanceKlass com/intellij/lexer/Lexer
instanceKlass com/intellij/openapi/fileTypes/PlainTextParserDefinition
instanceKlass  @bci com/intellij/openapi/util/KeyedExtensionCollector addExplicitExtension (Ljava/lang/Object;Ljava/lang/Object;Lcom/intellij/openapi/Disposable;)V 37 <appendix> member <vmtarget> ; # com/intellij/openapi/util/KeyedExtensionCollector$$Lambda+0x0000000801e05b78
instanceKlass kotlinx/collections/immutable/implementations/immutableList/AbstractListIterator
instanceKlass kotlinx/collections/immutable/internal/ListImplementation
instanceKlass  @bci com/intellij/lang/LanguageUtil <clinit> ()V 0 <appendix> argL0 ; # com/intellij/lang/LanguageUtil$$Lambda+0x0000000801e04de0
instanceKlass com/intellij/lang/LanguageUtil
instanceKlass kotlin/collections/ArrayAsCollection
instanceKlass kotlinx/collections/immutable/implementations/immutableSet/TrieNodeIterator
instanceKlass kotlinx/collections/immutable/implementations/immutableSet/PersistentHashSetIterator
instanceKlass com/intellij/util/containers/ContainerUtil$9$1
instanceKlass com/intellij/util/containers/ContainerUtil$9
instanceKlass com/intellij/psi/PsiPlainText
instanceKlass com/intellij/lang/ASTFactory$DefaultFactoryHolder
instanceKlass com/intellij/openapi/fileTypes/OSFileIdeAssociation
instanceKlass com/intellij/openapi/fileTypes/PlainTextLikeFileType
instanceKlass com/intellij/ide/highlighter/ArchiveFileType
instanceKlass kotlinx/collections/immutable/implementations/immutableSet/TrieNode$Companion
instanceKlass kotlinx/collections/immutable/implementations/immutableSet/TrieNode
instanceKlass kotlinx/collections/immutable/implementations/immutableSet/PersistentHashSet$Companion
instanceKlass kotlin/collections/AbstractSet$Companion
instanceKlass kotlinx/collections/immutable/PersistentSet
instanceKlass kotlinx/collections/immutable/ImmutableSet
instanceKlass com/intellij/openapi/fileTypes/LanguageFileType
instanceKlass com/intellij/ide/highlighter/JavaClassFileType
instanceKlass com/intellij/DynamicBundle$LanguageBundleEP
instanceKlass com/intellij/util/pico/CachingConstructorInjectionComponentAdapter
instanceKlass com/intellij/openapi/application/ApplicationInfo
instanceKlass com/intellij/util/graph/Graph
instanceKlass com/intellij/util/graph/InboundSemiGraph
instanceKlass com/intellij/util/graph/OutboundSemiGraph
instanceKlass com/intellij/util/graph/GraphAlgorithms
instanceKlass com/intellij/util/messages/impl/MessagePublisher
instanceKlass com/intellij/util/messages/impl/CompositeMessageBus$WhenMappings
instanceKlass  @bci com/intellij/util/messages/impl/MessageBusImpl syncPublisher (Lcom/intellij/util/messages/Topic;)Ljava/lang/Object; 59 <appendix> member <vmtarget> ; # com/intellij/util/messages/impl/MessageBusImpl$$Lambda+0x0000000801dfc528
instanceKlass com/intellij/openapi/command/impl/CoreCommandProcessor$1
instanceKlass com/intellij/openapi/command/CommandListener
instanceKlass com/intellij/openapi/command/CommandToken
instanceKlass com/intellij/openapi/command/CommandProcessor
instanceKlass com/intellij/codeInsight/folding/CodeFoldingSettings
instanceKlass  @bci com/intellij/util/containers/Unsafe objectFieldOffset (Ljava/lang/reflect/Field;)J 4 <adapter> ; # java/lang/invoke/LambdaForm$MH+0x0000000801dfa800
# instanceKlass java/lang/invoke/LambdaForm$MH+0x0000000801dfa400
# instanceKlass java/lang/invoke/LambdaForm$BMH+0x0000000801dfa000
# instanceKlass java/lang/invoke/LambdaForm$DMH+0x0000000801df9c00
# instanceKlass java/lang/invoke/LambdaForm$DMH+0x0000000801df9800
# instanceKlass java/lang/invoke/LambdaForm$MH+0x0000000801df9400
# instanceKlass java/lang/invoke/LambdaForm$MH+0x0000000801df9000
# instanceKlass java/lang/invoke/LambdaForm$MH+0x0000000801df8c00
# instanceKlass java/lang/invoke/LambdaForm$BMH+0x0000000801df8800
# instanceKlass java/lang/invoke/LambdaForm$DMH+0x0000000801df8400
# instanceKlass java/lang/invoke/LambdaForm$DMH+0x0000000801df8000
# instanceKlass java/lang/invoke/LambdaForm$MH+0x0000000801df7c00
# instanceKlass java/lang/invoke/LambdaForm$BMH+0x0000000801df7800
# instanceKlass java/lang/invoke/LambdaForm$DMH+0x0000000801df7400
# instanceKlass java/lang/invoke/LambdaForm$DMH+0x0000000801df7000
# instanceKlass java/lang/invoke/LambdaForm$MH+0x0000000801df6c00
# instanceKlass java/lang/invoke/LambdaForm$BMH+0x0000000801df6800
# instanceKlass java/lang/invoke/LambdaForm$DMH+0x0000000801df6400
# instanceKlass java/lang/invoke/LambdaForm$DMH+0x0000000801df6000
# instanceKlass java/lang/invoke/LambdaForm$MH+0x0000000801df5c00
# instanceKlass java/lang/invoke/LambdaForm$BMH+0x0000000801df5800
# instanceKlass java/lang/invoke/LambdaForm$DMH+0x0000000801df5400
# instanceKlass java/lang/invoke/LambdaForm$DMH+0x0000000801df5000
# instanceKlass java/lang/invoke/LambdaForm$MH+0x0000000801df4c00
# instanceKlass java/lang/invoke/LambdaForm$MH+0x0000000801df4800
# instanceKlass java/lang/invoke/LambdaForm$BMH+0x0000000801df4400
# instanceKlass java/lang/invoke/LambdaForm$DMH+0x0000000801df4000
instanceKlass com/intellij/util/containers/Unsafe
instanceKlass com/intellij/util/ConcurrentLongObjectHashMap$CollectionView
instanceKlass com/intellij/util/ConcurrentLongObjectHashMap$CounterCell
instanceKlass com/intellij/util/ConcurrentLongObjectHashMap$Node
instanceKlass com/intellij/util/containers/ConcurrentLongObjectMap$LongEntry
instanceKlass com/intellij/util/ConcurrentLongObjectHashMap
instanceKlass com/intellij/util/containers/ConcurrentLongObjectMap
instanceKlass io/opentelemetry/api/trace/SpanBuilder
instanceKlass io/opentelemetry/api/trace/DefaultTracer
instanceKlass io/opentelemetry/api/trace/DefaultTracerProvider
instanceKlass io/opentelemetry/api/trace/TracerProvider
instanceKlass com/intellij/platform/diagnostic/telemetry/IJNoopTracer
instanceKlass com/intellij/platform/diagnostic/telemetry/IJTracer
instanceKlass io/opentelemetry/api/trace/Tracer
instanceKlass com/intellij/platform/diagnostic/telemetry/PlatformScopesKt
instanceKlass com/intellij/platform/diagnostic/telemetry/Scope
instanceKlass com/intellij/openapi/progress/impl/ProgressManagerScopeKt
instanceKlass com/intellij/platform/diagnostic/telemetry/NoopTelemetryManager
instanceKlass com/intellij/platform/diagnostic/telemetry/TelemetryManagerKt
instanceKlass com/intellij/platform/diagnostic/telemetry/TelemetryManager$Companion
instanceKlass com/intellij/platform/diagnostic/telemetry/TelemetryManager
instanceKlass  @bci com/intellij/openapi/progress/ProgressManager <clinit> ()V 0 <appendix> argL0 ; # com/intellij/openapi/progress/ProgressManager$$Lambda+0x0000000801ded400
instanceKlass com/intellij/openapi/progress/PerformInBackgroundOption
instanceKlass com/intellij/openapi/progress/ProgressIndicator
instanceKlass com/intellij/openapi/progress/Task
instanceKlass com/intellij/openapi/progress/Progressive
instanceKlass com/intellij/openapi/progress/TaskInfo
instanceKlass com/intellij/psi/PsiReferenceService
instanceKlass com/intellij/psi/stubs/ObjectStubTree
instanceKlass com/intellij/psi/PsiFile
instanceKlass com/intellij/psi/PsiFileSystemItem
instanceKlass com/intellij/psi/NavigatablePsiElement
instanceKlass com/intellij/psi/PsiCheckedRenameElement
instanceKlass com/intellij/psi/PsiNamedElement
instanceKlass com/intellij/psi/stubs/StubTreeLoader
instanceKlass com/intellij/psi/PsiReferenceProviderBean
instanceKlass com/intellij/psi/PsiReferenceContributor
instanceKlass com/intellij/codeInsight/highlighting/PassRunningAssert
instanceKlass it/unimi/dsi/fastutil/doubles/Double2ObjectMap
instanceKlass it/unimi/dsi/fastutil/doubles/Double2ObjectFunction
instanceKlass com/intellij/psi/PsiReferenceRegistrar
instanceKlass com/intellij/psi/PsiReferenceProvider
instanceKlass com/intellij/psi/impl/source/resolve/reference/ReferenceProvidersRegistry
instanceKlass com/intellij/lang/PsiBuilder
instanceKlass com/intellij/openapi/util/UserDataHolderUnprotected
instanceKlass com/intellij/lang/SyntaxTreeBuilder
instanceKlass com/intellij/lang/PsiBuilderFactory
instanceKlass  @bci com/intellij/openapi/util/text/StringUtil <clinit> ()V 24 <appendix> argL0 ; # com/intellij/openapi/util/text/StringUtil$$Lambda+0x0000000801de5d00
instanceKlass  @bci com/intellij/openapi/util/text/StringUtil <clinit> ()V 16 <appendix> argL0 ; # com/intellij/openapi/util/text/StringUtil$$Lambda+0x0000000801de5a90
instanceKlass com/intellij/openapi/util/text/StringUtilRt
instanceKlass com/intellij/psi/impl/source/CharTableImpl
instanceKlass com/intellij/psi/PsiLanguageInjectionHost
instanceKlass com/intellij/psi/PsiComment
instanceKlass com/intellij/model/psi/UrlReferenceHost
instanceKlass com/intellij/model/psi/PsiExternalReferenceHost
instanceKlass com/intellij/navigation/NavigationItem
instanceKlass com/intellij/pom/Navigatable
instanceKlass com/intellij/psi/PsiWhiteSpace
instanceKlass com/intellij/psi/tree/ILazyParseableElementTypeBase
instanceKlass com/intellij/psi/tree/IElementType
instanceKlass com/intellij/lang/FileASTNode
instanceKlass com/intellij/psi/impl/ReparseableASTNode
instanceKlass com/intellij/lang/ASTNode
instanceKlass com/intellij/util/CharTable
instanceKlass com/intellij/lang/ASTFactory
instanceKlass com/intellij/lang/DefaultASTFactory
instanceKlass com/intellij/openapi/vfs/pointers/VirtualFilePointerContainer
instanceKlass com/intellij/openapi/vfs/pointers/VirtualFilePointer
instanceKlass com/intellij/openapi/vfs/encoding/EncodingRegistry
instanceKlass com/intellij/openapi/extensions/impl/ImplementationClassResolver
instanceKlass com/intellij/serviceContainer/LazyExtensionInstance
instanceKlass com/intellij/openapi/extensions/PluginAware
instanceKlass com/intellij/util/KeyedLazyInstance
instanceKlass com/intellij/openapi/vfs/impl/BulkVirtualFileListenerAdapter
instanceKlass com/intellij/util/messages/impl/BaseBusConnection
instanceKlass com/intellij/util/messages/impl/MessageBusImpl$MessageHandlerHolder
instanceKlass com/intellij/util/messages/MessageBusConnection
instanceKlass com/intellij/util/messages/SimpleMessageBusConnection
instanceKlass com/intellij/openapi/vfs/impl/VirtualFileManagerImpl$LoggingListener
instanceKlass  @bci com/intellij/util/ReflectionUtil findAssignableField (Ljava/lang/Class;Ljava/lang/Class;Ljava/lang/String;)Ljava/lang/reflect/Field; 20 <appendix> member <vmtarget> ; # com/intellij/util/ReflectionUtil$$Lambda+0x0000000801dd8000
instanceKlass com/intellij/util/ReflectionUtil
instanceKlass  @bci com/intellij/util/EventDispatcher createMulticaster (Ljava/lang/Class;Ljava/util/Map;Ljava/util/function/Supplier;)Ljava/lang/Object; 54 <appendix> member <vmtarget> ; # com/intellij/util/EventDispatcher$$Lambda+0x0000000801dd7b10
instanceKlass  @bci com/intellij/util/EventDispatcher getMulticaster ()Ljava/util/EventListener; 19 <appendix> member <vmtarget> ; # com/intellij/util/EventDispatcher$$Lambda+0x0000000801dd78b8
instanceKlass com/intellij/openapi/vfs/newvfs/CachingVirtualFileSystem
instanceKlass kotlin/collections/ArraysUtilJVM
instanceKlass java/util/concurrent/atomic/AtomicLongFieldUpdater$CASUpdater$1
instanceKlass java/util/concurrent/atomic/AtomicLongFieldUpdater
instanceKlass com/intellij/openapi/extensions/ExtensionPointListener
instanceKlass  @bci com/intellij/openapi/application/CachedSingletonsRegistry lazy (Lkotlin/jvm/functions/Function0;)Ljava/util/function/Supplier; 16 <appendix> member <vmtarget> ; # com/intellij/openapi/application/CachedSingletonsRegistry$$Lambda+0x0000000801dd6fc8
instanceKlass com/intellij/openapi/application/CachedSingletonsRegistry
instanceKlass  @bci com/intellij/openapi/vfs/VirtualFileManager <clinit> ()V 24 <appendix> argL0 ; # com/intellij/openapi/vfs/VirtualFileManager$$Lambda+0x0000000801dd6b40
instanceKlass  @bci com/intellij/openapi/vfs/VirtualFileManager <clinit> ()V 16 <appendix> argL0 ; # com/intellij/openapi/vfs/VirtualFileManager$$Lambda+0x0000000801dd68f0
instanceKlass com/intellij/openapi/vfs/newvfs/BulkFileListener
instanceKlass com/intellij/util/messages/Topic
instanceKlass com/intellij/openapi/vfs/VirtualFileManager
instanceKlass kotlin/Unit
instanceKlass com/intellij/util/Java11Shim$Companion
instanceKlass com/intellij/util/Java11Shim
instanceKlass com/intellij/util/containers/UtilKt
instanceKlass kotlin/_Assertions
instanceKlass kotlinx/collections/immutable/internal/CommonFunctionsKt
instanceKlass kotlinx/collections/immutable/implementations/immutableList/SmallPersistentVector$Companion
instanceKlass kotlinx/collections/immutable/implementations/immutableList/UtilsKt
instanceKlass kotlinx/collections/immutable/ExtensionsKt
instanceKlass kotlinx/collections/immutable/PersistentList
instanceKlass kotlinx/collections/immutable/PersistentCollection
instanceKlass kotlinx/collections/immutable/ImmutableList
instanceKlass kotlinx/collections/immutable/ImmutableCollection
instanceKlass com/intellij/openapi/extensions/impl/ExtensionPointImpl$Companion
instanceKlass com/intellij/openapi/extensions/impl/ExtensionPointImpl
instanceKlass com/intellij/openapi/extensions/ExtensionPoint
instanceKlass  @bci com/intellij/openapi/extensions/PluginId getId (Ljava/lang/String;)Lcom/intellij/openapi/extensions/PluginId; 12 <appendix> argL0 ; # com/intellij/openapi/extensions/PluginId$$Lambda+0x0000000801dd1640
instanceKlass com/intellij/openapi/extensions/PluginId
instanceKlass com/intellij/openapi/extensions/DefaultPluginDescriptor
instanceKlass com/intellij/openapi/vfs/VirtualFileManagerListener
instanceKlass  @bci com/intellij/core/CoreApplicationEnvironment <init> (Lcom/intellij/openapi/Disposable;Z)V 103 <appendix> argL0 ; # com/intellij/core/CoreApplicationEnvironment$$Lambda+0x0000000801dd04c8
instanceKlass it/unimi/dsi/fastutil/ints/IntList
instanceKlass com/intellij/openapi/editor/ex/PrioritizedDocumentListener
instanceKlass com/intellij/openapi/editor/event/DocumentListener
instanceKlass com/intellij/openapi/editor/impl/IntervalTree
instanceKlass com/intellij/openapi/util/TextRange
instanceKlass it/unimi/dsi/fastutil/ints/Int2IntMap
instanceKlass it/unimi/dsi/fastutil/ints/Int2IntFunction
instanceKlass com/intellij/openapi/diagnostic/ExceptionWithAttachments
instanceKlass com/intellij/openapi/editor/ex/RangeMarkerEx
instanceKlass com/intellij/openapi/editor/RangeMarker
instanceKlass com/intellij/openapi/util/Segment
instanceKlass com/intellij/openapi/editor/ex/DocumentEx
instanceKlass com/intellij/openapi/editor/Document
instanceKlass com/intellij/openapi/fileEditor/FileDocumentManager
instanceKlass com/intellij/openapi/vfs/SavingRequestor
instanceKlass  @bci org/jetbrains/kotlin/cli/jvm/modules/CoreJrtFileSystem <init> ()V 16 <appendix> member <vmtarget> ; # org/jetbrains/kotlin/cli/jvm/modules/CoreJrtFileSystem$$Lambda+0x0000000801dcb110
instanceKlass  @bci org/jetbrains/kotlin/cli/jvm/modules/CoreJrtFileSystem <clinit> ()V 17 <appendix> member <vmtarget> ; # org/jetbrains/kotlin/cli/jvm/modules/CoreJrtFileSystem$$Lambda+0x0000000801dca728
instanceKlass org/jetbrains/kotlin/cli/jvm/modules/CoreJrtFileSystem$Companion
instanceKlass com/intellij/util/containers/ConcurrentFactoryMap
instanceKlass  @bci com/intellij/openapi/vfs/impl/jar/CoreJarFileSystem <init> ()V 6 <appendix> member <vmtarget> ; # com/intellij/openapi/vfs/impl/jar/CoreJarFileSystem$$Lambda+0x0000000801dc9368
instanceKlass com/intellij/openapi/vfs/impl/ArchiveHandler
instanceKlass com/intellij/util/Function
instanceKlass com/intellij/util/EventDispatcher
