#
# There is insufficient memory for the Java Runtime Environment to continue.
# Native memory allocation (mmap) failed to map 70254592 bytes. Error detail: G1 virtual space
# Possible reasons:
#   The system is out of physical RAM or swap space
#   This process is running with CompressedOops enabled, and the Java Heap may be blocking the growth of the native heap
# Possible solutions:
#   Reduce memory load on the system
#   Increase physical memory or swap space
#   Check if swap backing store is full
#   Decrease Java heap size (-Xmx/-Xms)
#   Decrease number of Java threads
#   Decrease Java thread stack sizes (-Xss)
#   Set larger code cache with -XX:ReservedCodeCacheSize=
#   JVM is running with Unscaled Compressed Oops mode in which the Java heap is
#     placed in the first 4GB address space. The Java Heap base address is the
#     maximum limit for the native heap growth. Please use -XX:HeapBaseMinAddress
#     to set the Java Heap base and to place the Java Heap above 4GB virtual address.
# This output file may be truncated or incomplete.
#
#  Out of Memory Error (os_windows.cpp:3925), pid=36020, tid=30924
#
# JRE version: OpenJDK Runtime Environment (21.0.8) (build 21.0.8+-14196175-b1038.72)
# Java VM: OpenJDK 64-Bit Server VM (21.0.8+-14196175-b1038.72, mixed mode, tiered, compressed oops, compressed class ptrs, g1 gc, windows-amd64)
# No core dump will be written. Minidumps are not enabled by default on client versions of Windows
#

---------------  S U M M A R Y ------------

Command Line: -XX:MaxMetaspaceSize=256m -XX:+UseG1GC -XX:ReservedCodeCacheSize=192m --add-opens=java.base/java.util=ALL-UNNAMED --add-opens=java.base/java.lang=ALL-UNNAMED --add-opens=java.base/java.lang.invoke=ALL-UNNAMED --add-opens=java.prefs/java.util.prefs=ALL-UNNAMED --add-exports=jdk.compiler/com.sun.tools.javac.api=ALL-UNNAMED --add-exports=jdk.compiler/com.sun.tools.javac.util=ALL-UNNAMED --add-opens=java.base/java.nio.charset=ALL-UNNAMED --add-opens=java.base/java.net=ALL-UNNAMED --add-opens=java.base/java.util.concurrent.atomic=ALL-UNNAMED -Xmx1536m -Dfile.encoding=UTF-8 -Duser.country=IN -Duser.language=en -Duser.variant -javaagent:C:\Users\kiran\.gradle\wrapper\dists\gradle-8.9-bin\90cnw93cvbtalezasaz0blq0a\gradle-8.9\lib\agents\gradle-instrumentation-agent-8.9.jar org.gradle.launcher.daemon.bootstrap.GradleDaemon 8.9

Host: 11th Gen Intel(R) Core(TM) i5-1155G7 @ 2.50GHz, 8 cores, 7G,  Windows 11 , 64 bit Build 26100 (10.0.26100.8246)
Time: Fri Apr 24 21:17:01 2026 India Standard Time elapsed time: 121.806822 seconds (0d 0h 2m 1s)

---------------  T H R E A D  ---------------

Current thread (0x000002a7ff317480):  VMThread "VM Thread"          [id=30924, stack(0x000000c840a00000,0x000000c840b00000) (1024K)]

Stack: [0x000000c840a00000,0x000000c840b00000]
Native frames: (J=compiled Java code, j=interpreted, Vv=VM code, C=native code)
V  [jvm.dll+0x6d68d9]
V  [jvm.dll+0x866693]
V  [jvm.dll+0x868c4e]
V  [jvm.dll+0x869333]
V  [jvm.dll+0x280566]
V  [jvm.dll+0x6d3195]
V  [jvm.dll+0x6c69ea]
V  [jvm.dll+0x3586db]
V  [jvm.dll+0x360336]
V  [jvm.dll+0x3b23f6]
V  [jvm.dll+0x3b26c8]
V  [jvm.dll+0x32ae6c]
V  [jvm.dll+0x32d806]
V  [jvm.dll+0x3376dd]
V  [jvm.dll+0x36ee15]
V  [jvm.dll+0x86f0b8]
V  [jvm.dll+0x870434]
V  [jvm.dll+0x870970]
V  [jvm.dll+0x870c03]
V  [jvm.dll+0x80eac8]
V  [jvm.dll+0x6d512d]
C  [ucrtbase.dll+0x37b0]
C  [KERNEL32.DLL+0x2e8d7]
C  [ntdll.dll+0x8c3fc]

VM_Operation (0x000000c8405ff4c0): G1PauseRemark, mode: safepoint, requested by thread 0x000002a7f9596800


---------------  P R O C E S S  ---------------

Threads class SMR info:
_java_thread_list=0x000002a79e6ddac0, length=58, elements={
0x000002a7f9540fe0, 0x000002a7ff3615f0, 0x000002a7ff364f60, 0x000002a7ff36ea90,
0x000002a7ff37cd50, 0x000002a7ff388ba0, 0x000002a7ff38b180, 0x000002a7ff38e760,
0x000002a7ff398d10, 0x000002a7ff3a0580, 0x000002a7ff453180, 0x000002a7ff454530,
0x000002a7ff453ea0, 0x000002a7ff454bc0, 0x000002a7ff455f70, 0x000002a7ff452af0,
0x000002a7930e0ee0, 0x000002a7930e3cd0, 0x000002a7930e2fb0, 0x000002a7930e2920,
0x000002a7930e1c00, 0x000002a7930e4360, 0x000002a7930e49f0, 0x000002a7930e1570,
0x000002a7930e5080, 0x000002a7930e2290, 0x000002a7930e5da0, 0x000002a7930e6430,
0x000002a7930e6ac0, 0x000002a7930e3640, 0x000002a7930e7150, 0x000002a7930e77e0,
0x000002a7930e7e70, 0x000002a7ff455250, 0x000002a797428090, 0x000002a797428720,
0x000002a797427370, 0x000002a796dcd070, 0x000002a796dcdd90, 0x000002a796dceab0,
0x000002a7ffa2e1f0, 0x000002a7ffa2fc30, 0x000002a7ffa2ef10, 0x000002a7ffa2ce40,
0x000002a7ffa2f5a0, 0x000002a7ffa330b0, 0x000002a7ffa33dd0, 0x000002a7ffa2c7b0,
0x000002a7973d0000, 0x000002a7973d0d20, 0x000002a7973d13b0, 0x000002a7973d4ec0,
0x000002a7973d41a0, 0x000002a79494ea80, 0x000002a7994c71f0, 0x000002a7ffa30950,
0x000002a79e8ae100, 0x000002a79e8ae790
}

Java Threads: ( => current thread )
  0x000002a7f9540fe0 JavaThread "main"                              [_thread_blocked, id=580, stack(0x000000c840300000,0x000000c840400000) (1024K)]
  0x000002a7ff3615f0 JavaThread "Common-Cleaner"             daemon [_thread_blocked, id=16304, stack(0x000000c840b00000,0x000000c840c00000) (1024K)]
  0x000002a7ff364f60 JavaThread "Reference Handler"          daemon [_thread_blocked, id=33176, stack(0x000000c840c00000,0x000000c840d00000) (1024K)]
  0x000002a7ff36ea90 JavaThread "Finalizer"                  daemon [_thread_blocked, id=12364, stack(0x000000c840d00000,0x000000c840e00000) (1024K)]
  0x000002a7ff37cd50 JavaThread "Signal Dispatcher"          daemon [_thread_blocked, id=42500, stack(0x000000c840e00000,0x000000c840f00000) (1024K)]
  0x000002a7ff388ba0 JavaThread "Attach Listener"            daemon [_thread_blocked, id=31664, stack(0x000000c840f00000,0x000000c841000000) (1024K)]
  0x000002a7ff38b180 JavaThread "Service Thread"             daemon [_thread_blocked, id=29868, stack(0x000000c841000000,0x000000c841100000) (1024K)]
  0x000002a7ff38e760 JavaThread "Monitor Deflation Thread"   daemon [_thread_blocked, id=19144, stack(0x000000c841100000,0x000000c841200000) (1024K)]
  0x000002a7ff398d10 JavaThread "C2 CompilerThread0"         daemon [_thread_blocked, id=34676, stack(0x000000c841200000,0x000000c841300000) (1024K)]
  0x000002a7ff3a0580 JavaThread "C1 CompilerThread0"         daemon [_thread_blocked, id=33208, stack(0x000000c841300000,0x000000c841400000) (1024K)]
  0x000002a7ff453180 JavaThread "Notification Thread"        daemon [_thread_blocked, id=41560, stack(0x000000c841400000,0x000000c841500000) (1024K)]
  0x000002a7ff454530 JavaThread "Daemon health stats"               [_thread_blocked, id=29140, stack(0x000000c841a00000,0x000000c841b00000) (1024K)]
  0x000002a7ff453ea0 JavaThread "Incoming local TCP Connector on port 50901"        [_thread_in_native, id=22104, stack(0x000000c841b00000,0x000000c841c00000) (1024K)]
  0x000002a7ff454bc0 JavaThread "Daemon periodic checks"            [_thread_blocked, id=4728, stack(0x000000c841c00000,0x000000c841d00000) (1024K)]
  0x000002a7ff455f70 JavaThread "Daemon"                            [_thread_blocked, id=5216, stack(0x000000c841900000,0x000000c841a00000) (1024K)]
  0x000002a7ff452af0 JavaThread "Handler for socket connection from /127.0.0.1:50901 to /127.0.0.1:50907"        [_thread_in_native, id=35720, stack(0x000000c841d00000,0x000000c841e00000) (1024K)]
  0x000002a7930e0ee0 JavaThread "Cancel handler"                    [_thread_blocked, id=39652, stack(0x000000c841e00000,0x000000c841f00000) (1024K)]
  0x000002a7930e3cd0 JavaThread "Daemon worker"                     [_thread_blocked, id=42560, stack(0x000000c841f00000,0x000000c842000000) (1024K)]
  0x000002a7930e2fb0 JavaThread "Asynchronous log dispatcher for DefaultDaemonConnection: socket connection from /127.0.0.1:50901 to /127.0.0.1:50907"        [_thread_blocked, id=37832, stack(0x000000c842000000,0x000000c842100000) (1024K)]
  0x000002a7930e2920 JavaThread "Stdin handler"                     [_thread_blocked, id=34904, stack(0x000000c842100000,0x000000c842200000) (1024K)]
  0x000002a7930e1c00 JavaThread "Daemon client event forwarder"        [_thread_blocked, id=28288, stack(0x000000c842200000,0x000000c842300000) (1024K)]
  0x000002a7930e4360 JavaThread "Cache worker for journal cache (C:\Users\kiran\.gradle\caches\journal-1)"        [_thread_blocked, id=19920, stack(0x000000c842700000,0x000000c842800000) (1024K)]
  0x000002a7930e49f0 JavaThread "File lock request listener"        [_thread_in_native, id=11284, stack(0x000000c842800000,0x000000c842900000) (1024K)]
  0x000002a7930e1570 JavaThread "File lock release action executor"        [_thread_blocked, id=27852, stack(0x000000c842900000,0x000000c842a00000) (1024K)]
  0x000002a7930e5080 JavaThread "Cache worker for file hash cache (C:\Users\kiran\.gradle\caches\8.9\fileHashes)"        [_thread_blocked, id=18052, stack(0x000000c842a00000,0x000000c842b00000) (1024K)]
  0x000002a7930e2290 JavaThread "Cache worker for file hash cache (C:\Users\kiran\Downloads\jago-Updates-23-04-jago\jago-Updates-23-04-jago\jago_app-main\flutter_apps\customer_app\android\.gradle\8.9\fileHashes)"        [_thread_blocked, id=42444, stack(0x000000c842d00000,0x000000c842e00000) (1024K)]
  0x000002a7930e5da0 JavaThread "Cache worker for Build Output Cleanup Cache (C:\Users\kiran\Downloads\jago-Updates-23-04-jago\jago-Updates-23-04-jago\jago_app-main\flutter_apps\customer_app\android\.gradle\buildOutputCleanup)"        [_thread_blocked, id=15504, stack(0x000000c842e00000,0x000000c842f00000) (1024K)]
  0x000002a7930e6430 JavaThread "File watcher server"        daemon [_thread_in_native, id=11296, stack(0x000000c842f00000,0x000000c843000000) (1024K)]
  0x000002a7930e6ac0 JavaThread "File watcher consumer"      daemon [_thread_blocked, id=37260, stack(0x000000c843000000,0x000000c843100000) (1024K)]
  0x000002a7930e3640 JavaThread "Cache worker for checksums cache (C:\Users\kiran\Downloads\jago-Updates-23-04-jago\jago-Updates-23-04-jago\jago_app-main\flutter_apps\customer_app\android\.gradle\8.9\checksums)"        [_thread_blocked, id=14568, stack(0x000000c842c00000,0x000000c842d00000) (1024K)]
  0x000002a7930e7150 JavaThread "Cache worker for file content cache (C:\Users\kiran\.gradle\caches\8.9\fileContent)"        [_thread_blocked, id=41936, stack(0x000000c843100000,0x000000c843200000) (1024K)]
  0x000002a7930e77e0 JavaThread "Cache worker for cache directory md-rule (C:\Users\kiran\.gradle\caches\8.9\md-rule)"        [_thread_blocked, id=30432, stack(0x000000c843200000,0x000000c843300000) (1024K)]
  0x000002a7930e7e70 JavaThread "Cache worker for cache directory md-supplier (C:\Users\kiran\.gradle\caches\8.9\md-supplier)"        [_thread_blocked, id=1896, stack(0x000000c843300000,0x000000c843400000) (1024K)]
  0x000002a7ff455250 JavaThread "jar transforms"                    [_thread_blocked, id=32080, stack(0x000000c843500000,0x000000c843600000) (1024K)]
  0x000002a797428090 JavaThread "Cache worker for Build Output Cleanup Cache (C:\flutter\packages\flutter_tools\gradle\.gradle\buildOutputCleanup)"        [_thread_blocked, id=25624, stack(0x000000c842b00000,0x000000c842c00000) (1024K)]
  0x000002a797428720 JavaThread "Unconstrained build operations"        [_thread_blocked, id=28888, stack(0x000000c843600000,0x000000c843700000) (1024K)]
  0x000002a797427370 JavaThread "Unconstrained build operations Thread 2"        [_thread_blocked, id=14892, stack(0x000000c843700000,0x000000c843800000) (1024K)]
  0x000002a796dcd070 JavaThread "Unconstrained build operations Thread 3"        [_thread_blocked, id=22044, stack(0x000000c843400000,0x000000c843500000) (1024K)]
  0x000002a796dcdd90 JavaThread "Memory manager"                    [_thread_blocked, id=26392, stack(0x000000c843900000,0x000000c843a00000) (1024K)]
  0x000002a796dceab0 JavaThread "build event listener"              [_thread_blocked, id=43732, stack(0x000000c843a00000,0x000000c843b00000) (1024K)]
  0x000002a7ffa2e1f0 JavaThread "Cache worker for execution history cache (C:\flutter\packages\flutter_tools\gradle\.gradle\8.9\executionHistory)"        [_thread_blocked, id=37956, stack(0x000000c843c00000,0x000000c843d00000) (1024K)]
  0x000002a7ffa2fc30 JavaThread "Unconstrained build operations Thread 4"        [_thread_blocked, id=31996, stack(0x000000c843d00000,0x000000c843e00000) (1024K)]
  0x000002a7ffa2ef10 JavaThread "Unconstrained build operations Thread 5"        [_thread_blocked, id=2268, stack(0x000000c843e00000,0x000000c843f00000) (1024K)]
  0x000002a7ffa2ce40 JavaThread "Unconstrained build operations Thread 6"        [_thread_blocked, id=16772, stack(0x000000c843f00000,0x000000c844000000) (1024K)]
  0x000002a7ffa2f5a0 JavaThread "Unconstrained build operations Thread 7"        [_thread_blocked, id=15168, stack(0x000000c844000000,0x000000c844100000) (1024K)]
  0x000002a7ffa330b0 JavaThread "Unconstrained build operations Thread 8"        [_thread_blocked, id=7020, stack(0x000000c844100000,0x000000c844200000) (1024K)]
  0x000002a7ffa33dd0 JavaThread "Unconstrained build operations Thread 9"        [_thread_blocked, id=6324, stack(0x000000c844200000,0x000000c844300000) (1024K)]
  0x000002a7ffa2c7b0 JavaThread "Unconstrained build operations Thread 10"        [_thread_blocked, id=31388, stack(0x000000c843800000,0x000000c843900000) (1024K)]
  0x000002a7973d0000 JavaThread "jar transforms Thread 2"           [_thread_blocked, id=21348, stack(0x000000c840000000,0x000000c840100000) (1024K)]
  0x000002a7973d0d20 JavaThread "jar transforms Thread 3"           [_thread_blocked, id=36060, stack(0x000000c844400000,0x000000c844500000) (1024K)]
  0x000002a7973d13b0 JavaThread "jar transforms Thread 4"           [_thread_blocked, id=21084, stack(0x000000c844500000,0x000000c844600000) (1024K)]
  0x000002a7973d4ec0 JavaThread "jar transforms Thread 5"           [_thread_blocked, id=25468, stack(0x000000c844300000,0x000000c844400000) (1024K)]
  0x000002a7973d41a0 JavaThread "build event listener"              [_thread_blocked, id=29568, stack(0x000000c844700000,0x000000c844800000) (1024K)]
  0x000002a79494ea80 JavaThread "jar transforms Thread 6"           [_thread_blocked, id=4732, stack(0x000000c844800000,0x000000c844900000) (1024K)]
  0x000002a7994c71f0 JavaThread "jar transforms Thread 7"           [_thread_blocked, id=15128, stack(0x000000c844b00000,0x000000c844c00000) (1024K)]
  0x000002a7ffa30950 JavaThread "jar transforms Thread 8"           [_thread_blocked, id=17620, stack(0x000000c844600000,0x000000c844700000) (1024K)]
  0x000002a79e8ae100 JavaThread "included builds Thread 2"          [_thread_blocked, id=32960, stack(0x000000c840200000,0x000000c840300000) (1024K)]
  0x000002a79e8ae790 JavaThread "Cache worker for execution history cache (C:\Users\kiran\Downloads\jago-Updates-23-04-jago\jago-Updates-23-04-jago\jago_app-main\flutter_apps\customer_app\android\.gradle\8.9\executionHistory)"        [_thread_blocked, id=16516, stack(0x000000c843b00000,0x000000c843c00000) (1024K)]
Total: 58

Other Threads:
=>0x000002a7ff317480 VMThread "VM Thread"                           [id=30924, stack(0x000000c840a00000,0x000000c840b00000) (1024K)]
  0x000002a7ff14d880 WatcherThread "VM Periodic Task Thread"        [id=4148, stack(0x000000c840900000,0x000000c840a00000) (1024K)]
  0x000002a7f9588ad0 WorkerThread "GC Thread#0"                     [id=24804, stack(0x000000c840400000,0x000000c840500000) (1024K)]
  0x000002a7ff808530 WorkerThread "GC Thread#1"                     [id=17020, stack(0x000000c841600000,0x000000c841700000) (1024K)]
  0x000002a7ff836910 WorkerThread "GC Thread#2"                     [id=32772, stack(0x000000c841700000,0x000000c841800000) (1024K)]
  0x000002a7ff8c8e10 WorkerThread "GC Thread#3"                     [id=32904, stack(0x000000c841800000,0x000000c841900000) (1024K)]
  0x000002a7928db550 WorkerThread "GC Thread#4"                     [id=16192, stack(0x000000c841500000,0x000000c841600000) (1024K)]
  0x000002a7932d1ae0 WorkerThread "GC Thread#5"                     [id=1552, stack(0x000000c842300000,0x000000c842400000) (1024K)]
  0x000002a7932d1e80 WorkerThread "GC Thread#6"                     [id=18364, stack(0x000000c842400000,0x000000c842500000) (1024K)]
  0x000002a7932d2220 WorkerThread "GC Thread#7"                     [id=37596, stack(0x000000c842500000,0x000000c842600000) (1024K)]
  0x000002a7f9596800 ConcurrentGCThread "G1 Main Marker"            [id=26368, stack(0x000000c840500000,0x000000c840600000) (1024K)]
  0x000002a7f95999c0 WorkerThread "G1 Conc#0"                       [id=39512, stack(0x000000c840600000,0x000000c840700000) (1024K)]
  0x000002a7932db530 WorkerThread "G1 Conc#1"                       [id=8912, stack(0x000000c842600000,0x000000c842700000) (1024K)]
  0x000002a7ff01c1b0 ConcurrentGCThread "G1 Refine#0"               [id=34756, stack(0x000000c840700000,0x000000c840800000) (1024K)]
  0x000002a7ff01d9e0 ConcurrentGCThread "G1 Service"                [id=15444, stack(0x000000c840800000,0x000000c840900000) (1024K)]
Total: 15

Threads with active compile tasks:
Total: 0

VM state: at safepoint (normal execution)

VM Mutex/Monitor currently owned by a thread:  ([mutex/lock_event])
[0x00007ffe3e7685b8] Threads_lock - owner thread: 0x000002a7ff317480
[0x00007ffe3e7686b8] Heap_lock - owner thread: 0x000002a7f9596800

Heap address: 0x00000000a0000000, size: 1536 MB, Compressed Oops mode: 32-bit

CDS archive(s) not mapped
Compressed class space mapped at: 0x0000000100000000-0x000000010d000000, reserved size: 218103808
Narrow klass base: 0x0000000000000000, Narrow klass shift: 3, Narrow klass range: 0x10d000000

GC Precious Log:
 CardTable entry size: 512
 Card Set container configuration: InlinePtr #cards 5 size 8 Array Of Cards #cards 12 size 40 Howl #buckets 4 coarsen threshold 1843 Howl Bitmap #cards 512 size 80 coarsen threshold 460 Card regions per heap region 1 cards per card region 2048
 CPUs: 8 total, 8 available
 Memory: 7930M
 Large Page Support: Disabled
 NUMA Support: Disabled
 Compressed Oops: Enabled (32-bit)
 Heap Region Size: 1M
 Heap Min Capacity: 8M
 Heap Initial Capacity: 124M
 Heap Max Capacity: 1536M
 Pre-touch: Disabled
 Parallel Workers: 8
 Concurrent Workers: 2
 Concurrent Refinement Workers: 8
 Periodic GC: Disabled

Heap:
 garbage-first heap   total 473088K, used 336124K [0x00000000a0000000, 0x0000000100000000)
  region size 1024K, 19 young (19456K), 5 survivors (5120K)
 Metaspace       used 141865K, committed 144512K, reserved 344064K
  class space    used 19793K, committed 20992K, reserved 212992K

Heap Regions: E=young(eden), S=young(survivor), O=old, HS=humongous(starts), HC=humongous(continues), CS=collection set, F=free, TAMS=top-at-mark-start, PB=parsable bottom
|   0|0x00000000a0000000, 0x00000000a0100000, 0x00000000a0100000|100%|HS|  |TAMS 0x00000000a0100000| PB 0x00000000a0000000| Complete 
|   1|0x00000000a0100000, 0x00000000a0200000, 0x00000000a0200000|100%|HC|  |TAMS 0x00000000a0200000| PB 0x00000000a0100000| Complete 
|   2|0x00000000a0200000, 0x00000000a0300000, 0x00000000a0300000|100%|HC|  |TAMS 0x00000000a0300000| PB 0x00000000a0200000| Complete 
|   3|0x00000000a0300000, 0x00000000a0400000, 0x00000000a0400000|100%|HC|  |TAMS 0x00000000a0400000| PB 0x00000000a0300000| Complete 
|   4|0x00000000a0400000, 0x00000000a0500000, 0x00000000a0500000|100%| O|  |TAMS 0x00000000a0500000| PB 0x00000000a0500000| Untracked 
|   5|0x00000000a0500000, 0x00000000a0600000, 0x00000000a0600000|100%| O|  |TAMS 0x00000000a0600000| PB 0x00000000a0600000| Untracked 
|   6|0x00000000a0600000, 0x00000000a0700000, 0x00000000a0700000|100%| O|  |TAMS 0x00000000a0700000| PB 0x00000000a0700000| Untracked 
|   7|0x00000000a0700000, 0x00000000a0800000, 0x00000000a0800000|100%| O|  |TAMS 0x00000000a0800000| PB 0x00000000a0800000| Untracked 
|   8|0x00000000a0800000, 0x00000000a0900000, 0x00000000a0900000|100%| O|  |TAMS 0x00000000a0900000| PB 0x00000000a0900000| Untracked 
|   9|0x00000000a0900000, 0x00000000a0a00000, 0x00000000a0a00000|100%| O|  |TAMS 0x00000000a0a00000| PB 0x00000000a0a00000| Untracked 
|  10|0x00000000a0a00000, 0x00000000a0b00000, 0x00000000a0b00000|100%| O|  |TAMS 0x00000000a0b00000| PB 0x00000000a0b00000| Untracked 
|  11|0x00000000a0b00000, 0x00000000a0c00000, 0x00000000a0c00000|100%|HS|  |TAMS 0x00000000a0c00000| PB 0x00000000a0b00000| Complete 
|  12|0x00000000a0c00000, 0x00000000a0d00000, 0x00000000a0d00000|100%| O|  |TAMS 0x00000000a0d00000| PB 0x00000000a0d00000| Untracked 
|  13|0x00000000a0d00000, 0x00000000a0e00000, 0x00000000a0e00000|100%| O|  |TAMS 0x00000000a0e00000| PB 0x00000000a0e00000| Untracked 
|  14|0x00000000a0e00000, 0x00000000a0f00000, 0x00000000a0f00000|100%| O|  |TAMS 0x00000000a0f00000| PB 0x00000000a0f00000| Untracked 
|  15|0x00000000a0f00000, 0x00000000a1000000, 0x00000000a1000000|100%| O|  |TAMS 0x00000000a1000000| PB 0x00000000a1000000| Untracked 
|  16|0x00000000a1000000, 0x00000000a1100000, 0x00000000a1100000|100%| O|  |TAMS 0x00000000a1100000| PB 0x00000000a1100000| Untracked 
|  17|0x00000000a1100000, 0x00000000a1200000, 0x00000000a1200000|100%| O|  |TAMS 0x00000000a1200000| PB 0x00000000a1200000| Untracked 
|  18|0x00000000a1200000, 0x00000000a1300000, 0x00000000a1300000|100%| O|  |TAMS 0x00000000a1300000| PB 0x00000000a1300000| Untracked 
|  19|0x00000000a1300000, 0x00000000a1400000, 0x00000000a1400000|100%| O|  |TAMS 0x00000000a1400000| PB 0x00000000a1400000| Untracked 
|  20|0x00000000a1400000, 0x00000000a1500000, 0x00000000a1500000|100%| O|  |TAMS 0x00000000a1500000| PB 0x00000000a1500000| Untracked 
|  21|0x00000000a1500000, 0x00000000a1600000, 0x00000000a1600000|100%| O|  |TAMS 0x00000000a1600000| PB 0x00000000a1600000| Updating 
|  22|0x00000000a1600000, 0x00000000a1700000, 0x00000000a1700000|100%| O|  |TAMS 0x00000000a1700000| PB 0x00000000a1700000| Untracked 
|  23|0x00000000a1700000, 0x00000000a1800000, 0x00000000a1800000|100%| O|  |TAMS 0x00000000a1800000| PB 0x00000000a1800000| Untracked 
|  24|0x00000000a1800000, 0x00000000a1900000, 0x00000000a1900000|100%| O|  |TAMS 0x00000000a1900000| PB 0x00000000a1900000| Updating 
|  25|0x00000000a1900000, 0x00000000a1a00000, 0x00000000a1a00000|100%| O|  |TAMS 0x00000000a1a00000| PB 0x00000000a1a00000| Untracked 
|  26|0x00000000a1a00000, 0x00000000a1b00000, 0x00000000a1b00000|100%| O|  |TAMS 0x00000000a1b00000| PB 0x00000000a1b00000| Untracked 
|  27|0x00000000a1b00000, 0x00000000a1c00000, 0x00000000a1c00000|100%| O|  |TAMS 0x00000000a1c00000| PB 0x00000000a1c00000| Untracked 
|  28|0x00000000a1c00000, 0x00000000a1d00000, 0x00000000a1d00000|100%| O|  |TAMS 0x00000000a1d00000| PB 0x00000000a1d00000| Untracked 
|  29|0x00000000a1d00000, 0x00000000a1e00000, 0x00000000a1e00000|100%| O|  |TAMS 0x00000000a1e00000| PB 0x00000000a1e00000| Untracked 
|  30|0x00000000a1e00000, 0x00000000a1f00000, 0x00000000a1f00000|100%| O|  |TAMS 0x00000000a1f00000| PB 0x00000000a1f00000| Untracked 
|  31|0x00000000a1f00000, 0x00000000a2000000, 0x00000000a2000000|100%| O|  |TAMS 0x00000000a2000000| PB 0x00000000a2000000| Updating 
|  32|0x00000000a2000000, 0x00000000a2100000, 0x00000000a2100000|100%| O|  |TAMS 0x00000000a2100000| PB 0x00000000a2100000| Untracked 
|  33|0x00000000a2100000, 0x00000000a2200000, 0x00000000a2200000|100%| O|  |TAMS 0x00000000a2200000| PB 0x00000000a2200000| Untracked 
|  34|0x00000000a2200000, 0x00000000a2300000, 0x00000000a2300000|100%| O|  |TAMS 0x00000000a2300000| PB 0x00000000a2300000| Untracked 
|  35|0x00000000a2300000, 0x00000000a2400000, 0x00000000a2400000|100%| O|  |TAMS 0x00000000a2400000| PB 0x00000000a2400000| Untracked 
|  36|0x00000000a2400000, 0x00000000a2500000, 0x00000000a2500000|100%| O|  |TAMS 0x00000000a2500000| PB 0x00000000a2500000| Untracked 
|  37|0x00000000a2500000, 0x00000000a2600000, 0x00000000a2600000|100%| O|  |TAMS 0x00000000a2600000| PB 0x00000000a2600000| Untracked 
|  38|0x00000000a2600000, 0x00000000a2700000, 0x00000000a2700000|100%| O|  |TAMS 0x00000000a2700000| PB 0x00000000a2700000| Untracked 
|  39|0x00000000a2700000, 0x00000000a2800000, 0x00000000a2800000|100%| O|  |TAMS 0x00000000a2800000| PB 0x00000000a2800000| Untracked 
|  40|0x00000000a2800000, 0x00000000a2900000, 0x00000000a2900000|100%| O|  |TAMS 0x00000000a2900000| PB 0x00000000a2900000| Updating 
|  41|0x00000000a2900000, 0x00000000a2a00000, 0x00000000a2a00000|100%| O|  |TAMS 0x00000000a2a00000| PB 0x00000000a2a00000| Updating 
|  42|0x00000000a2a00000, 0x00000000a2b00000, 0x00000000a2b00000|100%|HS|  |TAMS 0x00000000a2b00000| PB 0x00000000a2a00000| Complete 
|  43|0x00000000a2b00000, 0x00000000a2c00000, 0x00000000a2c00000|100%|HC|  |TAMS 0x00000000a2c00000| PB 0x00000000a2b00000| Complete 
|  44|0x00000000a2c00000, 0x00000000a2d00000, 0x00000000a2d00000|100%|HS|  |TAMS 0x00000000a2d00000| PB 0x00000000a2c00000| Complete 
|  45|0x00000000a2d00000, 0x00000000a2e00000, 0x00000000a2e00000|100%|HC|  |TAMS 0x00000000a2e00000| PB 0x00000000a2d00000| Complete 
|  46|0x00000000a2e00000, 0x00000000a2f00000, 0x00000000a2f00000|100%|HS|  |TAMS 0x00000000a2f00000| PB 0x00000000a2e00000| Complete 
|  47|0x00000000a2f00000, 0x00000000a3000000, 0x00000000a3000000|100%|HC|  |TAMS 0x00000000a3000000| PB 0x00000000a2f00000| Complete 
|  48|0x00000000a3000000, 0x00000000a3100000, 0x00000000a3100000|100%|HC|  |TAMS 0x00000000a3100000| PB 0x00000000a3000000| Complete 
|  49|0x00000000a3100000, 0x00000000a3200000, 0x00000000a3200000|100%|HC|  |TAMS 0x00000000a3200000| PB 0x00000000a3100000| Complete 
|  50|0x00000000a3200000, 0x00000000a3300000, 0x00000000a3300000|100%| O|  |TAMS 0x00000000a3300000| PB 0x00000000a3300000| Untracked 
|  51|0x00000000a3300000, 0x00000000a3400000, 0x00000000a3400000|100%| O|  |TAMS 0x00000000a3400000| PB 0x00000000a3400000| Updating 
|  52|0x00000000a3400000, 0x00000000a3500000, 0x00000000a3500000|100%| O|  |TAMS 0x00000000a3500000| PB 0x00000000a3500000| Untracked 
|  53|0x00000000a3500000, 0x00000000a3600000, 0x00000000a3600000|100%| O|  |TAMS 0x00000000a3600000| PB 0x00000000a3600000| Untracked 
|  54|0x00000000a3600000, 0x00000000a3700000, 0x00000000a3700000|100%| O|  |TAMS 0x00000000a3700000| PB 0x00000000a3700000| Untracked 
|  55|0x00000000a3700000, 0x00000000a3800000, 0x00000000a3800000|100%|HS|  |TAMS 0x00000000a3800000| PB 0x00000000a3700000| Complete 
|  56|0x00000000a3800000, 0x00000000a3900000, 0x00000000a3900000|100%|HC|  |TAMS 0x00000000a3900000| PB 0x00000000a3800000| Complete 
|  57|0x00000000a3900000, 0x00000000a3a00000, 0x00000000a3a00000|100%|HC|  |TAMS 0x00000000a3a00000| PB 0x00000000a3900000| Complete 
|  58|0x00000000a3a00000, 0x00000000a3b00000, 0x00000000a3b00000|100%|HC|  |TAMS 0x00000000a3b00000| PB 0x00000000a3a00000| Complete 
|  59|0x00000000a3b00000, 0x00000000a3c00000, 0x00000000a3c00000|100%| O|  |TAMS 0x00000000a3c00000| PB 0x00000000a3c00000| Untracked 
|  60|0x00000000a3c00000, 0x00000000a3d00000, 0x00000000a3d00000|100%| O|  |TAMS 0x00000000a3d00000| PB 0x00000000a3d00000| Updating 
|  61|0x00000000a3d00000, 0x00000000a3e00000, 0x00000000a3e00000|100%| O|  |TAMS 0x00000000a3e00000| PB 0x00000000a3e00000| Untracked 
|  62|0x00000000a3e00000, 0x00000000a3f00000, 0x00000000a3f00000|100%| O|  |TAMS 0x00000000a3f00000| PB 0x00000000a3f00000| Updating 
|  63|0x00000000a3f00000, 0x00000000a4000000, 0x00000000a4000000|100%| O|  |TAMS 0x00000000a4000000| PB 0x00000000a4000000| Updating 
|  64|0x00000000a4000000, 0x00000000a4100000, 0x00000000a4100000|100%| O|  |TAMS 0x00000000a4100000| PB 0x00000000a4100000| Updating 
|  65|0x00000000a4100000, 0x00000000a4200000, 0x00000000a4200000|100%| O|  |TAMS 0x00000000a4200000| PB 0x00000000a4200000| Untracked 
|  66|0x00000000a4200000, 0x00000000a4300000, 0x00000000a4300000|100%| O|  |TAMS 0x00000000a4300000| PB 0x00000000a4300000| Untracked 
|  67|0x00000000a4300000, 0x00000000a4400000, 0x00000000a4400000|100%|HS|  |TAMS 0x00000000a4400000| PB 0x00000000a4300000| Complete 
|  68|0x00000000a4400000, 0x00000000a4500000, 0x00000000a4500000|100%| O|  |TAMS 0x00000000a4500000| PB 0x00000000a4500000| Updating 
|  69|0x00000000a4500000, 0x00000000a4600000, 0x00000000a4600000|100%| O|  |TAMS 0x00000000a4600000| PB 0x00000000a4600000| Updating 
|  70|0x00000000a4600000, 0x00000000a4700000, 0x00000000a4700000|100%|HS|  |TAMS 0x00000000a4700000| PB 0x00000000a4600000| Complete 
|  71|0x00000000a4700000, 0x00000000a4800000, 0x00000000a4800000|100%|HC|  |TAMS 0x00000000a4800000| PB 0x00000000a4700000| Complete 
|  72|0x00000000a4800000, 0x00000000a4900000, 0x00000000a4900000|100%|HS|  |TAMS 0x00000000a4900000| PB 0x00000000a4800000| Complete 
|  73|0x00000000a4900000, 0x00000000a4a00000, 0x00000000a4a00000|100%|HS|  |TAMS 0x00000000a4a00000| PB 0x00000000a4900000| Complete 
|  74|0x00000000a4a00000, 0x00000000a4b00000, 0x00000000a4b00000|100%| O|  |TAMS 0x00000000a4b00000| PB 0x00000000a4b00000| Untracked 
|  75|0x00000000a4b00000, 0x00000000a4c00000, 0x00000000a4c00000|100%| O|  |TAMS 0x00000000a4c00000| PB 0x00000000a4c00000| Untracked 
|  76|0x00000000a4c00000, 0x00000000a4d00000, 0x00000000a4d00000|100%| O|  |TAMS 0x00000000a4d00000| PB 0x00000000a4d00000| Untracked 
|  77|0x00000000a4d00000, 0x00000000a4e00000, 0x00000000a4e00000|100%| O|  |TAMS 0x00000000a4e00000| PB 0x00000000a4e00000| Untracked 
|  78|0x00000000a4e00000, 0x00000000a4f00000, 0x00000000a4f00000|100%|HS|  |TAMS 0x00000000a4f00000| PB 0x00000000a4e00000| Complete 
|  79|0x00000000a4f00000, 0x00000000a5000000, 0x00000000a5000000|100%|HS|  |TAMS 0x00000000a5000000| PB 0x00000000a4f00000| Complete 
|  80|0x00000000a5000000, 0x00000000a5100000, 0x00000000a5100000|100%|HS|  |TAMS 0x00000000a5100000| PB 0x00000000a5000000| Complete 
|  81|0x00000000a5100000, 0x00000000a5200000, 0x00000000a5200000|100%|HS|  |TAMS 0x00000000a5200000| PB 0x00000000a5100000| Complete 
|  82|0x00000000a5200000, 0x00000000a5300000, 0x00000000a5300000|100%| O|  |TAMS 0x00000000a5300000| PB 0x00000000a5300000| Untracked 
|  83|0x00000000a5300000, 0x00000000a5400000, 0x00000000a5400000|100%| O|  |TAMS 0x00000000a5400000| PB 0x00000000a5400000| Untracked 
|  84|0x00000000a5400000, 0x00000000a5500000, 0x00000000a5500000|100%| O|  |TAMS 0x00000000a5500000| PB 0x00000000a5500000| Untracked 
|  85|0x00000000a5500000, 0x00000000a5600000, 0x00000000a5600000|100%| O|  |TAMS 0x00000000a5600000| PB 0x00000000a5600000| Untracked 
|  86|0x00000000a5600000, 0x00000000a5700000, 0x00000000a5700000|100%| O|  |TAMS 0x00000000a5700000| PB 0x00000000a5700000| Untracked 
|  87|0x00000000a5700000, 0x00000000a5800000, 0x00000000a5800000|100%| O|  |TAMS 0x00000000a5800000| PB 0x00000000a5800000| Untracked 
|  88|0x00000000a5800000, 0x00000000a5900000, 0x00000000a5900000|100%| O|  |TAMS 0x00000000a5900000| PB 0x00000000a5900000| Untracked 
|  89|0x00000000a5900000, 0x00000000a5a00000, 0x00000000a5a00000|100%| O|  |TAMS 0x00000000a5a00000| PB 0x00000000a5a00000| Updating 
|  90|0x00000000a5a00000, 0x00000000a5b00000, 0x00000000a5b00000|100%| O|  |TAMS 0x00000000a5b00000| PB 0x00000000a5b00000| Untracked 
|  91|0x00000000a5b00000, 0x00000000a5c00000, 0x00000000a5c00000|100%| O|  |TAMS 0x00000000a5c00000| PB 0x00000000a5c00000| Updating 
|  92|0x00000000a5c00000, 0x00000000a5d00000, 0x00000000a5d00000|100%|HS|  |TAMS 0x00000000a5d00000| PB 0x00000000a5c00000| Complete 
|  93|0x00000000a5d00000, 0x00000000a5e00000, 0x00000000a5e00000|100%|HC|  |TAMS 0x00000000a5e00000| PB 0x00000000a5d00000| Complete 
|  94|0x00000000a5e00000, 0x00000000a5f00000, 0x00000000a5f00000|100%| O|  |TAMS 0x00000000a5f00000| PB 0x00000000a5f00000| Untracked 
|  95|0x00000000a5f00000, 0x00000000a6000000, 0x00000000a6000000|100%| O|  |TAMS 0x00000000a6000000| PB 0x00000000a6000000| Untracked 
|  96|0x00000000a6000000, 0x00000000a6100000, 0x00000000a6100000|100%| O|  |TAMS 0x00000000a6100000| PB 0x00000000a6100000| Untracked 
|  97|0x00000000a6100000, 0x00000000a6200000, 0x00000000a6200000|100%| O|  |TAMS 0x00000000a6200000| PB 0x00000000a6200000| Updating 
|  98|0x00000000a6200000, 0x00000000a6300000, 0x00000000a6300000|100%| O|  |TAMS 0x00000000a6300000| PB 0x00000000a6300000| Untracked 
|  99|0x00000000a6300000, 0x00000000a6400000, 0x00000000a6400000|100%|HS|  |TAMS 0x00000000a6400000| PB 0x00000000a6300000| Complete 
| 100|0x00000000a6400000, 0x00000000a6500000, 0x00000000a6500000|100%| O|  |TAMS 0x00000000a6500000| PB 0x00000000a6500000| Untracked 
| 101|0x00000000a6500000, 0x00000000a6600000, 0x00000000a6600000|100%| O|  |TAMS 0x00000000a6600000| PB 0x00000000a6600000| Untracked 
| 102|0x00000000a6600000, 0x00000000a6700000, 0x00000000a6700000|100%| O|  |TAMS 0x00000000a6700000| PB 0x00000000a6700000| Updating 
| 103|0x00000000a6700000, 0x00000000a6800000, 0x00000000a6800000|100%| O|  |TAMS 0x00000000a6800000| PB 0x00000000a6800000| Updating 
| 104|0x00000000a6800000, 0x00000000a6900000, 0x00000000a6900000|100%| O|  |TAMS 0x00000000a6900000| PB 0x00000000a6900000| Untracked 
| 105|0x00000000a6900000, 0x00000000a6a00000, 0x00000000a6a00000|100%| O|  |TAMS 0x00000000a6a00000| PB 0x00000000a6a00000| Updating 
| 106|0x00000000a6a00000, 0x00000000a6b00000, 0x00000000a6b00000|100%| O|  |TAMS 0x00000000a6b00000| PB 0x00000000a6b00000| Untracked 
| 107|0x00000000a6b00000, 0x00000000a6c00000, 0x00000000a6c00000|100%| O|  |TAMS 0x00000000a6c00000| PB 0x00000000a6c00000| Untracked 
| 108|0x00000000a6c00000, 0x00000000a6d00000, 0x00000000a6d00000|100%| O|  |TAMS 0x00000000a6d00000| PB 0x00000000a6d00000| Untracked 
| 109|0x00000000a6d00000, 0x00000000a6e00000, 0x00000000a6e00000|100%| O|  |TAMS 0x00000000a6e00000| PB 0x00000000a6e00000| Untracked 
| 110|0x00000000a6e00000, 0x00000000a6f00000, 0x00000000a6f00000|100%| O|  |TAMS 0x00000000a6f00000| PB 0x00000000a6f00000| Untracked 
| 111|0x00000000a6f00000, 0x00000000a7000000, 0x00000000a7000000|100%| O|  |TAMS 0x00000000a7000000| PB 0x00000000a7000000| Untracked 
| 112|0x00000000a7000000, 0x00000000a7100000, 0x00000000a7100000|100%| O|  |TAMS 0x00000000a7000000| PB 0x00000000a7000000| Untracked 
| 113|0x00000000a7100000, 0x00000000a7200000, 0x00000000a7200000|100%| O|  |TAMS 0x00000000a7200000| PB 0x00000000a7200000| Updating 
| 114|0x00000000a7200000, 0x00000000a7300000, 0x00000000a7300000|100%| O|  |TAMS 0x00000000a7300000| PB 0x00000000a7300000| Untracked 
| 115|0x00000000a7300000, 0x00000000a7400000, 0x00000000a7400000|100%| O|  |TAMS 0x00000000a7400000| PB 0x00000000a7400000| Updating 
| 116|0x00000000a7400000, 0x00000000a7500000, 0x00000000a7500000|100%| O|  |TAMS 0x00000000a7500000| PB 0x00000000a7500000| Untracked 
| 117|0x00000000a7500000, 0x00000000a7600000, 0x00000000a7600000|100%|HS|  |TAMS 0x00000000a7600000| PB 0x00000000a7500000| Complete 
| 118|0x00000000a7600000, 0x00000000a7700000, 0x00000000a7700000|100%| O|  |TAMS 0x00000000a7700000| PB 0x00000000a7700000| Untracked 
| 119|0x00000000a7700000, 0x00000000a7800000, 0x00000000a7800000|100%| O|  |TAMS 0x00000000a7800000| PB 0x00000000a7800000| Untracked 
| 120|0x00000000a7800000, 0x00000000a7900000, 0x00000000a7900000|100%|HS|  |TAMS 0x00000000a7900000| PB 0x00000000a7800000| Complete 
| 121|0x00000000a7900000, 0x00000000a7a00000, 0x00000000a7a00000|100%|HS|  |TAMS 0x00000000a7a00000| PB 0x00000000a7900000| Complete 
| 122|0x00000000a7a00000, 0x00000000a7b00000, 0x00000000a7b00000|100%|HS|  |TAMS 0x00000000a7b00000| PB 0x00000000a7a00000| Complete 
| 123|0x00000000a7b00000, 0x00000000a7c00000, 0x00000000a7c00000|100%| O|  |TAMS 0x00000000a7c00000| PB 0x00000000a7c00000| Untracked 
| 124|0x00000000a7c00000, 0x00000000a7d00000, 0x00000000a7d00000|100%| O|  |TAMS 0x00000000a7d00000| PB 0x00000000a7d00000| Updating 
| 125|0x00000000a7d00000, 0x00000000a7e00000, 0x00000000a7e00000|100%| O|  |TAMS 0x00000000a7e00000| PB 0x00000000a7e00000| Updating 
| 126|0x00000000a7e00000, 0x00000000a7f00000, 0x00000000a7f00000|100%| O|  |TAMS 0x00000000a7f00000| PB 0x00000000a7f00000| Untracked 
| 127|0x00000000a7f00000, 0x00000000a8000000, 0x00000000a8000000|100%|HS|  |TAMS 0x00000000a8000000| PB 0x00000000a7f00000| Complete 
| 128|0x00000000a8000000, 0x00000000a8100000, 0x00000000a8100000|100%| O|  |TAMS 0x00000000a8100000| PB 0x00000000a8100000| Updating 
| 129|0x00000000a8100000, 0x00000000a8200000, 0x00000000a8200000|100%|HS|  |TAMS 0x00000000a8200000| PB 0x00000000a8100000| Complete 
| 130|0x00000000a8200000, 0x00000000a8300000, 0x00000000a8300000|100%| O|  |TAMS 0x00000000a8300000| PB 0x00000000a8300000| Updating 
| 131|0x00000000a8300000, 0x00000000a8400000, 0x00000000a8400000|100%| O|  |TAMS 0x00000000a8400000| PB 0x00000000a8400000| Updating 
| 132|0x00000000a8400000, 0x00000000a8500000, 0x00000000a8500000|100%|HS|  |TAMS 0x00000000a8500000| PB 0x00000000a8400000| Complete 
| 133|0x00000000a8500000, 0x00000000a8600000, 0x00000000a8600000|100%|HS|  |TAMS 0x00000000a8600000| PB 0x00000000a8500000| Complete 
| 134|0x00000000a8600000, 0x00000000a8700000, 0x00000000a8700000|100%| O|  |TAMS 0x00000000a8700000| PB 0x00000000a8700000| Untracked 
| 135|0x00000000a8700000, 0x00000000a8800000, 0x00000000a8800000|100%| O|  |TAMS 0x00000000a8800000| PB 0x00000000a8800000| Updating 
| 136|0x00000000a8800000, 0x00000000a8900000, 0x00000000a8900000|100%| O|  |TAMS 0x00000000a8900000| PB 0x00000000a8900000| Untracked 
| 137|0x00000000a8900000, 0x00000000a8a00000, 0x00000000a8a00000|100%|HS|  |TAMS 0x00000000a8a00000| PB 0x00000000a8900000| Complete 
| 138|0x00000000a8a00000, 0x00000000a8b00000, 0x00000000a8b00000|100%| O|  |TAMS 0x00000000a8b00000| PB 0x00000000a8b00000| Untracked 
| 139|0x00000000a8b00000, 0x00000000a8c00000, 0x00000000a8c00000|100%| O|  |TAMS 0x00000000a8c00000| PB 0x00000000a8c00000| Untracked 
| 140|0x00000000a8c00000, 0x00000000a8d00000, 0x00000000a8d00000|100%| O|  |TAMS 0x00000000a8d00000| PB 0x00000000a8d00000| Untracked 
| 141|0x00000000a8d00000, 0x00000000a8e00000, 0x00000000a8e00000|100%| O|  |TAMS 0x00000000a8e00000| PB 0x00000000a8e00000| Untracked 
| 142|0x00000000a8e00000, 0x00000000a8f00000, 0x00000000a8f00000|100%| O|  |TAMS 0x00000000a8f00000| PB 0x00000000a8f00000| Updating 
| 143|0x00000000a8f00000, 0x00000000a9000000, 0x00000000a9000000|100%| O|  |TAMS 0x00000000a9000000| PB 0x00000000a9000000| Untracked 
| 144|0x00000000a9000000, 0x00000000a9100000, 0x00000000a9100000|100%| O|  |TAMS 0x00000000a9100000| PB 0x00000000a9100000| Updating 
| 145|0x00000000a9100000, 0x00000000a9200000, 0x00000000a9200000|100%| O|  |TAMS 0x00000000a9200000| PB 0x00000000a9200000| Updating 
| 146|0x00000000a9200000, 0x00000000a9300000, 0x00000000a9300000|100%| O|  |TAMS 0x00000000a9300000| PB 0x00000000a9300000| Updating 
| 147|0x00000000a9300000, 0x00000000a9400000, 0x00000000a9400000|100%| O|  |TAMS 0x00000000a9400000| PB 0x00000000a9400000| Untracked 
| 148|0x00000000a9400000, 0x00000000a9500000, 0x00000000a9500000|100%| O|  |TAMS 0x00000000a9500000| PB 0x00000000a9500000| Updating 
| 149|0x00000000a9500000, 0x00000000a9600000, 0x00000000a9600000|100%| O|  |TAMS 0x00000000a9600000| PB 0x00000000a9600000| Untracked 
| 150|0x00000000a9600000, 0x00000000a9700000, 0x00000000a9700000|100%| O|  |TAMS 0x00000000a9700000| PB 0x00000000a9700000| Untracked 
| 151|0x00000000a9700000, 0x00000000a9800000, 0x00000000a9800000|100%| O|  |TAMS 0x00000000a9800000| PB 0x00000000a9800000| Untracked 
| 152|0x00000000a9800000, 0x00000000a9900000, 0x00000000a9900000|100%| O|  |TAMS 0x00000000a9900000| PB 0x00000000a9900000| Untracked 
| 153|0x00000000a9900000, 0x00000000a9a00000, 0x00000000a9a00000|100%| O|  |TAMS 0x00000000a9a00000| PB 0x00000000a9a00000| Updating 
| 154|0x00000000a9a00000, 0x00000000a9b00000, 0x00000000a9b00000|100%| O|  |TAMS 0x00000000a9b00000| PB 0x00000000a9b00000| Untracked 
| 155|0x00000000a9b00000, 0x00000000a9c00000, 0x00000000a9c00000|100%| O|  |TAMS 0x00000000a9c00000| PB 0x00000000a9c00000| Updating 
| 156|0x00000000a9c00000, 0x00000000a9d00000, 0x00000000a9d00000|100%| O|  |TAMS 0x00000000a9d00000| PB 0x00000000a9d00000| Updating 
| 157|0x00000000a9d00000, 0x00000000a9e00000, 0x00000000a9e00000|100%|HS|  |TAMS 0x00000000a9e00000| PB 0x00000000a9d00000| Complete 
| 158|0x00000000a9e00000, 0x00000000a9f00000, 0x00000000a9f00000|100%|HC|  |TAMS 0x00000000a9f00000| PB 0x00000000a9e00000| Complete 
| 159|0x00000000a9f00000, 0x00000000aa000000, 0x00000000aa000000|100%|HC|  |TAMS 0x00000000aa000000| PB 0x00000000a9f00000| Complete 
| 160|0x00000000aa000000, 0x00000000aa100000, 0x00000000aa100000|100%| O|  |TAMS 0x00000000aa100000| PB 0x00000000aa100000| Untracked 
| 161|0x00000000aa100000, 0x00000000aa200000, 0x00000000aa200000|100%|HS|  |TAMS 0x00000000aa200000| PB 0x00000000aa100000| Complete 
| 162|0x00000000aa200000, 0x00000000aa300000, 0x00000000aa300000|100%|HC|  |TAMS 0x00000000aa300000| PB 0x00000000aa200000| Complete 
| 163|0x00000000aa300000, 0x00000000aa400000, 0x00000000aa400000|100%| O|  |TAMS 0x00000000aa400000| PB 0x00000000aa400000| Untracked 
| 164|0x00000000aa400000, 0x00000000aa500000, 0x00000000aa500000|100%| O|  |TAMS 0x00000000aa500000| PB 0x00000000aa500000| Untracked 
| 165|0x00000000aa500000, 0x00000000aa600000, 0x00000000aa600000|100%| O|  |TAMS 0x00000000aa600000| PB 0x00000000aa600000| Updating 
| 166|0x00000000aa600000, 0x00000000aa700000, 0x00000000aa700000|100%| O|  |TAMS 0x00000000aa700000| PB 0x00000000aa700000| Updating 
| 167|0x00000000aa700000, 0x00000000aa800000, 0x00000000aa800000|100%| O|  |TAMS 0x00000000aa800000| PB 0x00000000aa800000| Untracked 
| 168|0x00000000aa800000, 0x00000000aa900000, 0x00000000aa900000|100%| O|  |TAMS 0x00000000aa900000| PB 0x00000000aa900000| Updating 
| 169|0x00000000aa900000, 0x00000000aaa00000, 0x00000000aaa00000|100%| O|  |TAMS 0x00000000aaa00000| PB 0x00000000aaa00000| Updating 
| 170|0x00000000aaa00000, 0x00000000aab00000, 0x00000000aab00000|100%|HS|  |TAMS 0x00000000aab00000| PB 0x00000000aaa00000| Complete 
| 171|0x00000000aab00000, 0x00000000aac00000, 0x00000000aac00000|100%| O|  |TAMS 0x00000000aac00000| PB 0x00000000aac00000| Updating 
| 172|0x00000000aac00000, 0x00000000aad00000, 0x00000000aad00000|100%|HS|  |TAMS 0x00000000aad00000| PB 0x00000000aac00000| Complete 
| 173|0x00000000aad00000, 0x00000000aae00000, 0x00000000aae00000|100%|HC|  |TAMS 0x00000000aae00000| PB 0x00000000aad00000| Complete 
| 174|0x00000000aae00000, 0x00000000aaf00000, 0x00000000aaf00000|100%| O|  |TAMS 0x00000000aaf00000| PB 0x00000000aaf00000| Untracked 
| 175|0x00000000aaf00000, 0x00000000ab000000, 0x00000000ab000000|100%| O|  |TAMS 0x00000000ab000000| PB 0x00000000ab000000| Untracked 
| 176|0x00000000ab000000, 0x00000000ab100000, 0x00000000ab100000|100%| O|  |TAMS 0x00000000ab100000| PB 0x00000000ab100000| Untracked 
| 177|0x00000000ab100000, 0x00000000ab200000, 0x00000000ab200000|100%| O|  |TAMS 0x00000000ab200000| PB 0x00000000ab200000| Untracked 
| 178|0x00000000ab200000, 0x00000000ab300000, 0x00000000ab300000|100%| O|  |TAMS 0x00000000ab200000| PB 0x00000000ab200000| Untracked 
| 179|0x00000000ab300000, 0x00000000ab400000, 0x00000000ab400000|100%| O|  |TAMS 0x00000000ab400000| PB 0x00000000ab400000| Updating 
| 180|0x00000000ab400000, 0x00000000ab500000, 0x00000000ab500000|100%| O|  |TAMS 0x00000000ab500000| PB 0x00000000ab500000| Untracked 
| 181|0x00000000ab500000, 0x00000000ab600000, 0x00000000ab600000|100%| O|  |TAMS 0x00000000ab600000| PB 0x00000000ab600000| Untracked 
| 182|0x00000000ab600000, 0x00000000ab700000, 0x00000000ab700000|100%| O|  |TAMS 0x00000000ab700000| PB 0x00000000ab700000| Untracked 
| 183|0x00000000ab700000, 0x00000000ab800000, 0x00000000ab800000|100%| O|  |TAMS 0x00000000ab800000| PB 0x00000000ab800000| Updating 
| 184|0x00000000ab800000, 0x00000000ab900000, 0x00000000ab900000|100%|HS|  |TAMS 0x00000000ab900000| PB 0x00000000ab800000| Complete 
| 185|0x00000000ab900000, 0x00000000aba00000, 0x00000000aba00000|100%| O|  |TAMS 0x00000000aba00000| PB 0x00000000aba00000| Updating 
| 186|0x00000000aba00000, 0x00000000abb00000, 0x00000000abb00000|100%| O|  |TAMS 0x00000000abb00000| PB 0x00000000abb00000| Untracked 
| 187|0x00000000abb00000, 0x00000000abc00000, 0x00000000abc00000|100%| O|  |TAMS 0x00000000abc00000| PB 0x00000000abc00000| Updating 
| 188|0x00000000abc00000, 0x00000000abd00000, 0x00000000abd00000|100%| O|  |TAMS 0x00000000abc00000| PB 0x00000000abc00000| Untracked 
| 189|0x00000000abd00000, 0x00000000abe00000, 0x00000000abe00000|100%| O|  |TAMS 0x00000000abe00000| PB 0x00000000abe00000| Updating 
| 190|0x00000000abe00000, 0x00000000abf00000, 0x00000000abf00000|100%| O|  |TAMS 0x00000000abf00000| PB 0x00000000abf00000| Updating 
| 191|0x00000000abf00000, 0x00000000ac000000, 0x00000000ac000000|100%| O|  |TAMS 0x00000000ac000000| PB 0x00000000ac000000| Untracked 
| 192|0x00000000ac000000, 0x00000000ac100000, 0x00000000ac100000|100%|HS|  |TAMS 0x00000000ac100000| PB 0x00000000ac000000| Complete 
| 193|0x00000000ac100000, 0x00000000ac200000, 0x00000000ac200000|100%|HS|  |TAMS 0x00000000ac200000| PB 0x00000000ac100000| Complete 
| 194|0x00000000ac200000, 0x00000000ac300000, 0x00000000ac300000|100%| O|  |TAMS 0x00000000ac300000| PB 0x00000000ac300000| Untracked 
| 195|0x00000000ac300000, 0x00000000ac400000, 0x00000000ac400000|100%| O|  |TAMS 0x00000000ac400000| PB 0x00000000ac400000| Updating 
| 196|0x00000000ac400000, 0x00000000ac500000, 0x00000000ac500000|100%| O|  |TAMS 0x00000000ac500000| PB 0x00000000ac500000| Untracked 
| 197|0x00000000ac500000, 0x00000000ac600000, 0x00000000ac600000|100%| O|  |TAMS 0x00000000ac600000| PB 0x00000000ac600000| Untracked 
| 198|0x00000000ac600000, 0x00000000ac700000, 0x00000000ac700000|100%| O|  |TAMS 0x00000000ac700000| PB 0x00000000ac700000| Updating 
| 199|0x00000000ac700000, 0x00000000ac800000, 0x00000000ac800000|100%| O|  |TAMS 0x00000000ac800000| PB 0x00000000ac800000| Untracked 
| 200|0x00000000ac800000, 0x00000000ac900000, 0x00000000ac900000|100%| O|  |TAMS 0x00000000ac900000| PB 0x00000000ac900000| Untracked 
| 201|0x00000000ac900000, 0x00000000aca00000, 0x00000000aca00000|100%| O|  |TAMS 0x00000000aca00000| PB 0x00000000aca00000| Untracked 
| 202|0x00000000aca00000, 0x00000000acb00000, 0x00000000acb00000|100%| O|  |TAMS 0x00000000acb00000| PB 0x00000000acb00000| Updating 
| 203|0x00000000acb00000, 0x00000000acc00000, 0x00000000acc00000|100%| O|  |TAMS 0x00000000acc00000| PB 0x00000000acc00000| Untracked 
| 204|0x00000000acc00000, 0x00000000acd00000, 0x00000000acd00000|100%|HS|  |TAMS 0x00000000acd00000| PB 0x00000000acc00000| Complete 
| 205|0x00000000acd00000, 0x00000000ace00000, 0x00000000ace00000|100%|HS|  |TAMS 0x00000000ace00000| PB 0x00000000acd00000| Complete 
| 206|0x00000000ace00000, 0x00000000acf00000, 0x00000000acf00000|100%| O|  |TAMS 0x00000000acf00000| PB 0x00000000acf00000| Untracked 
| 207|0x00000000acf00000, 0x00000000ad000000, 0x00000000ad000000|100%|HS|  |TAMS 0x00000000ad000000| PB 0x00000000acf00000| Complete 
| 208|0x00000000ad000000, 0x00000000ad100000, 0x00000000ad100000|100%| O|  |TAMS 0x00000000ad100000| PB 0x00000000ad100000| Untracked 
| 209|0x00000000ad100000, 0x00000000ad200000, 0x00000000ad200000|100%| O|  |TAMS 0x00000000ad200000| PB 0x00000000ad200000| Untracked 
| 210|0x00000000ad200000, 0x00000000ad300000, 0x00000000ad300000|100%| O|  |TAMS 0x00000000ad300000| PB 0x00000000ad300000| Untracked 
| 211|0x00000000ad300000, 0x00000000ad400000, 0x00000000ad400000|100%| O|  |TAMS 0x00000000ad400000| PB 0x00000000ad400000| Untracked 
| 212|0x00000000ad400000, 0x00000000ad500000, 0x00000000ad500000|100%| O|  |TAMS 0x00000000ad500000| PB 0x00000000ad500000| Untracked 
| 213|0x00000000ad500000, 0x00000000ad600000, 0x00000000ad600000|100%| O|  |TAMS 0x00000000ad600000| PB 0x00000000ad600000| Untracked 
| 214|0x00000000ad600000, 0x00000000ad700000, 0x00000000ad700000|100%| O|  |TAMS 0x00000000ad700000| PB 0x00000000ad700000| Untracked 
| 215|0x00000000ad700000, 0x00000000ad800000, 0x00000000ad800000|100%| O|  |TAMS 0x00000000ad800000| PB 0x00000000ad800000| Untracked 
| 216|0x00000000ad800000, 0x00000000ad900000, 0x00000000ad900000|100%| O|  |TAMS 0x00000000ad900000| PB 0x00000000ad900000| Untracked 
| 217|0x00000000ad900000, 0x00000000ada00000, 0x00000000ada00000|100%| O|  |TAMS 0x00000000ad900000| PB 0x00000000ad900000| Untracked 
| 218|0x00000000ada00000, 0x00000000adb00000, 0x00000000adb00000|100%| O|  |TAMS 0x00000000adb00000| PB 0x00000000adb00000| Untracked 
| 219|0x00000000adb00000, 0x00000000adc00000, 0x00000000adc00000|100%| O|  |TAMS 0x00000000adc00000| PB 0x00000000adc00000| Updating 
| 220|0x00000000adc00000, 0x00000000add00000, 0x00000000add00000|100%| O|  |TAMS 0x00000000add00000| PB 0x00000000add00000| Updating 
| 221|0x00000000add00000, 0x00000000ade00000, 0x00000000ade00000|100%| O|  |TAMS 0x00000000ade00000| PB 0x00000000ade00000| Updating 
| 222|0x00000000ade00000, 0x00000000adf00000, 0x00000000adf00000|100%| O|  |TAMS 0x00000000adf00000| PB 0x00000000adf00000| Updating 
| 223|0x00000000adf00000, 0x00000000ae000000, 0x00000000ae000000|100%| O|  |TAMS 0x00000000ae000000| PB 0x00000000ae000000| Untracked 
| 224|0x00000000ae000000, 0x00000000ae100000, 0x00000000ae100000|100%| O|  |TAMS 0x00000000ae100000| PB 0x00000000ae100000| Updating 
| 225|0x00000000ae100000, 0x00000000ae200000, 0x00000000ae200000|100%| O|  |TAMS 0x00000000ae200000| PB 0x00000000ae200000| Updating 
| 226|0x00000000ae200000, 0x00000000ae300000, 0x00000000ae300000|100%| O|  |TAMS 0x00000000ae300000| PB 0x00000000ae300000| Untracked 
| 227|0x00000000ae300000, 0x00000000ae400000, 0x00000000ae400000|100%| O|  |TAMS 0x00000000ae400000| PB 0x00000000ae400000| Untracked 
| 228|0x00000000ae400000, 0x00000000ae500000, 0x00000000ae500000|100%| O|  |TAMS 0x00000000ae500000| PB 0x00000000ae500000| Untracked 
| 229|0x00000000ae500000, 0x00000000ae600000, 0x00000000ae600000|100%| O|  |TAMS 0x00000000ae600000| PB 0x00000000ae600000| Untracked 
| 230|0x00000000ae600000, 0x00000000ae700000, 0x00000000ae700000|100%| O|  |TAMS 0x00000000ae700000| PB 0x00000000ae700000| Updating 
| 231|0x00000000ae700000, 0x00000000ae800000, 0x00000000ae800000|100%| O|  |TAMS 0x00000000ae800000| PB 0x00000000ae800000| Updating 
| 232|0x00000000ae800000, 0x00000000ae900000, 0x00000000ae900000|100%| O|  |TAMS 0x00000000ae900000| PB 0x00000000ae900000| Updating 
| 233|0x00000000ae900000, 0x00000000aea00000, 0x00000000aea00000|100%| O|  |TAMS 0x00000000aea00000| PB 0x00000000aea00000| Untracked 
| 234|0x00000000aea00000, 0x00000000aeb00000, 0x00000000aeb00000|100%| O|  |TAMS 0x00000000aeb00000| PB 0x00000000aeb00000| Untracked 
| 235|0x00000000aeb00000, 0x00000000aec00000, 0x00000000aec00000|100%| O|  |TAMS 0x00000000aec00000| PB 0x00000000aec00000| Untracked 
| 236|0x00000000aec00000, 0x00000000aed00000, 0x00000000aed00000|100%| O|  |TAMS 0x00000000aed00000| PB 0x00000000aed00000| Untracked 
| 237|0x00000000aed00000, 0x00000000aee00000, 0x00000000aee00000|100%| O|  |TAMS 0x00000000aee00000| PB 0x00000000aee00000| Updating 
| 238|0x00000000aee00000, 0x00000000aef00000, 0x00000000aef00000|100%| O|  |TAMS 0x00000000aee00000| PB 0x00000000aee00000| Untracked 
| 239|0x00000000aef00000, 0x00000000af000000, 0x00000000af000000|100%| O|  |TAMS 0x00000000aef00000| PB 0x00000000aef00000| Untracked 
| 240|0x00000000af000000, 0x00000000af100000, 0x00000000af100000|100%| O|  |TAMS 0x00000000af100000| PB 0x00000000af100000| Updating 
| 241|0x00000000af100000, 0x00000000af200000, 0x00000000af200000|100%| O|  |TAMS 0x00000000af100000| PB 0x00000000af100000| Untracked 
| 242|0x00000000af200000, 0x00000000af300000, 0x00000000af300000|100%| O|  |TAMS 0x00000000af300000| PB 0x00000000af300000| Untracked 
| 243|0x00000000af300000, 0x00000000af400000, 0x00000000af400000|100%| O|  |TAMS 0x00000000af400000| PB 0x00000000af400000| Untracked 
| 244|0x00000000af400000, 0x00000000af500000, 0x00000000af500000|100%| O|  |TAMS 0x00000000af500000| PB 0x00000000af500000| Untracked 
| 245|0x00000000af500000, 0x00000000af600000, 0x00000000af600000|100%| O|  |TAMS 0x00000000af600000| PB 0x00000000af600000| Untracked 
| 246|0x00000000af600000, 0x00000000af700000, 0x00000000af700000|100%| O|  |TAMS 0x00000000af700000| PB 0x00000000af700000| Untracked 
| 247|0x00000000af700000, 0x00000000af800000, 0x00000000af800000|100%| O|  |TAMS 0x00000000af800000| PB 0x00000000af800000| Untracked 
| 248|0x00000000af800000, 0x00000000af900000, 0x00000000af900000|100%| O|  |TAMS 0x00000000af900000| PB 0x00000000af900000| Untracked 
| 249|0x00000000af900000, 0x00000000afa00000, 0x00000000afa00000|100%| O|  |TAMS 0x00000000afa00000| PB 0x00000000afa00000| Untracked 
| 250|0x00000000afa00000, 0x00000000afb00000, 0x00000000afb00000|100%| O|  |TAMS 0x00000000afb00000| PB 0x00000000afb00000| Untracked 
| 251|0x00000000afb00000, 0x00000000afc00000, 0x00000000afc00000|100%| O|  |TAMS 0x00000000afc00000| PB 0x00000000afc00000| Untracked 
| 252|0x00000000afc00000, 0x00000000afd00000, 0x00000000afd00000|100%| O|  |TAMS 0x00000000afd00000| PB 0x00000000afd00000| Untracked 
| 253|0x00000000afd00000, 0x00000000afe00000, 0x00000000afe00000|100%| O|  |TAMS 0x00000000afe00000| PB 0x00000000afe00000| Untracked 
| 254|0x00000000afe00000, 0x00000000aff00000, 0x00000000aff00000|100%| O|  |TAMS 0x00000000aff00000| PB 0x00000000aff00000| Updating 
| 255|0x00000000aff00000, 0x00000000b0000000, 0x00000000b0000000|100%| O|  |TAMS 0x00000000aff00000| PB 0x00000000aff00000| Untracked 
| 256|0x00000000b0000000, 0x00000000b0100000, 0x00000000b0100000|100%| O|  |TAMS 0x00000000b0100000| PB 0x00000000b0100000| Updating 
| 257|0x00000000b0100000, 0x00000000b0200000, 0x00000000b0200000|100%| O|  |TAMS 0x00000000b0200000| PB 0x00000000b0200000| Untracked 
| 258|0x00000000b0200000, 0x00000000b0300000, 0x00000000b0300000|100%| O|  |TAMS 0x00000000b0300000| PB 0x00000000b0300000| Untracked 
| 259|0x00000000b0300000, 0x00000000b0400000, 0x00000000b0400000|100%| O|  |TAMS 0x00000000b0400000| PB 0x00000000b0400000| Untracked 
| 260|0x00000000b0400000, 0x00000000b0500000, 0x00000000b0500000|100%| O|  |TAMS 0x00000000b0500000| PB 0x00000000b0500000| Untracked 
| 261|0x00000000b0500000, 0x00000000b0600000, 0x00000000b0600000|100%| O|  |TAMS 0x00000000b0600000| PB 0x00000000b0600000| Untracked 
| 262|0x00000000b0600000, 0x00000000b0700000, 0x00000000b0700000|100%| O|  |TAMS 0x00000000b0700000| PB 0x00000000b0700000| Untracked 
| 263|0x00000000b0700000, 0x00000000b0800000, 0x00000000b0800000|100%| O|  |TAMS 0x00000000b0800000| PB 0x00000000b0800000| Untracked 
| 264|0x00000000b0800000, 0x00000000b0900000, 0x00000000b0900000|100%| O|  |TAMS 0x00000000b0900000| PB 0x00000000b0900000| Untracked 
| 265|0x00000000b0900000, 0x00000000b0a00000, 0x00000000b0a00000|100%| O|  |TAMS 0x00000000b0a00000| PB 0x00000000b0a00000| Untracked 
| 266|0x00000000b0a00000, 0x00000000b0b00000, 0x00000000b0b00000|100%| O|  |TAMS 0x00000000b0b00000| PB 0x00000000b0b00000| Untracked 
| 267|0x00000000b0b00000, 0x00000000b0c00000, 0x00000000b0c00000|100%| O|  |TAMS 0x00000000b0c00000| PB 0x00000000b0c00000| Untracked 
| 268|0x00000000b0c00000, 0x00000000b0d00000, 0x00000000b0d00000|100%| O|  |TAMS 0x00000000b0c00000| PB 0x00000000b0c00000| Untracked 
| 269|0x00000000b0d00000, 0x00000000b0e00000, 0x00000000b0e00000|100%| O|  |TAMS 0x00000000b0e00000| PB 0x00000000b0e00000| Untracked 
| 270|0x00000000b0e00000, 0x00000000b0f00000, 0x00000000b0f00000|100%| O|  |TAMS 0x00000000b0f00000| PB 0x00000000b0f00000| Untracked 
| 271|0x00000000b0f00000, 0x00000000b1000000, 0x00000000b1000000|100%| O|  |TAMS 0x00000000b1000000| PB 0x00000000b1000000| Untracked 
| 272|0x00000000b1000000, 0x00000000b1100000, 0x00000000b1100000|100%| O|  |TAMS 0x00000000b1100000| PB 0x00000000b1100000| Untracked 
| 273|0x00000000b1100000, 0x00000000b1200000, 0x00000000b1200000|100%| O|  |TAMS 0x00000000b1200000| PB 0x00000000b1200000| Untracked 
| 274|0x00000000b1200000, 0x00000000b1300000, 0x00000000b1300000|100%| O|  |TAMS 0x00000000b1300000| PB 0x00000000b1300000| Updating 
| 275|0x00000000b1300000, 0x00000000b1400000, 0x00000000b1400000|100%| O|  |TAMS 0x00000000b1400000| PB 0x00000000b1400000| Updating 
| 276|0x00000000b1400000, 0x00000000b1500000, 0x00000000b1500000|100%| O|  |TAMS 0x00000000b1500000| PB 0x00000000b1500000| Updating 
| 277|0x00000000b1500000, 0x00000000b1600000, 0x00000000b1600000|100%| O|  |TAMS 0x00000000b1600000| PB 0x00000000b1600000| Untracked 
| 278|0x00000000b1600000, 0x00000000b1700000, 0x00000000b1700000|100%| O|  |TAMS 0x00000000b1700000| PB 0x00000000b1700000| Untracked 
| 279|0x00000000b1700000, 0x00000000b1800000, 0x00000000b1800000|100%| O|  |TAMS 0x00000000b1800000| PB 0x00000000b1800000| Untracked 
| 280|0x00000000b1800000, 0x00000000b1900000, 0x00000000b1900000|100%| O|  |TAMS 0x00000000b1900000| PB 0x00000000b1900000| Untracked 
| 281|0x00000000b1900000, 0x00000000b1a00000, 0x00000000b1a00000|100%| O|  |TAMS 0x00000000b1a00000| PB 0x00000000b1a00000| Untracked 
| 282|0x00000000b1a00000, 0x00000000b1b00000, 0x00000000b1b00000|100%| O|  |TAMS 0x00000000b1b00000| PB 0x00000000b1b00000| Untracked 
| 283|0x00000000b1b00000, 0x00000000b1c00000, 0x00000000b1c00000|100%| O|  |TAMS 0x00000000b1c00000| PB 0x00000000b1c00000| Untracked 
| 284|0x00000000b1c00000, 0x00000000b1d00000, 0x00000000b1d00000|100%| O|  |TAMS 0x00000000b1d00000| PB 0x00000000b1d00000| Untracked 
| 285|0x00000000b1d00000, 0x00000000b1e00000, 0x00000000b1e00000|100%| O|  |TAMS 0x00000000b1e00000| PB 0x00000000b1e00000| Untracked 
| 286|0x00000000b1e00000, 0x00000000b1f00000, 0x00000000b1f00000|100%| O|  |TAMS 0x00000000b1f00000| PB 0x00000000b1f00000| Untracked 
| 287|0x00000000b1f00000, 0x00000000b2000000, 0x00000000b2000000|100%| O|  |TAMS 0x00000000b2000000| PB 0x00000000b2000000| Untracked 
| 288|0x00000000b2000000, 0x00000000b2100000, 0x00000000b2100000|100%| O|  |TAMS 0x00000000b2100000| PB 0x00000000b2100000| Untracked 
| 289|0x00000000b2100000, 0x00000000b2200000, 0x00000000b2200000|100%| O|  |TAMS 0x00000000b2200000| PB 0x00000000b2200000| Updating 
| 290|0x00000000b2200000, 0x00000000b2300000, 0x00000000b2300000|100%| O|  |TAMS 0x00000000b2300000| PB 0x00000000b2300000| Untracked 
| 291|0x00000000b2300000, 0x00000000b2400000, 0x00000000b2400000|100%| O|  |TAMS 0x00000000b2400000| PB 0x00000000b2400000| Untracked 
| 292|0x00000000b2400000, 0x00000000b2500000, 0x00000000b2500000|100%| O|  |TAMS 0x00000000b2500000| PB 0x00000000b2500000| Updating 
| 293|0x00000000b2500000, 0x00000000b2600000, 0x00000000b2600000|100%| O|  |TAMS 0x00000000b2600000| PB 0x00000000b2600000| Updating 
| 294|0x00000000b2600000, 0x00000000b2700000, 0x00000000b2700000|100%| O|  |TAMS 0x00000000b26dc710| PB 0x00000000b26dc710| Updating 
| 295|0x00000000b2700000, 0x00000000b2800000, 0x00000000b2800000|100%| O|  |TAMS 0x00000000b2700000| PB 0x00000000b2700000| Untracked 
| 296|0x00000000b2800000, 0x00000000b2900000, 0x00000000b2900000|100%| O|  |TAMS 0x00000000b2800000| PB 0x00000000b2800000| Untracked 
| 297|0x00000000b2900000, 0x00000000b2a00000, 0x00000000b2a00000|100%| O|  |TAMS 0x00000000b2900000| PB 0x00000000b2900000| Untracked 
| 298|0x00000000b2a00000, 0x00000000b2b00000, 0x00000000b2b00000|100%| O|  |TAMS 0x00000000b2a00000| PB 0x00000000b2a00000| Untracked 
| 299|0x00000000b2b00000, 0x00000000b2c00000, 0x00000000b2c00000|100%| O|  |TAMS 0x00000000b2b00000| PB 0x00000000b2b00000| Untracked 
| 300|0x00000000b2c00000, 0x00000000b2d00000, 0x00000000b2d00000|100%| O|  |TAMS 0x00000000b2c00000| PB 0x00000000b2c00000| Untracked 
| 301|0x00000000b2d00000, 0x00000000b2e00000, 0x00000000b2e00000|100%| O|  |TAMS 0x00000000b2d00000| PB 0x00000000b2d00000| Untracked 
| 302|0x00000000b2e00000, 0x00000000b2f00000, 0x00000000b2f00000|100%|HS|  |TAMS 0x00000000b2e00000| PB 0x00000000b2e00000| Complete 
| 303|0x00000000b2f00000, 0x00000000b3000000, 0x00000000b3000000|100%|HS|  |TAMS 0x00000000b2f00000| PB 0x00000000b2f00000| Complete 
| 304|0x00000000b3000000, 0x00000000b3100000, 0x00000000b3100000|100%|HS|  |TAMS 0x00000000b3000000| PB 0x00000000b3000000| Complete 
| 305|0x00000000b3100000, 0x00000000b3200000, 0x00000000b3200000|100%|HS|  |TAMS 0x00000000b3100000| PB 0x00000000b3100000| Complete 
| 306|0x00000000b3200000, 0x00000000b3300000, 0x00000000b3300000|100%|HS|  |TAMS 0x00000000b3200000| PB 0x00000000b3200000| Complete 
| 307|0x00000000b3300000, 0x00000000b3300000, 0x00000000b3400000|  0%| F|  |TAMS 0x00000000b3300000| PB 0x00000000b3300000| Untracked 
| 308|0x00000000b3400000, 0x00000000b3400000, 0x00000000b3500000|  0%| F|  |TAMS 0x00000000b3400000| PB 0x00000000b3400000| Untracked 
| 309|0x00000000b3500000, 0x00000000b3500000, 0x00000000b3600000|  0%| F|  |TAMS 0x00000000b3500000| PB 0x00000000b3500000| Untracked 
| 310|0x00000000b3600000, 0x00000000b3600000, 0x00000000b3700000|  0%| F|  |TAMS 0x00000000b3600000| PB 0x00000000b3600000| Untracked 
| 311|0x00000000b3700000, 0x00000000b3700000, 0x00000000b3800000|  0%| F|  |TAMS 0x00000000b3700000| PB 0x00000000b3700000| Untracked 
| 312|0x00000000b3800000, 0x00000000b3800000, 0x00000000b3900000|  0%| F|  |TAMS 0x00000000b3800000| PB 0x00000000b3800000| Untracked 
| 313|0x00000000b3900000, 0x00000000b3900000, 0x00000000b3a00000|  0%| F|  |TAMS 0x00000000b3900000| PB 0x00000000b3900000| Untracked 
| 314|0x00000000b3a00000, 0x00000000b3a00000, 0x00000000b3b00000|  0%| F|  |TAMS 0x00000000b3a00000| PB 0x00000000b3a00000| Untracked 
| 315|0x00000000b3b00000, 0x00000000b3b00000, 0x00000000b3c00000|  0%| F|  |TAMS 0x00000000b3b00000| PB 0x00000000b3b00000| Untracked 
| 316|0x00000000b3c00000, 0x00000000b3c00000, 0x00000000b3d00000|  0%| F|  |TAMS 0x00000000b3c00000| PB 0x00000000b3c00000| Untracked 
| 317|0x00000000b3d00000, 0x00000000b3d00000, 0x00000000b3e00000|  0%| F|  |TAMS 0x00000000b3d00000| PB 0x00000000b3d00000| Untracked 
| 318|0x00000000b3e00000, 0x00000000b3e00000, 0x00000000b3f00000|  0%| F|  |TAMS 0x00000000b3e00000| PB 0x00000000b3e00000| Untracked 
| 319|0x00000000b3f00000, 0x00000000b3f00000, 0x00000000b4000000|  0%| F|  |TAMS 0x00000000b3f00000| PB 0x00000000b3f00000| Untracked 
| 320|0x00000000b4000000, 0x00000000b4100000, 0x00000000b4100000|100%| O|  |TAMS 0x00000000b4000000| PB 0x00000000b4000000| Untracked 
| 321|0x00000000b4100000, 0x00000000b41d87c0, 0x00000000b4200000| 84%| O|  |TAMS 0x00000000b4100000| PB 0x00000000b4100000| Updating 
| 322|0x00000000b4200000, 0x00000000b4200000, 0x00000000b4300000|  0%| F|  |TAMS 0x00000000b4200000| PB 0x00000000b4200000| Untracked 
| 323|0x00000000b4300000, 0x00000000b4300000, 0x00000000b4400000|  0%| F|  |TAMS 0x00000000b4300000| PB 0x00000000b4300000| Untracked 
| 324|0x00000000b4400000, 0x00000000b4400000, 0x00000000b4500000|  0%| F|  |TAMS 0x00000000b4400000| PB 0x00000000b4400000| Untracked 
| 325|0x00000000b4500000, 0x00000000b4500000, 0x00000000b4600000|  0%| F|  |TAMS 0x00000000b4500000| PB 0x00000000b4500000| Untracked 
| 326|0x00000000b4600000, 0x00000000b4600000, 0x00000000b4700000|  0%| F|  |TAMS 0x00000000b4600000| PB 0x00000000b4600000| Untracked 
| 327|0x00000000b4700000, 0x00000000b4700000, 0x00000000b4800000|  0%| F|  |TAMS 0x00000000b4700000| PB 0x00000000b4700000| Untracked 
| 328|0x00000000b4800000, 0x00000000b4800000, 0x00000000b4900000|  0%| F|  |TAMS 0x00000000b4800000| PB 0x00000000b4800000| Untracked 
| 329|0x00000000b4900000, 0x00000000b4900000, 0x00000000b4a00000|  0%| F|  |TAMS 0x00000000b4900000| PB 0x00000000b4900000| Untracked 
| 330|0x00000000b4a00000, 0x00000000b4a00000, 0x00000000b4b00000|  0%| F|  |TAMS 0x00000000b4a00000| PB 0x00000000b4a00000| Untracked 
| 331|0x00000000b4b00000, 0x00000000b4b00000, 0x00000000b4c00000|  0%| F|  |TAMS 0x00000000b4b00000| PB 0x00000000b4b00000| Untracked 
| 332|0x00000000b4c00000, 0x00000000b4c00000, 0x00000000b4d00000|  0%| F|  |TAMS 0x00000000b4c00000| PB 0x00000000b4c00000| Untracked 
| 333|0x00000000b4d00000, 0x00000000b4d00000, 0x00000000b4e00000|  0%| F|  |TAMS 0x00000000b4d00000| PB 0x00000000b4d00000| Untracked 
| 334|0x00000000b4e00000, 0x00000000b4e00000, 0x00000000b4f00000|  0%| F|  |TAMS 0x00000000b4e00000| PB 0x00000000b4e00000| Untracked 
| 335|0x00000000b4f00000, 0x00000000b4f00000, 0x00000000b5000000|  0%| F|  |TAMS 0x00000000b4f00000| PB 0x00000000b4f00000| Untracked 
| 336|0x00000000b5000000, 0x00000000b5000000, 0x00000000b5100000|  0%| F|  |TAMS 0x00000000b5000000| PB 0x00000000b5000000| Untracked 
| 337|0x00000000b5100000, 0x00000000b5100000, 0x00000000b5200000|  0%| F|  |TAMS 0x00000000b5100000| PB 0x00000000b5100000| Untracked 
| 338|0x00000000b5200000, 0x00000000b5200000, 0x00000000b5300000|  0%| F|  |TAMS 0x00000000b5200000| PB 0x00000000b5200000| Untracked 
| 339|0x00000000b5300000, 0x00000000b5300000, 0x00000000b5400000|  0%| F|  |TAMS 0x00000000b5300000| PB 0x00000000b5300000| Untracked 
| 340|0x00000000b5400000, 0x00000000b5400000, 0x00000000b5500000|  0%| F|  |TAMS 0x00000000b5400000| PB 0x00000000b5400000| Untracked 
| 341|0x00000000b5500000, 0x00000000b5500000, 0x00000000b5600000|  0%| F|  |TAMS 0x00000000b5500000| PB 0x00000000b5500000| Untracked 
| 342|0x00000000b5600000, 0x00000000b5600000, 0x00000000b5700000|  0%| F|  |TAMS 0x00000000b5600000| PB 0x00000000b5600000| Untracked 
| 343|0x00000000b5700000, 0x00000000b5700000, 0x00000000b5800000|  0%| F|  |TAMS 0x00000000b5700000| PB 0x00000000b5700000| Untracked 
| 344|0x00000000b5800000, 0x00000000b5800000, 0x00000000b5900000|  0%| F|  |TAMS 0x00000000b5800000| PB 0x00000000b5800000| Untracked 
| 345|0x00000000b5900000, 0x00000000b5900000, 0x00000000b5a00000|  0%| F|  |TAMS 0x00000000b5900000| PB 0x00000000b5900000| Untracked 
| 346|0x00000000b5a00000, 0x00000000b5a00000, 0x00000000b5b00000|  0%| F|  |TAMS 0x00000000b5a00000| PB 0x00000000b5a00000| Untracked 
| 347|0x00000000b5b00000, 0x00000000b5b00000, 0x00000000b5c00000|  0%| F|  |TAMS 0x00000000b5b00000| PB 0x00000000b5b00000| Untracked 
| 348|0x00000000b5c00000, 0x00000000b5c00000, 0x00000000b5d00000|  0%| F|  |TAMS 0x00000000b5c00000| PB 0x00000000b5c00000| Untracked 
| 349|0x00000000b5d00000, 0x00000000b5d00000, 0x00000000b5e00000|  0%| F|  |TAMS 0x00000000b5d00000| PB 0x00000000b5d00000| Untracked 
| 350|0x00000000b5e00000, 0x00000000b5e00000, 0x00000000b5f00000|  0%| F|  |TAMS 0x00000000b5e00000| PB 0x00000000b5e00000| Untracked 
| 351|0x00000000b5f00000, 0x00000000b5f00000, 0x00000000b6000000|  0%| F|  |TAMS 0x00000000b5f00000| PB 0x00000000b5f00000| Untracked 
| 352|0x00000000b6000000, 0x00000000b6000000, 0x00000000b6100000|  0%| F|  |TAMS 0x00000000b6000000| PB 0x00000000b6000000| Untracked 
| 353|0x00000000b6100000, 0x00000000b6100000, 0x00000000b6200000|  0%| F|  |TAMS 0x00000000b6100000| PB 0x00000000b6100000| Untracked 
| 354|0x00000000b6200000, 0x00000000b6200000, 0x00000000b6300000|  0%| F|  |TAMS 0x00000000b6200000| PB 0x00000000b6200000| Untracked 
| 355|0x00000000b6300000, 0x00000000b6300000, 0x00000000b6400000|  0%| F|  |TAMS 0x00000000b6300000| PB 0x00000000b6300000| Untracked 
| 356|0x00000000b6400000, 0x00000000b6400000, 0x00000000b6500000|  0%| F|  |TAMS 0x00000000b6400000| PB 0x00000000b6400000| Untracked 
| 357|0x00000000b6500000, 0x00000000b6500000, 0x00000000b6600000|  0%| F|  |TAMS 0x00000000b6500000| PB 0x00000000b6500000| Untracked 
| 358|0x00000000b6600000, 0x00000000b6600000, 0x00000000b6700000|  0%| F|  |TAMS 0x00000000b6600000| PB 0x00000000b6600000| Untracked 
| 359|0x00000000b6700000, 0x00000000b6700000, 0x00000000b6800000|  0%| F|  |TAMS 0x00000000b6700000| PB 0x00000000b6700000| Untracked 
| 360|0x00000000b6800000, 0x00000000b6800000, 0x00000000b6900000|  0%| F|  |TAMS 0x00000000b6800000| PB 0x00000000b6800000| Untracked 
| 361|0x00000000b6900000, 0x00000000b6900000, 0x00000000b6a00000|  0%| F|  |TAMS 0x00000000b6900000| PB 0x00000000b6900000| Untracked 
| 362|0x00000000b6a00000, 0x00000000b6a00000, 0x00000000b6b00000|  0%| F|  |TAMS 0x00000000b6a00000| PB 0x00000000b6a00000| Untracked 
| 363|0x00000000b6b00000, 0x00000000b6b00000, 0x00000000b6c00000|  0%| F|  |TAMS 0x00000000b6b00000| PB 0x00000000b6b00000| Untracked 
| 364|0x00000000b6c00000, 0x00000000b6c00000, 0x00000000b6d00000|  0%| F|  |TAMS 0x00000000b6c00000| PB 0x00000000b6c00000| Untracked 
| 365|0x00000000b6d00000, 0x00000000b6d00000, 0x00000000b6e00000|  0%| F|  |TAMS 0x00000000b6d00000| PB 0x00000000b6d00000| Untracked 
| 366|0x00000000b6e00000, 0x00000000b6e00000, 0x00000000b6f00000|  0%| F|  |TAMS 0x00000000b6e00000| PB 0x00000000b6e00000| Untracked 
| 367|0x00000000b6f00000, 0x00000000b6f00000, 0x00000000b7000000|  0%| F|  |TAMS 0x00000000b6f00000| PB 0x00000000b6f00000| Untracked 
| 368|0x00000000b7000000, 0x00000000b7000000, 0x00000000b7100000|  0%| F|  |TAMS 0x00000000b7000000| PB 0x00000000b7000000| Untracked 
| 369|0x00000000b7100000, 0x00000000b7100000, 0x00000000b7200000|  0%| F|  |TAMS 0x00000000b7100000| PB 0x00000000b7100000| Untracked 
| 370|0x00000000b7200000, 0x00000000b7200000, 0x00000000b7300000|  0%| F|  |TAMS 0x00000000b7200000| PB 0x00000000b7200000| Untracked 
| 371|0x00000000b7300000, 0x00000000b7300000, 0x00000000b7400000|  0%| F|  |TAMS 0x00000000b7300000| PB 0x00000000b7300000| Untracked 
| 372|0x00000000b7400000, 0x00000000b7400000, 0x00000000b7500000|  0%| F|  |TAMS 0x00000000b7400000| PB 0x00000000b7400000| Untracked 
| 373|0x00000000b7500000, 0x00000000b7500000, 0x00000000b7600000|  0%| F|  |TAMS 0x00000000b7500000| PB 0x00000000b7500000| Untracked 
| 374|0x00000000b7600000, 0x00000000b7600000, 0x00000000b7700000|  0%| F|  |TAMS 0x00000000b7600000| PB 0x00000000b7600000| Untracked 
| 375|0x00000000b7700000, 0x00000000b7700000, 0x00000000b7800000|  0%| F|  |TAMS 0x00000000b7700000| PB 0x00000000b7700000| Untracked 
| 376|0x00000000b7800000, 0x00000000b7800000, 0x00000000b7900000|  0%| F|  |TAMS 0x00000000b7800000| PB 0x00000000b7800000| Untracked 
| 377|0x00000000b7900000, 0x00000000b7900000, 0x00000000b7a00000|  0%| F|  |TAMS 0x00000000b7900000| PB 0x00000000b7900000| Untracked 
| 378|0x00000000b7a00000, 0x00000000b7a00000, 0x00000000b7b00000|  0%| F|  |TAMS 0x00000000b7a00000| PB 0x00000000b7a00000| Untracked 
| 379|0x00000000b7b00000, 0x00000000b7b00000, 0x00000000b7c00000|  0%| F|  |TAMS 0x00000000b7b00000| PB 0x00000000b7b00000| Untracked 
| 380|0x00000000b7c00000, 0x00000000b7c00000, 0x00000000b7d00000|  0%| F|  |TAMS 0x00000000b7c00000| PB 0x00000000b7c00000| Untracked 
| 381|0x00000000b7d00000, 0x00000000b7d00000, 0x00000000b7e00000|  0%| F|  |TAMS 0x00000000b7d00000| PB 0x00000000b7d00000| Untracked 
| 382|0x00000000b7e00000, 0x00000000b7e00000, 0x00000000b7f00000|  0%| F|  |TAMS 0x00000000b7e00000| PB 0x00000000b7e00000| Untracked 
| 383|0x00000000b7f00000, 0x00000000b7f00000, 0x00000000b8000000|  0%| F|  |TAMS 0x00000000b7f00000| PB 0x00000000b7f00000| Untracked 
| 384|0x00000000b8000000, 0x00000000b8000000, 0x00000000b8100000|  0%| F|  |TAMS 0x00000000b8000000| PB 0x00000000b8000000| Untracked 
| 385|0x00000000b8100000, 0x00000000b8100000, 0x00000000b8200000|  0%| F|  |TAMS 0x00000000b8100000| PB 0x00000000b8100000| Untracked 
| 386|0x00000000b8200000, 0x00000000b8200000, 0x00000000b8300000|  0%| F|  |TAMS 0x00000000b8200000| PB 0x00000000b8200000| Untracked 
| 387|0x00000000b8300000, 0x00000000b8300000, 0x00000000b8400000|  0%| F|  |TAMS 0x00000000b8300000| PB 0x00000000b8300000| Untracked 
| 388|0x00000000b8400000, 0x00000000b8400000, 0x00000000b8500000|  0%| F|  |TAMS 0x00000000b8400000| PB 0x00000000b8400000| Untracked 
| 389|0x00000000b8500000, 0x00000000b8500000, 0x00000000b8600000|  0%| F|  |TAMS 0x00000000b8500000| PB 0x00000000b8500000| Untracked 
| 390|0x00000000b8600000, 0x00000000b8600000, 0x00000000b8700000|  0%| F|  |TAMS 0x00000000b8600000| PB 0x00000000b8600000| Untracked 
| 391|0x00000000b8700000, 0x00000000b8700000, 0x00000000b8800000|  0%| F|  |TAMS 0x00000000b8700000| PB 0x00000000b8700000| Untracked 
| 392|0x00000000b8800000, 0x00000000b8800000, 0x00000000b8900000|  0%| F|  |TAMS 0x00000000b8800000| PB 0x00000000b8800000| Untracked 
| 393|0x00000000b8900000, 0x00000000b8900000, 0x00000000b8a00000|  0%| F|  |TAMS 0x00000000b8900000| PB 0x00000000b8900000| Untracked 
| 394|0x00000000b8a00000, 0x00000000b8a00000, 0x00000000b8b00000|  0%| F|  |TAMS 0x00000000b8a00000| PB 0x00000000b8a00000| Untracked 
| 395|0x00000000b8b00000, 0x00000000b8b00000, 0x00000000b8c00000|  0%| F|  |TAMS 0x00000000b8b00000| PB 0x00000000b8b00000| Untracked 
| 396|0x00000000b8c00000, 0x00000000b8c00000, 0x00000000b8d00000|  0%| F|  |TAMS 0x00000000b8c00000| PB 0x00000000b8c00000| Untracked 
| 397|0x00000000b8d00000, 0x00000000b8d00000, 0x00000000b8e00000|  0%| F|  |TAMS 0x00000000b8d00000| PB 0x00000000b8d00000| Untracked 
| 398|0x00000000b8e00000, 0x00000000b8e00000, 0x00000000b8f00000|  0%| F|  |TAMS 0x00000000b8e00000| PB 0x00000000b8e00000| Untracked 
| 399|0x00000000b8f00000, 0x00000000b8f00000, 0x00000000b9000000|  0%| F|  |TAMS 0x00000000b8f00000| PB 0x00000000b8f00000| Untracked 
| 400|0x00000000b9000000, 0x00000000b9000000, 0x00000000b9100000|  0%| F|  |TAMS 0x00000000b9000000| PB 0x00000000b9000000| Untracked 
| 401|0x00000000b9100000, 0x00000000b9100000, 0x00000000b9200000|  0%| F|  |TAMS 0x00000000b9100000| PB 0x00000000b9100000| Untracked 
| 402|0x00000000b9200000, 0x00000000b9200000, 0x00000000b9300000|  0%| F|  |TAMS 0x00000000b9200000| PB 0x00000000b9200000| Untracked 
| 403|0x00000000b9300000, 0x00000000b9300000, 0x00000000b9400000|  0%| F|  |TAMS 0x00000000b9300000| PB 0x00000000b9300000| Untracked 
| 404|0x00000000b9400000, 0x00000000b9400000, 0x00000000b9500000|  0%| F|  |TAMS 0x00000000b9400000| PB 0x00000000b9400000| Untracked 
| 405|0x00000000b9500000, 0x00000000b9500000, 0x00000000b9600000|  0%| F|  |TAMS 0x00000000b9500000| PB 0x00000000b9500000| Untracked 
| 406|0x00000000b9600000, 0x00000000b9600000, 0x00000000b9700000|  0%| F|  |TAMS 0x00000000b9600000| PB 0x00000000b9600000| Untracked 
| 407|0x00000000b9700000, 0x00000000b9700000, 0x00000000b9800000|  0%| F|  |TAMS 0x00000000b9700000| PB 0x00000000b9700000| Untracked 
| 408|0x00000000b9800000, 0x00000000b9800000, 0x00000000b9900000|  0%| F|  |TAMS 0x00000000b9800000| PB 0x00000000b9800000| Untracked 
| 409|0x00000000b9900000, 0x00000000b9900000, 0x00000000b9a00000|  0%| F|  |TAMS 0x00000000b9900000| PB 0x00000000b9900000| Untracked 
| 410|0x00000000b9a00000, 0x00000000b9a00000, 0x00000000b9b00000|  0%| F|  |TAMS 0x00000000b9a00000| PB 0x00000000b9a00000| Untracked 
| 411|0x00000000b9b00000, 0x00000000b9b00000, 0x00000000b9c00000|  0%| F|  |TAMS 0x00000000b9b00000| PB 0x00000000b9b00000| Untracked 
| 412|0x00000000b9c00000, 0x00000000b9c00000, 0x00000000b9d00000|  0%| F|  |TAMS 0x00000000b9c00000| PB 0x00000000b9c00000| Untracked 
| 413|0x00000000b9d00000, 0x00000000b9d00000, 0x00000000b9e00000|  0%| F|  |TAMS 0x00000000b9d00000| PB 0x00000000b9d00000| Untracked 
| 414|0x00000000b9e00000, 0x00000000b9e00000, 0x00000000b9f00000|  0%| F|  |TAMS 0x00000000b9e00000| PB 0x00000000b9e00000| Untracked 
| 415|0x00000000b9f00000, 0x00000000b9f00000, 0x00000000ba000000|  0%| F|  |TAMS 0x00000000b9f00000| PB 0x00000000b9f00000| Untracked 
| 416|0x00000000ba000000, 0x00000000ba000000, 0x00000000ba100000|  0%| F|  |TAMS 0x00000000ba000000| PB 0x00000000ba000000| Untracked 
| 417|0x00000000ba100000, 0x00000000ba100000, 0x00000000ba200000|  0%| F|  |TAMS 0x00000000ba100000| PB 0x00000000ba100000| Untracked 
| 418|0x00000000ba200000, 0x00000000ba200000, 0x00000000ba300000|  0%| F|  |TAMS 0x00000000ba200000| PB 0x00000000ba200000| Untracked 
| 419|0x00000000ba300000, 0x00000000ba300000, 0x00000000ba400000|  0%| F|  |TAMS 0x00000000ba300000| PB 0x00000000ba300000| Untracked 
| 420|0x00000000ba400000, 0x00000000ba400000, 0x00000000ba500000|  0%| F|  |TAMS 0x00000000ba400000| PB 0x00000000ba400000| Untracked 
| 421|0x00000000ba500000, 0x00000000ba500000, 0x00000000ba600000|  0%| F|  |TAMS 0x00000000ba500000| PB 0x00000000ba500000| Untracked 
| 422|0x00000000ba600000, 0x00000000ba600000, 0x00000000ba700000|  0%| F|  |TAMS 0x00000000ba600000| PB 0x00000000ba600000| Untracked 
| 423|0x00000000ba700000, 0x00000000ba700000, 0x00000000ba800000|  0%| F|  |TAMS 0x00000000ba700000| PB 0x00000000ba700000| Untracked 
| 424|0x00000000ba800000, 0x00000000ba800000, 0x00000000ba900000|  0%| F|  |TAMS 0x00000000ba800000| PB 0x00000000ba800000| Untracked 
| 425|0x00000000ba900000, 0x00000000ba966b58, 0x00000000baa00000| 40%| S|CS|TAMS 0x00000000ba900000| PB 0x00000000ba900000| Complete 
| 426|0x00000000baa00000, 0x00000000bab00000, 0x00000000bab00000|100%| S|CS|TAMS 0x00000000baa00000| PB 0x00000000baa00000| Complete 
| 427|0x00000000bab00000, 0x00000000bac00000, 0x00000000bac00000|100%| S|CS|TAMS 0x00000000bab00000| PB 0x00000000bab00000| Complete 
| 428|0x00000000bac00000, 0x00000000bad00000, 0x00000000bad00000|100%| S|CS|TAMS 0x00000000bac00000| PB 0x00000000bac00000| Complete 
| 429|0x00000000bad00000, 0x00000000bae00000, 0x00000000bae00000|100%| S|CS|TAMS 0x00000000bad00000| PB 0x00000000bad00000| Complete 
| 430|0x00000000bae00000, 0x00000000bae00000, 0x00000000baf00000|  0%| F|  |TAMS 0x00000000bae00000| PB 0x00000000bae00000| Untracked 
| 431|0x00000000baf00000, 0x00000000baf00000, 0x00000000bb000000|  0%| F|  |TAMS 0x00000000baf00000| PB 0x00000000baf00000| Untracked 
| 432|0x00000000bb000000, 0x00000000bb000000, 0x00000000bb100000|  0%| F|  |TAMS 0x00000000bb000000| PB 0x00000000bb000000| Untracked 
| 433|0x00000000bb100000, 0x00000000bb100000, 0x00000000bb200000|  0%| F|  |TAMS 0x00000000bb100000| PB 0x00000000bb100000| Untracked 
| 434|0x00000000bb200000, 0x00000000bb200000, 0x00000000bb300000|  0%| F|  |TAMS 0x00000000bb200000| PB 0x00000000bb200000| Untracked 
| 435|0x00000000bb300000, 0x00000000bb300000, 0x00000000bb400000|  0%| F|  |TAMS 0x00000000bb300000| PB 0x00000000bb300000| Untracked 
| 436|0x00000000bb400000, 0x00000000bb400000, 0x00000000bb500000|  0%| F|  |TAMS 0x00000000bb400000| PB 0x00000000bb400000| Untracked 
| 437|0x00000000bb500000, 0x00000000bb500000, 0x00000000bb600000|  0%| F|  |TAMS 0x00000000bb500000| PB 0x00000000bb500000| Untracked 
| 438|0x00000000bb600000, 0x00000000bb600000, 0x00000000bb700000|  0%| F|  |TAMS 0x00000000bb600000| PB 0x00000000bb600000| Untracked 
| 439|0x00000000bb700000, 0x00000000bb700000, 0x00000000bb800000|  0%| F|  |TAMS 0x00000000bb700000| PB 0x00000000bb700000| Untracked 
| 440|0x00000000bb800000, 0x00000000bb800000, 0x00000000bb900000|  0%| F|  |TAMS 0x00000000bb800000| PB 0x00000000bb800000| Untracked 
| 441|0x00000000bb900000, 0x00000000bb900000, 0x00000000bba00000|  0%| F|  |TAMS 0x00000000bb900000| PB 0x00000000bb900000| Untracked 
| 442|0x00000000bba00000, 0x00000000bba00000, 0x00000000bbb00000|  0%| F|  |TAMS 0x00000000bba00000| PB 0x00000000bba00000| Untracked 
| 443|0x00000000bbb00000, 0x00000000bbb00000, 0x00000000bbc00000|  0%| F|  |TAMS 0x00000000bbb00000| PB 0x00000000bbb00000| Untracked 
| 444|0x00000000bbc00000, 0x00000000bbc00000, 0x00000000bbd00000|  0%| F|  |TAMS 0x00000000bbc00000| PB 0x00000000bbc00000| Untracked 
| 445|0x00000000bbd00000, 0x00000000bbd3e010, 0x00000000bbe00000| 24%| E|  |TAMS 0x00000000bbd00000| PB 0x00000000bbd00000| Complete 
| 446|0x00000000bbe00000, 0x00000000bbf00000, 0x00000000bbf00000|100%| E|CS|TAMS 0x00000000bbe00000| PB 0x00000000bbe00000| Complete 
| 447|0x00000000bbf00000, 0x00000000bc000000, 0x00000000bc000000|100%| E|CS|TAMS 0x00000000bbf00000| PB 0x00000000bbf00000| Complete 
| 448|0x00000000bc000000, 0x00000000bc100000, 0x00000000bc100000|100%| E|CS|TAMS 0x00000000bc000000| PB 0x00000000bc000000| Complete 
| 449|0x00000000bc100000, 0x00000000bc200000, 0x00000000bc200000|100%| E|CS|TAMS 0x00000000bc100000| PB 0x00000000bc100000| Complete 
| 450|0x00000000bc200000, 0x00000000bc300000, 0x00000000bc300000|100%| E|CS|TAMS 0x00000000bc200000| PB 0x00000000bc200000| Complete 
| 451|0x00000000bc300000, 0x00000000bc400000, 0x00000000bc400000|100%| E|CS|TAMS 0x00000000bc300000| PB 0x00000000bc300000| Complete 
| 452|0x00000000bc400000, 0x00000000bc500000, 0x00000000bc500000|100%| E|CS|TAMS 0x00000000bc400000| PB 0x00000000bc400000| Complete 
| 453|0x00000000bc500000, 0x00000000bc600000, 0x00000000bc600000|100%| E|CS|TAMS 0x00000000bc500000| PB 0x00000000bc500000| Complete 
| 454|0x00000000bc600000, 0x00000000bc700000, 0x00000000bc700000|100%| E|  |TAMS 0x00000000bc600000| PB 0x00000000bc600000| Complete 
| 455|0x00000000bc700000, 0x00000000bc800000, 0x00000000bc800000|100%| E|CS|TAMS 0x00000000bc700000| PB 0x00000000bc700000| Complete 
| 456|0x00000000bc800000, 0x00000000bc900000, 0x00000000bc900000|100%| E|CS|TAMS 0x00000000bc800000| PB 0x00000000bc800000| Complete 
|1531|0x00000000ffb00000, 0x00000000ffc00000, 0x00000000ffc00000|100%| E|CS|TAMS 0x00000000ffb00000| PB 0x00000000ffb00000| Complete 
|1532|0x00000000ffc00000, 0x00000000ffd00000, 0x00000000ffd00000|100%| O|  |TAMS 0x00000000ffd00000| PB 0x00000000ffd00000| Updating 
|1533|0x00000000ffd00000, 0x00000000ffe00000, 0x00000000ffe00000|100%| O|  |TAMS 0x00000000ffe00000| PB 0x00000000ffe00000| Untracked 
|1534|0x00000000ffe00000, 0x00000000fff00000, 0x00000000fff00000|100%| E|CS|TAMS 0x00000000ffe00000| PB 0x00000000ffe00000| Complete 
|1535|0x00000000fff00000, 0x0000000100000000, 0x0000000100000000|100%| O|  |TAMS 0x0000000100000000| PB 0x0000000100000000| Untracked 

Card table byte_map: [0x000002a7fcbb0000,0x000002a7fceb0000] _byte_map_base: 0x000002a7fc6b0000

Marking Bits: (CMBitMap*) 0x000002a7f95890e0
 Bits: [0x000002a7fceb0000, 0x000002a7fe6b0000)

Polling page: 0x000002a7f7390000

Metaspace:

Usage:
  Non-class:    119.21 MB used.
      Class:     19.33 MB used.
       Both:    138.54 MB used.

Virtual space:
  Non-class space:      128.00 MB reserved,     120.62 MB ( 94%) committed,  2 nodes.
      Class space:      208.00 MB reserved,      20.50 MB ( 10%) committed,  1 nodes.
             Both:      336.00 MB reserved,     141.12 MB ( 42%) committed. 

Chunk freelists:
   Non-Class:  7.25 MB
       Class:  11.32 MB
        Both:  18.57 MB

MaxMetaspaceSize: 256.00 MB
CompressedClassSpaceSize: 208.00 MB
Initial GC threshold: 21.00 MB
Current GC threshold: 215.75 MB
CDS: off
 - commit_granule_bytes: 65536.
 - commit_granule_words: 8192.
 - virtual_space_node_default_size: 8388608.
 - enlarge_chunks_in_place: 1.
 - use_allocation_guard: 0.


Internal statistics:

num_allocs_failed_limit: 6.
num_arena_births: 4494.
num_arena_deaths: 4.
num_vsnodes_births: 3.
num_vsnodes_deaths: 0.
num_space_committed: 2257.
num_space_uncommitted: 0.
num_chunks_returned_to_freelist: 17.
num_chunks_taken_from_freelist: 10720.
num_chunk_merges: 8.
num_chunk_splits: 7068.
num_chunks_enlarged: 4652.
num_inconsistent_stats: 0.

CodeCache: size=196608Kb used=47550Kb max_used=49015Kb free=149057Kb
 bounds [0x000002a780000000, 0x000002a782ff0000, 0x000002a78c000000]
 total_blobs=17049, nmethods=15997, adapters=954, full_count=0
Compilation: enabled, stopped_count=0, restarted_count=0

Compilation events (20 events):
Event: 120.643 Thread 0x000002a7ff3a0580 nmethod 20744 0x000002a782fd1610 code [0x000002a782fd17c0, 0x000002a782fd1908]
Event: 120.646 Thread 0x000002a7ff3a0580 20745       3       com.sun.org.apache.xerces.internal.utils.XMLSecurityManager::isNoLimit (10 bytes)
Event: 120.646 Thread 0x000002a7ff3a0580 nmethod 20745 0x000002a782fd1210 code [0x000002a782fd13a0, 0x000002a782fd1500]
Event: 120.646 Thread 0x000002a7ff3a0580 20746       3       java.lang.CharacterDataLatin1::digit (32 bytes)
Event: 120.646 Thread 0x000002a7ff3a0580 nmethod 20746 0x000002a782fd4690 code [0x000002a782fd4840, 0x000002a782fd4a80]
Event: 120.647 Thread 0x000002a7ff398d10 nmethod 20697 0x000002a782fd8610 code [0x000002a782fd87e0, 0x000002a782fd8d30]
Event: 120.647 Thread 0x000002a7ff398d10 20698       4       java.nio.MappedByteBuffer::flip (5 bytes)
Event: 120.648 Thread 0x000002a7ff398d10 nmethod 20698 0x000002a782fd4b90 code [0x000002a782fd4d20, 0x000002a782fd4dc0]
Event: 120.650 Thread 0x000002a7ff3a0580 20748       3       com.sun.org.apache.xerces.internal.util.XMLAttributesImpl::addAttributeNS (169 bytes)
Event: 120.652 Thread 0x000002a7ff3a0580 nmethod 20748 0x000002a782fd6a90 code [0x000002a782fd6d40, 0x000002a782fd7fc8]
Event: 120.652 Thread 0x000002a7ff3a0580 20747       3       com.sun.org.apache.xerces.internal.impl.XMLDocumentFragmentScannerImpl::getString (76 bytes)
Event: 120.653 Thread 0x000002a7ff3a0580 nmethod 20747 0x000002a782fd5a10 code [0x000002a782fd5c40, 0x000002a782fd66d8]
Event: 120.653 Thread 0x000002a7ff398d10 20749       4       java.util.stream.AbstractPipeline::spliterator (116 bytes)
Event: 120.653 Thread 0x000002a7ff3a0580 20750       1       java.util.Collections$EmptyEnumeration::hasMoreElements (2 bytes)
Event: 120.653 Thread 0x000002a7ff3a0580 nmethod 20750 0x000002a782fd5710 code [0x000002a782fd58a0, 0x000002a782fd5968]
Event: 120.653 Thread 0x000002a7ff3a0580 20751       3       com.sun.org.apache.xerces.internal.parsers.XML11Configuration::checkFeature (292 bytes)
Event: 120.657 Thread 0x000002a7ff398d10 nmethod 20749 0x000002a782fd5010 code [0x000002a782fd51e0, 0x000002a782fd5460]
Event: 120.658 Thread 0x000002a7ff3a0580 nmethod 20751 0x000002a782fdc890 code [0x000002a782fdcf00, 0x000002a782fdff20]
Event: 120.658 Thread 0x000002a7ff3a0580 20752       3       com.sun.org.apache.xerces.internal.util.ParserConfigurationSettings::getProperty (20 bytes)
Event: 120.658 Thread 0x000002a7ff3a0580 nmethod 20752 0x000002a782fdc290 code [0x000002a782fdc460, 0x000002a782fdc728]

GC Heap History (20 events):
Event: 94.113 GC heap before
{Heap before GC invocations=82 (full 0):
 garbage-first heap   total 372736K, used 333158K [0x00000000a0000000, 0x0000000100000000)
  region size 1024K, 105 young (107520K), 13 survivors (13312K)
 Metaspace       used 126861K, committed 129344K, reserved 344064K
  class space    used 17961K, committed 19136K, reserved 212992K
}
Event: 94.125 GC heap after
{Heap after GC invocations=83 (full 0):
 garbage-first heap   total 372736K, used 242512K [0x00000000a0000000, 0x0000000100000000)
  region size 1024K, 6 young (6144K), 6 survivors (6144K)
 Metaspace       used 126861K, committed 129344K, reserved 344064K
  class space    used 17961K, committed 19136K, reserved 212992K
}
Event: 100.826 GC heap before
{Heap before GC invocations=84 (full 0):
 garbage-first heap   total 404480K, used 337744K [0x00000000a0000000, 0x0000000100000000)
  region size 1024K, 100 young (102400K), 6 survivors (6144K)
 Metaspace       used 127156K, committed 129664K, reserved 344064K
  class space    used 17997K, committed 19200K, reserved 212992K
}
Event: 100.838 GC heap after
{Heap after GC invocations=85 (full 0):
 garbage-first heap   total 404480K, used 249856K [0x00000000a0000000, 0x0000000100000000)
  region size 1024K, 13 young (13312K), 13 survivors (13312K)
 Metaspace       used 127156K, committed 129664K, reserved 344064K
  class space    used 17997K, committed 19200K, reserved 212992K
}
Event: 101.764 GC heap before
{Heap before GC invocations=85 (full 0):
 garbage-first heap   total 404480K, used 360448K [0x00000000a0000000, 0x0000000100000000)
  region size 1024K, 121 young (123904K), 13 survivors (13312K)
 Metaspace       used 127307K, committed 129856K, reserved 344064K
  class space    used 18012K, committed 19200K, reserved 212992K
}
Event: 101.780 GC heap after
{Heap after GC invocations=86 (full 0):
 garbage-first heap   total 404480K, used 252248K [0x00000000a0000000, 0x0000000100000000)
  region size 1024K, 10 young (10240K), 10 survivors (10240K)
 Metaspace       used 127307K, committed 129856K, reserved 344064K
  class space    used 18012K, committed 19200K, reserved 212992K
}
Event: 102.633 GC heap before
{Heap before GC invocations=86 (full 0):
 garbage-first heap   total 404480K, used 366936K [0x00000000a0000000, 0x0000000100000000)
  region size 1024K, 123 young (125952K), 10 survivors (10240K)
 Metaspace       used 127370K, committed 129920K, reserved 344064K
  class space    used 18020K, committed 19200K, reserved 212992K
}
Event: 102.642 GC heap after
{Heap after GC invocations=87 (full 0):
 garbage-first heap   total 404480K, used 254443K [0x00000000a0000000, 0x0000000100000000)
  region size 1024K, 12 young (12288K), 12 survivors (12288K)
 Metaspace       used 127370K, committed 129920K, reserved 344064K
  class space    used 18020K, committed 19200K, reserved 212992K
}
Event: 105.103 GC heap before
{Heap before GC invocations=88 (full 0):
 garbage-first heap   total 430080K, used 372203K [0x00000000a0000000, 0x0000000100000000)
  region size 1024K, 125 young (128000K), 12 survivors (12288K)
 Metaspace       used 127424K, committed 129984K, reserved 344064K
  class space    used 18025K, committed 19200K, reserved 212992K
}
Event: 105.116 GC heap after
{Heap after GC invocations=89 (full 0):
 garbage-first heap   total 430080K, used 265808K [0x00000000a0000000, 0x0000000100000000)
  region size 1024K, 15 young (15360K), 15 survivors (15360K)
 Metaspace       used 127424K, committed 129984K, reserved 344064K
  class space    used 18025K, committed 19200K, reserved 212992K
}
Event: 108.345 GC heap before
{Heap before GC invocations=89 (full 0):
 garbage-first heap   total 430080K, used 388688K [0x00000000a0000000, 0x0000000100000000)
  region size 1024K, 135 young (138240K), 15 survivors (15360K)
 Metaspace       used 127635K, committed 130176K, reserved 344064K
  class space    used 18048K, committed 19200K, reserved 212992K
}
Event: 108.368 GC heap after
{Heap after GC invocations=90 (full 0):
 garbage-first heap   total 430080K, used 268155K [0x00000000a0000000, 0x0000000100000000)
  region size 1024K, 11 young (11264K), 11 survivors (11264K)
 Metaspace       used 127635K, committed 130176K, reserved 344064K
  class space    used 18048K, committed 19200K, reserved 212992K
}
Event: 112.251 GC heap before
{Heap before GC invocations=90 (full 0):
 garbage-first heap   total 430080K, used 392059K [0x00000000a0000000, 0x0000000100000000)
  region size 1024K, 132 young (135168K), 11 survivors (11264K)
 Metaspace       used 129058K, committed 131648K, reserved 344064K
  class space    used 18228K, committed 19392K, reserved 212992K
}
Event: 112.276 GC heap after
{Heap after GC invocations=91 (full 0):
 garbage-first heap   total 430080K, used 282855K [0x00000000a0000000, 0x0000000100000000)
  region size 1024K, 17 young (17408K), 17 survivors (17408K)
 Metaspace       used 129058K, committed 131648K, reserved 344064K
  class space    used 18228K, committed 19392K, reserved 212992K
}
Event: 115.596 GC heap before
{Heap before GC invocations=92 (full 0):
 garbage-first heap   total 473088K, used 387303K [0x00000000a0000000, 0x0000000100000000)
  region size 1024K, 119 young (121856K), 17 survivors (17408K)
 Metaspace       used 135675K, committed 138304K, reserved 344064K
  class space    used 19090K, committed 20288K, reserved 212992K
}
Event: 115.640 GC heap after
{Heap after GC invocations=93 (full 0):
 garbage-first heap   total 473088K, used 299008K [0x00000000a0000000, 0x0000000100000000)
  region size 1024K, 15 young (15360K), 15 survivors (15360K)
 Metaspace       used 135675K, committed 138304K, reserved 344064K
  class space    used 19090K, committed 20288K, reserved 212992K
}
Event: 119.584 GC heap before
{Heap before GC invocations=93 (full 0):
 garbage-first heap   total 473088K, used 425984K [0x00000000a0000000, 0x0000000100000000)
  region size 1024K, 139 young (142336K), 15 survivors (15360K)
 Metaspace       used 140188K, committed 142848K, reserved 344064K
  class space    used 19663K, committed 20864K, reserved 212992K
}
Event: 119.624 GC heap after
{Heap after GC invocations=94 (full 0):
 garbage-first heap   total 473088K, used 314225K [0x00000000a0000000, 0x0000000100000000)
  region size 1024K, 18 young (18432K), 18 survivors (18432K)
 Metaspace       used 140188K, committed 142848K, reserved 344064K
  class space    used 19663K, committed 20864K, reserved 212992K
}
Event: 120.201 GC heap before
{Heap before GC invocations=94 (full 0):
 garbage-first heap   total 473088K, used 341873K [0x00000000a0000000, 0x0000000100000000)
  region size 1024K, 47 young (48128K), 18 survivors (18432K)
 Metaspace       used 140363K, committed 143040K, reserved 344064K
  class space    used 19686K, committed 20928K, reserved 212992K
}
Event: 120.219 GC heap after
{Heap after GC invocations=95 (full 0):
 garbage-first heap   total 473088K, used 318716K [0x00000000a0000000, 0x0000000100000000)
  region size 1024K, 5 young (5120K), 5 survivors (5120K)
 Metaspace       used 140363K, committed 143040K, reserved 344064K
  class space    used 19686K, committed 20928K, reserved 212992K
}

Dll operation events (3 events):
Event: 0.013 Loaded shared library C:\Program Files\Android\Android Studio\jbr\bin\java.dll
Event: 0.022 Loaded shared library C:\Program Files\Android\Android Studio\jbr\bin\zip.dll
Event: 1.113 Loaded shared library C:\Program Files\Android\Android Studio\jbr\bin\verify.dll

Deoptimization events (20 events):
Event: 120.546 Thread 0x000002a79e8ae100 DEOPT PACKING pc=0x000002a782cc9270 sp=0x000000c8402f9400
Event: 120.546 Thread 0x000002a79e8ae100 DEOPT UNPACKING pc=0x000002a7800588e2 sp=0x000000c8402f88c0 mode 0
Event: 120.547 Thread 0x000002a79e8ae100 DEOPT PACKING pc=0x000002a782c9fe31 sp=0x000000c8402f9560
Event: 120.547 Thread 0x000002a79e8ae100 DEOPT UNPACKING pc=0x000002a7800588e2 sp=0x000000c8402f8a20 mode 0
Event: 120.553 Thread 0x000002a79e8ae100 DEOPT PACKING pc=0x000002a782cc9270 sp=0x000000c8402f9490
Event: 120.553 Thread 0x000002a79e8ae100 DEOPT UNPACKING pc=0x000002a7800588e2 sp=0x000000c8402f8950 mode 0
Event: 120.554 Thread 0x000002a79e8ae100 DEOPT PACKING pc=0x000002a782c9fe31 sp=0x000000c8402f9560
Event: 120.554 Thread 0x000002a79e8ae100 DEOPT UNPACKING pc=0x000002a7800588e2 sp=0x000000c8402f8a20 mode 0
Event: 120.554 Thread 0x000002a79e8ae100 DEOPT PACKING pc=0x000002a782cc9270 sp=0x000000c8402f9400
Event: 120.554 Thread 0x000002a79e8ae100 DEOPT UNPACKING pc=0x000002a7800588e2 sp=0x000000c8402f88c0 mode 0
Event: 120.554 Thread 0x000002a79e8ae100 DEOPT PACKING pc=0x000002a782c9fe31 sp=0x000000c8402f9560
Event: 120.554 Thread 0x000002a79e8ae100 DEOPT UNPACKING pc=0x000002a7800588e2 sp=0x000000c8402f8a20 mode 0
Event: 120.563 Thread 0x000002a79e8ae100 DEOPT PACKING pc=0x000002a782cc9270 sp=0x000000c8402f9490
Event: 120.563 Thread 0x000002a79e8ae100 DEOPT UNPACKING pc=0x000002a7800588e2 sp=0x000000c8402f8950 mode 0
Event: 120.567 Thread 0x000002a79e8ae100 DEOPT PACKING pc=0x000002a782cc9270 sp=0x000000c8402f9400
Event: 120.567 Thread 0x000002a79e8ae100 DEOPT UNPACKING pc=0x000002a7800588e2 sp=0x000000c8402f88c0 mode 0
Event: 120.641 Thread 0x000002a79e8ae100 Uncommon trap: trap_request=0xffffff45 fr.pc=0x000002a7806f9ce0 relative=0x00000000000000c0
Event: 120.641 Thread 0x000002a79e8ae100 Uncommon trap: reason=unstable_if action=reinterpret pc=0x000002a7806f9ce0 method=java.lang.CharacterDataLatin1.digit(II)I @ 12 c2
Event: 120.641 Thread 0x000002a79e8ae100 DEOPT PACKING pc=0x000002a7806f9ce0 sp=0x000000c8402f9210
Event: 120.641 Thread 0x000002a79e8ae100 DEOPT UNPACKING pc=0x000002a780057da2 sp=0x000000c8402f9188 mode 2

Classes loaded (20 events):
Event: 118.695 Loading class java/io/SerialCallbackContext
Event: 118.696 Loading class java/io/SerialCallbackContext done
Event: 118.700 Loading class java/io/ObjectStreamClass$ExceptionInfo
Event: 118.701 Loading class java/io/ObjectStreamClass$ExceptionInfo done
Event: 118.778 Loading class java/util/HashMap$UnsafeHolder
Event: 118.779 Loading class java/util/HashMap$UnsafeHolder done
Event: 120.301 Loading class java/time/Clock
Event: 120.301 Loading class java/time/InstantSource
Event: 120.301 Loading class java/time/InstantSource done
Event: 120.301 Loading class java/time/Clock done
Event: 120.302 Loading class java/time/Clock$SystemClock
Event: 120.302 Loading class java/time/Clock$SystemClock done
Event: 120.410 Loading class java/util/Collections$UnmodifiableSortedSet
Event: 120.410 Loading class java/util/Collections$UnmodifiableSortedSet done
Event: 120.412 Loading class java/util/concurrent/Semaphore$NonfairSync
Event: 120.412 Loading class java/util/concurrent/Semaphore$Sync
Event: 120.413 Loading class java/util/concurrent/Semaphore$Sync done
Event: 120.413 Loading class java/util/concurrent/Semaphore$NonfairSync done
Event: 120.417 Loading class java/nio/file/Files$2
Event: 120.417 Loading class java/nio/file/Files$2 done

Classes unloaded (17 events):
Event: 44.758 Thread 0x000002a7ff317480 Unloading class 0x0000000100d98570 '_BuildScript_$_run_closure1'
Event: 44.758 Thread 0x000002a7ff317480 Unloading class 0x0000000100d98000 '_BuildScript_'
Event: 54.629 Thread 0x000002a7ff317480 Unloading class 0x0000000100fe2100 '_BuildScript_$_run_closure4'
Event: 54.629 Thread 0x000002a7ff317480 Unloading class 0x0000000100fe1ce0 '_BuildScript_$_run_closure3'
Event: 54.629 Thread 0x000002a7ff317480 Unloading class 0x0000000100fe18c0 '_BuildScript_$_run_closure2$_closure11$_closure14'
Event: 54.629 Thread 0x000002a7ff317480 Unloading class 0x0000000100fe14a0 '_BuildScript_$_run_closure2$_closure11$_closure13'
Event: 54.629 Thread 0x000002a7ff317480 Unloading class 0x0000000100fe1080 '_BuildScript_$_run_closure2$_closure11'
Event: 54.629 Thread 0x000002a7ff317480 Unloading class 0x0000000100fe0c60 '_BuildScript_$_run_closure2$_closure10'
Event: 54.629 Thread 0x000002a7ff317480 Unloading class 0x0000000100fe0840 '_BuildScript_$_run_closure2$_closure9$_closure12'
Event: 54.629 Thread 0x000002a7ff317480 Unloading class 0x0000000100fe0420 '_BuildScript_$_run_closure2$_closure9'
Event: 54.629 Thread 0x000002a7ff317480 Unloading class 0x0000000100fe0000 '_BuildScript_$_run_closure2$_closure8'
Event: 54.629 Thread 0x000002a7ff317480 Unloading class 0x0000000100fdd840 '_BuildScript_$_run_closure2$_closure7'
Event: 54.629 Thread 0x000002a7ff317480 Unloading class 0x0000000100fdd420 '_BuildScript_$_run_closure2$_closure6'
Event: 54.629 Thread 0x000002a7ff317480 Unloading class 0x0000000100fdd000 '_BuildScript_$_run_closure2$_closure5'
Event: 54.629 Thread 0x000002a7ff317480 Unloading class 0x0000000100fdc990 '_BuildScript_$_run_closure2'
Event: 54.629 Thread 0x000002a7ff317480 Unloading class 0x0000000100fdc570 '_BuildScript_$_run_closure1'
Event: 54.629 Thread 0x000002a7ff317480 Unloading class 0x0000000100fdc000 '_BuildScript_'

Classes redefined (0 events):
No events

Internal exceptions (20 events):
Event: 118.767 Thread 0x000002a7973d41a0 Exception <a 'java/lang/NoSuchMethodError'{0x00000000b53032b8}: static Lorg/jetbrains/kotlin/gradle/plugin/statistics/MetricContainer;.<clinit>()V> (0x00000000b53032b8) 
thrown [s\src\hotspot\share\prims\jni.cpp, line 1144]
Event: 118.909 Thread 0x000002a79e8ae100 Implicit null exception at 0x000002a7828c9811 to 0x000002a7828c9bc8
Event: 119.625 Thread 0x000002a7ff36ea90 Implicit null exception at 0x000002a7823cb248 to 0x000002a7823cb8f4
Event: 120.416 Thread 0x000002a79e8ae100 Exception <a 'sun/nio/fs/WindowsException'{0x00000000bc5d0e28}> (0x00000000bc5d0e28) 
thrown [s\src\hotspot\share\prims\jni.cpp, line 537]
Event: 120.416 Thread 0x000002a79e8ae100 Exception <a 'sun/nio/fs/WindowsException'{0x00000000bc5e7438}> (0x00000000bc5e7438) 
thrown [s\src\hotspot\share\prims\jni.cpp, line 537]
Event: 120.418 Thread 0x000002a79e8ae100 Exception <a 'java/lang/IncompatibleClassChangeError'{0x00000000bc5ee3b8}: Found class java.lang.Object, but interface was expected> (0x00000000bc5ee3b8) 
thrown [s\src\hotspot\share\interpreter\linkResolver.cpp, line 851]
Event: 120.426 Thread 0x000002a79e8ae100 Exception <a 'sun/nio/fs/WindowsException'{0x00000000bc419838}> (0x00000000bc419838) 
thrown [s\src\hotspot\share\prims\jni.cpp, line 537]
Event: 120.426 Thread 0x000002a79e8ae100 Exception <a 'sun/nio/fs/WindowsException'{0x00000000bc41ae18}> (0x00000000bc41ae18) 
thrown [s\src\hotspot\share\prims\jni.cpp, line 537]
Event: 120.431 Thread 0x000002a79e8ae100 Exception <a 'sun/nio/fs/WindowsException'{0x00000000bc41f5b0}> (0x00000000bc41f5b0) 
thrown [s\src\hotspot\share\prims\jni.cpp, line 537]
Event: 120.432 Thread 0x000002a79e8ae100 Exception <a 'sun/nio/fs/WindowsException'{0x00000000bc420b78}> (0x00000000bc420b78) 
thrown [s\src\hotspot\share\prims\jni.cpp, line 537]
Event: 120.434 Thread 0x000002a79e8ae100 Exception <a 'sun/nio/fs/WindowsException'{0x00000000bc423910}> (0x00000000bc423910) 
thrown [s\src\hotspot\share\prims\jni.cpp, line 537]
Event: 120.434 Thread 0x000002a79e8ae100 Exception <a 'sun/nio/fs/WindowsException'{0x00000000bc424ef0}> (0x00000000bc424ef0) 
thrown [s\src\hotspot\share\prims\jni.cpp, line 537]
Event: 120.437 Thread 0x000002a79e8ae100 Exception <a 'sun/nio/fs/WindowsException'{0x00000000bc4284b8}> (0x00000000bc4284b8) 
thrown [s\src\hotspot\share\prims\jni.cpp, line 537]
Event: 120.437 Thread 0x000002a79e8ae100 Exception <a 'sun/nio/fs/WindowsException'{0x00000000bc429a90}> (0x00000000bc429a90) 
thrown [s\src\hotspot\share\prims\jni.cpp, line 537]
Event: 120.441 Thread 0x000002a79e8ae100 Exception <a 'sun/nio/fs/WindowsException'{0x00000000bc42d870}> (0x00000000bc42d870) 
thrown [s\src\hotspot\share\prims\jni.cpp, line 537]
Event: 120.441 Thread 0x000002a79e8ae100 Exception <a 'sun/nio/fs/WindowsException'{0x00000000bc42ee38}> (0x00000000bc42ee38) 
thrown [s\src\hotspot\share\prims\jni.cpp, line 537]
Event: 120.444 Thread 0x000002a79e8ae100 Exception <a 'sun/nio/fs/WindowsException'{0x00000000bc432c28}> (0x00000000bc432c28) 
thrown [s\src\hotspot\share\prims\jni.cpp, line 537]
Event: 120.444 Thread 0x000002a79e8ae100 Exception <a 'sun/nio/fs/WindowsException'{0x00000000bc434200}> (0x00000000bc434200) 
thrown [s\src\hotspot\share\prims\jni.cpp, line 537]
Event: 120.447 Thread 0x000002a79e8ae100 Exception <a 'sun/nio/fs/WindowsException'{0x00000000bc439180}> (0x00000000bc439180) 
thrown [s\src\hotspot\share\prims\jni.cpp, line 537]
Event: 120.447 Thread 0x000002a79e8ae100 Exception <a 'sun/nio/fs/WindowsException'{0x00000000bc43a758}> (0x00000000bc43a758) 
thrown [s\src\hotspot\share\prims\jni.cpp, line 537]

ZGC Phase Switch (0 events):
No events

VM Operations (20 events):
Event: 118.522 Executing VM operation: HandshakeAllThreads (Deoptimize) done
Event: 118.882 Executing VM operation: ICBufferFull
Event: 118.882 Executing VM operation: ICBufferFull done
Event: 119.584 Executing VM operation: G1CollectForAllocation (G1 Evacuation Pause)
Event: 119.624 Executing VM operation: G1CollectForAllocation (G1 Evacuation Pause) done
Event: 120.060 Executing VM operation: HandshakeAllThreads (Deoptimize)
Event: 120.061 Executing VM operation: HandshakeAllThreads (Deoptimize) done
Event: 120.109 Executing VM operation: HandshakeAllThreads (Deoptimize)
Event: 120.110 Executing VM operation: HandshakeAllThreads (Deoptimize) done
Event: 120.113 Executing VM operation: HandshakeAllThreads (Deoptimize)
Event: 120.113 Executing VM operation: HandshakeAllThreads (Deoptimize) done
Event: 120.145 Executing VM operation: HandshakeAllThreads (Deoptimize)
Event: 120.145 Executing VM operation: HandshakeAllThreads (Deoptimize) done
Event: 120.201 Executing VM operation: G1TryInitiateConcMark (G1 Humongous Allocation)
Event: 120.219 Executing VM operation: G1TryInitiateConcMark (G1 Humongous Allocation) done
Event: 120.284 Executing VM operation: HandshakeAllThreads (HandshakeForDeflation)
Event: 120.285 Executing VM operation: HandshakeAllThreads (HandshakeForDeflation) done
Event: 120.285 Executing VM operation: RendezvousGCThreads
Event: 120.285 Executing VM operation: RendezvousGCThreads done
Event: 120.662 Executing VM operation: G1PauseRemark

Memory protections (0 events):
No events

Nmethod flushes (20 events):
Event: 120.676 Thread 0x000002a7ff317480 flushing  nmethod 0x000002a781b5d710
Event: 120.676 Thread 0x000002a7ff317480 flushing  nmethod 0x000002a781eaa690
Event: 120.676 Thread 0x000002a7ff317480 flushing  nmethod 0x000002a781ed4c90
Event: 120.676 Thread 0x000002a7ff317480 flushing  nmethod 0x000002a781ed5110
Event: 120.676 Thread 0x000002a7ff317480 flushing  nmethod 0x000002a781ed6310
Event: 120.676 Thread 0x000002a7ff317480 flushing  nmethod 0x000002a781ed7110
Event: 120.676 Thread 0x000002a7ff317480 flushing  nmethod 0x000002a781ed9110
Event: 120.676 Thread 0x000002a7ff317480 flushing  nmethod 0x000002a782083b90
Event: 120.676 Thread 0x000002a7ff317480 flushing  nmethod 0x000002a782189790
Event: 120.676 Thread 0x000002a7ff317480 flushing  nmethod 0x000002a78225c790
Event: 120.676 Thread 0x000002a7ff317480 flushing  nmethod 0x000002a78225d190
Event: 120.676 Thread 0x000002a7ff317480 flushing  nmethod 0x000002a782303790
Event: 120.676 Thread 0x000002a7ff317480 flushing  nmethod 0x000002a782303f90
Event: 120.676 Thread 0x000002a7ff317480 flushing  nmethod 0x000002a782305e10
Event: 120.676 Thread 0x000002a7ff317480 flushing  nmethod 0x000002a78287dd10
Event: 120.676 Thread 0x000002a7ff317480 flushing  nmethod 0x000002a78298ac10
Event: 120.676 Thread 0x000002a7ff317480 flushing  nmethod 0x000002a78298cc90
Event: 120.676 Thread 0x000002a7ff317480 flushing  nmethod 0x000002a782992190
Event: 120.676 Thread 0x000002a7ff317480 flushing  nmethod 0x000002a782a55410
Event: 120.676 Thread 0x000002a7ff317480 flushing  nmethod 0x000002a782a58210

Events (20 events):
Event: 92.925 Thread 0x000002a7ff3a0580 Thread added: 0x000002a7973c35c0
Event: 93.645 Thread 0x000002a7973c35c0 Thread exited: 0x000002a7973c35c0
Event: 94.256 Thread 0x000002a7ff3a0580 Thread added: 0x000002a7973c35c0
Event: 97.239 Thread 0x000002a7973c35c0 Thread exited: 0x000002a7973c35c0
Event: 100.329 Thread 0x000002a7ff3a0580 Thread added: 0x000002a7973c0ce0
Event: 101.826 Thread 0x000002a7973c0ce0 Thread exited: 0x000002a7973c0ce0
Event: 105.405 Thread 0x000002a7ff398d10 Thread added: 0x000002a7973c35c0
Event: 107.135 Thread 0x000002a7973c35c0 Thread exited: 0x000002a7973c35c0
Event: 108.537 Thread 0x000002a7ff3a0580 Thread added: 0x000002a7973c35c0
Event: 110.429 Thread 0x000002a7973c35c0 Thread exited: 0x000002a7973c35c0
Event: 110.465 Thread 0x000002a7ff3a0580 Thread added: 0x000002a7973c13b0
Event: 114.609 Thread 0x000002a7973c13b0 Thread exited: 0x000002a7973c13b0
Event: 115.709 Thread 0x000002a7ff398d10 Thread added: 0x000002a7973c13b0
Event: 116.487 Thread 0x000002a7973c13b0 Thread exited: 0x000002a7973c13b0
Event: 116.791 Thread 0x000002a7ff3a0580 Thread added: 0x000002a7973c13b0
Event: 116.994 Thread 0x000002a7973c13b0 Thread exited: 0x000002a7973c13b0
Event: 117.035 Thread 0x000002a7ff3a0580 Thread added: 0x000002a7973c4360
Event: 118.666 Thread 0x000002a7930e3cd0 Thread added: 0x000002a79e8ae100
Event: 118.727 Thread 0x000002a79e8ae100 Thread added: 0x000002a79e8ae790
Event: 119.407 Thread 0x000002a7973c4360 Thread exited: 0x000002a7973c4360


Dynamic libraries:
0x00007ff6bd000000 - 0x00007ff6bd00a000 	C:\Program Files\Android\Android Studio\jbr\bin\java.exe
0x00007ffecfc60000 - 0x00007ffecfec7000 	C:\WINDOWS\SYSTEM32\ntdll.dll
0x00007ffecede0000 - 0x00007ffeceea9000 	C:\WINDOWS\System32\KERNEL32.DLL
0x00007ffecc9e0000 - 0x00007ffeccdd4000 	C:\WINDOWS\System32\KERNELBASE.dll
0x00007ffecc7d0000 - 0x00007ffecc91b000 	C:\WINDOWS\System32\ucrtbase.dll
0x00007ffec7450000 - 0x00007ffec746b000 	C:\Program Files\Android\Android Studio\jbr\bin\VCRUNTIME140.dll
0x00007ffec7430000 - 0x00007ffec7448000 	C:\Program Files\Android\Android Studio\jbr\bin\jli.dll
0x00007ffecf920000 - 0x00007ffecfae5000 	C:\WINDOWS\System32\USER32.dll
0x00007ffeb41e0000 - 0x00007ffeb4473000 	C:\WINDOWS\WinSxS\amd64_microsoft.windows.common-controls_6595b64144ccf1df_6.0.26100.8115_none_3e075c82e3354f9c\COMCTL32.dll
0x00007ffecf790000 - 0x00007ffecf839000 	C:\WINDOWS\System32\msvcrt.dll
0x00007ffecc530000 - 0x00007ffecc557000 	C:\WINDOWS\System32\win32u.dll
0x00007ffece320000 - 0x00007ffece34b000 	C:\WINDOWS\System32\GDI32.dll
0x00007ffecc560000 - 0x00007ffecc68b000 	C:\WINDOWS\System32\gdi32full.dll
0x00007ffecc690000 - 0x00007ffecc733000 	C:\WINDOWS\System32\msvcp_win.dll
0x00007ffece2d0000 - 0x00007ffece302000 	C:\WINDOWS\System32\IMM32.DLL
0x00007ffec9340000 - 0x00007ffec934c000 	C:\Program Files\Android\Android Studio\jbr\bin\vcruntime140_1.dll
0x00007ffe9c440000 - 0x00007ffe9c4cd000 	C:\Program Files\Android\Android Studio\jbr\bin\msvcp140.dll
0x00007ffe3dbb0000 - 0x00007ffe3e846000 	C:\Program Files\Android\Android Studio\jbr\bin\server\jvm.dll
0x00007ffecf840000 - 0x00007ffecf8f6000 	C:\WINDOWS\System32\ADVAPI32.dll
0x00007ffecf080000 - 0x00007ffecf127000 	C:\WINDOWS\System32\sechost.dll
0x00007ffecfb00000 - 0x00007ffecfc18000 	C:\WINDOWS\System32\RPCRT4.dll
0x00007ffeceeb0000 - 0x00007ffecef30000 	C:\WINDOWS\System32\WS2_32.dll
0x00007ffebb130000 - 0x00007ffebb13b000 	C:\WINDOWS\SYSTEM32\VERSION.dll
0x00007ffecc390000 - 0x00007ffecc3ee000 	C:\WINDOWS\SYSTEM32\POWRPROF.dll
0x00007ffec7630000 - 0x00007ffec7666000 	C:\WINDOWS\SYSTEM32\WINMM.dll
0x00007ffecc370000 - 0x00007ffecc384000 	C:\WINDOWS\SYSTEM32\UMPDC.dll
0x00007ffecb2c0000 - 0x00007ffecb2db000 	C:\WINDOWS\SYSTEM32\kernel.appcore.dll
0x00007ffec9170000 - 0x00007ffec917a000 	C:\Program Files\Android\Android Studio\jbr\bin\jimage.dll
0x00007ffeca410000 - 0x00007ffeca652000 	C:\WINDOWS\SYSTEM32\DBGHELP.DLL
0x00007ffece670000 - 0x00007ffece9f2000 	C:\WINDOWS\System32\combase.dll
0x00007ffecf1a0000 - 0x00007ffecf278000 	C:\WINDOWS\System32\OLEAUT32.dll
0x00007ffec75b0000 - 0x00007ffec75eb000 	C:\WINDOWS\SYSTEM32\dbgcore.DLL
0x00007ffeccde0000 - 0x00007ffecce85000 	C:\WINDOWS\System32\bcryptPrimitives.dll
0x00007ffebd020000 - 0x00007ffebd02e000 	C:\Program Files\Android\Android Studio\jbr\bin\instrument.dll
0x00007ffebc990000 - 0x00007ffebc9b0000 	C:\Program Files\Android\Android Studio\jbr\bin\java.dll
0x00007ffebc000000 - 0x00007ffebc018000 	C:\Program Files\Android\Android Studio\jbr\bin\zip.dll
0x00007ffecdb60000 - 0x00007ffece2c7000 	C:\WINDOWS\System32\SHELL32.dll
0x00007ffecd700000 - 0x00007ffecd86a000 	C:\WINDOWS\System32\wintypes.dll
0x00007ffecce90000 - 0x00007ffecd6f8000 	C:\WINDOWS\System32\windows.storage.dll
0x00007ffece4f0000 - 0x00007ffece5e8000 	C:\WINDOWS\System32\SHCORE.dll
0x00007ffecf130000 - 0x00007ffecf196000 	C:\WINDOWS\System32\shlwapi.dll
0x00007ffecc450000 - 0x00007ffecc479000 	C:\WINDOWS\SYSTEM32\profapi.dll
0x00007ffec9010000 - 0x00007ffec9020000 	C:\Program Files\Android\Android Studio\jbr\bin\net.dll
0x00007ffebc160000 - 0x00007ffebc28d000 	C:\WINDOWS\SYSTEM32\WINHTTP.dll
0x00007ffecb830000 - 0x00007ffecb89c000 	C:\WINDOWS\system32\mswsock.dll
0x00007ffebbe60000 - 0x00007ffebbe76000 	C:\Program Files\Android\Android Studio\jbr\bin\nio.dll
0x00007ffebd1b0000 - 0x00007ffebd1c0000 	C:\Program Files\Android\Android Studio\jbr\bin\verify.dll
0x00007ffebbdc0000 - 0x00007ffebbde7000 	C:\Users\kiran\.gradle\native\c067742578af261105cb4f569cf0c3c89f3d7b1fecec35dd04571415982c5e48\windows-amd64\native-platform.dll
0x00007ffe967c0000 - 0x00007ffe96904000 	C:\Users\kiran\.gradle\native\100fb08df4bc3b14c8652ba06237920a3bd2aa13389f12d3474272988ae205f9\windows-amd64\native-platform-file-events.dll
0x00007ffebd190000 - 0x00007ffebd199000 	C:\Program Files\Android\Android Studio\jbr\bin\management.dll
0x00007ffebd0d0000 - 0x00007ffebd0db000 	C:\Program Files\Android\Android Studio\jbr\bin\management_ext.dll
0x00007ffecfaf0000 - 0x00007ffecfaf8000 	C:\WINDOWS\System32\PSAPI.DLL
0x00007ffecbb10000 - 0x00007ffecbb2b000 	C:\WINDOWS\SYSTEM32\CRYPTSP.dll
0x00007ffecb220000 - 0x00007ffecb259000 	C:\WINDOWS\system32\rsaenh.dll
0x00007ffecb8e0000 - 0x00007ffecb913000 	C:\WINDOWS\SYSTEM32\USERENV.dll
0x00007ffecc420000 - 0x00007ffecc44a000 	C:\WINDOWS\SYSTEM32\bcrypt.dll
0x00007ffecbb30000 - 0x00007ffecbb3c000 	C:\WINDOWS\SYSTEM32\CRYPTBASE.dll
0x00007ffecad70000 - 0x00007ffecada2000 	C:\WINDOWS\SYSTEM32\IPHLPAPI.DLL
0x00007ffece310000 - 0x00007ffece31a000 	C:\WINDOWS\System32\NSI.dll
0x00007ffebcf10000 - 0x00007ffebcf19000 	C:\Program Files\Android\Android Studio\jbr\bin\extnet.dll
0x00007ffea1a10000 - 0x00007ffea1a18000 	C:\WINDOWS\system32\wshunix.dll
0x00007ffea1a90000 - 0x00007ffea1aa8000 	C:\WINDOWS\system32\napinsp.dll
0x00007ffecadb0000 - 0x00007ffecaee2000 	C:\WINDOWS\SYSTEM32\DNSAPI.dll
0x00007ffea1a70000 - 0x00007ffea1a83000 	C:\WINDOWS\System32\winrnr.dll
0x00007ffea1a40000 - 0x00007ffea1a62000 	C:\WINDOWS\system32\nlansp_c.dll
0x00007ffea1a20000 - 0x00007ffea1a36000 	C:\WINDOWS\system32\wshbth.dll
0x00007ffec4230000 - 0x00007ffec423b000 	C:\Windows\System32\rasadhlp.dll
0x00007ffec63c0000 - 0x00007ffec6446000 	C:\WINDOWS\System32\fwpuclnt.dll

JVMTI agents:
C:\Users\kiran\.gradle\wrapper\dists\gradle-8.9-bin\90cnw93cvbtalezasaz0blq0a\gradle-8.9\lib\agents\gradle-instrumentation-agent-8.9.jar path:C:\Program Files\Android\Android Studio\jbr\bin\instrument.dll, loaded, initialized, instrumentlib options:none

dbghelp: loaded successfully - version: 4.0.5 - missing functions: none
symbol engine: initialized successfully - sym options: 0x614 - pdb path: .;C:\Program Files\Android\Android Studio\jbr\bin;C:\WINDOWS\SYSTEM32;C:\WINDOWS\WinSxS\amd64_microsoft.windows.common-controls_6595b64144ccf1df_6.0.26100.8115_none_3e075c82e3354f9c;C:\Program Files\Android\Android Studio\jbr\bin\server;C:\Users\kiran\.gradle\native\c067742578af261105cb4f569cf0c3c89f3d7b1fecec35dd04571415982c5e48\windows-amd64;C:\Users\kiran\.gradle\native\100fb08df4bc3b14c8652ba06237920a3bd2aa13389f12d3474272988ae205f9\windows-amd64

VM Arguments:
jvm_args: -XX:MaxMetaspaceSize=256m -XX:+UseG1GC -XX:ReservedCodeCacheSize=192m --add-opens=java.base/java.util=ALL-UNNAMED --add-opens=java.base/java.lang=ALL-UNNAMED --add-opens=java.base/java.lang.invoke=ALL-UNNAMED --add-opens=java.prefs/java.util.prefs=ALL-UNNAMED --add-exports=jdk.compiler/com.sun.tools.javac.api=ALL-UNNAMED --add-exports=jdk.compiler/com.sun.tools.javac.util=ALL-UNNAMED --add-opens=java.base/java.nio.charset=ALL-UNNAMED --add-opens=java.base/java.net=ALL-UNNAMED --add-opens=java.base/java.util.concurrent.atomic=ALL-UNNAMED -Xmx1536m -Dfile.encoding=UTF-8 -Duser.country=IN -Duser.language=en -Duser.variant -javaagent:C:\Users\kiran\.gradle\wrapper\dists\gradle-8.9-bin\90cnw93cvbtalezasaz0blq0a\gradle-8.9\lib\agents\gradle-instrumentation-agent-8.9.jar 
java_command: org.gradle.launcher.daemon.bootstrap.GradleDaemon 8.9
java_class_path (initial): C:\Users\kiran\.gradle\wrapper\dists\gradle-8.9-bin\90cnw93cvbtalezasaz0blq0a\gradle-8.9\lib\gradle-daemon-main-8.9.jar
Launcher Type: SUN_STANDARD

[Global flags]
     intx CICompilerCount                          = 4                                         {product} {ergonomic}
   size_t CompressedClassSpaceSize                 = 218103808                                 {product} {ergonomic}
     uint ConcGCThreads                            = 2                                         {product} {ergonomic}
     uint G1ConcRefinementThreads                  = 8                                         {product} {ergonomic}
   size_t G1HeapRegionSize                         = 1048576                                   {product} {ergonomic}
    uintx GCDrainStackTargetSize                   = 64                                        {product} {ergonomic}
   size_t InitialHeapSize                          = 130023424                                 {product} {ergonomic}
   size_t MarkStackSize                            = 4194304                                   {product} {ergonomic}
   size_t MaxHeapSize                              = 1610612736                                {product} {command line}
   size_t MaxMetaspaceSize                         = 268435456                                 {product} {command line}
   size_t MaxNewSize                               = 965738496                                 {product} {ergonomic}
   size_t MinHeapDeltaBytes                        = 1048576                                   {product} {ergonomic}
   size_t MinHeapSize                              = 8388608                                   {product} {ergonomic}
    uintx NonNMethodCodeHeapSize                   = 4096                                   {pd product} {ergonomic}
    uintx NonProfiledCodeHeapSize                  = 0                                      {pd product} {ergonomic}
    uintx ProfiledCodeHeapSize                     = 0                                      {pd product} {ergonomic}
    uintx ReservedCodeCacheSize                    = 201326592                              {pd product} {command line}
   size_t SoftMaxHeapSize                          = 1610612736                             {manageable} {ergonomic}
     bool UseCompressedOops                        = true                           {product lp64_product} {ergonomic}
     bool UseG1GC                                  = true                                      {product} {command line}
     bool UseLargePagesIndividualAllocation        = false                                  {pd product} {ergonomic}

Logging:
Log output configuration:
 #0: stdout all=warning uptime,level,tags foldmultilines=false
 #1: stderr all=off uptime,level,tags foldmultilines=false

Environment Variables:
JAVA_HOME=C:\Program Files\Android\Android Studio\jbr
CLASSPATH=C:\Users\kiran\Downloads\jago-Updates-23-04-jago\jago-Updates-23-04-jago\jago_app-main\flutter_apps\customer_app\android\\gradle\wrapper\gradle-wrapper.jar
PATH=C:\Program Files\Android\Android Studio\jbr\bin;C:\Users\kiran\.codex\tmp\arg0\codex-arg0Iu9rfk;C:\Users\kiran\AppData\Local\Programs\Microsoft VS Code;C:\WINDOWS\system32;C:\WINDOWS;C:\WINDOWS\System32\Wbem;C:\WINDOWS\System32\WindowsPowerShell\v1.0\;C:\WINDOWS\System32\OpenSSH\;C:\Program Files\dotnet\;C:\xampp\php;C:\ProgramData\ComposerSetup\bin;C:\Program Files\PuTTY\;C:\Program Files\Git\cmd;C:\Program Files\GitHub CLI\;C:\flutter\bin;C:\Program Files\k6\;C:\Program Files (x86)\cloudflared\;C:\Users\kiran\AppData\Local\Programs\Eclipse Adoptium\jdk-17.0.18.8-hotspot\bin;C:\Users\kiran\.local\bin;C:\Users\kiran\AppData\Local\Microsoft\WindowsApps;C:\Users\kiran\AppData\Roaming\Composer\vendor\bin;C:\Users\kiran\AppData\Local\Programs\Ollama;C:\Users\kiran\AppData\Local\GitHubDesktop\bin;C:\Users\kiran\AppData\Local\Programs\Antigravity\bin;C:\Users\kiran\AppData\Local\Programs\Microsoft VS Code\bin;C:\Users\kiran\AppData\Local\Microsoft\WinGet\Packages\Anthropic.ClaudeCode_Microsoft.Winget.Source_8wekyb3d8bbwe;C:\Users\kiran\AppData\Local\Programs\cursor\resources\app\bin;C:\Users\kiran\AppData\Local\Microsoft\WinGet\Packages\OpenJS.NodeJS.LTS_Microsoft.Winget.Source_8wekyb3d8bbwe\node-v24.14.0-win-x64;C:\Users\kiran\AppData\Local\Microsoft\WinGet\Packages\DigitalOcean.Doctl_Microsoft.Winget.Source_8wekyb3d8bbwe;C:\Users\kiran\AppData\Local\Microsoft\WinGet\Packages\Gyan.FFmpeg_Microsoft.Winget.Source_8wekyb3d8bbwe\ffmpeg-8.1-full_build\bin;;c:\Users\kiran\.vscode\extensions\openai.chatgpt-26.5422.21459-win32-x64\bin\windows-x86_64;C:\flutter\bin\mingit\cmd
USERNAME=kiran
OS=Windows_NT
PROCESSOR_IDENTIFIER=Intel64 Family 6 Model 140 Stepping 2, GenuineIntel
TMP=C:\Users\kiran\AppData\Local\Temp
TEMP=C:\Users\kiran\AppData\Local\Temp




Periodic native trim disabled

JNI global refs:
JNI global refs: 27, weak refs: 0

JNI global refs memory usage: 835, weak refs: 833

Process memory usage:
Resident Set Size: 651356K (8% of 8121124K total physical memory with 571600K free physical memory)

OOME stack traces (most recent first):
Classloader memory used:
Loader org.gradle.internal.classloader.VisitableURLClassLoader                         : 51075K
Loader org.gradle.internal.classloader.VisitableURLClassLoader$InstrumentingVisitableURLClassLoader: 43079K
Loader bootstrap                                                                       : 30375K
Loader org.gradle.initialization.MixInLegacyTypesClassLoader                           : 13524K
Loader org.gradle.groovy.scripts.internal.DefaultScriptCompilationHandler$ScriptClassLoader: 2641K
Loader jdk.internal.loader.ClassLoaders$PlatformClassLoader                            : 533K
Loader jdk.internal.loader.ClassLoaders$AppClassLoader                                 : 230K
Loader jdk.internal.reflect.DelegatingClassLoader                                      : 205K
Loader org.gradle.internal.classloader.VisitableURLClassLoader                         : 101K
Loader org.codehaus.groovy.runtime.callsite.CallSiteClassLoader                        : 99200B
Loader sun.reflect.misc.MethodUtil                                                     : 2984B

Classes loaded by more than one classloader:
Class Program                                                                         : loaded 5 times (x 72B)
Class org.jetbrains.kotlin.compilerRunner.CompilerSystemPropertiesService$Companion   : loaded 2 times (x 71B)
Class org.jetbrains.kotlin.gradle.utils.Completable$await$1                           : loaded 2 times (x 88B)
Class org.jetbrains.kotlin.gradle.plugin.KotlinGradleBuildServices$Inject             : loaded 2 times (x 100B)
Class com.google.common.base.Equivalence$Identity                                     : loaded 2 times (x 82B)
Class com.google.common.base.PairwiseEquivalence                                      : loaded 2 times (x 83B)
Class com.google.common.collect.RegularImmutableMap$KeySet                            : loaded 2 times (x 150B)
Class org.gradle.internal.classloader.FilteringClassLoader                            : loaded 2 times (x 105B)
Class com.google.common.collect.SortedSetMultimap                                     : loaded 2 times (x 70B)
Class org.jetbrains.kotlin.gradle.plugin.mpp.KotlinVariantWithCoordinates             : loaded 2 times (x 108B)
Class org.jetbrains.kotlin.gradle.internal.KotlinDomApiDependencyManagementKt         : loaded 2 times (x 71B)
Class org.jetbrains.kotlin.gradle.plugin.KotlinPluginLifecycleImpl$launch$coroutine$1 : loaded 2 times (x 76B)
Class org.jetbrains.kotlin.gradle.targets.js.npm.NpmDependencyExtensionKt$defaultNpmDependencyDelegate$1: loaded 2 times (x 167B)
Class org.jetbrains.kotlin.gradle.plugin.diagnostics.checkers.MissingNativeStdlibChecker: loaded 2 times (x 74B)
Class org.jetbrains.kotlin.gradle.plugin.KotlinPlatformType$DisambiguationRule        : loaded 2 times (x 76B)
Class org.jetbrains.kotlin.gradle.plugin.KotlinPlatformType$Companion                 : loaded 2 times (x 71B)
Class org.jetbrains.kotlin.gradle.plugin.internal.ConfigurationCacheStartParameterAccessorKt: loaded 2 times (x 71B)
Class [Lcom.google.common.base.AbstractIterator$State;                                : loaded 2 times (x 69B)
Class com.google.common.base.CharMatcher$IsEither                                     : loaded 2 times (x 111B)
Class org.gradle.internal.classloader.ClassLoaderHierarchy                            : loaded 2 times (x 70B)
Class build_7pmvorfh50k4gqxfdnp95v1li                                                 : loaded 2 times (x 181B)
Class build_3bwuobcoub7k7uod6hivxolop                                                 : loaded 2 times (x 180B)
Class org.jetbrains.kotlin.gradle.plugin.hierarchy.KotlinSourceSetTreeClassifierKt    : loaded 2 times (x 71B)
Class org.jetbrains.kotlin.gradle.report.UsesBuildMetricsService                      : loaded 2 times (x 70B)
Class org.jetbrains.kotlin.gradle.plugin.mpp.compilationImpl.factory.KotlinCompilationImplFactory$KotlinCompilationSourceSetsContainerFactory: loaded 2 times (x 70B)
Class org.jetbrains.kotlin.gradle.utils.MutableObservableSet                          : loaded 2 times (x 70B)
Class org.jetbrains.kotlin.gradle.dsl.KotlinHierarchyDsl                              : loaded 2 times (x 70B)
Class org.jetbrains.kotlin.gradle.targets.metadata.KotlinMetadataTargetConfiguratorKt$isNativeSourceSet$2: loaded 2 times (x 95B)
Class org.jetbrains.kotlin.gradle.report.BuildReportType                              : loaded 2 times (x 79B)
Class org.jetbrains.kotlin.statistics.metrics.StringAnonymizationPolicy$AllowedListAnonymizer: loaded 2 times (x 79B)
Class com.google.common.collect.ImmutableEnumSet                                      : loaded 2 times (x 146B)
Class com.google.common.util.concurrent.ExecutionError                                : loaded 2 times (x 82B)
Class com.google.common.collect.ImmutableList$1                                       : loaded 2 times (x 97B)
Class org.gradle.api.internal.classpath.ManifestUtil                                  : loaded 2 times (x 71B)
Class build_2u87o7j9odfzsrbg95b26qnzy                                                 : loaded 2 times (x 181B)
Class org.jetbrains.kotlin.gradle.tasks.KotlinCompile$androidLayoutResources$1        : loaded 2 times (x 74B)
Class org.jetbrains.kotlin.gradle.report.GradleBuildMetricsReporter                   : loaded 2 times (x 98B)
Class org.jetbrains.kotlin.gradle.utils.FutureKt$future$1                             : loaded 2 times (x 95B)
Class org.jetbrains.kotlin.gradle.plugin.mpp.KotlinMetadataCompilation                : loaded 2 times (x 70B)
Class org.jetbrains.kotlin.gradle.plugin.sources.KotlinDependencyScope                : loaded 2 times (x 79B)
Class org.jetbrains.kotlin.gradle.tasks.configuration.AbstractKotlinCompileConfig$1   : loaded 2 times (x 79B)
Class org.jetbrains.kotlin.gradle.plugin.mpp.compilationImpl.KotlinCompilationFriendPathsResolver: loaded 2 times (x 70B)
Class org.jetbrains.kotlin.gradle.plugin.mpp.KotlinUsages$KotlinMetadataDisambiguation: loaded 2 times (x 76B)
Class com.google.common.collect.RegularImmutableMap                                   : loaded 2 times (x 121B)
Class com.google.common.collect.ImmutableMap$MapViewOfValuesAsSingletonSets           : loaded 2 times (x 125B)
Class org.jetbrains.kotlin.gradle.tasks.AbstractKotlinCompile$compilerRunner$1        : loaded 2 times (x 75B)
Class org.jetbrains.kotlin.gradle.tasks.CacheableTasksKt$cacheOnlyIfEnabledForKotlin$1: loaded 2 times (x 75B)
Class org.jetbrains.kotlin.gradle.tasks.configuration.AbstractKotlinCompileConfig$2   : loaded 2 times (x 79B)
Class org.jetbrains.kotlin.gradle.plugin.mpp.compilationImpl.factory.KotlinCompilationImplFactory$PreConfigure: loaded 2 times (x 70B)
Class org.jetbrains.kotlin.gradle.targets.js.dsl.KotlinJsTargetDsl                    : loaded 2 times (x 70B)
Class org.jetbrains.kotlin.gradle.plugin.KotlinPluginLifecycleImplKt                  : loaded 2 times (x 71B)
Class org.jetbrains.kotlin.gradle.plugin.diagnostics.checkers.DeprecatedKotlinNativeTargetsChecker$runChecks$1: loaded 2 times (x 88B)
Class org.jetbrains.kotlin.gradle.plugin.KotlinPluginLifecycleImpl$WhenMappings       : loaded 2 times (x 71B)
Class org.jetbrains.kotlin.gradle.dsl.KotlinCommonCompilerToolOptionsHelper           : loaded 2 times (x 71B)
Class org.jetbrains.kotlin.gradle.plugin.KotlinTargetComponent                        : loaded 2 times (x 70B)
Class org.jetbrains.kotlin.statistics.metrics.StringOverridePolicy$OVERRIDE_VERSION_IF_NOT_SET: loaded 2 times (x 85B)
Class org.jetbrains.kotlin.gradle.plugin.VariantImplementationFactories$Companion$getProvider$1: loaded 2 times (x 75B)
Class org.jetbrains.kotlin.gradle.dsl.KotlinProjectExtension                          : loaded 2 times (x 122B)
Class [Lorg.objectweb.asm.Symbol;                                                     : loaded 2 times (x 69B)
Class org.objectweb.asm.ClassVisitor                                                  : loaded 2 times (x 88B)
Class com.google.common.collect.UnmodifiableListIterator                              : loaded 2 times (x 95B)
Class build_b4tsnrvlwm0gyh5f01gpdibji$_run_closure1$_closure3                         : loaded 2 times (x 139B)
Class org.jetbrains.kotlin.gradle.plugin.KotlinPluginLifecycle$ProjectConfigurationResult$Failure: loaded 2 times (x 72B)
Class org.jetbrains.kotlin.gradle.plugin.sources.DefaultKotlinSourceSet$MetadataDependencyTransformation: loaded 2 times (x 72B)
Class org.jetbrains.kotlin.gradle.tasks.DefaultKotlinJavaToolchain$Companion          : loaded 2 times (x 71B)
Class org.jetbrains.kotlin.gradle.tasks.DefaultKotlinJavaToolchain                    : loaded 2 times (x 77B)
Class org.jetbrains.kotlin.gradle.plugin.KotlinGradleBuildServices                    : loaded 2 times (x 80B)
Class [Lorg.jetbrains.kotlin.statistics.ValueAnonymizer;                              : loaded 2 times (x 69B)
Class org.objectweb.asm.MethodTooLargeException                                       : loaded 2 times (x 83B)
Class [Lcom.google.common.cache.CacheBuilder$OneWeigher;                              : loaded 2 times (x 69B)
Class com.google.common.base.Suppliers                                                : loaded 2 times (x 71B)
Class com.google.common.base.Platform$JdkPatternCompiler                              : loaded 2 times (x 75B)
Class org.gradle.internal.classloader.DefaultClassLoaderFactory                       : loaded 2 times (x 82B)
Class build_ayioqhct8y2g31cpeme9ui4gi                                                 : loaded 2 times (x 180B)
Class com.google.common.collect.ReverseNaturalOrdering                                : loaded 2 times (x 114B)
Class org.jetbrains.kotlin.compilerRunner.CompilerSystemPropertiesService$Parameters_Decorated: loaded 2 times (x 134B)
Class org.jetbrains.kotlin.gradle.plugin.KotlinTargetWithTests                        : loaded 2 times (x 70B)
Class org.jetbrains.kotlin.gradle.plugin.diagnostics.ToolingDiagnosticRenderingOptions: loaded 2 times (x 72B)
Class [Lorg.jetbrains.kotlin.gradle.dsl.KotlinVersion;                                : loaded 2 times (x 69B)
Class org.jetbrains.kotlin.gradle.plugin.diagnostics.checkers.JsEnvironmentChecker    : loaded 2 times (x 76B)
Class org.jetbrains.kotlin.gradle.targets.js.npm.NpmDependencyExtensionKt             : loaded 2 times (x 71B)
Class org.jetbrains.kotlin.gradle.report.BuildMetricsService                          : loaded 2 times (x 86B)
Class org.jetbrains.kotlin.statistics.metrics.NumberAnonymizationPolicy               : loaded 2 times (x 85B)
Class org.jetbrains.kotlin.statistics.metrics.StringAnonymizationPolicy               : loaded 2 times (x 78B)
Class com.google.common.base.CharMatcher$None                                         : loaded 2 times (x 112B)
Class org.gradle.internal.classloader.ClassLoaderVisitor                              : loaded 2 times (x 76B)
Class build_5g9a8s43tgs3q7a5yo8v9t3kk$_run_closure1                                   : loaded 2 times (x 139B)
Class com.google.common.collect.Ordering                                              : loaded 2 times (x 114B)
Class org.jetbrains.kotlin.build.report.metrics.BuildPerformanceMetrics               : loaded 2 times (x 72B)
Class org.jetbrains.kotlin.gradle.plugin.mpp.compilationImpl.KotlinCompilationLanguageSettingsConfigurator: loaded 2 times (x 74B)
Class org.jetbrains.kotlin.gradle.plugin.KotlinPluginLifecycleKt$await$1              : loaded 2 times (x 88B)
Class [Lorg.jetbrains.kotlin.gradle.plugin.KotlinCompilation;                         : loaded 2 times (x 69B)
Class org.jetbrains.kotlin.gradle.plugin.mpp.KotlinTargetComponentWithPublication     : loaded 2 times (x 70B)
Class org.jetbrains.kotlin.gradle.dsl.KotlinTargetContainerWithJsPresetFunctions      : loaded 2 times (x 70B)
Class org.jetbrains.kotlin.gradle.report.ReportingSettings$Companion                  : loaded 2 times (x 71B)
Class org.jetbrains.kotlin.gradle.report.ConfigureReporingKt                          : loaded 2 times (x 71B)
Class org.jetbrains.kotlin.tooling.core.TypeUtils                                     : loaded 2 times (x 71B)
Class [Lcom.google.common.collect.ImmutableMapEntry;                                  : loaded 2 times (x 69B)
Class org.gradle.api.internal.classpath.EffectiveClassPath                            : loaded 2 times (x 90B)
Class org.jetbrains.kotlin.gradle.utils.CompatibilityKt                               : loaded 2 times (x 71B)
Class org.jetbrains.kotlin.gradle.plugin.mpp.compilationImpl.DefaultKotlinCompilationConfigurationsContainer: loaded 2 times (x 85B)
Class com.google.common.collect.ImmutableRangeSet                                     : loaded 2 times (x 115B)
Class org.jetbrains.kotlin.gradle.tasks.TasksProviderKt                               : loaded 2 times (x 71B)
Class org.jetbrains.kotlin.gradle.plugin.diagnostics.ToolingDiagnostic                : loaded 2 times (x 72B)
Class org.jetbrains.kotlin.gradle.plugin.sources.DefaultKotlinSourceSetFactory        : loaded 2 times (x 80B)
Class com.google.common.collect.ImmutableEnumMap                                      : loaded 2 times (x 125B)
Class com.google.common.collect.ListMultimap                                          : loaded 2 times (x 70B)
Class com.google.common.collect.ComparatorOrdering                                    : loaded 2 times (x 115B)
Class org.jetbrains.kotlin.incremental.ClasspathChanges                               : loaded 2 times (x 71B)
Class org.jetbrains.kotlin.buildtools.api.jvm.ClassSnapshotGranularity                : loaded 2 times (x 79B)
Class org.jetbrains.kotlin.gradle.ExternalKotlinTargetApi                             : loaded 2 times (x 70B)
Class com.google.common.collect.Iterators$EmptyModifiableIterator                     : loaded 2 times (x 86B)
Class org.jetbrains.kotlin.gradle.plugin.diagnostics.checkers.AndroidPluginWithoutAndroidTargetChecker$runChecks$1: loaded 2 times (x 88B)
Class org.jetbrains.kotlin.gradle.plugin.diagnostics.checkers.AndroidSourceSetLayoutV1SourceSetsNotFoundChecker$runChecks$1: loaded 2 times (x 88B)
Class org.jetbrains.kotlin.gradle.plugin.diagnostics.KotlinGradleProjectCheckersRunnerKt$launchKotlinGradleProjectCheckers$1$1: loaded 2 times (x 95B)
Class org.jetbrains.kotlin.statistics.metrics.BooleanAnonymizationPolicy              : loaded 2 times (x 85B)
Class org.jetbrains.kotlin.statistics.metrics.BooleanOverridePolicy$OVERRIDE          : loaded 2 times (x 85B)
Class org.jetbrains.kotlin.gradle.plugin.VariantImplementationFactoriesConfigurator$Companion$getProvider$1: loaded 2 times (x 74B)
Class com.google.common.collect.Sets$1                                                : loaded 2 times (x 139B)
Class org.objectweb.asm.AnnotationVisitor                                             : loaded 2 times (x 78B)
Class com.google.common.base.Splitter                                                 : loaded 2 times (x 72B)
Class org.gradle.api.internal.DefaultClassPathProvider                                : loaded 2 times (x 76B)
Class com.google.common.collect.NaturalOrdering                                       : loaded 2 times (x 115B)
Class org.jetbrains.kotlin.gradle.tasks.configuration.BaseKotlinCompileConfig$1$3$classpathEntrySnapshotFiles$1: loaded 2 times (x 74B)
Class org.jetbrains.kotlin.gradle.tasks.configuration.KaptGenerateStubsConfig$Companion$wireJavaAndKotlinOutputs$1: loaded 2 times (x 79B)
Class org.jetbrains.kotlin.gradle.plugin.KotlinPluginLifecycleCoroutineContextElement : loaded 2 times (x 84B)
Class org.jetbrains.kotlin.gradle.dsl.PlatformSourceSetConventionsChecker             : loaded 2 times (x 74B)
Class org.jetbrains.kotlin.gradle.plugin.diagnostics.checkers.KotlinSourceSetTreeDependsOnMismatchChecker: loaded 2 times (x 74B)
Class org.jetbrains.kotlin.statistics.metrics.NumericalMetrics                        : loaded 2 times (x 80B)
Class org.jetbrains.kotlin.gradle.plugin.VariantImplementationFactories$Companion$getProvider$2$1: loaded 2 times (x 79B)
Class com.google.common.collect.Sets$2                                                : loaded 2 times (x 139B)
Class [Lorg.gradle.api.internal.ClassPathProvider;                                    : loaded 2 times (x 69B)
Class org.gradle.api.internal.ClassPathProvider                                       : loaded 2 times (x 70B)
Class build_9441jjnsxxuccr2t0svmcpxuh                                                 : loaded 2 times (x 181B)
Class org.jetbrains.kotlin.gradle.plugin.diagnostics.CheckKotlinGradlePluginConfigurationErrors$Companion: loaded 2 times (x 71B)
Class org.jetbrains.kotlin.gradle.tasks.KotlinJvmCompile$DefaultImpls                 : loaded 2 times (x 71B)
Class org.jetbrains.kotlin.gradle.tasks.CacheableTasksKt                              : loaded 2 times (x 71B)
Class org.jetbrains.kotlin.gradle.plugin.diagnostics.checkers.UnusedSourceSetsChecker$runChecks$1: loaded 2 times (x 88B)
Class org.jetbrains.kotlin.gradle.targets.js.npm.PeerNpmDependencyExtension           : loaded 2 times (x 70B)
Class org.jetbrains.kotlin.gradle.dsl.AndroidMainSourceSetConventionsChecker          : loaded 2 times (x 74B)
Class org.jetbrains.kotlin.build.report.metrics.GradleBuildPerformanceMetric          : loaded 2 times (x 92B)
Class [Lorg.objectweb.asm.AnnotationVisitor;                                          : loaded 2 times (x 69B)
Class com.google.common.collect.Sets$3                                                : loaded 2 times (x 139B)
Class com.google.common.util.concurrent.AbstractFuture$SafeAtomicHelper               : loaded 2 times (x 79B)
Class com.google.common.cache.LocalCache$LocalLoadingCache                            : loaded 2 times (x 134B)
Class com.google.common.base.AbstractIterator$State                                   : loaded 2 times (x 79B)
Class org.gradle.internal.service.UnknownServiceException                             : loaded 2 times (x 83B)
Class org.jetbrains.kotlin.gradle.tasks.configuration.BaseKotlinCompileConfig$2$1$1$1 : loaded 2 times (x 74B)
Class org.jetbrains.kotlin.gradle.tasks.KotlinCompile$ScriptFilterSpec                : loaded 2 times (x 75B)
Class org.jetbrains.kotlin.gradle.targets.js.npm.DefaultPeerNpmDependencyExtension    : loaded 2 times (x 141B)
Class org.jetbrains.kotlin.gradle.plugin.KotlinPluginLifecycleKt                      : loaded 2 times (x 71B)
Class org.jetbrains.kotlin.gradle.plugin.mpp.AbstractKotlinTarget                     : loaded 2 times (x 156B)
Class org.jetbrains.kotlin.gradle.plugin.VariantImplementationFactoriesConfigurator$Inject: loaded 2 times (x 96B)
Class org.jetbrains.kotlin.gradle.dsl.KotlinSingleTargetExtension                     : loaded 2 times (x 124B)
Class com.google.common.collect.Sets$4                                                : loaded 2 times (x 139B)
Class org.objectweb.asm.ModuleVisitor                                                 : loaded 2 times (x 81B)
Class com.google.common.cache.LocalCache$Strength$1                                   : loaded 2 times (x 81B)
Class org.jetbrains.kotlin.gradle.tasks.configuration.BaseKotlinCompileConfig$2$1$1$2 : loaded 2 times (x 74B)
Class org.jetbrains.kotlin.gradle.plugin.mpp.KotlinCompilationsKt$addSourcesToKotlinCompileTask$configureAction$2: loaded 2 times (x 79B)
Class org.jetbrains.kotlin.gradle.plugin.mpp.compilationImpl.KotlinCompilationTaskNamesContainer: loaded 2 times (x 72B)
Class org.jetbrains.kotlin.gradle.plugin.mpp.compilationImpl.factory.KotlinCompilationImplFactory$KotlinCompilerOptionsFactory: loaded 2 times (x 70B)
Class org.jetbrains.kotlin.gradle.targets.js.npm.NpmDependencyExtension               : loaded 2 times (x 70B)
Class org.jetbrains.kotlin.gradle.plugin.LanguageSettingsBuilder                      : loaded 2 times (x 70B)
Class org.jetbrains.kotlin.gradle.plugin.BuildEventsListenerRegistryHolder$Companion  : loaded 2 times (x 71B)
Class [Lorg.jetbrains.kotlin.statistics.metrics.StringMetrics;                        : loaded 2 times (x 69B)
Class com.google.common.util.concurrent.SettableFuture                                : loaded 2 times (x 114B)
Class com.google.common.cache.LocalCache$Strength$2                                   : loaded 2 times (x 81B)
Class build_5g9a8s43tgs3q7a5yo8v9t3kk                                                 : loaded 2 times (x 180B)
Class build_17ueyoykc2pf06124y3fmo066$_run_closure1$_closure2                         : loaded 2 times (x 139B)
Class com.google.common.collect.AllEqualOrdering                                      : loaded 2 times (x 114B)
Class org.jetbrains.kotlin.gradle.tasks.KotlinJavaToolchain$JdkSetter                 : loaded 2 times (x 70B)
Class org.jetbrains.kotlin.gradle.utils.ConfigurationCacheKt                          : loaded 2 times (x 71B)
Class org.jetbrains.kotlin.gradle.plugin.KotlinPluginLifecycle$ProjectConfigurationResult$Success: loaded 2 times (x 71B)
Class org.jetbrains.kotlin.gradle.internal.StdlibDependencyManagementKt$configureStdlibVersionAlignment$1: loaded 2 times (x 75B)
Class org.jetbrains.kotlin.gradle.dsl.PlatformSourceSetConventionsChecker$CheckedPlatformInfo: loaded 2 times (x 72B)
Class org.jetbrains.kotlin.gradle.plugin.mpp.KotlinUsages$KotlinCinteropDisambiguation: loaded 2 times (x 76B)
Class org.jetbrains.kotlin.gradle.plugin.KotlinPluginInMultipleProjectsHolder         : loaded 2 times (x 72B)
Class org.jetbrains.kotlin.gradle.report.BuildReportType$Companion                    : loaded 2 times (x 71B)
Class com.google.common.cache.LocalCache$Strength$3                                   : loaded 2 times (x 81B)
Class com.google.common.collect.MapDifference                                         : loaded 2 times (x 70B)
Class com.google.common.base.Splitter$1                                               : loaded 2 times (x 77B)
Class org.jetbrains.kotlin.gradle.tasks.KotlinCompilerPluginData$InputsOutputsState   : loaded 2 times (x 72B)
Class org.jetbrains.kotlin.gradle.plugin.sources.FragmentConsistencyChecks$optInAnnotationsCheck$1: loaded 2 times (x 79B)
Class org.jetbrains.kotlin.gradle.plugin.mpp.AbstractKotlinCompilationToRunnableFiles : loaded 2 times (x 196B)
Class org.jetbrains.kotlin.gradle.plugin.mpp.KotlinUsages$KotlinMetadataCompatibility : loaded 2 times (x 76B)
Class [Lorg.jetbrains.kotlin.gradle.dsl.JvmTarget;                                    : loaded 2 times (x 69B)
Class org.jetbrains.kotlin.gradle.plugin.StatisticsBuildFlowManager$Companion         : loaded 2 times (x 71B)
Class org.jetbrains.kotlin.statistics.metrics.StringMetrics$Companion                 : loaded 2 times (x 71B)
Class org.jetbrains.kotlin.tooling.core.Extras$Type                                   : loaded 2 times (x 72B)
Class org.objectweb.asm.FieldWriter                                                   : loaded 2 times (x 78B)
Class com.google.common.cache.CacheBuilder$NullListener                               : loaded 2 times (x 82B)
Class org.gradle.internal.classpath.TransformedClassPath                              : loaded 2 times (x 96B)
Class build_8pyaeahg9nc3hck27xi8fyy8m                                                 : loaded 2 times (x 180B)
Class org.jetbrains.kotlin.gradle.internal.StdlibDependencyManagementKt$configureStdlibVersionAlignment$1$1$1: loaded 2 times (x 75B)
Class org.jetbrains.kotlin.gradle.plugin.BuildFinishedListenerService$Companion       : loaded 2 times (x 71B)
Class org.jetbrains.kotlin.gradle.plugin.BuildFinishedListenerService                 : loaded 2 times (x 80B)
Class com.google.common.collect.ImmutableRangeSet$AsSet                               : loaded 2 times (x 299B)
Class org.jetbrains.kotlin.gradle.plugin.sources.FragmentConsistencyChecks$optInAnnotationsCheck$2: loaded 2 times (x 78B)
Class com.google.common.cache.CacheLoader$FunctionToCacheLoader                       : loaded 2 times (x 75B)
Class com.google.common.collect.Iterators$ArrayItr                                    : loaded 2 times (x 97B)
Class com.google.common.collect.ImmutableCollection$Builder                           : loaded 2 times (x 76B)
Class org.jetbrains.kotlin.gradle.tasks.configuration.BaseKotlinCompileConfig$1$3$2   : loaded 2 times (x 75B)
Class org.jetbrains.kotlin.gradle.tasks.AbstractKotlinCompileTool$sources$1           : loaded 2 times (x 79B)
Class org.jetbrains.kotlin.gradle.tasks.configuration.TaskConfigAction                : loaded 2 times (x 72B)
Class org.jetbrains.kotlin.gradle.plugin.AbstractKotlinPlugin$Companion               : loaded 2 times (x 71B)
Class org.jetbrains.kotlin.gradle.plugin.KotlinSourceSetTree                          : loaded 2 times (x 72B)
Class org.jetbrains.kotlin.gradle.plugin.KotlinPluginLifecycle$Stage                  : loaded 2 times (x 79B)
Class org.jetbrains.kotlin.gradle.plugin.sources.KotlinSourceSetFactory               : loaded 2 times (x 80B)
Class org.jetbrains.kotlin.gradle.internal.ClassLoadersCachingBuildService$Companion  : loaded 2 times (x 71B)
Class org.jetbrains.kotlin.gradle.plugin.StatisticsBuildFlowManager$subscribeForBuildResult$1$1: loaded 2 times (x 74B)
Class com.google.common.base.Joiner                                                   : loaded 2 times (x 79B)
Class com.google.common.base.MoreObjects                                              : loaded 2 times (x 71B)
Class build_1qofvhahsrpvhl8kakx0dz4fd$_run_closure1                                   : loaded 2 times (x 139B)
Class [Lorg.jetbrains.kotlin.build.report.metrics.BuildAttribute;                     : loaded 2 times (x 69B)
Class org.jetbrains.kotlin.gradle.plugin.hierarchy.KotlinSourceSetTreeClassifier$Default: loaded 2 times (x 71B)
Class org.jetbrains.kotlin.gradle.plugin.mpp.InternalKotlinCompilationKt              : loaded 2 times (x 71B)
Class org.jetbrains.kotlin.gradle.tasks.configuration.AbstractKotlinCompileConfig     : loaded 2 times (x 72B)
Class org.jetbrains.kotlin.gradle.plugin.mpp.compilationImpl.KotlinCompilationImpl$attributes$2: loaded 2 times (x 79B)
Class org.jetbrains.kotlin.build.report.metrics.GradleBuildTime                       : loaded 2 times (x 86B)
Class org.jetbrains.kotlin.gradle.utils.IsolatedKotlinClasspathClassCastException     : loaded 2 times (x 82B)
Class [Lorg.objectweb.asm.Type;                                                       : loaded 2 times (x 69B)
Class com.google.common.collect.Platform                                              : loaded 2 times (x 71B)
Class com.google.common.collect.UnmodifiableIterator                                  : loaded 2 times (x 80B)
Class org.gradle.internal.service.ServiceLocator                                      : loaded 2 times (x 70B)
Class org.jetbrains.kotlin.gradle.tasks.DefaultKotlinJavaToolchain$DefaultJavaToolchainSetter$useAsConvention$1: loaded 2 times (x 75B)
Class org.jetbrains.kotlin.gradle.plugin.KotlinCompilerArgumentsProducer$CreateCompilerArgumentsContext: loaded 2 times (x 70B)
Class org.jetbrains.kotlin.gradle.plugin.diagnostics.RenderReportedDiagnosticsKt      : loaded 2 times (x 71B)
Class org.jetbrains.kotlin.gradle.plugin.hierarchy.KotlinSourceSetTreeClassifierKt$classify$1: loaded 2 times (x 88B)
Class org.jetbrains.kotlin.gradle.plugin.diagnostics.checkers.WasmSourceSetsNotFoundChecker: loaded 2 times (x 74B)
Class org.jetbrains.kotlin.gradle.plugin.diagnostics.checkers.AndroidSourceSetLayoutV1SourceSetsNotFoundChecker$androidSourceSetRegex$2: loaded 2 times (x 78B)
Class com.google.common.base.Ascii                                                    : loaded 2 times (x 71B)
Class com.google.common.collect.SingletonImmutableBiMap                               : loaded 2 times (x 143B)
Class com.google.common.cache.LocalCache$1                                            : loaded 2 times (x 89B)
Class com.google.common.collect.AbstractMapEntry                                      : loaded 2 times (x 81B)
Class com.google.common.collect.AbstractSetMultimap                                   : loaded 2 times (x 174B)
Class org.jetbrains.kotlin.gradle.plugin.KotlinCompilationWithResources               : loaded 2 times (x 70B)
Class com.google.common.collect.Sets$ImprovedAbstractSet                              : loaded 2 times (x 135B)
Class com.google.common.collect.ImmutableList$Builder                                 : loaded 2 times (x 77B)
Class org.jetbrains.kotlin.gradle.plugin.KotlinTargetPreset                           : loaded 2 times (x 70B)
Class org.jetbrains.kotlin.gradle.plugin.diagnostics.checkers.KotlinTargetAlreadyDeclaredChecker: loaded 2 times (x 74B)
Class org.jetbrains.kotlin.gradle.plugin.mpp.KotlinUsages$KotlinJavaRuntimeJarsCompatibility: loaded 2 times (x 76B)
Class org.jetbrains.kotlin.gradle.utils.FileUtilsKt$localProperties$1                 : loaded 2 times (x 75B)
Class com.google.common.cache.LocalCache$2                                            : loaded 2 times (x 142B)
Class com.google.common.collect.AbstractMultimap                                      : loaded 2 times (x 123B)
Class org.jetbrains.kotlin.gradle.tasks.configuration.AbstractKotlinCompileConfig$2$1 : loaded 2 times (x 79B)
Class org.jetbrains.kotlin.gradle.tasks.DefaultKotlinJavaToolchain_Decorated          : loaded 2 times (x 126B)
Class org.jetbrains.kotlin.gradle.plugin.KotlinCompilationInfo$TCS                    : loaded 2 times (x 89B)
Class com.google.common.collect.ImmutableRangeSet$1                                   : loaded 2 times (x 209B)
Class org.jetbrains.kotlin.gradle.plugin.mpp.HasBinaries                              : loaded 2 times (x 70B)
Class org.jetbrains.kotlin.gradle.dsl.KotlinCommonOptions                             : loaded 2 times (x 70B)
Class org.jetbrains.kotlin.gradle.dsl.KotlinJvmProjectExtension                       : loaded 2 times (x 139B)
Class org.jetbrains.kotlin.gradle.plugin.KotlinCompilerArgumentsProducer              : loaded 2 times (x 70B)
Class org.jetbrains.kotlin.build.report.metrics.ValueType                             : loaded 2 times (x 79B)
Class com.google.common.util.concurrent.AbstractFuture$UnsafeAtomicHelper$1           : loaded 2 times (x 76B)
Class com.google.common.collect.RegularImmutableAsList                                : loaded 2 times (x 216B)
Class org.jetbrains.kotlin.build.report.metrics.BuildTimes$Companion                  : loaded 2 times (x 71B)
Class org.jetbrains.kotlin.gradle.tasks.configuration.BaseKotlinCompileConfig$1$classpathConfiguration$1: loaded 2 times (x 75B)
Class com.google.common.collect.Range                                                 : loaded 2 times (x 87B)
Class org.jetbrains.kotlin.gradle.targets.js.npm.NpmDependencyExtensionDelegate       : loaded 2 times (x 167B)
Class org.jetbrains.kotlin.gradle.plugin.sources.FragmentConsistencyChecker           : loaded 2 times (x 72B)
Class org.jetbrains.kotlin.gradle.dsl.DefaultToolchainSupport_Decorated               : loaded 2 times (x 124B)
Class org.jetbrains.kotlin.gradle.report.BuildMetricsService$Companion                : loaded 2 times (x 71B)
Class org.jetbrains.kotlin.gradle.tasks.KotlinCompileTool                             : loaded 2 times (x 70B)
Class org.jetbrains.kotlin.gradle.plugin.VariantImplementationFactories$Parameters_Decorated: loaded 2 times (x 134B)
Class org.jetbrains.kotlin.gradle.plugin.PropertiesProvider$PropertyNames             : loaded 2 times (x 71B)
Class org.jetbrains.kotlin.gradle.utils.GradleUtilsKt                                 : loaded 2 times (x 71B)
Class org.jetbrains.kotlin.gradle.plugin.HasProject                                   : loaded 2 times (x 70B)
Class com.google.common.util.concurrent.AbstractFuture$Trusted                        : loaded 2 times (x 70B)
Class com.google.common.collect.Iterators                                             : loaded 2 times (x 71B)
Class com.google.common.base.CharMatcher$RangesMatcher                                : loaded 2 times (x 112B)
Class com.google.common.collect.ExplicitOrdering                                      : loaded 2 times (x 115B)
Class org.jetbrains.kotlin.gradle.tasks.configuration.AbstractKotlinCompileConfig$2$3 : loaded 2 times (x 75B)
Class org.jetbrains.kotlin.gradle.tasks.configuration.BaseKotlinCompileConfig         : loaded 2 times (x 72B)
Class org.jetbrains.kotlin.gradle.plugin.mpp.compilationImpl.factory.KotlinCompilationImplFactory$KotlinCompilationTaskNamesContainerFactory: loaded 2 times (x 70B)
Class org.jetbrains.kotlin.gradle.ExperimentalKotlinGradlePluginApi                   : loaded 2 times (x 70B)
Class [Lorg.jetbrains.kotlin.build.report.metrics.BuildTime;                          : loaded 2 times (x 69B)
Class org.jetbrains.kotlin.statistics.metrics.NumberAnonymizationPolicy$SAFE          : loaded 2 times (x 85B)
Class com.google.common.util.concurrent.UncheckedExecutionException                   : loaded 2 times (x 82B)
Class com.google.common.collect.Lists$StringAsImmutableList                           : loaded 2 times (x 207B)
Class org.jetbrains.kotlin.gradle.tasks.configuration.AbstractKotlinCompileConfig$2$4 : loaded 2 times (x 75B)
Class org.jetbrains.kotlin.gradle.tasks.KotlinCompile$scriptSources$1                 : loaded 2 times (x 75B)
Class org.jetbrains.kotlin.build.report.metrics.BuildAttribute$Companion              : loaded 2 times (x 71B)
Class org.jetbrains.kotlin.gradle.tasks.configuration.KaptGenerateStubsConfig$Companion: loaded 2 times (x 71B)
Class org.jetbrains.kotlin.gradle.internal.KotlinTestDependencyManagementKt$maybeAddTestDependencyCapability$1: loaded 2 times (x 75B)
Class com.google.common.collect.ImmutableSortedSetFauxverideShim                      : loaded 2 times (x 147B)
Class org.jetbrains.kotlin.gradle.plugin.diagnostics.CheckKotlinGradlePluginConfigurationErrorsKt: loaded 2 times (x 71B)
Class org.jetbrains.kotlin.gradle.plugin.mpp.KotlinJvmAndroidCompilation              : loaded 2 times (x 198B)
Class org.jetbrains.kotlin.gradle.plugin.mpp.ApplyUserDefinedAttributesKt             : loaded 2 times (x 71B)
Class org.jetbrains.kotlin.tooling.core.TypeUtils$WhenMappings                        : loaded 2 times (x 71B)
Class org.jetbrains.kotlin.gradle.utils.FutureImpl                                    : loaded 2 times (x 80B)
Class [Lorg.jetbrains.kotlin.statistics.metrics.NumericalMetrics;                     : loaded 2 times (x 69B)
Class com.google.common.base.CharMatcher$JavaLetterOrDigit                            : loaded 2 times (x 111B)
Class org.gradle.internal.InternalTransformer                                         : loaded 2 times (x 70B)
Class com.google.common.collect.HashMultimapGwtSerializationDependencies              : loaded 2 times (x 174B)
Class org.jetbrains.kotlin.gradle.tasks.CompileUsingKotlinDaemonWithNormalization     : loaded 2 times (x 70B)
Class org.jetbrains.kotlin.gradle.plugin.mpp.compilationImpl.factory.KotlinCompilationImplFactory$PostConfigure$Companion: loaded 2 times (x 71B)
Class com.google.common.collect.AbstractMapBasedMultimap$KeySet$1                     : loaded 2 times (x 82B)
Class org.jetbrains.kotlin.gradle.targets.js.npm.DefaultDevNpmDependencyExtension     : loaded 2 times (x 145B)
Class [Lorg.jetbrains.kotlin.gradle.plugin.HasKotlinDependencies;                     : loaded 2 times (x 69B)
Class org.jetbrains.kotlin.gradle.tasks.DefaultKotlinJavaToolchain$Companion$wireJvmTargetToToolchain$1: loaded 2 times (x 75B)
Class org.jetbrains.kotlin.gradle.plugin.KotlinPlatformType                           : loaded 2 times (x 82B)
Class org.jetbrains.kotlin.gradle.plugin.KotlinGradleBuildServices$Companion          : loaded 2 times (x 71B)
Class org.objectweb.asm.ClassWriter                                                   : loaded 2 times (x 106B)
Class com.google.common.cache.CacheLoader$UnsupportedLoadingOperationException        : loaded 2 times (x 82B)
Class com.google.common.base.CharMatcher$And                                          : loaded 2 times (x 112B)
Class org.gradle.internal.classloader.ClasspathUtil$1                                 : loaded 2 times (x 76B)
Class build_bd0g1wr7vh14bk9g7h3c9wiko$_run_closure1                                   : loaded 2 times (x 139B)
Class com.google.common.base.Objects                                                  : loaded 2 times (x 71B)
Class org.jetbrains.kotlin.gradle.plugin.BuildFinishedListenerService$Companion$registerIfAbsent$1: loaded 2 times (x 74B)
Class com.google.common.collect.AbstractMapBasedMultimap$Itr                          : loaded 2 times (x 83B)
Class org.jetbrains.kotlin.gradle.plugin.diagnostics.ToolingDiagnosticRenderingOptions$Companion: loaded 2 times (x 71B)
Class org.jetbrains.kotlin.gradle.dsl.KotlinJvmCompilerOptionsHelper                  : loaded 2 times (x 71B)
Class org.jetbrains.kotlin.gradle.tasks.DefaultKotlinJavaToolchain$Companion$wireJvmTargetToToolchain$2: loaded 2 times (x 75B)
Class org.jetbrains.kotlin.gradle.plugin.ProjectLocalConfigurations$ProjectLocalDisambiguation: loaded 2 times (x 76B)
Class org.jetbrains.kotlin.gradle.plugin.KotlinGradleBuildServices$detectKotlinPluginLoadedInMultipleProjects$onRegister$1$1: loaded 2 times (x 75B)
Class org.jetbrains.kotlin.gradle.plugin.internal.ConfigurationCacheStartParameterAccessor$Factory: loaded 2 times (x 70B)
Class org.objectweb.asm.FieldVisitor                                                  : loaded 2 times (x 77B)
Class com.google.common.collect.IndexedImmutableSet                                   : loaded 2 times (x 150B)
Class com.google.common.collect.ImmutableMap$1                                        : loaded 2 times (x 81B)
Class com.google.common.collect.BiMap                                                 : loaded 2 times (x 70B)
Class org.gradle.api.internal.classpath.DefaultModuleRegistry$DefaultModule           : loaded 2 times (x 86B)
Class com.google.common.collect.NullsFirstOrdering                                    : loaded 2 times (x 115B)
Class org.jetbrains.kotlin.gradle.plugin.diagnostics.CheckKotlinGradlePluginConfigurationErrors_Decorated: loaded 2 times (x 365B)
Class org.jetbrains.kotlin.gradle.plugin.mpp.compilationImpl.KotlinCompilationSourceSetInclusion$DefaultAddSourcesToCompileTask$addSources$1: loaded 2 times (x 79B)
Class org.jetbrains.kotlin.gradle.plugin.diagnostics.checkers.WasmSourceSetsNotFoundChecker$wasmSourceSetRegex$2: loaded 2 times (x 78B)
Class org.jetbrains.kotlin.tooling.core.ExtrasUtilsKt                                 : loaded 2 times (x 71B)
Class org.jetbrains.kotlin.buildtools.api.ExperimentalBuildToolsApi                   : loaded 2 times (x 70B)
Class org.jetbrains.kotlin.gradle.utils.ResourceUtilsKt                               : loaded 2 times (x 71B)
Class org.jetbrains.kotlin.gradle.plugin.KotlinPluginWrapperKt$kotlinPluginVersionFromResources$1: loaded 2 times (x 78B)
Class com.google.common.primitives.Ints                                               : loaded 2 times (x 71B)
Class com.google.common.collect.AbstractIterator                                      : loaded 2 times (x 82B)
Class org.jetbrains.kotlin.gradle.tasks.UsesKotlinJavaToolchain$DefaultImpls          : loaded 2 times (x 71B)
Class org.jetbrains.kotlin.build.report.metrics.BuildAttributeKind$Companion          : loaded 2 times (x 71B)
Class org.jetbrains.kotlin.gradle.plugin.mpp.KotlinTargetSoftwareComponentImplKt$KotlinTargetSoftwareComponent$1$1$1: loaded 2 times (x 75B)
Class org.jetbrains.kotlin.gradle.tasks.configuration.KaptGenerateStubsConfig$Companion$configureLibraries$1: loaded 2 times (x 79B)
Class org.jetbrains.kotlin.gradle.plugin.mpp.compilationImpl.KotlinCompilationSourceSetInclusion$DefaultAddSourcesToCompileTask$addSources$2: loaded 2 times (x 79B)
Class org.jetbrains.kotlin.gradle.tasks.AbstractKotlinCompile                         : loaded 2 times (x 453B)
Class org.jetbrains.kotlin.gradle.plugin.KotlinCompilationOutput                      : loaded 2 times (x 70B)
Class org.jetbrains.kotlin.gradle.plugin.diagnostics.CheckKotlinGradlePluginConfigurationErrorsKt$addDependsOnFromTasksThatShouldFailWhenErrorsReported$1: loaded 2 times (x 75B)
Class org.jetbrains.kotlin.gradle.plugin.KotlinGradleBuildServices$Parameters$Inject  : loaded 2 times (x 106B)
Class org.jetbrains.kotlin.gradle.plugin.KotlinPluginWrapperKt$kotlinPluginVersionFromResources$1$1: loaded 2 times (x 71B)
Class com.google.common.math.MathPreconditions                                        : loaded 2 times (x 71B)
Class com.google.common.collect.Multiset                                              : loaded 2 times (x 70B)
Class com.google.common.collect.ArrayListMultimapGwtSerializationDependencies         : loaded 2 times (x 172B)
Class com.google.common.collect.ObjectArrays                                          : loaded 2 times (x 71B)
Class com.google.common.collect.AbstractIndexedListIterator                           : loaded 2 times (x 96B)
Class build_e6bds663fkaspxkzxxk86iys$_run_closure1                                    : loaded 2 times (x 139B)
Class build_1qofvhahsrpvhl8kakx0dz4fd$_run_closure1$_closure3                         : loaded 2 times (x 139B)
Class build_dijutz39n9jw5r0fc57m6h82a                                                 : loaded 2 times (x 180B)
Class org.jetbrains.kotlin.tooling.core.Extras$Entry                                  : loaded 2 times (x 72B)
Class org.jetbrains.kotlin.gradle.plugin.sources.InternalKotlinSourceSetKt            : loaded 2 times (x 71B)
Class org.jetbrains.kotlin.gradle.internal.Kapt3GradleSubplugin$Kapt3SubpluginContext : loaded 2 times (x 72B)
Class org.jetbrains.kotlin.gradle.dsl.KotlinJvmCompilerOptionsDefault_Decorated       : loaded 2 times (x 168B)
Class org.jetbrains.kotlin.gradle.plugin.HasKotlinDependencies                        : loaded 2 times (x 70B)
Class org.jetbrains.kotlin.gradle.plugin.BuildEventsListenerRegistryHolder_Decorated  : loaded 2 times (x 119B)
Class org.jetbrains.kotlin.gradle.plugin.statistics.MetricContainer                   : loaded 2 times (x 72B)
Class org.jetbrains.kotlin.gradle.plugin.statistics.old.Pre232IdeaKotlinBuildStatsMXBean: loaded 2 times (x 70B)
Class org.jetbrains.kotlin.gradle.plugin.statistics.KotlinBuildStatsServicesRegistry  : loaded 2 times (x 78B)
Class org.jetbrains.kotlin.gradle.plugin.VariantImplementationFactoriesConfigurator   : loaded 2 times (x 76B)
Class com.google.common.collect.ImmutableMapEntrySet                                  : loaded 2 times (x 151B)
Class org.gradle.api.internal.classpath.Module                                        : loaded 2 times (x 70B)
Class build_6r4vjdbcx45vs6htb1y946fln$_run_closure1                                   : loaded 2 times (x 139B)
Class org.jetbrains.kotlin.gradle.tasks.KotlinCompile$ClasspathSnapshotProperties_Decorated: loaded 2 times (x 137B)
Class org.jetbrains.kotlin.gradle.plugin.mpp.compilationImpl.KotlinCompilationSourceSetInclusion$Companion$includedSourceSets$2: loaded 2 times (x 78B)
Class org.jetbrains.kotlin.gradle.targets.js.npm.NpmDirectoryDependencyWithExternalsExtension: loaded 2 times (x 70B)
Class org.jetbrains.kotlin.gradle.plugin.KotlinGradleFinishBuildHandler$Companion     : loaded 2 times (x 71B)
Class com.google.common.cache.Weigher                                                 : loaded 2 times (x 70B)
Class org.gradle.api.internal.classpath.UnknownModuleException                        : loaded 2 times (x 82B)
Class org.jetbrains.kotlin.gradle.plugin.mpp.InternalKotlinTargetComponentKt          : loaded 2 times (x 71B)
Class org.jetbrains.kotlin.gradle.plugin.mpp.InternalKotlinTarget$DefaultImpls        : loaded 2 times (x 71B)
Class org.jetbrains.kotlin.gradle.plugin.KotlinPluginLifecycleImpl$executeCurrentStageAndScheduleNext$3: loaded 2 times (x 75B)
Class org.jetbrains.kotlin.gradle.plugin.mpp.compilationImpl.KotlinCompilationRegisterInSourceSetsConfigurator$configure$1: loaded 2 times (x 79B)
Class org.jetbrains.kotlin.gradle.targets.js.npm.NpmDependencyWithExternalsExtension  : loaded 2 times (x 70B)
Class org.jetbrains.kotlin.gradle.plugin.mpp.KotlinUsageContext                       : loaded 2 times (x 70B)
Class org.jetbrains.kotlin.gradle.plugin.KotlinTargetsContainer                       : loaded 2 times (x 70B)
Class org.jetbrains.kotlin.compilerRunner.GradleCliCommonizerKt                       : loaded 2 times (x 71B)
Class org.jetbrains.kotlin.gradle.utils.ConfigurationsKt                              : loaded 2 times (x 71B)
Class org.jetbrains.kotlin.gradle.plugin.StatisticsBuildFlowManager                   : loaded 2 times (x 72B)
Class org.jetbrains.kotlin.gradle.plugin.PluginWrappersKt                             : loaded 2 times (x 71B)
Class com.google.common.base.Stopwatch                                                : loaded 2 times (x 72B)
Class com.google.common.cache.LocalCache$Strength                                     : loaded 2 times (x 81B)
Class com.google.common.cache.Cache                                                   : loaded 2 times (x 70B)
Class build_e6bds663fkaspxkzxxk86iys                                                  : loaded 2 times (x 180B)
Class org.jetbrains.kotlin.build.report.metrics.BuildMetricsReporter                  : loaded 2 times (x 70B)
Class org.jetbrains.kotlin.gradle.plugin.mpp.InternalKotlinTargetKt                   : loaded 2 times (x 71B)
Class org.jetbrains.kotlin.gradle.targets.js.dsl.KotlinTargetWithNodeJsDsl            : loaded 2 times (x 70B)
Class org.jetbrains.kotlin.gradle.plugin.sources.DefaultKotlinSourceSetKt$defaultSourceSetLanguageSettingsChecker$1: loaded 2 times (x 78B)
Class org.jetbrains.kotlin.gradle.plugin.sources.InternalKotlinSourceSet              : loaded 2 times (x 70B)
Class org.jetbrains.kotlin.gradle.utils.ObjectCollectionExtKt                         : loaded 2 times (x 71B)
Class org.jetbrains.kotlin.gradle.plugin.KotlinJvmPlugin                              : loaded 2 times (x 80B)
Class org.jetbrains.kotlin.statistics.BuildSessionLogger                              : loaded 2 times (x 77B)
Class org.jetbrains.kotlin.gradle.plugin.internal.ConfigurationCacheStartParameterAccessor: loaded 2 times (x 70B)
Class com.google.common.util.concurrent.AbstractFuture$Cancellation                   : loaded 2 times (x 72B)
Class com.google.common.collect.ImmutableMap$Builder                                  : loaded 2 times (x 82B)
Class com.google.common.base.NullnessCasts                                            : loaded 2 times (x 71B)
Class build_9lei75vd1n1ekpwlprvzcmasn                                                 : loaded 2 times (x 180B)
Class settings_bghoe7vvrv91np2m8clbuha76                                              : loaded 2 times (x 179B)
Class org.jetbrains.kotlin.gradle.utils.FutureKt$future$2$1                           : loaded 2 times (x 95B)
Class org.jetbrains.kotlin.gradle.plugin.internal.BuildIdService$Companion$registerIfAbsent$1$1: loaded 2 times (x 75B)
Class org.jetbrains.kotlin.gradle.targets.js.dsl.KotlinWasmTargetDsl                  : loaded 2 times (x 70B)
Class org.jetbrains.kotlin.gradle.plugin.diagnostics.checkers.DisabledCinteropCommonizationInHmppProjectChecker$runChecks$1: loaded 2 times (x 88B)
Class org.jetbrains.kotlin.gradle.plugin.sources.ConsistencyCheck                     : loaded 2 times (x 72B)
Class org.jetbrains.kotlin.gradle.plugin.sources.DefaultKotlinSourceSetKt$defaultSourceSetLanguageSettingsChecker$2: loaded 2 times (x 78B)
Class org.jetbrains.kotlin.gradle.dsl.KotlinCommonToolOptions                         : loaded 2 times (x 70B)
Class org.jetbrains.kotlin.gradle.plugin.AbstractKotlinPlugin                         : loaded 2 times (x 79B)
Class org.jetbrains.kotlin.gradle.tasks.DefaultKotlinJavaToolchain$Companion$wireJvmTargetToJvm$1: loaded 2 times (x 75B)
Class org.jetbrains.kotlin.gradle.dsl.KotlinMultiplatformExtension                    : loaded 2 times (x 701B)
Class com.google.common.cache.RemovalListener                                         : loaded 2 times (x 70B)
Class org.gradle.api.internal.DefaultClassPathRegistry                                : loaded 2 times (x 76B)
Class org.jetbrains.kotlin.gradle.targets.js.npm.DefaultPeerNpmDependencyExtension$delegate$1: loaded 2 times (x 167B)
Class org.jetbrains.kotlin.gradle.targets.js.npm.NpmDependency                        : loaded 2 times (x 97B)
Class org.jetbrains.kotlin.gradle.targets.js.npm.DefaultNpmDependencyExtension        : loaded 2 times (x 152B)
Class org.jetbrains.kotlin.gradle.targets.js.npm.NpmDependency$Scope                  : loaded 2 times (x 79B)
Class org.jetbrains.kotlin.gradle.plugin.sources.FragmentConsistencyChecks$unstableFeaturesCheck$1: loaded 2 times (x 79B)
Class org.jetbrains.kotlin.gradle.plugin.sources.DefaultKotlinSourceSet               : loaded 2 times (x 141B)
Class org.jetbrains.kotlin.gradle.plugin.diagnostics.checkers.AndroidSourceSetLayoutV1SourceSetsNotFoundChecker: loaded 2 times (x 74B)
Class org.jetbrains.kotlin.gradle.plugin.VariantImplementationFactories$Parameters    : loaded 2 times (x 70B)
Class com.google.common.primitives.IntsMethodsForWeb                                  : loaded 2 times (x 71B)
Class com.google.common.collect.Multimap                                              : loaded 2 times (x 70B)
Class org.gradle.api.internal.ClassPathRegistry                                       : loaded 2 times (x 70B)
Class org.gradle.internal.classpath.DefaultClassPath$ImmutableUniqueList              : loaded 2 times (x 199B)
Class com.google.common.base.ExtraObjectsMethodsForWeb                                : loaded 2 times (x 71B)
Class org.jetbrains.kotlin.gradle.plugin.KotlinCompilation$DefaultImpls               : loaded 2 times (x 71B)
Class org.jetbrains.kotlin.gradle.utils.ProviderApiUtilsKt$providerWithLazyConvention$1: loaded 2 times (x 74B)
Class org.jetbrains.kotlin.gradle.plugin.sources.FragmentConsistencyChecks$unstableFeaturesCheck$2: loaded 2 times (x 78B)
Class org.jetbrains.kotlin.gradle.plugin.KotlinPluginLifecycleImpl                    : loaded 2 times (x 80B)
Class org.jetbrains.kotlin.gradle.dsl.KotlinCommonCompilerOptionsDefault              : loaded 2 times (x 96B)
Class org.jetbrains.kotlin.gradle.dsl.KotlinCommonCompilerToolOptionsDefault          : loaded 2 times (x 84B)
Class org.jetbrains.kotlin.gradle.plugin.StatisticsBuildFlowManager_Decorated         : loaded 2 times (x 119B)
Class org.jetbrains.kotlin.gradle.report.BuildReportMode$Companion                    : loaded 2 times (x 71B)
Class org.jetbrains.kotlin.gradle.plugin.VariantImplementationFactories$VariantImplementationFactory: loaded 2 times (x 70B)
Class build_e6bds663fkaspxkzxxk86iys$_run_closure1$_closure3                          : loaded 2 times (x 139B)
Class org.jetbrains.kotlin.compilerRunner.CompilerSystemPropertiesService             : loaded 2 times (x 80B)
Class org.jetbrains.kotlin.gradle.plugin.mpp.compilationImpl.KotlinCompilationImpl$1  : loaded 2 times (x 79B)
Class org.jetbrains.kotlin.gradle.targets.js.npm.SemVer$Companion                     : loaded 2 times (x 71B)
Class org.jetbrains.kotlin.gradle.plugin.mpp.KotlinUsages$KotlinCinteropCompatibility : loaded 2 times (x 77B)
Class org.jetbrains.kotlin.gradle.dsl.ExplicitApiMode                                 : loaded 2 times (x 79B)
Class org.jetbrains.kotlin.gradle.plugin.VariantImplementationFactories$Companion     : loaded 2 times (x 71B)
Class org.jetbrains.kotlin.gradle.plugin.internal.CustomPropertiesFileValueSource$Parameters_Decorated: loaded 2 times (x 134B)
Class org.jetbrains.kotlin.gradle.dsl.KotlinTopLevelExtensionConfig                   : loaded 2 times (x 70B)
Class com.google.common.cache.CacheBuilder                                            : loaded 2 times (x 72B)
Class com.google.common.collect.SingletonImmutableList                                : loaded 2 times (x 207B)
Class org.gradle.internal.classpath.ClassPath                                         : loaded 2 times (x 70B)
Class org.gradle.api.UncheckedIOException                                             : loaded 2 times (x 82B)
Class org.jetbrains.kotlin.gradle.incremental.IncrementalModuleInfoProvider           : loaded 2 times (x 70B)
Class org.jetbrains.kotlin.gradle.plugin.mpp.compilationImpl.KotlinCompilationImpl$2  : loaded 2 times (x 79B)
Class org.jetbrains.kotlin.gradle.dsl.PlatformSourceSetConventionsChecker$runChecks$1 : loaded 2 times (x 88B)
Class org.jetbrains.kotlin.gradle.dsl.KotlinJvmCompilerOptionsDefault                 : loaded 2 times (x 106B)
Class org.jetbrains.kotlin.gradle.internal.UsesClassLoadersCachingBuildService        : loaded 2 times (x 70B)
Class com.google.common.collect.ImmutableList$ReverseImmutableList                    : loaded 2 times (x 208B)
Class com.google.common.base.JdkPattern                                               : loaded 2 times (x 75B)
Class build_a4x7tvv1bvly0grvbfjty46yj                                                 : loaded 2 times (x 180B)
Class build_1t39jvjr6l5h1piey3l0uqinb$_run_closure1                                   : loaded 2 times (x 139B)
Class org.jetbrains.kotlin.gradle.plugin.DefaultKotlinBasePlugin$addKotlinCompilerConfiguration$3$1: loaded 2 times (x 79B)
Class org.jetbrains.kotlin.gradle.tasks.AbstractKotlinCompile$defaultKotlinJavaToolchain$1: loaded 2 times (x 78B)
Class org.jetbrains.kotlin.daemon.common.MultiModuleICSettings                        : loaded 2 times (x 72B)
Class org.jetbrains.kotlin.cli.common.arguments.Freezable                             : loaded 2 times (x 72B)
Class org.jetbrains.kotlin.gradle.plugin.KotlinCompilationInfoKt                      : loaded 2 times (x 71B)
Class org.jetbrains.kotlin.gradle.tasks.KotlinCompile                                 : loaded 2 times (x 498B)
Class com.google.errorprone.annotations.DoNotMock                                     : loaded 2 times (x 70B)
Class org.jetbrains.kotlin.gradle.internal.StdlibDependencyManagementKt               : loaded 2 times (x 71B)
Class org.jetbrains.kotlin.gradle.utils.ObservableSet                                 : loaded 2 times (x 70B)
Class org.jetbrains.kotlin.gradle.plugin.diagnostics.KotlinToolingDiagnosticsCollectorKt: loaded 2 times (x 71B)
Class org.jetbrains.kotlin.gradle.plugin.mpp.HierarchyAttributeContainer              : loaded 2 times (x 83B)
Class org.jetbrains.kotlin.gradle.tasks.UsesKotlinJavaToolchain                       : loaded 2 times (x 70B)
Class org.jetbrains.kotlin.statistics.metrics.StringOverridePolicy$OVERRIDE           : loaded 2 times (x 85B)
Class org.objectweb.asm.SymbolTable$Entry                                             : loaded 2 times (x 74B)
Class com.google.common.util.concurrent.AbstractFuture$AtomicHelper                   : loaded 2 times (x 78B)
Class build_17ueyoykc2pf06124y3fmo066                                                 : loaded 2 times (x 181B)
Class Native_plugin_loader_gradle                                                     : loaded 2 times (x 130B)
Class org.jetbrains.kotlin.gradle.plugin.mpp.KotlinTargetComponentWithCoordinatesAndPublication: loaded 2 times (x 70B)
Class org.jetbrains.kotlin.gradle.incremental.UsesIncrementalModuleInfoBuildService   : loaded 2 times (x 70B)
Class org.jetbrains.kotlin.gradle.dsl.PlatformSourceSetConventionsChecker$runChecks$3 : loaded 2 times (x 78B)
Class org.jetbrains.kotlin.gradle.utils.SingleAction                                  : loaded 2 times (x 73B)
Class org.jetbrains.kotlin.gradle.plugin.PropertiesProvider$Companion                 : loaded 2 times (x 71B)
Class org.objectweb.asm.Edge                                                          : loaded 2 times (x 72B)
Class com.google.common.base.Suppliers$SupplierOfInstance                             : loaded 2 times (x 79B)
Class com.google.common.collect.Iterators$1                                           : loaded 2 times (x 81B)
Class build_9441jjnsxxuccr2t0svmcpxuh$_run_closure1                                   : loaded 2 times (x 139B)
Class build_tndtuy5blcz7jklsrqhatf9v$_run_closure1                                    : loaded 2 times (x 139B)
Class org.jetbrains.kotlin.gradle.tasks.KotlinCompile$defaultKotlinJavaToolchain$1    : loaded 2 times (x 79B)
Class org.jetbrains.kotlin.gradle.tasks.KotlinJavaToolchain$JavaToolchainSetter       : loaded 2 times (x 70B)
Class org.jetbrains.kotlin.gradle.plugin.diagnostics.UsesKotlinToolingDiagnostics     : loaded 2 times (x 70B)
Class org.jetbrains.kotlin.tooling.core.ExtrasPropertyKt$extrasLazyProperty$1         : loaded 2 times (x 94B)
Class org.jetbrains.kotlin.statistics.metrics.BooleanAnonymizationPolicy$SAFE         : loaded 2 times (x 85B)
Class com.google.common.cache.LocalCache$ComputingValueReference                      : loaded 2 times (x 96B)
Class com.google.common.collect.SingletonImmutableSet                                 : loaded 2 times (x 146B)
Class com.google.common.collect.ImmutableMap$IteratorBasedImmutableMap                : loaded 2 times (x 125B)
Class build_6r4vjdbcx45vs6htb1y946fln                                                 : loaded 2 times (x 180B)
Class org.jetbrains.kotlin.gradle.internal.KotlinDependenciesManagementKt$configureDefaultVersionsResolutionStrategy$1$1$1: loaded 2 times (x 75B)
Class org.jetbrains.kotlin.gradle.plugin.mpp.compilationImpl.DefaultKotlinCompilationSourceSetsContainer$allKotlinSourceSetsImpl$1$1: loaded 2 times (x 80B)
Class org.jetbrains.kotlin.gradle.plugin.mpp.compilationImpl.DefaultKotlinCompilationSourceSetsContainer: loaded 2 times (x 78B)
Class org.jetbrains.kotlin.gradle.plugin.KotlinPluginLifecycle$Stage$Companion        : loaded 2 times (x 71B)
Class org.jetbrains.kotlin.gradle.plugin.diagnostics.checkers.DeprecatedKotlinNativeTargetsChecker: loaded 2 times (x 74B)
Class org.jetbrains.kotlin.tooling.core.AbstractExtras                                : loaded 2 times (x 141B)
Class com.google.common.cache.LocalCache$Segment                                      : loaded 2 times (x 154B)
Class Native_plugin_loader_gradle$NativePluginLoader$Companion                        : loaded 2 times (x 71B)
Class org.jetbrains.kotlin.build.report.metrics.BuildTimes                            : loaded 2 times (x 72B)
Class org.jetbrains.kotlin.gradle.tasks.KotlinCompile$ClasspathSnapshotProperties     : loaded 2 times (x 75B)
Class org.jetbrains.kotlin.gradle.internal.StdlibDependencyManagementKt$addStdlibDependency$1$1: loaded 2 times (x 79B)
Class org.jetbrains.kotlin.gradle.tasks.configuration.BaseKotlinCompileConfig$2$1     : loaded 2 times (x 75B)
Class com.google.common.collect.SortedIterable                                        : loaded 2 times (x 70B)
Class org.jetbrains.kotlin.gradle.plugin.sources.DefaultKotlinSourceSet_Decorated     : loaded 2 times (x 192B)
Class org.jetbrains.kotlin.gradle.plugin.mpp.KotlinCompilationsKt                     : loaded 2 times (x 71B)
Class org.jetbrains.kotlin.gradle.utils.GradleUtilsKt$registerClassLoaderScopedBuildService$1: loaded 2 times (x 74B)
Class org.jetbrains.kotlin.statistics.metrics.StringOverridePolicy                    : loaded 2 times (x 85B)
Class [Lorg.objectweb.asm.SymbolTable$Entry;                                          : loaded 2 times (x 69B)
Class com.google.common.cache.CacheLoader                                             : loaded 2 times (x 74B)
Class com.google.common.collect.Iterators$4                                           : loaded 2 times (x 82B)
Class com.google.common.collect.ImmutableBiMap                                        : loaded 2 times (x 143B)
Class com.google.common.collect.AbstractListMultimap                                  : loaded 2 times (x 172B)
Class org.gradle.internal.installation.GradleInstallation$1                           : loaded 2 times (x 75B)
Class org.gradle.api.internal.classpath.ModuleRegistry                                : loaded 2 times (x 70B)
Class org.jetbrains.kotlin.gradle.plugin.KotlinPluginLifecycle$ProjectConfigurationResult: loaded 2 times (x 71B)
Class org.jetbrains.kotlin.gradle.internal.KotlinDependenciesManagementKt$configureDefaultVersionsResolutionStrategy$1: loaded 2 times (x 75B)
Class org.jetbrains.kotlin.gradle.model.builder.KotlinModelBuilder$Companion          : loaded 2 times (x 71B)
Class org.jetbrains.kotlin.gradle.plugin.mpp.KotlinUsages                             : loaded 2 times (x 71B)
Class [Lorg.jetbrains.kotlin.build.report.metrics.GradleBuildPerformanceMetric;       : loaded 2 times (x 69B)
Class com.google.common.util.concurrent.internal.InternalFutureFailureAccess          : loaded 2 times (x 72B)
Class com.google.common.collect.Iterators$5                                           : loaded 2 times (x 82B)
Class com.google.common.collect.ImmutableSet$JdkBackedSetBuilderImpl                  : loaded 2 times (x 76B)
Class com.google.common.base.Splitter$SplittingIterator                               : loaded 2 times (x 84B)
Class org.jetbrains.kotlin.gradle.plugin.HasCompilerOptions                           : loaded 2 times (x 70B)
Class org.jetbrains.kotlin.gradle.plugin.mpp.compilationImpl.DefaultKotlinCompilationFriendPathsResolver$FriendArtifactResolver: loaded 2 times (x 70B)
Class org.jetbrains.kotlin.gradle.targets.js.ir.KotlinJsIrTarget                      : loaded 2 times (x 260B)
Class org.jetbrains.kotlin.gradle.plugin.mpp.DefaultKotlinUsageContext                : loaded 2 times (x 108B)
Class org.jetbrains.kotlin.gradle.plugin.KotlinPluginLifecycleImpl$start$3            : loaded 2 times (x 79B)
Class org.jetbrains.kotlin.gradle.plugin.KotlinMultiplatformPluginWrapper             : loaded 2 times (x 86B)
Class [Lorg.jetbrains.kotlin.statistics.metrics.BooleanMetrics;                       : loaded 2 times (x 69B)
Class com.google.common.util.concurrent.AbstractFuture$UnsafeAtomicHelper             : loaded 2 times (x 78B)
Class com.google.common.cache.LocalCache$LocalManualCache$1                           : loaded 2 times (x 75B)
Class com.google.common.base.CharMatcher$ForPredicate                                 : loaded 2 times (x 112B)
Class org.jetbrains.kotlin.gradle.plugin.mpp.compilationImpl.KotlinCompilationConfigurationsContainer: loaded 2 times (x 70B)
Class org.jetbrains.kotlin.gradle.internal.StdlibDependencyManagementKt$addStdlibDependency$1: loaded 2 times (x 75B)
Class [Lorg.jetbrains.kotlin.gradle.plugin.KotlinPluginLifecycle$CoroutineStart;      : loaded 2 times (x 69B)
Class org.jetbrains.kotlin.gradle.dsl.IosSourceSetConventionChecker                   : loaded 2 times (x 74B)
Class org.jetbrains.kotlin.gradle.plugin.diagnostics.KotlinGradleProjectChecker       : loaded 2 times (x 70B)
Class org.jetbrains.kotlin.gradle.dsl.KotlinMultiplatformSourceSetConventions         : loaded 2 times (x 70B)
Class org.jetbrains.kotlin.gradle.plugin.sources.KotlinSourceSetFactory$Companion     : loaded 2 times (x 71B)
Class org.jetbrains.kotlin.statistics.metrics.NumberOverridePolicy$SUM                : loaded 2 times (x 85B)
Class com.google.common.collect.ImmutableCollection                                   : loaded 2 times (x 125B)
Class com.google.common.base.CharMatcher$AnyOf                                        : loaded 2 times (x 112B)
Class org.gradle.api.internal.classpath.DefaultModuleRegistry                         : loaded 2 times (x 83B)
Class build_b4tsnrvlwm0gyh5f01gpdibji$_run_closure1                                   : loaded 2 times (x 139B)
Class org.jetbrains.kotlin.gradle.plugin.mpp.compilationImpl.factory.CompositePostConfigure: loaded 2 times (x 75B)
Class org.jetbrains.kotlin.build.report.metrics.GradleBuildTime$Companion             : loaded 2 times (x 71B)
Class com.google.common.util.concurrent.ListenableFuture                              : loaded 2 times (x 70B)
Class com.google.common.cache.ReferenceEntry                                          : loaded 2 times (x 70B)
Class com.google.common.collect.ImmutableSet$CachingAsList                            : loaded 2 times (x 147B)
Class com.google.common.base.Converter                                                : loaded 2 times (x 90B)
Class com.google.common.collect.Lists                                                 : loaded 2 times (x 71B)
Class com.google.common.base.CharMatcher$Any                                          : loaded 2 times (x 112B)
Class build_tndtuy5blcz7jklsrqhatf9v                                                  : loaded 2 times (x 180B)
Class org.jetbrains.kotlin.gradle.tasks.KotlinCompilerExecutionStrategy$Companion     : loaded 2 times (x 71B)
Class org.jetbrains.kotlin.gradle.plugin.CompilerPluginConfig                         : loaded 2 times (x 72B)
Class org.jetbrains.kotlin.gradle.model.builder.KotlinModelBuilder                    : loaded 2 times (x 76B)
Class [Lorg.jetbrains.kotlin.tooling.core.HasMutableExtras;                           : loaded 2 times (x 69B)
Class org.jetbrains.kotlin.gradle.plugin.mpp.KotlinAndroidTarget                      : loaded 2 times (x 165B)
Class org.jetbrains.kotlin.gradle.plugin.DefaultKotlinBasePlugin$addKotlinCompilerConfiguration$1: loaded 2 times (x 75B)
Class org.jetbrains.kotlin.gradle.plugin.internal.DefaultCompatibilityConventionRegistrar: loaded 2 times (x 74B)
Class org.jetbrains.kotlin.gradle.plugin.PropertiesProvider                           : loaded 2 times (x 72B)
Class com.google.common.util.concurrent.AbstractFuture                                : loaded 2 times (x 106B)
Class com.google.common.base.FunctionalEquivalence                                    : loaded 2 times (x 83B)
Class com.google.common.collect.Iterators$9                                           : loaded 2 times (x 81B)
Class com.google.common.collect.AbstractMapBasedMultimap                              : loaded 2 times (x 139B)
Class com.google.common.collect.ImmutableAsList                                       : loaded 2 times (x 209B)
Class [Lorg.jetbrains.kotlin.gradle.dsl.jvm.JvmTargetValidationMode;                  : loaded 2 times (x 69B)
Class org.jetbrains.kotlin.gradle.tasks.DefaultKotlinJavaToolchain$javaVersion$1      : loaded 2 times (x 74B)
Class org.jetbrains.kotlin.gradle.plugin.mpp.MppSourcesJarKt$sourcesJarTask$1         : loaded 2 times (x 95B)
Class org.jetbrains.kotlin.gradle.plugin.mpp.compilationImpl.factory.KotlinCompilationImplFactory$KotlinCompilationOutputFactory: loaded 2 times (x 70B)
Class org.jetbrains.kotlin.gradle.plugin.KotlinCompilationToRunnableFiles             : loaded 2 times (x 70B)
Class org.jetbrains.kotlin.gradle.tooling.BuildKotlinToolingMetadataTaskKt            : loaded 2 times (x 71B)
Class org.jetbrains.kotlin.gradle.plugin.ProjectLocalConfigurations$setupAttributesMatchingStrategy$1$1: loaded 2 times (x 74B)
Class org.jetbrains.kotlin.statistics.BuildSessionLogger$Companion                    : loaded 2 times (x 71B)
Class org.objectweb.asm.RecordComponentVisitor                                        : loaded 2 times (x 77B)
Class com.google.common.cache.CacheLoader$SupplierToCacheLoader                       : loaded 2 times (x 75B)
Class build_3wvh980or756czrtmx0yhw7fr$_run_closure1                                   : loaded 2 times (x 139B)
Class com.google.common.collect.UsingToStringOrdering                                 : loaded 2 times (x 114B)
Class org.jetbrains.kotlin.gradle.plugin.mpp.KotlinCompilationsKt$sam$java_util_concurrent_Callable$0: loaded 2 times (x 75B)
Class org.jetbrains.kotlin.gradle.tasks.KotlinCompilerPluginData                      : loaded 2 times (x 72B)
Class org.jetbrains.kotlin.gradle.targets.js.npm.SemverKt                             : loaded 2 times (x 71B)
Class org.jetbrains.kotlin.gradle.internal.StdlibDependencyManagementKt$isStdlibAddedByUser$1: loaded 2 times (x 79B)
Class org.jetbrains.kotlin.gradle.plugin.mpp.MppSourcesJarKt                          : loaded 2 times (x 71B)
Class org.jetbrains.kotlin.compilerRunner.CompilerSystemPropertiesService$Companion$registerIfAbsent$2$1$1: loaded 2 times (x 75B)
Class org.jetbrains.kotlin.gradle.plugin.KotlinCompilationInfo                        : loaded 2 times (x 88B)
Class org.jetbrains.kotlin.gradle.tasks.BaseKotlinCompile                             : loaded 2 times (x 70B)
Class org.jetbrains.kotlin.gradle.plugin.internal.UsesBuildIdProviderService          : loaded 2 times (x 70B)
Class org.jetbrains.kotlin.gradle.plugin.mpp.compilationImpl.KotlinCompilationSourceSetInclusion$include$1: loaded 2 times (x 79B)
Class org.jetbrains.kotlin.gradle.plugin.mpp.compilationImpl.factory.KotlinCompilationImplFactory$KotlinCompilationDependencyConfigurationsFactory: loaded 2 times (x 70B)
Class org.jetbrains.kotlin.gradle.plugin.KotlinPluginLifecycleCoroutineContextElement$Key: loaded 2 times (x 71B)
Class org.jetbrains.kotlin.gradle.internal.IdeaKt                                     : loaded 2 times (x 71B)
Class org.jetbrains.kotlin.tooling.core.ExtrasPropertyKt                              : loaded 2 times (x 71B)
Class org.jetbrains.kotlin.gradle.dsl.KotlinProjectExtensionKt                        : loaded 2 times (x 71B)
Class org.jetbrains.kotlin.gradle.plugin.KotlinGradleBuildServices$Parameters_Decorated: loaded 2 times (x 134B)
Class org.jetbrains.kotlin.gradle.plugin.DefaultKotlinBasePlugin$addKotlinCompilerConfiguration$3: loaded 2 times (x 75B)
Class [Lorg.jetbrains.kotlin.statistics.metrics.IMetricContainerFactory;              : loaded 2 times (x 69B)
Class com.google.common.collect.Maps$EntryTransformer                                 : loaded 2 times (x 70B)
Class org.gradle.internal.service.ServiceLookupException                              : loaded 2 times (x 82B)
Class org.jetbrains.kotlin.gradle.tasks.GradleCompileTaskProvider_Decorated           : loaded 2 times (x 121B)
Class org.jetbrains.kotlin.gradle.internal.StdlibDependencyManagementKt$isStdlibAddedByUser$2: loaded 2 times (x 78B)
Class org.jetbrains.kotlin.gradle.plugin.hierarchy.KotlinSourceSetTreeClassifierKt$sourceSetTreeClassifier$2: loaded 2 times (x 78B)
Class com.google.common.collect.ImmutableSortedSet                                    : loaded 2 times (x 299B)
Class org.jetbrains.kotlin.gradle.targets.js.npm.NpmDirectoryDependencyExtension      : loaded 2 times (x 70B)
Class org.jetbrains.kotlin.gradle.plugin.mpp.KotlinUsageContext$MavenScope            : loaded 2 times (x 79B)
Class [Lcom.google.common.cache.LocalCache$EntryFactory;                              : loaded 2 times (x 69B)
Class com.google.common.base.CharMatcher$JavaLetter                                   : loaded 2 times (x 111B)
Class org.gradle.internal.classloader.ClassLoaderFactory                              : loaded 2 times (x 70B)
Class build_3bwuobcoub7k7uod6hivxolop$_run_closure1                                   : loaded 2 times (x 140B)
Class org.jetbrains.kotlin.gradle.tasks.DefaultKotlinJavaToolchain$currentJvmJdkToolsJar$1: loaded 2 times (x 74B)
Class org.jetbrains.kotlin.gradle.plugin.SubpluginEnvironment                         : loaded 2 times (x 72B)
Class org.jetbrains.kotlin.gradle.internal.StdlibDependencyManagementKt$addStdlibDependency$1$1$1: loaded 2 times (x 75B)
Class org.jetbrains.kotlin.gradle.plugin.sources.AbstractKotlinSourceSet              : loaded 2 times (x 141B)
Class org.jetbrains.kotlin.compilerRunner.GradleCliCommonizerKt$maybeCreateCommonizerClasspathConfiguration$1$1: loaded 2 times (x 75B)
Class [Lorg.jetbrains.kotlin.build.report.metrics.ValueType;                          : loaded 2 times (x 69B)
Class com.google.common.cache.LocalCache$LocalManualCache                             : loaded 2 times (x 99B)
Class com.google.common.base.CharMatcher$IsNot                                        : loaded 2 times (x 111B)
Class com.google.common.base.CommonPattern                                            : loaded 2 times (x 74B)
Class org.gradle.internal.service.CachingServiceLocator                               : loaded 2 times (x 82B)
Class org.jetbrains.kotlin.gradle.dsl.jvm.JvmTargetValidationMode                     : loaded 2 times (x 79B)
Class org.jetbrains.kotlin.gradle.plugin.BuildFinishedListenerService$Companion$registerIfAbsent$2$1: loaded 2 times (x 79B)
Class org.jetbrains.kotlin.gradle.plugin.KotlinTargetConfiguratorKt$WhenMappings      : loaded 2 times (x 71B)
Class com.google.common.collect.AbstractMapBasedMultimap$KeySet                       : loaded 2 times (x 137B)
Class com.google.common.collect.RegularImmutableSortedSet                             : loaded 2 times (x 299B)
Class org.jetbrains.kotlin.project.model.LanguageSettings                             : loaded 2 times (x 70B)
Class org.jetbrains.kotlin.gradle.plugin.BuildFinishFlowAction$Parameters_Decorated   : loaded 2 times (x 137B)
Class org.jetbrains.kotlin.gradle.plugin.internal.CompatibilityConventionRegistrar$Factory: loaded 2 times (x 70B)
Class com.google.common.math.IntMath                                                  : loaded 2 times (x 71B)
Class build_1t39jvjr6l5h1piey3l0uqinb                                                 : loaded 2 times (x 180B)
Class org.jetbrains.kotlin.gradle.plugin.diagnostics.CheckKotlinGradlePluginConfigurationErrorsKt$locateOrRegisterCheckKotlinGradlePluginErrorsTask$taskProvider$1$1: loaded 2 times (x 75B)
Class org.jetbrains.kotlin.gradle.plugin.mpp.InternalKotlinCompilation$DefaultImpls   : loaded 2 times (x 71B)
Class org.jetbrains.kotlin.gradle.plugin.mpp.compilationImpl.KotlinCompilationSourceSetInclusion$DefaultAddSourcesToCompileTask: loaded 2 times (x 74B)
Class [Lorg.jetbrains.kotlin.gradle.plugin.KotlinPluginLifecycle$Stage;               : loaded 2 times (x 69B)
Class org.jetbrains.kotlin.gradle.targets.metadata.KotlinMetadataTargetConfiguratorKt$metadataCompilationsCreated$2: loaded 2 times (x 78B)
Class org.jetbrains.kotlin.gradle.dsl.KotlinGradlePluginDsl                           : loaded 2 times (x 70B)
Class org.jetbrains.kotlin.tooling.core.MutableExtras                                 : loaded 2 times (x 70B)
Class org.jetbrains.kotlin.gradle.plugin.KotlinGradleBuildServices$detectKotlinPluginLoadedInMultipleProjects$onRegister$1: loaded 2 times (x 79B)
Class org.jetbrains.kotlin.build.report.metrics.BuildTime                             : loaded 2 times (x 70B)
Class org.objectweb.asm.commons.InstructionAdapter                                    : loaded 2 times (x 188B)
Class com.google.common.collect.Iterators$10                                          : loaded 2 times (x 81B)
Class com.google.common.collect.ImmutableMapEntry                                     : loaded 2 times (x 85B)
Class com.google.common.base.CharMatcher$JavaDigit                                    : loaded 2 times (x 111B)
Class build_ayioqhct8y2g31cpeme9ui4gi$_run_closure1$_closure3                         : loaded 2 times (x 139B)
Class com.google.common.base.Predicates                                               : loaded 2 times (x 71B)
Class org.jetbrains.kotlin.gradle.tasks.CompileUsingKotlinDaemon                      : loaded 2 times (x 70B)
Class org.jetbrains.kotlin.gradle.plugin.mpp.KotlinWithJavaTarget                     : loaded 2 times (x 166B)
Class org.jetbrains.kotlin.gradle.dsl.KotlinSingleJavaTargetExtension                 : loaded 2 times (x 124B)
Class org.jetbrains.kotlin.gradle.plugin.KotlinPluginLifecycle$IllegalLifecycleException: loaded 2 times (x 82B)
Class org.jetbrains.kotlin.gradle.plugin.KotlinGradleFinishBuildHandler               : loaded 2 times (x 72B)
Class [Lorg.jetbrains.kotlin.build.report.metrics.BuildPerformanceMetric;             : loaded 2 times (x 69B)
Class org.jetbrains.kotlin.statistics.metrics.StringOverridePolicy$CONCAT             : loaded 2 times (x 85B)
Class org.jetbrains.kotlin.gradle.dsl.KotlinTopLevelExtension                         : loaded 2 times (x 70B)
Class com.google.common.base.Equivalence                                              : loaded 2 times (x 82B)
Class com.google.common.collect.ImmutableMapEntry$NonTerminalImmutableMapEntry        : loaded 2 times (x 85B)
Class com.google.common.base.Function                                                 : loaded 2 times (x 70B)
Class org.jetbrains.kotlin.gradle.plugin.ProjectLocalConfigurationsKt                 : loaded 2 times (x 71B)
Class org.jetbrains.kotlin.gradle.plugin.mpp.compilationImpl.factory.KotlinCompilationImplFactory: loaded 2 times (x 72B)
Class org.jetbrains.kotlin.gradle.internal.KotlinDomApiDependencyManagementKt$addKotlinDomApiDependency$1: loaded 2 times (x 75B)
Class org.jetbrains.kotlin.gradle.plugin.diagnostics.checkers.KotlinTargetAlreadyDeclaredChecker$runChecks$1: loaded 2 times (x 88B)
Class org.jetbrains.kotlin.gradle.plugin.mpp.KotlinTargetWithBinaries                 : loaded 2 times (x 163B)
Class [Lorg.jetbrains.kotlin.gradle.plugin.KotlinSourceSet;                           : loaded 2 times (x 69B)
Class org.jetbrains.kotlin.gradle.plugin.KotlinTargetsContainerWithPresets            : loaded 2 times (x 70B)
Class org.jetbrains.kotlin.statistics.metrics.IMetricContainerFactory                 : loaded 2 times (x 70B)
Class org.jetbrains.kotlin.statistics.MetricValueValidationFailed                     : loaded 2 times (x 82B)
Class org.jetbrains.kotlin.gradle.plugin.PropertiesProvider$localProperties$2         : loaded 2 times (x 79B)
Class com.google.common.cache.CacheBuilder$OneWeigher                                 : loaded 2 times (x 82B)
Class com.google.common.collect.RegularImmutableList                                  : loaded 2 times (x 212B)
Class build_2sd8ex6etj9vtds3g5v8bmhk8$_run_closure1                                   : loaded 2 times (x 139B)
Class org.jetbrains.kotlin.build.report.metrics.BuildMetricsReporterImpl              : loaded 2 times (x 98B)
Class org.jetbrains.kotlin.gradle.tasks.configuration.KaptGenerateStubsConfig         : loaded 2 times (x 72B)
Class org.jetbrains.kotlin.gradle.tasks.configuration.BaseKotlinCompileConfig$1$classpathConfiguration$jvmToolchain$1: loaded 2 times (x 74B)
Class org.jetbrains.kotlin.gradle.targets.js.npm.SemVer                               : loaded 2 times (x 75B)
Class org.jetbrains.kotlin.gradle.utils.WhenPluginEnabledKt$whenPluginsEnabled$1      : loaded 2 times (x 75B)
Class org.jetbrains.kotlin.gradle.tasks.AbstractKotlinCompileTool                     : loaded 2 times (x 366B)
Class [Lorg.jetbrains.kotlin.gradle.report.BuildReportType;                           : loaded 2 times (x 69B)
Class com.google.common.collect.ImmutableBiMapFauxverideShim                          : loaded 2 times (x 120B)
Class org.gradle.internal.classloader.ClasspathUtil                                   : loaded 2 times (x 71B)
Class org.jetbrains.kotlin.gradle.dsl.KotlinCompile                                   : loaded 2 times (x 70B)
Class org.jetbrains.kotlin.gradle.plugin.mpp.compilationImpl.DefaultKotlinCompilationFriendPathsResolver$DefaultFriendArtifactResolver: loaded 2 times (x 74B)
Class org.jetbrains.kotlin.gradle.plugin.diagnostics.checkers.InternalGradlePropertiesUsageChecker$runChecks$1: loaded 2 times (x 88B)
Class org.jetbrains.kotlin.gradle.utils.StringUtilsKt$lowerCamelCaseName$1            : loaded 2 times (x 125B)
Class org.jetbrains.kotlin.gradle.dsl.JvmTarget$Companion                             : loaded 2 times (x 71B)
Class org.jetbrains.kotlin.gradle.plugin.internal.DefaultConfigurationCacheStartParameterAccessor: loaded 2 times (x 77B)
Class org.jetbrains.kotlin.tooling.core.HasExtras                                     : loaded 2 times (x 70B)
Class com.google.common.base.Charsets                                                 : loaded 2 times (x 71B)
Class com.google.common.util.concurrent.Uninterruptibles                              : loaded 2 times (x 71B)
Class org.jetbrains.kotlin.gradle.plugin.sources.DefaultLanguageSettingsBuilder$freeCompilerArgsProvider$1: loaded 2 times (x 95B)
Class org.jetbrains.kotlin.gradle.targets.js.npm.DevNpmDependencyExtension            : loaded 2 times (x 70B)
Class org.jetbrains.kotlin.gradle.plugin.diagnostics.checkers.PreHmppDependenciesUsageChecker: loaded 2 times (x 74B)
Class org.jetbrains.kotlin.gradle.plugin.AbstractKotlinMultiplatformPluginWrapper     : loaded 2 times (x 86B)
Class org.jetbrains.kotlin.gradle.utils.GradleConfigurationUtilsKt$addGradlePluginMetadataAttributes$1: loaded 2 times (x 75B)
Class org.jetbrains.kotlin.gradle.plugin.internal.DefaultProjectIsolationStartParameterAccessor: loaded 2 times (x 77B)
Class com.google.common.collect.Maps                                                  : loaded 2 times (x 71B)
Class com.google.common.base.CharMatcher$JavaUpperCase                                : loaded 2 times (x 111B)
Class org.gradle.api.specs.Spec                                                       : loaded 2 times (x 70B)
Class org.jetbrains.kotlin.gradle.tasks.KotlinCompile$disableMultiModuleIC$2          : loaded 2 times (x 79B)
Class org.jetbrains.kotlin.gradle.plugin.SubpluginEnvironment$Companion               : loaded 2 times (x 71B)
Class org.jetbrains.kotlin.gradle.tasks.configuration.BaseKotlinCompileConfig$Companion: loaded 2 times (x 71B)
Class org.jetbrains.kotlin.gradle.plugin.mpp.compilationImpl.KotlinCompilationImpl$Params: loaded 2 times (x 72B)
Class org.jetbrains.kotlin.gradle.dsl.KotlinJvmOptions$DefaultImpls                   : loaded 2 times (x 71B)
Class org.jetbrains.kotlin.gradle.tooling.BuildKotlinToolingMetadataTask              : loaded 2 times (x 317B)
Class org.jetbrains.kotlin.gradle.plugin.internal.CompatibilityConventionRegistrarKt  : loaded 2 times (x 71B)
Class org.jetbrains.kotlin.build.report.metrics.GradleBuildPerformanceMetric$Companion: loaded 2 times (x 71B)
Class [Lcom.google.common.collect.ImmutableEntry;                                     : loaded 2 times (x 69B)
Class org.jetbrains.kotlin.gradle.tasks.configuration.AbstractKotlinCompileConfig$1$1 : loaded 2 times (x 74B)
Class org.jetbrains.kotlin.gradle.tasks.KotlinCompile$kotlinOptions$1                 : loaded 2 times (x 79B)
Class org.jetbrains.kotlin.gradle.utils.StringUtilsKt                                 : loaded 2 times (x 71B)
Class org.jetbrains.kotlin.tooling.core.ExtrasLazyProperty                            : loaded 2 times (x 70B)
Class org.jetbrains.kotlin.gradle.utils.CompletableFuture                             : loaded 2 times (x 70B)
Class org.jetbrains.kotlin.build.report.metrics.BuildPerformanceMetric                : loaded 2 times (x 70B)
Class [Lorg.jetbrains.kotlin.statistics.metrics.StringOverridePolicy;                 : loaded 2 times (x 69B)
Class com.google.common.cache.LocalCache$LoadingValueReference                        : loaded 2 times (x 96B)
Class org.jetbrains.kotlin.gradle.tasks.configuration.AbstractKotlinCompileConfig$getClasspathSnapshotDir$1: loaded 2 times (x 74B)
Class org.jetbrains.kotlin.gradle.tasks.configuration.AbstractKotlinCompileConfig$1$2 : loaded 2 times (x 74B)
Class org.jetbrains.kotlin.gradle.plugin.diagnostics.checkers.CommonMainOrTestWithDependsOnChecker: loaded 2 times (x 74B)
Class org.jetbrains.kotlin.gradle.plugin.KotlinTarget                                 : loaded 2 times (x 70B)
Class [Lorg.jetbrains.kotlin.statistics.metrics.BooleanAnonymizationPolicy;           : loaded 2 times (x 69B)
Class com.google.common.base.Platform                                                 : loaded 2 times (x 71B)
Class Build_gradle$1                                                                  : loaded 2 times (x 78B)
Class build_dijutz39n9jw5r0fc57m6h82a$_run_closure1                                   : loaded 2 times (x 139B)
Class com.google.common.collect.CompoundOrdering                                      : loaded 2 times (x 115B)
Class [Lorg.jetbrains.kotlin.build.report.metrics.BuildAttributeKind;                 : loaded 2 times (x 69B)
Class org.jetbrains.kotlin.gradle.tasks.K2MultiplatformStructure                      : loaded 2 times (x 74B)
Class org.jetbrains.kotlin.gradle.internal.KotlinDependenciesManagementKt$allNonProjectDependencies$1: loaded 2 times (x 74B)
Class org.jetbrains.kotlin.compilerRunner.CompilerSystemPropertiesService$Parameters  : loaded 2 times (x 70B)
Class org.jetbrains.kotlin.gradle.plugin.mpp.compilationImpl.KotlinCompilationSourceSetsContainer: loaded 2 times (x 70B)
Class org.jetbrains.kotlin.gradle.plugin.ProjectLocalConfigurations                   : loaded 2 times (x 71B)
Class org.jetbrains.kotlin.gradle.plugin.mpp.KotlinUsages$KotlinUsagesDisambiguation  : loaded 2 times (x 76B)
Class org.jetbrains.kotlin.tooling.core.Extras$Key$Companion                          : loaded 2 times (x 71B)
Class org.jetbrains.kotlin.tooling.core.Extras$Key                                    : loaded 2 times (x 72B)
Class [Lorg.objectweb.asm.AnnotationWriter;                                           : loaded 2 times (x 69B)
Class com.google.common.primitives.Ints$IntConverter                                  : loaded 2 times (x 90B)
Class com.google.common.collect.Maps$8                                                : loaded 2 times (x 82B)
Class build_ayioqhct8y2g31cpeme9ui4gi$_run_closure1                                   : loaded 2 times (x 139B)
Class org.jetbrains.kotlin.gradle.tasks.configuration.AbstractKotlinCompileConfig$1$4 : loaded 2 times (x 75B)
Class com.google.common.collect.ImmutableRangeSet$Builder                             : loaded 2 times (x 77B)
Class [Lcom.google.common.collect.Iterators$EmptyModifiableIterator;                  : loaded 2 times (x 69B)
Class org.jetbrains.kotlin.gradle.plugin.diagnostics.CheckKotlinGradlePluginConfigurationErrors: loaded 2 times (x 317B)
Class org.jetbrains.kotlin.gradle.plugin.sources.DefaultKotlinSourceSetKt             : loaded 2 times (x 71B)
Class org.jetbrains.kotlin.gradle.dsl.KotlinJvmOptions                                : loaded 2 times (x 70B)
Class org.jetbrains.kotlin.gradle.plugin.mpp.HierarchyAttributeContainer$1            : loaded 2 times (x 78B)
Class org.jetbrains.kotlin.gradle.plugin.KotlinPluginLifecycle                        : loaded 2 times (x 70B)
Class org.jetbrains.kotlin.gradle.plugin.KotlinJsPluginWrapper                        : loaded 2 times (x 86B)
Class org.jetbrains.kotlin.gradle.dsl.ToolchainSupport                                : loaded 2 times (x 70B)
Class org.jetbrains.kotlin.tooling.core.Extras                                        : loaded 2 times (x 70B)
Class org.jetbrains.kotlin.gradle.plugin.mpp.InternalKotlinTarget                     : loaded 2 times (x 70B)
Class org.jetbrains.kotlin.statistics.metrics.NumberAnonymizationPolicy$RANDOM_10_PERCENT: loaded 2 times (x 85B)
Class org.jetbrains.kotlin.statistics.metrics.StringMetrics                           : loaded 2 times (x 80B)
Class com.google.common.collect.Sets$SetView                                          : loaded 2 times (x 138B)
Class com.google.common.cache.LocalCache$StrongValueReference                         : loaded 2 times (x 90B)
Class com.google.common.util.concurrent.AbstractFuture$SynchronizedHelper             : loaded 2 times (x 78B)
Class com.google.common.base.CharMatcher$Invisible                                    : loaded 2 times (x 112B)
Class org.jetbrains.kotlin.gradle.tasks.CompilerPluginOptions                         : loaded 2 times (x 72B)
Class org.jetbrains.kotlin.gradle.tasks.configuration.AbstractKotlinCompileConfig$1$5 : loaded 2 times (x 75B)
Class org.jetbrains.kotlin.gradle.plugin.mpp.KotlinTargetSoftwareComponentImpl        : loaded 2 times (x 90B)
Class org.jetbrains.kotlin.gradle.plugin.mpp.DefaultKotlinUsageContext$PublishOnlyIf  : loaded 2 times (x 70B)
Class org.jetbrains.kotlin.gradle.dsl.KotlinCommonCompilerOptionsHelper               : loaded 2 times (x 71B)
Class org.jetbrains.kotlin.gradle.plugin.KotlinJvmPlugin$Companion                    : loaded 2 times (x 71B)
Class org.objectweb.asm.Type                                                          : loaded 2 times (x 72B)
Class org.gradle.internal.classloader.VisitableURLClassLoader$InstrumentingVisitableURLClassLoader: loaded 2 times (x 123B)
Class build_b4tsnrvlwm0gyh5f01gpdibji                                                 : loaded 2 times (x 180B)
Class org.jetbrains.kotlin.gradle.tasks.configuration.AbstractKotlinCompileConfig$1$6 : loaded 2 times (x 75B)
Class [Lorg.jetbrains.kotlin.gradle.tasks.KotlinCompilerExecutionStrategy;            : loaded 2 times (x 69B)
Class org.jetbrains.kotlin.gradle.tasks.FailedCompilationException                    : loaded 2 times (x 82B)
Class org.jetbrains.kotlin.gradle.plugin.mpp.DefaultKotlinUsageContext$1              : loaded 2 times (x 74B)
Class org.jetbrains.kotlin.gradle.plugin.mpp.compilationImpl.KotlinCompilationImpl$associateWith$2: loaded 2 times (x 79B)
Class org.jetbrains.kotlin.gradle.plugin.hierarchy.KotlinSourceSetTreeClassifier      : loaded 2 times (x 70B)
Class org.jetbrains.kotlin.gradle.plugin.mpp.compilationImpl.KotlinCompilationAssociator: loaded 2 times (x 70B)
Class org.jetbrains.kotlin.gradle.plugin.mpp.KotlinNativeTarget                       : loaded 2 times (x 173B)
Class org.jetbrains.kotlin.gradle.plugin.diagnostics.checkers.KotlinSourceSetTreeDependsOnMismatchChecker$runChecks$1: loaded 2 times (x 88B)
Class org.jetbrains.kotlin.gradle.plugin.diagnostics.checkers.PreHmppDependenciesUsageChecker$runChecks$1: loaded 2 times (x 88B)
Class org.jetbrains.kotlin.gradle.plugin.KotlinSourceSetTree$Companion                : loaded 2 times (x 71B)
Class org.jetbrains.kotlin.gradle.plugin.diagnostics.KotlinGradleProjectChecker$Companion: loaded 2 times (x 71B)
Class org.jetbrains.kotlin.gradle.plugin.KotlinGradleBuildServices$Parameters         : loaded 2 times (x 70B)
Class org.jetbrains.kotlin.statistics.fileloggers.MetricsContainer$Companion          : loaded 2 times (x 71B)
Class org.objectweb.asm.ByteVector                                                    : loaded 2 times (x 79B)
Class [Lcom.google.common.cache.CacheBuilder$NullListener;                            : loaded 2 times (x 69B)
Class com.google.common.math.IntMath$1                                                : loaded 2 times (x 71B)
Class org.gradle.internal.classloader.VisitableURLClassLoader$Spec                    : loaded 2 times (x 74B)
Class org.gradle.internal.classpath.DefaultClassPath                                  : loaded 2 times (x 90B)
Class org.jetbrains.kotlin.gradle.plugin.mpp.KotlinSoftwareComponentKt                : loaded 2 times (x 71B)
Class org.jetbrains.kotlin.gradle.plugin.mpp.compilationImpl.KotlinCompilationSourceSetInclusion$AddSourcesToCompileTask: loaded 2 times (x 70B)
Class [Lorg.jetbrains.kotlin.gradle.plugin.HasProject;                                : loaded 2 times (x 69B)
Class org.jetbrains.kotlin.gradle.utils.MutableObservableSetImpl                      : loaded 2 times (x 163B)
Class org.jetbrains.kotlin.gradle.tasks.KotlinTasksProvider                           : loaded 2 times (x 72B)
Class org.jetbrains.kotlin.gradle.plugin.KotlinJsCompilerTypeHolder                   : loaded 2 times (x 70B)
Class org.jetbrains.kotlin.gradle.dsl.DefaultToolchainSupport$wireToolchainToTasks$1  : loaded 2 times (x 75B)
Class org.jetbrains.kotlin.gradle.dsl.KotlinCommonCompilerOptions                     : loaded 2 times (x 70B)
Class [Lorg.jetbrains.kotlin.build.report.metrics.GradleBuildTime;                    : loaded 2 times (x 69B)
Class org.objectweb.asm.Symbol                                                        : loaded 2 times (x 73B)
Class com.google.common.base.AbstractIterator                                         : loaded 2 times (x 80B)
Class build_2sd8ex6etj9vtds3g5v8bmhk8                                                 : loaded 2 times (x 180B)
Class org.jetbrains.kotlin.build.report.metrics.BuildAttributes                       : loaded 2 times (x 72B)
Class org.jetbrains.kotlin.gradle.plugin.mpp.compilationImpl.KotlinCompilationImpl    : loaded 2 times (x 140B)
Class [Lorg.jetbrains.kotlin.gradle.plugin.mpp.compilationImpl.factory.KotlinCompilationImplFactory$PostConfigure;: loaded 2 times (x 69B)
Class org.jetbrains.kotlin.gradle.plugin.KotlinSourceSet$Companion                    : loaded 2 times (x 71B)
Class [Lorg.jetbrains.kotlin.gradle.report.BuildReportMode;                           : loaded 2 times (x 69B)
Class org.jetbrains.kotlin.statistics.metrics.BooleanOverridePolicy                   : loaded 2 times (x 85B)
Class com.google.common.collect.ImmutableSet                                          : loaded 2 times (x 145B)
Class com.google.common.collect.RegularImmutableMap$Values                            : loaded 2 times (x 207B)
Class com.google.common.base.CharMatcher$Ascii                                        : loaded 2 times (x 112B)
Class com.google.common.base.CharMatcher$BitSetMatcher                                : loaded 2 times (x 112B)
Class org.gradle.internal.classloader.ClassLoaderSpec                                 : loaded 2 times (x 71B)
Class build_17ueyoykc2pf06124y3fmo066$_run_closure1                                   : loaded 2 times (x 139B)
Class org.jetbrains.kotlin.gradle.tasks.DefaultKotlinJavaToolchain$DefaultJavaToolchainSetter: loaded 2 times (x 75B)
Class org.jetbrains.kotlin.build.report.metrics.BuildAttributeKind                    : loaded 2 times (x 79B)
Class org.jetbrains.kotlin.gradle.plugin.mpp.KotlinCompilationsKt$moduleNameForCompilation$1: loaded 2 times (x 75B)
Class org.jetbrains.kotlin.gradle.plugin.sources.KotlinDependencyScopeKt              : loaded 2 times (x 71B)
Class org.jetbrains.kotlin.compilerRunner.CompilerSystemPropertiesService$Companion$registerIfAbsent$2$1: loaded 2 times (x 79B)
Class org.jetbrains.kotlin.gradle.plugin.mpp.KotlinCompilationsKt$addSourcesToKotlinCompileTask$1: loaded 2 times (x 75B)
Class org.jetbrains.kotlin.gradle.internal.KotlinDependenciesManagementKt$configureDefaultVersionsResolutionStrategy$1$1: loaded 2 times (x 75B)
Class org.jetbrains.kotlin.gradle.plugin.diagnostics.CheckKotlinGradlePluginConfigurationErrorsKt$locateOrRegisterCheckKotlinGradlePluginErrorsTask$taskProvider$1: loaded 2 times (x 75B)
Class org.jetbrains.kotlin.gradle.tooling.BuildKotlinToolingMetadataTaskKt$buildKotlinToolingMetadataTask$1: loaded 2 times (x 78B)
Class org.jetbrains.kotlin.gradle.internal.Kapt3GradleSubplugin$Companion             : loaded 2 times (x 71B)
Class [Lorg.jetbrains.kotlin.statistics.metrics.NumberOverridePolicy;                 : loaded 2 times (x 69B)
Class org.objectweb.asm.AnnotationWriter                                              : loaded 2 times (x 79B)
Class com.google.common.cache.CacheStats                                              : loaded 2 times (x 71B)
Class build_1qofvhahsrpvhl8kakx0dz4fd                                                 : loaded 2 times (x 180B)
Class org.jetbrains.kotlin.gradle.tasks.K2MultiplatformStructure$RefinesEdge          : loaded 2 times (x 72B)
Class org.jetbrains.kotlin.gradle.tasks.configuration.TaskConfigAction$configureTask$1: loaded 2 times (x 79B)
Class org.jetbrains.kotlin.gradle.plugin.diagnostics.checkers.DuplicateSourceSetChecker$runChecks$1: loaded 2 times (x 88B)
Class org.jetbrains.kotlin.gradle.dsl.JvmTarget                                       : loaded 2 times (x 79B)
Class org.jetbrains.kotlin.gradle.internal.ClassLoadersCachingBuildService            : loaded 2 times (x 76B)
Class org.jetbrains.kotlin.gradle.plugin.VariantImplementationFactories$Inject        : loaded 2 times (x 106B)
Class org.jetbrains.kotlin.gradle.plugin.VariantImplementationFactoriesConfigurator$Companion: loaded 2 times (x 71B)
Class org.objectweb.asm.RecordComponentWriter                                         : loaded 2 times (x 78B)
Class com.google.common.util.concurrent.AbstractFuture$Listener                       : loaded 2 times (x 72B)
Class com.google.common.base.CharMatcher$Or                                           : loaded 2 times (x 112B)
Class com.google.common.collect.ForwardingSet                                         : loaded 2 times (x 151B)
Class org.jetbrains.kotlin.gradle.tasks.KotlinCompile_Decorated                       : loaded 2 times (x 599B)
Class org.jetbrains.kotlin.gradle.plugin.internal.BuildIdService$Companion            : loaded 2 times (x 71B)
Class org.jetbrains.kotlin.gradle.targets.js.dsl.KotlinWasmSubTargetContainerDsl      : loaded 2 times (x 70B)
Class org.jetbrains.kotlin.gradle.plugin.diagnostics.checkers.DisabledCinteropCommonizationInHmppProjectChecker: loaded 2 times (x 74B)
Class org.jetbrains.kotlin.gradle.plugin.diagnostics.checkers.NoKotlinTargetsDeclaredChecker: loaded 2 times (x 74B)
Class org.jetbrains.kotlin.gradle.plugin.KotlinSourceSetContainer                     : loaded 2 times (x 70B)
Class org.objectweb.asm.Attribute                                                     : loaded 2 times (x 77B)
Class com.google.common.base.Supplier                                                 : loaded 2 times (x 70B)
Class org.gradle.internal.classloader.VisitableURLClassLoader                         : loaded 2 times (x 117B)
Class org.jetbrains.kotlin.gradle.plugin.sources.InternalKotlinSourceSetKt$awaitPlatformCompilations$1: loaded 2 times (x 88B)
Class [Lorg.jetbrains.kotlin.gradle.plugin.sources.KotlinDependencyScope;             : loaded 2 times (x 69B)
Class org.jetbrains.kotlin.gradle.plugin.mpp.compilationImpl.factory.ConfigurationNaming: loaded 2 times (x 70B)
Class org.jetbrains.kotlin.gradle.plugin.mpp.compilationImpl.DefaultKotlinCompilationPostConfigureKt: loaded 2 times (x 71B)
Class org.jetbrains.kotlin.gradle.plugin.diagnostics.KotlinGradleProjectCheckersRunnerKt: loaded 2 times (x 71B)
Class [Lorg.jetbrains.kotlin.tooling.core.HasExtras;                                  : loaded 2 times (x 69B)
Class org.jetbrains.kotlin.gradle.dsl.DefaultToolchainSupport$wireToolchainToTasks$1$1: loaded 2 times (x 75B)
Class org.jetbrains.kotlin.gradle.utils.SingleActionPerProject                        : loaded 2 times (x 73B)
Class com.google.common.util.concurrent.AbstractFuture$Waiter                         : loaded 2 times (x 72B)
Class org.jetbrains.kotlin.gradle.plugin.DefaultKotlinBasePlugin                      : loaded 2 times (x 82B)
Class org.gradle.internal.Cast                                                        : loaded 2 times (x 71B)
Class org.gradle.api.Action                                                           : loaded 2 times (x 70B)
Class [Lorg.jetbrains.kotlin.gradle.plugin.mpp.KotlinUsageContext$MavenScope;         : loaded 2 times (x 69B)
Class org.jetbrains.kotlin.gradle.plugin.mpp.compilationImpl.KotlinCompilationCompilerOptionsFromTargetConfigurator: loaded 2 times (x 74B)
Class org.jetbrains.kotlin.gradle.utils.FailuresKt$ideaSyncClasspathModeUtil$1        : loaded 2 times (x 72B)
Class org.jetbrains.kotlin.gradle.plugin.diagnostics.KotlinToolingDiagnosticsCollector$Inject: loaded 2 times (x 96B)
Class org.jetbrains.kotlin.gradle.dsl.KotlinTargetContainerWithWasmPresetFunctions    : loaded 2 times (x 70B)
Class org.jetbrains.kotlin.gradle.plugin.GradleUtilsKt                                : loaded 2 times (x 71B)
Class com.google.common.collect.Sets                                                  : loaded 2 times (x 71B)
Class org.objectweb.asm.Handler                                                       : loaded 2 times (x 72B)
Class com.google.common.base.Ticker                                                   : loaded 2 times (x 72B)
Class com.google.common.base.Strings                                                  : loaded 2 times (x 71B)
Class com.google.common.base.CharMatcher$FastMatcher                                  : loaded 2 times (x 111B)
Class org.gradle.internal.agents.InstrumentingClassLoader                             : loaded 2 times (x 70B)
Class org.jetbrains.kotlin.gradle.tasks.KotlinCompile$javaSources$1                   : loaded 2 times (x 75B)
Class org.jetbrains.kotlin.gradle.plugin.KotlinTarget$DefaultImpls                    : loaded 2 times (x 71B)
Class org.jetbrains.kotlin.gradle.plugin.diagnostics.KotlinToolingDiagnosticsCollector: loaded 2 times (x 76B)
Class org.jetbrains.kotlin.tooling.core.MutableExtrasImpl                             : loaded 2 times (x 165B)
Class org.jetbrains.kotlin.gradle.plugin.statistics.KotlinBuildStatsMXBean            : loaded 2 times (x 70B)
Class org.jetbrains.kotlin.gradle.utils.FileUtilsKt                                   : loaded 2 times (x 71B)
Class [Lcom.google.common.cache.LocalCache$Segment;                                   : loaded 2 times (x 69B)
Class [Lcom.google.common.cache.LocalCache$Strength;                                  : loaded 2 times (x 69B)
Class com.google.common.cache.CacheBuilder$1                                          : loaded 2 times (x 85B)
Class com.google.common.collect.ImmutableMap                                          : loaded 2 times (x 120B)
Class com.google.common.base.Predicate                                                : loaded 2 times (x 70B)
Class org.gradle.internal.classpath.DefaultClassPath$ImmutableUniqueList$Builder      : loaded 2 times (x 75B)
Class org.jetbrains.kotlin.gradle.plugin.mpp.KotlinCompilationFactory$DefaultImpls    : loaded 2 times (x 71B)
Class com.google.common.collect.AbstractRangeSet                                      : loaded 2 times (x 114B)
Class org.jetbrains.kotlin.gradle.plugin.diagnostics.checkers.InternalGradlePropertiesUsageChecker: loaded 2 times (x 74B)
Class org.jetbrains.kotlin.gradle.targets.metadata.KotlinMetadataTargetConfiguratorKt : loaded 2 times (x 71B)
Class org.jetbrains.kotlin.gradle.testing.internal.KotlinTestsRegistry$Companion      : loaded 2 times (x 71B)
Class org.jetbrains.kotlin.gradle.dsl.KotlinCommonCompilerToolOptions                 : loaded 2 times (x 70B)
Class org.jetbrains.kotlin.gradle.internal.ClassLoadersCachingBuildService$Companion$registerIfAbsent$1$1: loaded 2 times (x 79B)
Class org.jetbrains.kotlin.gradle.plugin.internal.DefaultConfigurationCacheStartParameterAccessorVariantFactory: loaded 2 times (x 76B)
Class com.google.common.cache.LocalCache                                              : loaded 2 times (x 187B)
Class com.google.common.cache.CacheBuilder$2                                          : loaded 2 times (x 72B)
Class com.google.common.base.CharMatcher$NegatedFastMatcher                           : loaded 2 times (x 113B)
Class org.jetbrains.kotlin.build.report.metrics.BuildPerformanceMetrics$Companion     : loaded 2 times (x 71B)
Class org.jetbrains.kotlin.cli.common.arguments.K2JVMCompilerArguments                : loaded 2 times (x 81B)
Class org.jetbrains.kotlin.gradle.plugin.mpp.compilationImpl.DefaultKotlinCompilationSourceSetsContainer$source$1: loaded 2 times (x 79B)
Class org.jetbrains.kotlin.gradle.internal.KotlinTestDependencyManagementKt           : loaded 2 times (x 71B)
Class [Lorg.jetbrains.kotlin.gradle.plugin.sources.ConsistencyCheck;                  : loaded 2 times (x 69B)
Class org.jetbrains.kotlin.gradle.report.ReportingSettings                            : loaded 2 times (x 72B)
Class org.jetbrains.kotlin.statistics.metrics.StringAnonymizationPolicy$ComponentVersionAnonymizer: loaded 2 times (x 78B)
Class [Lcom.google.common.collect.AbstractMapEntry;                                   : loaded 2 times (x 69B)
Class com.google.common.collect.ImmutableEntry                                        : loaded 2 times (x 82B)
Class com.google.common.collect.ArrayListMultimap                                     : loaded 2 times (x 172B)
Class com.google.common.base.AbstractIterator$1                                       : loaded 2 times (x 71B)
Class com.google.common.base.CharMatcher$Digit                                        : loaded 2 times (x 112B)
Class org.jetbrains.kotlin.gradle.plugin.KotlinBasePluginWrapper                      : loaded 2 times (x 86B)
Class org.gradle.api.GradleException                                                  : loaded 2 times (x 82B)
Class build_2u87o7j9odfzsrbg95b26qnzy$_run_closure1                                   : loaded 2 times (x 139B)
Class build_3wvh980or756czrtmx0yhw7fr                                                 : loaded 2 times (x 180B)
Class org.jetbrains.kotlin.gradle.plugin.ProjectLocalConfigurations$ProjectLocalCompatibility: loaded 2 times (x 76B)
Class org.jetbrains.kotlin.gradle.dsl.KotlinJvmCompilerOptions                        : loaded 2 times (x 70B)
Class com.google.common.collect.CollectPreconditions                                  : loaded 2 times (x 71B)
Class com.google.common.base.CharMatcher$JavaIsoControl                               : loaded 2 times (x 112B)
Class org.jetbrains.kotlin.gradle.plugin.KotlinPluginLifecycleImpl$launch$1           : loaded 2 times (x 79B)
Class org.jetbrains.kotlin.gradle.utils.Completable                                   : loaded 2 times (x 72B)
Class org.jetbrains.kotlin.gradle.plugin.statistics.KotlinBuildStatsServicesRegistry$Companion: loaded 2 times (x 71B)
Class org.jetbrains.kotlin.gradle.plugin.internal.DefaultCompatibilityConventionRegistrar$Factory: loaded 2 times (x 76B)
Class com.google.common.collect.SortedMapDifference                                   : loaded 2 times (x 70B)
Class com.google.common.base.CharMatcher$JavaLowerCase                                : loaded 2 times (x 111B)
Class build_9lei75vd1n1ekpwlprvzcmasn$_run_closure1                                   : loaded 2 times (x 139B)
Class build_6tfulbst8r69nx0oui8jnpjj8$_run_closure1                                   : loaded 2 times (x 139B)
Class org.jetbrains.kotlin.gradle.tasks.DefaultKotlinJavaToolchain$DefaultJdkSetter   : loaded 2 times (x 76B)
Class org.jetbrains.kotlin.cli.common.arguments.CommonCompilerArguments               : loaded 2 times (x 80B)
Class org.jetbrains.kotlin.gradle.plugin.mpp.KotlinOnlyTarget                         : loaded 2 times (x 159B)
Class org.jetbrains.kotlin.gradle.targets.js.npm.BaseNpmDependencyExtension           : loaded 2 times (x 70B)
Class org.jetbrains.kotlin.gradle.dsl.KotlinVersion$Companion                         : loaded 2 times (x 71B)
Class org.jetbrains.kotlin.gradle.InternalKotlinGradlePluginApi                       : loaded 2 times (x 70B)
Class org.jetbrains.kotlin.gradle.dsl.DefaultToolchainSupport                         : loaded 2 times (x 76B)
Class org.jetbrains.kotlin.gradle.plugin.internal.CustomPropertiesFileValueSource     : loaded 2 times (x 82B)
Class com.google.common.cache.LocalCache$EntryFactory                                 : loaded 2 times (x 83B)
Class com.google.common.collect.NullsLastOrdering                                     : loaded 2 times (x 115B)
Class org.jetbrains.kotlin.gradle.tasks.TaskOutputsBackup                             : loaded 2 times (x 72B)
Class org.jetbrains.kotlin.gradle.internal.StdlibDependencyManagementKt$configureStdlibVersionAlignment$1$1: loaded 2 times (x 75B)
Class org.jetbrains.kotlin.gradle.dsl.KotlinProjectExtension$awaitSourceSets$1        : loaded 2 times (x 88B)
Class org.jetbrains.kotlin.gradle.plugin.KotlinPluginLifecycle$CoroutineStart         : loaded 2 times (x 79B)
Class org.jetbrains.kotlin.gradle.tasks.TasksProviderKt$sam$org_gradle_api_Action$0   : loaded 2 times (x 75B)
Class org.jetbrains.kotlin.gradle.tooling.BuildKotlinToolingMetadataTask$FromKotlinExtension: loaded 2 times (x 317B)
Class org.jetbrains.kotlin.gradle.utils.FailuresKt                                    : loaded 2 times (x 71B)
Class org.jetbrains.kotlin.gradle.internal.ClassLoadersCachingBuildService$Companion$registerIfAbsent$1$1$1: loaded 2 times (x 75B)
Class org.jetbrains.kotlin.tooling.core.HasMutableExtras                              : loaded 2 times (x 70B)
Class com.google.common.cache.LocalCache$AbstractReferenceEntry                       : loaded 2 times (x 107B)
Class com.google.common.base.Splitter$1$1                                             : loaded 2 times (x 86B)
Class com.google.common.base.CharMatcher$Whitespace                                   : loaded 2 times (x 112B)
Class org.gradle.internal.IoActions                                                   : loaded 2 times (x 71B)
Class org.jetbrains.kotlin.gradle.internal.Kapt3KotlinGradleSubpluginKt               : loaded 2 times (x 71B)
Class org.jetbrains.kotlin.gradle.dsl.KotlinJvmCompile                                : loaded 2 times (x 70B)
Class com.google.common.collect.ImmutableRangeSet$ComplementRanges                    : loaded 2 times (x 207B)
Class org.jetbrains.kotlin.gradle.internal.Kapt3GradleSubplugin                       : loaded 2 times (x 83B)
Class org.jetbrains.kotlin.statistics.metrics.BooleanOverridePolicy$OR                : loaded 2 times (x 85B)
Class org.jetbrains.kotlin.gradle.plugin.UsesVariantImplementationFactories           : loaded 2 times (x 70B)
Class org.objectweb.asm.SymbolTable                                                   : loaded 2 times (x 72B)
Class com.google.common.cache.CacheLoader$InvalidCacheLoadException                   : loaded 2 times (x 82B)
Class com.google.common.collect.ImmutableSet$RegularSetBuilderImpl                    : loaded 2 times (x 77B)
Class com.google.common.base.CharMatcher$SingleWidth                                  : loaded 2 times (x 112B)
Class org.gradle.internal.classloader.SystemClassLoaderSpec                           : loaded 2 times (x 71B)
Class org.jetbrains.kotlin.gradle.tasks.configuration.BaseKotlinCompileConfig$1$1     : loaded 2 times (x 74B)
Class org.jetbrains.kotlin.gradle.plugin.mpp.compilationImpl.factory.KotlinCompilationImplFactory$PostConfigure: loaded 2 times (x 70B)
Class org.jetbrains.kotlin.gradle.plugin.diagnostics.checkers.NoKotlinTargetsDeclaredChecker$runChecks$1: loaded 2 times (x 88B)
Class org.jetbrains.kotlin.gradle.plugin.mpp.AbstractKotlinTarget$kotlinComponents$2  : loaded 2 times (x 79B)
Class org.jetbrains.kotlin.gradle.plugin.KotlinPlatformType$CompatibilityRule         : loaded 2 times (x 76B)
Class org.jetbrains.kotlin.gradle.plugin.BuildEventsListenerRegistryHolder            : loaded 2 times (x 72B)
Class [Lorg.jetbrains.kotlin.statistics.metrics.BooleanOverridePolicy;                : loaded 2 times (x 69B)
Class org.jetbrains.kotlin.gradle.plugin.internal.CustomPropertiesFileValueSource$Parameters$Inject: loaded 2 times (x 106B)
Class com.google.common.cache.LocalCache$StrongEntry                                  : loaded 2 times (x 108B)
Class com.google.common.util.concurrent.AbstractFuture$TrustedFuture                  : loaded 2 times (x 114B)
Class com.google.common.cache.LoadingCache                                            : loaded 2 times (x 70B)
Class org.jetbrains.kotlin.gradle.tasks.GradleCompileTaskProvider                     : loaded 2 times (x 72B)
Class org.jetbrains.kotlin.gradle.plugin.mpp.KotlinTargetSoftwareComponentImplKt$KotlinTargetSoftwareComponent$1: loaded 2 times (x 95B)
Class org.jetbrains.kotlin.gradle.plugin.internal.BuildIdService                      : loaded 2 times (x 76B)
Class org.jetbrains.kotlin.gradle.plugin.mpp.compilationImpl.factory.KotlinCompilationDependencyConfigurationsFactoriesKt: loaded 2 times (x 71B)
Class org.jetbrains.kotlin.gradle.plugin.mpp.compilationImpl.DefaultKotlinCompilationFriendPathsResolver: loaded 2 times (x 75B)
Class org.jetbrains.kotlin.gradle.plugin.diagnostics.checkers.WasmSourceSetsNotFoundChecker$runChecks$1: loaded 2 times (x 88B)
Class org.jetbrains.kotlin.gradle.dsl.KotlinVersion                                   : loaded 2 times (x 79B)
Class org.objectweb.asm.MethodWriter                                                  : loaded 2 times (x 106B)
Class [Lcom.google.common.cache.Weigher;                                              : loaded 2 times (x 69B)
Class com.google.common.collect.RegularImmutableMap$BucketOverflowException           : loaded 2 times (x 82B)
Class org.jetbrains.kotlin.gradle.plugin.sources.KotlinDependencyScope$Companion      : loaded 2 times (x 71B)
Class org.jetbrains.kotlin.gradle.plugin.KotlinPluginLifecycleKt$launchInStage$1      : loaded 2 times (x 95B)
Class org.jetbrains.kotlin.gradle.tasks.configuration.BaseKotlinCompileConfig$1$3     : loaded 2 times (x 75B)
Class org.jetbrains.kotlin.gradle.tasks.KotlinJvmCompile                              : loaded 2 times (x 70B)
Class org.jetbrains.kotlin.gradle.plugin.mpp.compilationImpl.KotlinCompilationSourceSetsContainerKt: loaded 2 times (x 71B)
Class org.jetbrains.kotlin.gradle.report.BuildReportMode                              : loaded 2 times (x 79B)
Class org.jetbrains.kotlin.statistics.metrics.StringAnonymizationPolicy$RegexControlled: loaded 2 times (x 79B)
Class org.jetbrains.kotlin.statistics.ValueAnonymizer                                 : loaded 2 times (x 70B)
Class org.jetbrains.kotlin.gradle.plugin.VariantImplementationFactories$Companion$getProvider$2$1$1: loaded 2 times (x 75B)
Class org.jetbrains.kotlin.gradle.plugin.internal.ProjectIsolationStartParameterAccessor$Factory: loaded 2 times (x 70B)
Class org.jetbrains.kotlin.gradle.tasks.DefaultKotlinJavaToolchain$javaExecutable$1   : loaded 2 times (x 75B)
Class org.jetbrains.kotlin.build.report.metrics.BuildAttribute                        : loaded 2 times (x 79B)
Class org.jetbrains.kotlin.gradle.plugin.mpp.compilationImpl.KotlinCompilationRegisterInSourceSetsConfigurator: loaded 2 times (x 74B)
Class org.jetbrains.kotlin.gradle.plugin.mpp.compilationImpl.factory.DefaultKotlinCompilationTaskNamesContainerFactory: loaded 2 times (x 74B)
Class [Lorg.jetbrains.kotlin.gradle.targets.js.npm.NpmDependency$Scope;               : loaded 2 times (x 69B)
Class org.jetbrains.kotlin.gradle.plugin.KotlinCompilerPluginSupportPlugin            : loaded 2 times (x 70B)
Class org.jetbrains.kotlin.gradle.plugin.mpp.AbstractKotlinTarget$components$2        : loaded 2 times (x 79B)
Class org.jetbrains.kotlin.gradle.plugin.mpp.KotlinUsages$setupAttributesMatchingStrategy$1: loaded 2 times (x 74B)
Class org.jetbrains.kotlin.gradle.utils.AndroidPluginIdsKt                            : loaded 2 times (x 71B)
Class com.google.common.collect.RegularImmutableBiMap                                 : loaded 2 times (x 148B)
Class com.google.common.cache.LocalCache$ValueReference                               : loaded 2 times (x 70B)
Class com.google.common.base.CharMatcher$Is                                           : loaded 2 times (x 111B)
Class com.google.common.base.CharMatcher$Negated                                      : loaded 2 times (x 113B)
Class org.jetbrains.kotlin.gradle.plugin.KotlinBasePlugin                             : loaded 2 times (x 70B)
Class org.jetbrains.kotlin.gradle.tasks.internal.KotlinJvmOptionsCompat               : loaded 2 times (x 103B)
Class org.jetbrains.kotlin.cli.common.arguments.CommonToolArguments                   : loaded 2 times (x 73B)
Class org.jetbrains.kotlin.gradle.utils.FutureKt                                      : loaded 2 times (x 71B)
Class org.jetbrains.kotlin.gradle.logging.GradleLoggingUtilsKt                        : loaded 2 times (x 71B)
Class com.google.common.util.concurrent.AbstractFuture$Failure                        : loaded 2 times (x 72B)
Class com.google.common.base.Equivalence$Equals                                       : loaded 2 times (x 82B)
Class com.google.common.collect.Hashing                                               : loaded 2 times (x 71B)
Class com.google.common.base.PatternCompiler                                          : loaded 2 times (x 70B)
Class com.google.common.base.Preconditions                                            : loaded 2 times (x 71B)
Class com.google.common.collect.ByFunctionOrdering                                    : loaded 2 times (x 115B)
Class org.jetbrains.kotlin.compilerRunner.GradleCompilerRunner$Companion              : loaded 2 times (x 71B)
Class [Lorg.jetbrains.kotlin.gradle.dsl.PlatformSourceSetConventionsChecker$CheckedPlatformInfo;: loaded 2 times (x 69B)
Class org.jetbrains.kotlin.gradle.plugin.diagnostics.KotlinGradleProjectCheckerContext: loaded 2 times (x 72B)
Class org.jetbrains.kotlin.gradle.plugin.diagnostics.checkers.DuplicateSourceSetChecker: loaded 2 times (x 74B)
Class org.jetbrains.kotlin.gradle.dsl.KotlinTargetContainerWithNativeShortcuts        : loaded 2 times (x 70B)
Class org.jetbrains.kotlin.gradle.plugin.DefaultKotlinBasePlugin$setupAttributeMatchingStrategy$1$1: loaded 2 times (x 79B)
Class org.jetbrains.kotlin.statistics.metrics.NumericalMetrics$Companion              : loaded 2 times (x 71B)
Class [Lorg.jetbrains.kotlin.statistics.metrics.NumberAnonymizationPolicy;            : loaded 2 times (x 69B)
Class org.jetbrains.kotlin.statistics.metrics.NumberOverridePolicy$OVERRIDE           : loaded 2 times (x 85B)
Class com.google.common.base.Joiner$1                                                 : loaded 2 times (x 80B)
Class org.objectweb.asm.Label                                                         : loaded 2 times (x 73B)
Class org.objectweb.asm.CurrentFrame                                                  : loaded 2 times (x 73B)
Class org.objectweb.asm.ClassTooLargeException                                        : loaded 2 times (x 83B)
Class com.google.common.collect.PeekingIterator                                       : loaded 2 times (x 70B)
Class com.google.common.base.CharMatcher                                              : loaded 2 times (x 111B)
Class org.jetbrains.kotlin.gradle.tasks.configuration.AbstractKotlinCompileConfig$2$2$1: loaded 2 times (x 75B)
Class org.jetbrains.kotlin.build.report.metrics.BuildAttributes$Companion             : loaded 2 times (x 71B)
Class org.jetbrains.kotlin.gradle.tasks.KotlinCompilationTask                         : loaded 2 times (x 70B)
Class org.jetbrains.kotlin.gradle.plugin.mpp.compilationImpl.factory.KotlinCompilationImplFactory$ProcessResourcesTaskNameFactory: loaded 2 times (x 70B)
Class com.google.common.collect.RangeGwtSerializationDependencies                     : loaded 2 times (x 71B)
Class org.jetbrains.kotlin.gradle.internal.KotlinDependenciesManagementKt             : loaded 2 times (x 71B)
Class org.jetbrains.kotlin.gradle.plugin.DefaultKotlinBasePlugin$setupAttributeMatchingStrategy$1$2: loaded 2 times (x 79B)
Class org.jetbrains.kotlin.gradle.plugin.internal.CustomPropertiesFileValueSource$Inject: loaded 2 times (x 113B)
Class com.google.common.base.Joiner$2                                                 : loaded 2 times (x 79B)
Class org.objectweb.asm.Frame                                                         : loaded 2 times (x 73B)
Class org.objectweb.asm.MethodVisitor                                                 : loaded 2 times (x 105B)
Class com.google.common.cache.LocalCache$EntryFactory$1                               : loaded 2 times (x 83B)
Class [Lcom.google.common.cache.RemovalListener;                                      : loaded 2 times (x 69B)
Class com.google.common.base.CharMatcher$1                                            : loaded 2 times (x 113B)
Class com.google.common.base.CharMatcher$NamedFastMatcher                             : loaded 2 times (x 112B)
Class org.jetbrains.kotlin.compilerRunner.UsesCompilerSystemPropertiesService         : loaded 2 times (x 70B)
Class org.jetbrains.kotlin.gradle.plugin.mpp.compilationImpl.KotlinCompilationSourceSetInclusion$Companion: loaded 2 times (x 71B)
Class com.google.common.collect.RangeSet                                              : loaded 2 times (x 70B)
Class org.jetbrains.kotlin.gradle.plugin.diagnostics.checkers.MissingNativeStdlibChecker$runChecks$1: loaded 2 times (x 88B)
Class [Lorg.jetbrains.kotlin.gradle.plugin.sources.android.AndroidVariantType;        : loaded 2 times (x 69B)
Class org.jetbrains.kotlin.gradle.plugin.sources.android.AndroidVariantType           : loaded 2 times (x 79B)
Class org.jetbrains.kotlin.gradle.plugin.mpp.KotlinTargetSoftwareComponent            : loaded 2 times (x 89B)
Class org.jetbrains.kotlin.gradle.plugin.mpp.KotlinVariant                            : loaded 2 times (x 101B)
Class org.jetbrains.kotlin.gradle.utils.WhenPluginEnabledKt                           : loaded 2 times (x 71B)
Class org.jetbrains.kotlin.tooling.core.ExtrasProperty                                : loaded 2 times (x 70B)
Class org.jetbrains.kotlin.gradle.plugin.VariantImplementationFactories               : loaded 2 times (x 75B)
Class com.google.common.cache.LocalCache$EntryFactory$2                               : loaded 2 times (x 83B)
Class build_bd0g1wr7vh14bk9g7h3c9wiko                                                 : loaded 2 times (x 180B)
Class build_4ieuykrdkdp5yukqfogmxybsc$_run_closure1                                   : loaded 2 times (x 139B)
Class org.jetbrains.kotlin.tooling.core.Extras$Entry$Companion                        : loaded 2 times (x 71B)
Class com.google.common.collect.CollectCollectors                                     : loaded 2 times (x 71B)
Class org.jetbrains.kotlin.gradle.targets.js.dsl.KotlinWasmWasiTargetDsl              : loaded 2 times (x 70B)
Class org.jetbrains.kotlin.gradle.plugin.diagnostics.checkers.DisabledNativeTargetsChecker: loaded 2 times (x 74B)
Class org.jetbrains.kotlin.gradle.internal.CompilerArgumentAware                      : loaded 2 times (x 70B)
Class org.objectweb.asm.ModuleWriter                                                  : loaded 2 times (x 82B)
Class com.google.common.cache.LocalCache$EntryFactory$3                               : loaded 2 times (x 83B)
Class com.google.common.base.Ticker$1                                                 : loaded 2 times (x 72B)
Class com.google.common.collect.ImmutableMapEntrySet$RegularEntrySet                  : loaded 2 times (x 151B)
Class com.google.common.collect.Maps$BiMapConverter                                   : loaded 2 times (x 90B)
Class Native_plugin_loader_gradle$NativePluginLoader                                  : loaded 2 times (x 72B)
Class org.jetbrains.kotlin.gradle.tasks.K2MultiplatformStructure_Decorated            : loaded 2 times (x 135B)
Class org.jetbrains.kotlin.compilerRunner.GradleCompilerRunner                        : loaded 2 times (x 73B)
Class com.google.common.collect.SetMultimap                                           : loaded 2 times (x 70B)
Class org.jetbrains.kotlin.gradle.dsl.AndroidMainSourceSetConventionsChecker$runChecks$1: loaded 2 times (x 88B)
Class org.jetbrains.kotlin.gradle.plugin.sources.FragmentConsistencyChecks            : loaded 2 times (x 72B)
Class org.jetbrains.kotlin.gradle.plugin.mpp.InternalKotlinTargetComponent            : loaded 2 times (x 93B)
Class org.jetbrains.kotlin.gradle.utils.ProviderApiUtilsKt                            : loaded 2 times (x 71B)
Class org.jetbrains.kotlin.gradle.internal.tasks.TaskWithLocalState                   : loaded 2 times (x 70B)
Class org.jetbrains.kotlin.statistics.metrics.BooleanMetrics                          : loaded 2 times (x 80B)
Class com.google.common.cache.LocalCache$EntryFactory$4                               : loaded 2 times (x 83B)
Class com.google.common.collect.ImmutableSet$Builder                                  : loaded 2 times (x 85B)
Class com.google.common.base.CharMatcher$InRange                                      : loaded 2 times (x 111B)
Class build_a4x7tvv1bvly0grvbfjty46yj$_run_closure1                                   : loaded 2 times (x 139B)
Class com.google.common.collect.ReverseOrdering                                       : loaded 2 times (x 115B)
Class org.jetbrains.kotlin.gradle.plugin.sources.KotlinDependencyScopeKt$WhenMappings : loaded 2 times (x 71B)
Class org.jetbrains.kotlin.gradle.tasks.K2MultiplatformCompilationTask                : loaded 2 times (x 70B)
Class org.jetbrains.kotlin.gradle.plugin.sources.FragmentConsistencyChecks$languageVersionCheck$1: loaded 2 times (x 79B)
Class org.jetbrains.kotlin.gradle.plugin.mpp.DecoratedKotlinCompilation               : loaded 2 times (x 191B)
Class [Lorg.jetbrains.kotlin.gradle.plugin.KotlinPlatformType;                        : loaded 2 times (x 69B)
Class org.jetbrains.kotlin.statistics.metrics.NumberOverridePolicy$AVERAGE            : loaded 2 times (x 85B)
Class org.jetbrains.kotlin.gradle.plugin.VariantImplementationFactories$Parameters$Inject: loaded 2 times (x 106B)
Class com.google.common.cache.LocalCache$EntryFactory$5                               : loaded 2 times (x 83B)
Class build_4ieuykrdkdp5yukqfogmxybsc                                                 : loaded 2 times (x 180B)
Class com.google.common.collect.HashMultimap                                          : loaded 2 times (x 174B)
Class org.jetbrains.kotlin.gradle.plugin.mpp.MppSourcesJarKt$sourcesJarTaskNamed$result$1: loaded 2 times (x 79B)
Class org.jetbrains.kotlin.gradle.tasks.configuration.BaseKotlinCompileConfig$1       : loaded 2 times (x 79B)
Class org.jetbrains.kotlin.gradle.plugin.UsesBuildFinishedListenerService             : loaded 2 times (x 70B)
Class org.jetbrains.kotlin.gradle.plugin.mpp.compilationImpl.factory.ConfigurationNaming$Default: loaded 2 times (x 75B)
Class org.jetbrains.kotlin.gradle.plugin.mpp.compilationImpl.KotlinCompilationSourceSetInclusion: loaded 2 times (x 72B)
Class org.jetbrains.kotlin.gradle.targets.jvm.KotlinJvmTarget                         : loaded 2 times (x 172B)
Class org.jetbrains.kotlin.gradle.targets.js.dsl.KotlinWasmJsTargetDsl                : loaded 2 times (x 70B)
Class org.jetbrains.kotlin.gradle.plugin.diagnostics.checkers.DisabledNativeTargetsChecker$runChecks$1: loaded 2 times (x 88B)
Class org.jetbrains.kotlin.gradle.plugin.KotlinPluginLifecycleImpl$await$2$1          : loaded 2 times (x 79B)
Class org.jetbrains.kotlin.gradle.plugin.sources.DefaultLanguageSettingsBuilder       : loaded 2 times (x 100B)
Class org.jetbrains.kotlin.gradle.plugin.sources.FragmentConsistencyChecks$languageVersionCheck$2: loaded 2 times (x 78B)
Class org.jetbrains.kotlin.gradle.dsl.KotlinTargetContainerWithPresetFunctions        : loaded 2 times (x 70B)
Class org.jetbrains.kotlin.gradle.utils.GradleConfigurationUtilsKt                    : loaded 2 times (x 71B)
Class org.jetbrains.kotlin.gradle.plugin.StatisticsBuildFlowManager$subscribeForBuildResult$1: loaded 2 times (x 75B)
Class org.jetbrains.kotlin.gradle.plugin.internal.CustomPropertiesFileValueSource$Parameters: loaded 2 times (x 70B)
Class com.google.common.cache.LocalCache$EntryFactory$6                               : loaded 2 times (x 83B)
Class Build_gradle                                                                    : loaded 2 times (x 130B)
Class org.gradle.internal.installation.CurrentGradleInstallationLocator               : loaded 2 times (x 71B)
Class org.jetbrains.kotlin.gradle.tasks.DefaultKotlinJavaToolchain$getToolsJarFromJvm$1: loaded 2 times (x 75B)
Class org.jetbrains.kotlin.build.report.metrics.GcMetrics                             : loaded 2 times (x 72B)
Class org.jetbrains.kotlin.gradle.tasks.configuration.BaseKotlinCompileConfig$2       : loaded 2 times (x 79B)
Class org.jetbrains.kotlin.gradle.plugin.BuildFinishedListenerService$Companion$registerIfAbsent$2$1$1: loaded 2 times (x 75B)
Class com.google.common.collect.Maps$KeySet                                           : loaded 2 times (x 137B)
Class org.jetbrains.kotlin.gradle.plugin.mpp.InternalKotlinCompilation                : loaded 2 times (x 70B)
Class org.jetbrains.kotlin.gradle.plugin.AbstractKotlinJsPluginWrapper                : loaded 2 times (x 86B)
Class org.jetbrains.kotlin.gradle.plugin.KotlinPluginWrapperKt                        : loaded 2 times (x 71B)
Class com.google.common.cache.LocalCache$EntryFactory$7                               : loaded 2 times (x 83B)
Class com.google.common.collect.ImmutableSet$EmptySetBuilderImpl                      : loaded 2 times (x 76B)
Class com.google.common.collect.ImmutableList                                         : loaded 2 times (x 206B)
Class org.gradle.internal.service.DefaultServiceLocator                               : loaded 2 times (x 83B)
Class org.jetbrains.kotlin.gradle.tasks.KotlinCompile$scriptExtensions$1              : loaded 2 times (x 79B)
Class org.jetbrains.kotlin.gradle.tasks.K2MultiplatformStructure$Fragment             : loaded 2 times (x 72B)
Class org.jetbrains.kotlin.compilerRunner.CompilerSystemPropertiesService$Companion$registerIfAbsent$1: loaded 2 times (x 75B)
Class org.jetbrains.kotlin.util.capitalizeDecapitalize.CapitalizeDecapitalizeKt       : loaded 2 times (x 71B)
Class org.jetbrains.kotlin.gradle.plugin.diagnostics.checkers.AndroidPluginWithoutAndroidTargetChecker: loaded 2 times (x 74B)
Class org.jetbrains.kotlin.statistics.metrics.NumberOverridePolicy                    : loaded 2 times (x 85B)
Class org.jetbrains.kotlin.statistics.metrics.StringAnonymizationPolicy$AllowedListAnonymizer$Companion: loaded 2 times (x 71B)
Class org.jetbrains.kotlin.gradle.plugin.internal.ProjectIsolationStartParameterAccessorKt: loaded 2 times (x 71B)
Class org.jetbrains.kotlin.gradle.testing.internal.KotlinTestsRegistry                : loaded 2 times (x 72B)
Class com.google.common.cache.LocalCache$EntryFactory$8                               : loaded 2 times (x 83B)
Class com.google.common.collect.ImmutableSet$SetBuilderImpl                           : loaded 2 times (x 76B)
Class org.gradle.internal.installation.CurrentGradleInstallation                      : loaded 2 times (x 73B)
Class build_7pmvorfh50k4gqxfdnp95v1li$_run_closure1                                   : loaded 2 times (x 139B)
Class com.google.common.collect.ForwardingObject                                      : loaded 2 times (x 72B)
Class org.jetbrains.kotlin.gradle.tasks.KotlinCompilerExecutionStrategy               : loaded 2 times (x 79B)
Class org.jetbrains.kotlin.gradle.plugin.mpp.InternalKotlinCompilationKt$awaitAllKotlinSourceSets$1: loaded 2 times (x 88B)
Class org.jetbrains.kotlin.gradle.plugin.sources.DefaultKotlinSourceSet$special$$inlined$Iterable$1: loaded 2 times (x 79B)
Class org.jetbrains.kotlin.gradle.plugin.mpp.compilationImpl.factory.KotlinCompilationImplFactory$KotlinCompilerOptionsFactory$Options: loaded 2 times (x 72B)
Class org.jetbrains.kotlin.gradle.plugin.KotlinCompilation                            : loaded 2 times (x 70B)
Class org.jetbrains.kotlin.gradle.plugin.KotlinTargetConfiguratorKt                   : loaded 2 times (x 71B)
Class org.jetbrains.kotlin.tooling.core.Extras$Type$Companion                         : loaded 2 times (x 71B)
Class com.google.common.cache.CacheLoader$1                                           : loaded 2 times (x 75B)
Class com.google.common.collect.ImmutableList$SubList                                 : loaded 2 times (x 208B)
Class org.gradle.util.internal.GUtil                                                  : loaded 2 times (x 71B)
Class org.jetbrains.kotlin.gradle.plugin.mpp.InternalKotlinTargetKt$isSourcesPublishableFuture$2: loaded 2 times (x 95B)
Class org.jetbrains.kotlin.gradle.plugin.mpp.KotlinCompilationFactory                 : loaded 2 times (x 70B)
Class org.jetbrains.kotlin.gradle.dsl.IosSourceSetConventionChecker$runChecks$1       : loaded 2 times (x 88B)
Class org.jetbrains.kotlin.gradle.plugin.mpp.AbstractKotlinCompilation                : loaded 2 times (x 191B)
Class org.jetbrains.kotlin.gradle.plugin.diagnostics.checkers.UnusedSourceSetsChecker : loaded 2 times (x 74B)
Class org.jetbrains.kotlin.gradle.utils.Future                                        : loaded 2 times (x 70B)
Class org.jetbrains.kotlin.gradle.plugin.BuildFinishFlowAction$Parameters             : loaded 2 times (x 70B)
Class com.google.common.util.concurrent.AbstractFuture$SetFuture                      : loaded 2 times (x 75B)
Class com.google.common.cache.AbstractCache$StatsCounter                              : loaded 2 times (x 70B)
Class build_8pyaeahg9nc3hck27xi8fyy8m$_run_closure1                                   : loaded 2 times (x 139B)
Class build_6tfulbst8r69nx0oui8jnpjj8                                                 : loaded 2 times (x 180B)
Class org.jetbrains.kotlin.gradle.plugin.mpp.KotlinTargetSoftwareComponentImplKt      : loaded 2 times (x 71B)
Class org.jetbrains.kotlin.gradle.targets.js.dsl.KotlinJsSubTargetContainerDsl        : loaded 2 times (x 70B)
Class org.jetbrains.kotlin.tooling.core.MutableExtrasImpl$Companion                   : loaded 2 times (x 71B)
Class org.jetbrains.kotlin.gradle.plugin.KotlinGradleBuildServices$Companion$registerIfAbsent$1: loaded 2 times (x 75B)
Class org.jetbrains.kotlin.statistics.fileloggers.MetricsContainer                    : loaded 2 times (x 77B)
Class org.jetbrains.kotlin.gradle.plugin.internal.ProjectIsolationStartParameterAccessor: loaded 2 times (x 70B)
Class com.google.common.collect.Iterators$MergingIterator                             : loaded 2 times (x 81B)
Class com.google.common.collect.RegularImmutableSet                                   : loaded 2 times (x 148B)
Class org.gradle.internal.installation.GradleInstallation                             : loaded 2 times (x 75B)
Class com.google.common.collect.ForwardingCollection                                  : loaded 2 times (x 130B)
Class com.google.common.collect.LexicographicalOrdering                               : loaded 2 times (x 115B)
Class org.jetbrains.kotlin.gradle.dsl.KotlinJvmCompile$DefaultImpls                   : loaded 2 times (x 71B)
Class org.jetbrains.kotlin.gradle.plugin.mpp.compilationImpl.factory.KotlinCompilationImplFactory$create$1: loaded 2 times (x 75B)
Class com.google.common.collect.ElementTypesAreNonnullByDefault                       : loaded 2 times (x 70B)
Class org.jetbrains.kotlin.gradle.tasks.KotlinJavaToolchain                           : loaded 2 times (x 70B)
Class org.jetbrains.kotlin.gradle.plugin.BuildFinishFlowAction                        : loaded 2 times (x 74B)
Class org.jetbrains.kotlin.statistics.metrics.BooleanMetrics$Companion                : loaded 2 times (x 71B)
Class org.jetbrains.kotlin.gradle.plugin.internal.CompatibilityConventionRegistrar    : loaded 2 times (x 70B)
Class com.google.common.collect.Iterables                                             : loaded 2 times (x 71B)
Class com.google.common.base.Splitter$Strategy                                        : loaded 2 times (x 70B)
Class org.jetbrains.kotlin.gradle.plugin.mpp.KotlinJvmCompilation                     : loaded 2 times (x 200B)
Class org.jetbrains.kotlin.gradle.plugin.KotlinCompilation$Companion                  : loaded 2 times (x 71B)
Class org.jetbrains.kotlin.gradle.dsl.ToolchainSupport$Companion                      : loaded 2 times (x 71B)
Class org.jetbrains.kotlin.gradle.plugin.KotlinSourceSet                              : loaded 2 times (x 70B)

---------------  S Y S T E M  ---------------

OS:
 Windows 11 , 64 bit Build 26100 (10.0.26100.8246)
OS uptime: 8 days 7:31 hours

CPU: total 8 (initial active 8) (4 cores per cpu, 2 threads per core) family 6 model 140 stepping 2 microcode 0x38, cx8, cmov, fxsr, ht, mmx, 3dnowpref, sse, sse2, sse3, ssse3, sse4.1, sse4.2, popcnt, lzcnt, tsc, tscinvbit, avx, avx2, aes, erms, clmul, bmi1, bmi2, adx, avx512f, avx512dq, avx512cd, avx512bw, avx512vl, sha, fma, vzeroupper, avx512_vpopcntdq, avx512_vpclmulqdq, avx512_vaes, avx512_vnni, clflush, clflushopt, clwb, avx512_vbmi2, avx512_vbmi, rdtscp, rdpid, fsrm, gfni, avx512_bitalg, f16c, pku, cet_ibt, cet_ss, avx512_ifma
Processor Information for the first 8 processors :
  Max Mhz: 1498, Current Mhz: 1498, Mhz Limit: 1498

Memory: 4k page, system-wide physical 7930M (541M free)
TotalPageFile size 32506M (AvailPageFile size 65M)
current process WorkingSet (physical memory assigned to process): 636M, peak: 636M
current process commit charge ("private bytes"): 872M, peak: 940M

vm_info: OpenJDK 64-Bit Server VM (21.0.8+-14196175-b1038.72) for windows-amd64 JRE (21.0.8+-14196175-b1038.72), built on 2025-10-01T10:24:33Z by "builder" with MS VC++ 16.10 / 16.11 (VS2019)

END.
