#
# There is insufficient memory for the Java Runtime Environment to continue.
# Native memory allocation (mmap) failed to map 377487360 bytes. Error detail: G1 virtual space
# Possible reasons:
#   The system is out of physical RAM or swap space
#   This process is running with CompressedOops enabled, and the Java Heap may be blocking the growth of the native heap
# Possible solutions:
#   Reduce memory load on the system
#   Increase physical memory or swap space
#   Check if swap backing store is full
#   Decrease Java heap size (-Xmx/-Xms)
#   Decrease number of Java threads
#   Decrease Java thread stack sizes (-Xss)
#   Set larger code cache with -XX:ReservedCodeCacheSize=
#   JVM is running with Zero Based Compressed Oops mode in which the Java heap is
#     placed in the first 32GB address space. The Java Heap base address is the
#     maximum limit for the native heap growth. Please use -XX:HeapBaseMinAddress
#     to set the Java Heap base and to place the Java Heap above 32GB virtual address.
# This output file may be truncated or incomplete.
#
#  Out of Memory Error (os_windows.cpp:3925), pid=38712, tid=11732
#
# JRE version: OpenJDK Runtime Environment (21.0.8) (build 21.0.8+-14196175-b1038.72)
# Java VM: OpenJDK 64-Bit Server VM (21.0.8+-14196175-b1038.72, mixed mode, tiered, compressed oops, compressed class ptrs, g1 gc, windows-amd64)
# No core dump will be written. Minidumps are not enabled by default on client versions of Windows
#

---------------  S U M M A R Y ------------

Command Line: -XX:MaxMetaspaceSize=512m -XX:+UseG1GC -XX:ReservedCodeCacheSize=512m --add-opens=java.base/java.util=ALL-UNNAMED --add-opens=java.base/java.lang=ALL-UNNAMED --add-opens=java.base/java.lang.invoke=ALL-UNNAMED --add-opens=java.prefs/java.util.prefs=ALL-UNNAMED --add-exports=jdk.compiler/com.sun.tools.javac.api=ALL-UNNAMED --add-exports=jdk.compiler/com.sun.tools.javac.util=ALL-UNNAMED --add-opens=java.base/java.nio.charset=ALL-UNNAMED --add-opens=java.base/java.net=ALL-UNNAMED --add-opens=java.base/java.util.concurrent.atomic=ALL-UNNAMED -Xmx3g -Dfile.encoding=UTF-8 -Duser.country=IN -Duser.language=en -Duser.variant -javaagent:C:\Users\kiran\.gradle\wrapper\dists\gradle-8.9-bin\90cnw93cvbtalezasaz0blq0a\gradle-8.9\lib\agents\gradle-instrumentation-agent-8.9.jar org.gradle.launcher.daemon.bootstrap.GradleDaemon 8.9

Host: 11th Gen Intel(R) Core(TM) i5-1155G7 @ 2.50GHz, 8 cores, 7G,  Windows 11 , 64 bit Build 26100 (10.0.26100.8246)
Time: Fri Apr 24 17:40:50 2026 India Standard Time elapsed time: 394.714285 seconds (0d 0h 6m 34s)

---------------  T H R E A D  ---------------

Current thread (0x00000158af58f480):  VMThread "VM Thread"          [id=11732, stack(0x00000035e5600000,0x00000035e5700000) (1024K)]

Stack: [0x00000035e5600000,0x00000035e5700000]
Native frames: (J=compiled Java code, j=interpreted, Vv=VM code, C=native code)
V  [jvm.dll+0x6d68d9]
V  [jvm.dll+0x866693]
V  [jvm.dll+0x868c4e]
V  [jvm.dll+0x869333]
V  [jvm.dll+0x280566]
V  [jvm.dll+0x6d3195]
V  [jvm.dll+0x6c69ea]
V  [jvm.dll+0x3586db]
V  [jvm.dll+0x360336]
V  [jvm.dll+0x3b23f6]
V  [jvm.dll+0x3b26c8]
V  [jvm.dll+0x32ae6c]
V  [jvm.dll+0x32aef7]
V  [jvm.dll+0x370d3c]
V  [jvm.dll+0x36f4ee]
V  [jvm.dll+0x32a5c1]
V  [jvm.dll+0x36ebf0]
V  [jvm.dll+0x86f0b8]
V  [jvm.dll+0x870434]
V  [jvm.dll+0x870970]
V  [jvm.dll+0x870c03]
V  [jvm.dll+0x80eac8]
V  [jvm.dll+0x6d512d]
C  [ucrtbase.dll+0x37b0]
C  [KERNEL32.DLL+0x2e8d7]
C  [ntdll.dll+0x8c3fc]

VM_Operation (0x00000035eaafec70): G1CollectForAllocation, mode: safepoint, requested by thread 0x00000158bf675040


---------------  P R O C E S S  ---------------

Threads class SMR info:
_java_thread_list=0x00000158c12a49a0, length=75, elements={
0x00000158857267e0, 0x00000158af5dae00, 0x00000158af5efdc0, 0x00000158af5f0820,
0x00000158af6008c0, 0x00000158af60a620, 0x00000158af613090, 0x00000158af616930,
0x00000158af619230, 0x00000158af61ea20, 0x00000158af6162a0, 0x00000158af616fc0,
0x00000158af613b40, 0x00000158af6141d0, 0x00000158af615c10, 0x00000158af615580,
0x00000158af614ef0, 0x00000158b5b51f10, 0x00000158b5b511f0, 0x00000158b5b51880,
0x00000158b5b53950, 0x00000158b5b50b60, 0x00000158b5b55a20, 0x00000158b5b532c0,
0x00000158b5b525a0, 0x00000158b5b54d00, 0x00000158b5b53fe0, 0x00000158b5b55390,
0x00000158b5b57460, 0x00000158b5b560b0, 0x00000158b5b56740, 0x00000158b5b57af0,
0x00000158b5b54670, 0x00000158b5b58180, 0x00000158b7f96830, 0x00000158b7f96ec0,
0x00000158b7f95b10, 0x00000158b7f97be0, 0x00000158b7f98270, 0x00000158b7f98900,
0x00000158b7f9b6f0, 0x00000158b7f98f90, 0x00000158b7f99620, 0x00000158b7f9a340,
0x00000158b7134e70, 0x00000158b7132da0, 0x00000158b7135500, 0x00000158b7132080,
0x00000158b7132710, 0x00000158b833f9c0, 0x00000158b833d8f0, 0x00000158b83441f0,
0x00000158b8341400, 0x00000158be3694e0, 0x00000158be3687c0, 0x00000158be3666f0,
0x00000158be36bc40, 0x00000158be36cff0, 0x00000158be36dd10, 0x00000158be36c960,
0x00000158bf675d60, 0x00000158bf674320, 0x00000158bf6756d0, 0x00000158bf66edd0,
0x00000158bf671bc0, 0x00000158bf670810, 0x00000158bf672f70, 0x00000158c060ffc0,
0x00000158c1d5cde0, 0x00000158c1d5a680, 0x00000158bf673c90, 0x00000158bf675040,
0x00000158bf672250, 0x00000158c0d5ae90, 0x00000158c0345a20
}

Java Threads: ( => current thread )
  0x00000158857267e0 JavaThread "main"                              [_thread_blocked, id=35448, stack(0x00000035e4f00000,0x00000035e5000000) (1024K)]
  0x00000158af5dae00 JavaThread "Common-Cleaner"             daemon [_thread_blocked, id=14284, stack(0x00000035e5700000,0x00000035e5800000) (1024K)]
  0x00000158af5efdc0 JavaThread "Reference Handler"          daemon [_thread_blocked, id=11216, stack(0x00000035e5800000,0x00000035e5900000) (1024K)]
  0x00000158af5f0820 JavaThread "Finalizer"                  daemon [_thread_blocked, id=1544, stack(0x00000035e5900000,0x00000035e5a00000) (1024K)]
  0x00000158af6008c0 JavaThread "Signal Dispatcher"          daemon [_thread_blocked, id=1500, stack(0x00000035e5a00000,0x00000035e5b00000) (1024K)]
  0x00000158af60a620 JavaThread "Attach Listener"            daemon [_thread_blocked, id=34444, stack(0x00000035e5b00000,0x00000035e5c00000) (1024K)]
  0x00000158af613090 JavaThread "Service Thread"             daemon [_thread_blocked, id=26956, stack(0x00000035e5c00000,0x00000035e5d00000) (1024K)]
  0x00000158af616930 JavaThread "Monitor Deflation Thread"   daemon [_thread_blocked, id=6484, stack(0x00000035e5d00000,0x00000035e5e00000) (1024K)]
  0x00000158af619230 JavaThread "C2 CompilerThread0"         daemon [_thread_blocked, id=42296, stack(0x00000035e5e00000,0x00000035e5f00000) (1024K)]
  0x00000158af61ea20 JavaThread "C1 CompilerThread0"         daemon [_thread_blocked, id=38032, stack(0x00000035e5f00000,0x00000035e6000000) (1024K)]
  0x00000158af6162a0 JavaThread "Notification Thread"        daemon [_thread_blocked, id=22988, stack(0x00000035e6000000,0x00000035e6100000) (1024K)]
  0x00000158af616fc0 JavaThread "Daemon health stats"               [_thread_blocked, id=22344, stack(0x00000035e6600000,0x00000035e6700000) (1024K)]
  0x00000158af613b40 JavaThread "Incoming local TCP Connector on port 50149"        [_thread_in_native, id=38964, stack(0x00000035e6500000,0x00000035e6600000) (1024K)]
  0x00000158af6141d0 JavaThread "Daemon periodic checks"            [_thread_blocked, id=15508, stack(0x00000035e6a00000,0x00000035e6b00000) (1024K)]
  0x00000158af615c10 JavaThread "Daemon"                            [_thread_blocked, id=5532, stack(0x00000035e6b00000,0x00000035e6c00000) (1024K)]
  0x00000158af615580 JavaThread "Handler for socket connection from /127.0.0.1:50149 to /127.0.0.1:50151"        [_thread_in_native, id=12340, stack(0x00000035e6c00000,0x00000035e6d00000) (1024K)]
  0x00000158af614ef0 JavaThread "Cancel handler"                    [_thread_blocked, id=19144, stack(0x00000035e6d00000,0x00000035e6e00000) (1024K)]
  0x00000158b5b51f10 JavaThread "Daemon worker"                     [_thread_blocked, id=32232, stack(0x00000035e6e00000,0x00000035e6f00000) (1024K)]
  0x00000158b5b511f0 JavaThread "Asynchronous log dispatcher for DefaultDaemonConnection: socket connection from /127.0.0.1:50149 to /127.0.0.1:50151"        [_thread_blocked, id=32708, stack(0x00000035e7000000,0x00000035e7100000) (1024K)]
  0x00000158b5b51880 JavaThread "Stdin handler"                     [_thread_blocked, id=16448, stack(0x00000035e7100000,0x00000035e7200000) (1024K)]
  0x00000158b5b53950 JavaThread "Daemon client event forwarder"        [_thread_blocked, id=30592, stack(0x00000035e7200000,0x00000035e7300000) (1024K)]
  0x00000158b5b50b60 JavaThread "Cache worker for journal cache (C:\Users\kiran\.gradle\caches\journal-1)"        [_thread_blocked, id=9496, stack(0x00000035e6f00000,0x00000035e7000000) (1024K)]
  0x00000158b5b55a20 JavaThread "File lock request listener"        [_thread_in_native, id=42300, stack(0x00000035e7400000,0x00000035e7500000) (1024K)]
  0x00000158b5b532c0 JavaThread "Cache worker for file hash cache (C:\Users\kiran\.gradle\caches\8.9\fileHashes)"        [_thread_blocked, id=32340, stack(0x00000035e7500000,0x00000035e7600000) (1024K)]
  0x00000158b5b525a0 JavaThread "Cache worker for file hash cache (C:\Users\kiran\Downloads\jago-Updates-23-04-jago\jago-Updates-23-04-jago\jago_app-main\flutter_apps\customer_app\android\.gradle\8.9\fileHashes)"        [_thread_blocked, id=41628, stack(0x00000035e7700000,0x00000035e7800000) (1024K)]
  0x00000158b5b54d00 JavaThread "Cache worker for Build Output Cleanup Cache (C:\Users\kiran\Downloads\jago-Updates-23-04-jago\jago-Updates-23-04-jago\jago_app-main\flutter_apps\customer_app\android\.gradle\buildOutputCleanup)"        [_thread_blocked, id=33848, stack(0x00000035e7800000,0x00000035e7900000) (1024K)]
  0x00000158b5b53fe0 JavaThread "File watcher server"        daemon [_thread_blocked, id=39568, stack(0x00000035e7900000,0x00000035e7a00000) (1024K)]
  0x00000158b5b55390 JavaThread "File watcher consumer"      daemon [_thread_blocked, id=30824, stack(0x00000035e7a00000,0x00000035e7b00000) (1024K)]
  0x00000158b5b57460 JavaThread "Cache worker for checksums cache (C:\Users\kiran\Downloads\jago-Updates-23-04-jago\jago-Updates-23-04-jago\jago_app-main\flutter_apps\customer_app\android\.gradle\8.9\checksums)"        [_thread_blocked, id=33224, stack(0x00000035e7b00000,0x00000035e7c00000) (1024K)]
  0x00000158b5b560b0 JavaThread "Cache worker for file content cache (C:\Users\kiran\.gradle\caches\8.9\fileContent)"        [_thread_blocked, id=35412, stack(0x00000035e7d00000,0x00000035e7e00000) (1024K)]
  0x00000158b5b56740 JavaThread "Cache worker for cache directory md-rule (C:\Users\kiran\.gradle\caches\8.9\md-rule)"        [_thread_blocked, id=41108, stack(0x00000035e7e00000,0x00000035e7f00000) (1024K)]
  0x00000158b5b57af0 JavaThread "Cache worker for cache directory md-supplier (C:\Users\kiran\.gradle\caches\8.9\md-supplier)"        [_thread_blocked, id=30396, stack(0x00000035e7f00000,0x00000035e8000000) (1024K)]
  0x00000158b5b54670 JavaThread "jar transforms"                    [_thread_blocked, id=42216, stack(0x00000035e7c00000,0x00000035e7d00000) (1024K)]
  0x00000158b5b58180 JavaThread "Cache worker for Build Output Cleanup Cache (C:\flutter\packages\flutter_tools\gradle\.gradle\buildOutputCleanup)"        [_thread_blocked, id=35872, stack(0x00000035e8000000,0x00000035e8100000) (1024K)]
  0x00000158b7f96830 JavaThread "Unconstrained build operations"        [_thread_blocked, id=30240, stack(0x00000035e8100000,0x00000035e8200000) (1024K)]
  0x00000158b7f96ec0 JavaThread "Unconstrained build operations Thread 2"        [_thread_blocked, id=17644, stack(0x00000035e8200000,0x00000035e8300000) (1024K)]
  0x00000158b7f95b10 JavaThread "Unconstrained build operations Thread 3"        [_thread_blocked, id=34008, stack(0x00000035e8300000,0x00000035e8400000) (1024K)]
  0x00000158b7f97be0 JavaThread "Memory manager"                    [_thread_blocked, id=29364, stack(0x00000035e8400000,0x00000035e8500000) (1024K)]
  0x00000158b7f98270 JavaThread "build event listener"              [_thread_blocked, id=13564, stack(0x00000035e8500000,0x00000035e8600000) (1024K)]
  0x00000158b7f98900 JavaThread "included builds"                   [_thread_blocked, id=30124, stack(0x00000035e8700000,0x00000035e8800000) (1024K)]
  0x00000158b7f9b6f0 JavaThread "Execution worker"                  [_thread_blocked, id=26044, stack(0x00000035e8800000,0x00000035e8900000) (1024K)]
  0x00000158b7f98f90 JavaThread "Cache worker for execution history cache (C:\flutter\packages\flutter_tools\gradle\.gradle\8.9\executionHistory)"        [_thread_blocked, id=3444, stack(0x00000035e8900000,0x00000035e8a00000) (1024K)]
  0x00000158b7f99620 JavaThread "Unconstrained build operations Thread 4"        [_thread_blocked, id=33768, stack(0x00000035e8a00000,0x00000035e8b00000) (1024K)]
  0x00000158b7f9a340 JavaThread "Unconstrained build operations Thread 5"        [_thread_blocked, id=38476, stack(0x00000035e8b00000,0x00000035e8c00000) (1024K)]
  0x00000158b7134e70 JavaThread "Unconstrained build operations Thread 6"        [_thread_blocked, id=21064, stack(0x00000035e8c00000,0x00000035e8d00000) (1024K)]
  0x00000158b7132da0 JavaThread "Unconstrained build operations Thread 7"        [_thread_blocked, id=33092, stack(0x00000035e8d00000,0x00000035e8e00000) (1024K)]
  0x00000158b7135500 JavaThread "Unconstrained build operations Thread 8"        [_thread_blocked, id=1512, stack(0x00000035e8e00000,0x00000035e8f00000) (1024K)]
  0x00000158b7132080 JavaThread "Unconstrained build operations Thread 9"        [_thread_blocked, id=22124, stack(0x00000035e8f00000,0x00000035e9000000) (1024K)]
  0x00000158b7132710 JavaThread "Unconstrained build operations Thread 10"        [_thread_blocked, id=26000, stack(0x00000035e9000000,0x00000035e9100000) (1024K)]
  0x00000158b833f9c0 JavaThread "jar transforms Thread 2"           [_thread_blocked, id=13996, stack(0x00000035e8600000,0x00000035e8700000) (1024K)]
  0x00000158b833d8f0 JavaThread "jar transforms Thread 3"           [_thread_blocked, id=38564, stack(0x00000035e9100000,0x00000035e9200000) (1024K)]
  0x00000158b83441f0 JavaThread "jar transforms Thread 4"           [_thread_blocked, id=43960, stack(0x00000035e9200000,0x00000035e9300000) (1024K)]
  0x00000158b8341400 JavaThread "jar transforms Thread 5"           [_thread_blocked, id=23200, stack(0x00000035e9300000,0x00000035e9400000) (1024K)]
  0x00000158be3694e0 JavaThread "build event listener"              [_thread_blocked, id=26964, stack(0x00000035e7600000,0x00000035e7700000) (1024K)]
  0x00000158be3687c0 JavaThread "jar transforms Thread 6"           [_thread_blocked, id=12004, stack(0x00000035e9500000,0x00000035e9600000) (1024K)]
  0x00000158be3666f0 JavaThread "jar transforms Thread 7"           [_thread_blocked, id=36996, stack(0x00000035e4e00000,0x00000035e4f00000) (1024K)]
  0x00000158be36bc40 JavaThread "Unconstrained build operations Thread 11"        [_thread_blocked, id=29836, stack(0x00000035e9400000,0x00000035e9500000) (1024K)]
  0x00000158be36cff0 JavaThread "Unconstrained build operations Thread 12"        [_thread_blocked, id=5272, stack(0x00000035e4c00000,0x00000035e4d00000) (1024K)]
  0x00000158be36dd10 JavaThread "Unconstrained build operations Thread 13"        [_thread_blocked, id=14840, stack(0x00000035e9600000,0x00000035e9700000) (1024K)]
  0x00000158be36c960 JavaThread "jar transforms Thread 8"           [_thread_blocked, id=22208, stack(0x00000035e9800000,0x00000035e9900000) (1024K)]
  0x00000158bf675d60 JavaThread "Unconstrained build operations Thread 14"        [_thread_blocked, id=23088, stack(0x00000035e9900000,0x00000035e9a00000) (1024K)]
  0x00000158bf674320 JavaThread "Unconstrained build operations Thread 15"        [_thread_blocked, id=25676, stack(0x00000035e9a00000,0x00000035e9b00000) (1024K)]
  0x00000158bf6756d0 JavaThread "Unconstrained build operations Thread 16"        [_thread_blocked, id=18468, stack(0x00000035e9b00000,0x00000035e9c00000) (1024K)]
  0x00000158bf66edd0 JavaThread "Unconstrained build operations Thread 17"        [_thread_blocked, id=27580, stack(0x00000035e9c00000,0x00000035e9d00000) (1024K)]
  0x00000158bf671bc0 JavaThread "Unconstrained build operations Thread 18"        [_thread_blocked, id=7624, stack(0x00000035e9d00000,0x00000035e9e00000) (1024K)]
  0x00000158bf670810 JavaThread "Unconstrained build operations Thread 19"        [_thread_blocked, id=13216, stack(0x00000035e9700000,0x00000035e9800000) (1024K)]
  0x00000158bf672f70 JavaThread "Unconstrained build operations Thread 20"        [_thread_blocked, id=19040, stack(0x00000035e9f00000,0x00000035ea000000) (1024K)]
  0x00000158c060ffc0 JavaThread "Cache worker for execution history cache (C:\Users\kiran\Downloads\jago-Updates-23-04-jago\jago-Updates-23-04-jago\jago_app-main\flutter_apps\customer_app\android\.gradle\8.9\executionHistory)"        [_thread_blocked, id=37352, stack(0x00000035e9e00000,0x00000035e9f00000) (1024K)]
  0x00000158c1d5cde0 JavaThread "WorkerExecutor Queue Thread 2"        [_thread_blocked, id=27588, stack(0x00000035ea400000,0x00000035ea500000) (1024K)]
  0x00000158c1d5a680 JavaThread "WorkerExecutor Queue Thread 4"        [_thread_blocked, id=32808, stack(0x00000035ea500000,0x00000035ea600000) (1024K)]
  0x00000158bf673c90 JavaThread "ForkJoinPool-1-worker-1"    daemon [_thread_blocked, id=1332, stack(0x00000035ea900000,0x00000035eaa00000) (1024K)]
  0x00000158bf675040 JavaThread "ForkJoinPool-1-worker-2"    daemon [_thread_blocked, id=34848, stack(0x00000035eaa00000,0x00000035eab00000) (1024K)]
  0x00000158bf672250 JavaThread "ForkJoinPool-1-worker-3"    daemon [_thread_blocked, id=2724, stack(0x00000035eab00000,0x00000035eac00000) (1024K)]
  0x00000158c0d5ae90 JavaThread "ForkJoinPool-1-worker-4"    daemon [_thread_blocked, id=23016, stack(0x00000035eac00000,0x00000035ead00000) (1024K)]
  0x00000158c0345a20 JavaThread "C2 CompilerThread1"         daemon [_thread_blocked, id=43248, stack(0x00000035e4d00000,0x00000035e4e00000) (1024K)]
Total: 75

Other Threads:
=>0x00000158af58f480 VMThread "VM Thread"                           [id=11732, stack(0x00000035e5600000,0x00000035e5700000) (1024K)]
  0x00000158af2b6b60 WatcherThread "VM Periodic Task Thread"        [id=29040, stack(0x00000035e5500000,0x00000035e5600000) (1024K)]
  0x0000015885779b10 WorkerThread "GC Thread#0"                     [id=39924, stack(0x00000035e5000000,0x00000035e5100000) (1024K)]
  0x00000158b47f6930 WorkerThread "GC Thread#1"                     [id=34956, stack(0x00000035e6200000,0x00000035e6300000) (1024K)]
  0x00000158b43ec310 WorkerThread "GC Thread#2"                     [id=35928, stack(0x00000035e6300000,0x00000035e6400000) (1024K)]
  0x00000158b4525ed0 WorkerThread "GC Thread#3"                     [id=22644, stack(0x00000035e6400000,0x00000035e6500000) (1024K)]
  0x00000158b4e7cb80 WorkerThread "GC Thread#4"                     [id=39932, stack(0x00000035e6100000,0x00000035e6200000) (1024K)]
  0x00000158b593a7d0 WorkerThread "GC Thread#5"                     [id=35072, stack(0x00000035e6700000,0x00000035e6800000) (1024K)]
  0x00000158b5ac8290 WorkerThread "GC Thread#6"                     [id=37076, stack(0x00000035e6800000,0x00000035e6900000) (1024K)]
  0x00000158b5ac8630 WorkerThread "GC Thread#7"                     [id=29132, stack(0x00000035e6900000,0x00000035e6a00000) (1024K)]
  0x0000015885786900 ConcurrentGCThread "G1 Main Marker"            [id=26452, stack(0x00000035e5100000,0x00000035e5200000) (1024K)]
  0x0000015885788050 WorkerThread "G1 Conc#0"                       [id=33432, stack(0x00000035e5200000,0x00000035e5300000) (1024K)]
  0x00000158b5b6ee20 WorkerThread "G1 Conc#1"                       [id=16660, stack(0x00000035e7300000,0x00000035e7400000) (1024K)]
  0x00000158857dcfa0 ConcurrentGCThread "G1 Refine#0"               [id=39560, stack(0x00000035e5300000,0x00000035e5400000) (1024K)]
  0x00000158c07b9f80 ConcurrentGCThread "G1 Refine#1"               [id=34508, stack(0x00000035ea100000,0x00000035ea200000) (1024K)]
  0x00000158c07b96e0 ConcurrentGCThread "G1 Refine#2"               [id=21976, stack(0x00000035ead00000,0x00000035eae00000) (1024K)]
  0x00000158857dd920 ConcurrentGCThread "G1 Service"                [id=38624, stack(0x00000035e5400000,0x00000035e5500000) (1024K)]
Total: 17

Threads with active compile tasks:
C2 CompilerThread0  394754 48295       4       com.android.tools.r8.internal.zt::a (3948 bytes)
C2 CompilerThread1  394754 48288       4       com.android.tools.r8.internal.zt::a (902 bytes)
Total: 2

VM state: at safepoint (normal execution)

VM Mutex/Monitor currently owned by a thread:  ([mutex/lock_event])
[0x00007ffe36e885b8] Threads_lock - owner thread: 0x00000158af58f480
[0x00007ffe36e886b8] Heap_lock - owner thread: 0x00000158bf675040

Heap address: 0x0000000740000000, size: 3072 MB, Compressed Oops mode: Zero based, Oop shift amount: 3

CDS archive(s) not mapped
Compressed class space mapped at: 0x0000000800000000-0x000000081a000000, reserved size: 436207616
Narrow klass base: 0x0000000800000000, Narrow klass shift: 0, Narrow klass range: 0x1a000000

GC Precious Log:
 CardTable entry size: 512
 Card Set container configuration: InlinePtr #cards 4 size 8 Array Of Cards #cards 16 size 48 Howl #buckets 8 coarsen threshold 3686 Howl Bitmap #cards 512 size 80 coarsen threshold 460 Card regions per heap region 1 cards per card region 4096
 CPUs: 8 total, 8 available
 Memory: 7930M
 Large Page Support: Disabled
 NUMA Support: Disabled
 Compressed Oops: Enabled (Zero based)
 Heap Region Size: 2M
 Heap Min Capacity: 8M
 Heap Initial Capacity: 124M
 Heap Max Capacity: 3G
 Pre-touch: Disabled
 Parallel Workers: 8
 Concurrent Workers: 2
 Concurrent Refinement Workers: 8
 Periodic GC: Disabled

Heap:
 garbage-first heap   total 2224128K, used 1213440K [0x0000000740000000, 0x0000000800000000)
  region size 2048K, 29 young (59392K), 29 survivors (59392K)
 Metaspace       used 187340K, committed 190208K, reserved 622592K
  class space    used 25657K, committed 27008K, reserved 425984K

Heap Regions: E=young(eden), S=young(survivor), O=old, HS=humongous(starts), HC=humongous(continues), CS=collection set, F=free, TAMS=top-at-mark-start, PB=parsable bottom
|   0|0x0000000740000000, 0x0000000740200000, 0x0000000740200000|100%| O|  |TAMS 0x0000000740000000| PB 0x0000000740000000| Untracked 
|   1|0x0000000740200000, 0x0000000740400000, 0x0000000740400000|100%|HS|  |TAMS 0x0000000740200000| PB 0x0000000740200000| Complete 
|   2|0x0000000740400000, 0x0000000740600000, 0x0000000740600000|100%|HC|  |TAMS 0x0000000740400000| PB 0x0000000740400000| Complete 
|   3|0x0000000740600000, 0x0000000740800000, 0x0000000740800000|100%| O|  |TAMS 0x0000000740600000| PB 0x0000000740600000| Untracked 
|   4|0x0000000740800000, 0x0000000740a00000, 0x0000000740a00000|100%| O|  |TAMS 0x0000000740800000| PB 0x0000000740800000| Untracked 
|   5|0x0000000740a00000, 0x0000000740c00000, 0x0000000740c00000|100%| O|  |TAMS 0x0000000740a00000| PB 0x0000000740a00000| Untracked 
|   6|0x0000000740c00000, 0x0000000740e00000, 0x0000000740e00000|100%| O|  |TAMS 0x0000000740c00000| PB 0x0000000740c00000| Untracked 
|   7|0x0000000740e00000, 0x0000000741000000, 0x0000000741000000|100%| O|  |TAMS 0x0000000740e00000| PB 0x0000000740e00000| Untracked 
|   8|0x0000000741000000, 0x0000000741200000, 0x0000000741200000|100%| O|  |TAMS 0x0000000741000000| PB 0x0000000741000000| Untracked 
|   9|0x0000000741200000, 0x0000000741400000, 0x0000000741400000|100%| O|  |TAMS 0x0000000741200000| PB 0x0000000741200000| Untracked 
|  10|0x0000000741400000, 0x0000000741600000, 0x0000000741600000|100%| O|  |TAMS 0x0000000741400000| PB 0x0000000741400000| Untracked 
|  11|0x0000000741600000, 0x0000000741800000, 0x0000000741800000|100%| O|  |TAMS 0x0000000741600000| PB 0x0000000741600000| Untracked 
|  12|0x0000000741800000, 0x0000000741a00000, 0x0000000741a00000|100%| O|  |TAMS 0x0000000741800000| PB 0x0000000741800000| Untracked 
|  13|0x0000000741a00000, 0x0000000741c00000, 0x0000000741c00000|100%| O|  |TAMS 0x0000000741a00000| PB 0x0000000741a00000| Untracked 
|  14|0x0000000741c00000, 0x0000000741e00000, 0x0000000741e00000|100%| O|  |TAMS 0x0000000741c00000| PB 0x0000000741c00000| Untracked 
|  15|0x0000000741e00000, 0x0000000742000000, 0x0000000742000000|100%| O|  |TAMS 0x0000000741e00000| PB 0x0000000741e00000| Untracked 
|  16|0x0000000742000000, 0x0000000742200000, 0x0000000742200000|100%| O|  |TAMS 0x0000000742000000| PB 0x0000000742000000| Untracked 
|  17|0x0000000742200000, 0x0000000742400000, 0x0000000742400000|100%| O|  |TAMS 0x0000000742200000| PB 0x0000000742200000| Untracked 
|  18|0x0000000742400000, 0x0000000742600000, 0x0000000742600000|100%| O|  |TAMS 0x0000000742400000| PB 0x0000000742400000| Untracked 
|  19|0x0000000742600000, 0x0000000742800000, 0x0000000742800000|100%| O|  |TAMS 0x0000000742600000| PB 0x0000000742600000| Untracked 
|  20|0x0000000742800000, 0x0000000742a00000, 0x0000000742a00000|100%| O|  |TAMS 0x0000000742800000| PB 0x0000000742800000| Untracked 
|  21|0x0000000742a00000, 0x0000000742c00000, 0x0000000742c00000|100%|HS|  |TAMS 0x0000000742a00000| PB 0x0000000742a00000| Complete 
|  22|0x0000000742c00000, 0x0000000742e00000, 0x0000000742e00000|100%|HS|  |TAMS 0x0000000742c00000| PB 0x0000000742c00000| Complete 
|  23|0x0000000742e00000, 0x0000000743000000, 0x0000000743000000|100%| O|  |TAMS 0x0000000742e00000| PB 0x0000000742e00000| Untracked 
|  24|0x0000000743000000, 0x0000000743200000, 0x0000000743200000|100%| O|  |TAMS 0x0000000743000000| PB 0x0000000743000000| Untracked 
|  25|0x0000000743200000, 0x0000000743400000, 0x0000000743400000|100%| O|  |TAMS 0x0000000743200000| PB 0x0000000743200000| Untracked 
|  26|0x0000000743400000, 0x0000000743600000, 0x0000000743600000|100%|HS|  |TAMS 0x0000000743400000| PB 0x0000000743400000| Complete 
|  27|0x0000000743600000, 0x0000000743800000, 0x0000000743800000|100%|HC|  |TAMS 0x0000000743600000| PB 0x0000000743600000| Complete 
|  28|0x0000000743800000, 0x0000000743a00000, 0x0000000743a00000|100%|HS|  |TAMS 0x0000000743800000| PB 0x0000000743800000| Complete 
|  29|0x0000000743a00000, 0x0000000743c00000, 0x0000000743c00000|100%|HC|  |TAMS 0x0000000743a00000| PB 0x0000000743a00000| Complete 
|  30|0x0000000743c00000, 0x0000000743e00000, 0x0000000743e00000|100%| O|  |TAMS 0x0000000743c00000| PB 0x0000000743c00000| Untracked 
|  31|0x0000000743e00000, 0x0000000744000000, 0x0000000744000000|100%| O|  |TAMS 0x0000000743e00000| PB 0x0000000743e00000| Untracked 
|  32|0x0000000744000000, 0x0000000744200000, 0x0000000744200000|100%| O|  |TAMS 0x0000000744000000| PB 0x0000000744000000| Untracked 
|  33|0x0000000744200000, 0x0000000744400000, 0x0000000744400000|100%| O|  |TAMS 0x0000000744200000| PB 0x0000000744200000| Untracked 
|  34|0x0000000744400000, 0x0000000744600000, 0x0000000744600000|100%| O|  |TAMS 0x0000000744400000| PB 0x0000000744400000| Untracked 
|  35|0x0000000744600000, 0x0000000744800000, 0x0000000744800000|100%| O|  |TAMS 0x0000000744600000| PB 0x0000000744600000| Untracked 
|  36|0x0000000744800000, 0x0000000744a00000, 0x0000000744a00000|100%| O|  |TAMS 0x0000000744800000| PB 0x0000000744800000| Untracked 
|  37|0x0000000744a00000, 0x0000000744c00000, 0x0000000744c00000|100%| O|  |TAMS 0x0000000744a00000| PB 0x0000000744a00000| Untracked 
|  38|0x0000000744c00000, 0x0000000744e00000, 0x0000000744e00000|100%| O|  |TAMS 0x0000000744c00000| PB 0x0000000744c00000| Untracked 
|  39|0x0000000744e00000, 0x0000000745000000, 0x0000000745000000|100%| O|  |TAMS 0x0000000744e00000| PB 0x0000000744e00000| Untracked 
|  40|0x0000000745000000, 0x0000000745200000, 0x0000000745200000|100%| O|  |TAMS 0x0000000745000000| PB 0x0000000745000000| Untracked 
|  41|0x0000000745200000, 0x0000000745400000, 0x0000000745400000|100%|HS|  |TAMS 0x0000000745200000| PB 0x0000000745200000| Complete 
|  42|0x0000000745400000, 0x0000000745600000, 0x0000000745600000|100%|HS|  |TAMS 0x0000000745400000| PB 0x0000000745400000| Complete 
|  43|0x0000000745600000, 0x0000000745800000, 0x0000000745800000|100%| O|  |TAMS 0x0000000745600000| PB 0x0000000745600000| Untracked 
|  44|0x0000000745800000, 0x0000000745a00000, 0x0000000745a00000|100%| O|  |TAMS 0x0000000745800000| PB 0x0000000745800000| Untracked 
|  45|0x0000000745a00000, 0x0000000745c00000, 0x0000000745c00000|100%| O|  |TAMS 0x0000000745a00000| PB 0x0000000745a00000| Untracked 
|  46|0x0000000745c00000, 0x0000000745e00000, 0x0000000745e00000|100%| O|  |TAMS 0x0000000745c00000| PB 0x0000000745c00000| Untracked 
|  47|0x0000000745e00000, 0x0000000746000000, 0x0000000746000000|100%| O|  |TAMS 0x0000000745e00000| PB 0x0000000745e00000| Untracked 
|  48|0x0000000746000000, 0x0000000746200000, 0x0000000746200000|100%| O|  |TAMS 0x0000000746000000| PB 0x0000000746000000| Untracked 
|  49|0x0000000746200000, 0x0000000746400000, 0x0000000746400000|100%| O|  |TAMS 0x0000000746200000| PB 0x0000000746200000| Untracked 
|  50|0x0000000746400000, 0x0000000746600000, 0x0000000746600000|100%| O|  |TAMS 0x0000000746400000| PB 0x0000000746400000| Untracked 
|  51|0x0000000746600000, 0x0000000746800000, 0x0000000746800000|100%| O|  |TAMS 0x0000000746600000| PB 0x0000000746600000| Untracked 
|  52|0x0000000746800000, 0x0000000746a00000, 0x0000000746a00000|100%| O|  |TAMS 0x0000000746800000| PB 0x0000000746800000| Untracked 
|  53|0x0000000746a00000, 0x0000000746c00000, 0x0000000746c00000|100%| O|  |TAMS 0x0000000746a00000| PB 0x0000000746a00000| Untracked 
|  54|0x0000000746c00000, 0x0000000746e00000, 0x0000000746e00000|100%| O|  |TAMS 0x0000000746c00000| PB 0x0000000746c00000| Untracked 
|  55|0x0000000746e00000, 0x0000000747000000, 0x0000000747000000|100%| O|  |TAMS 0x0000000746e00000| PB 0x0000000746e00000| Untracked 
|  56|0x0000000747000000, 0x0000000747200000, 0x0000000747200000|100%| O|  |TAMS 0x0000000747000000| PB 0x0000000747000000| Untracked 
|  57|0x0000000747200000, 0x0000000747400000, 0x0000000747400000|100%| O|  |TAMS 0x0000000747200000| PB 0x0000000747200000| Untracked 
|  58|0x0000000747400000, 0x0000000747600000, 0x0000000747600000|100%| O|  |TAMS 0x0000000747400000| PB 0x0000000747400000| Untracked 
|  59|0x0000000747600000, 0x0000000747800000, 0x0000000747800000|100%| O|  |TAMS 0x0000000747600000| PB 0x0000000747600000| Untracked 
|  60|0x0000000747800000, 0x0000000747a00000, 0x0000000747a00000|100%| O|  |TAMS 0x0000000747800000| PB 0x0000000747800000| Untracked 
|  61|0x0000000747a00000, 0x0000000747c00000, 0x0000000747c00000|100%| O|  |TAMS 0x0000000747a00000| PB 0x0000000747a00000| Untracked 
|  62|0x0000000747c00000, 0x0000000747e00000, 0x0000000747e00000|100%| O|  |TAMS 0x0000000747c00000| PB 0x0000000747c00000| Untracked 
|  63|0x0000000747e00000, 0x0000000748000000, 0x0000000748000000|100%| O|  |TAMS 0x0000000747e00000| PB 0x0000000747e00000| Untracked 
|  64|0x0000000748000000, 0x0000000748200000, 0x0000000748200000|100%| O|  |TAMS 0x0000000748000000| PB 0x0000000748000000| Untracked 
|  65|0x0000000748200000, 0x0000000748400000, 0x0000000748400000|100%| O|  |TAMS 0x0000000748200000| PB 0x0000000748200000| Untracked 
|  66|0x0000000748400000, 0x0000000748600000, 0x0000000748600000|100%| O|  |TAMS 0x0000000748400000| PB 0x0000000748400000| Untracked 
|  67|0x0000000748600000, 0x0000000748800000, 0x0000000748800000|100%| O|  |TAMS 0x0000000748600000| PB 0x0000000748600000| Untracked 
|  68|0x0000000748800000, 0x0000000748a00000, 0x0000000748a00000|100%| O|  |TAMS 0x0000000748800000| PB 0x0000000748800000| Untracked 
|  69|0x0000000748a00000, 0x0000000748c00000, 0x0000000748c00000|100%| O|  |TAMS 0x0000000748a00000| PB 0x0000000748a00000| Untracked 
|  70|0x0000000748c00000, 0x0000000748e00000, 0x0000000748e00000|100%| O|  |TAMS 0x0000000748c00000| PB 0x0000000748c00000| Untracked 
|  71|0x0000000748e00000, 0x0000000749000000, 0x0000000749000000|100%| O|  |TAMS 0x0000000748e00000| PB 0x0000000748e00000| Untracked 
|  72|0x0000000749000000, 0x0000000749200000, 0x0000000749200000|100%| O|  |TAMS 0x0000000749000000| PB 0x0000000749000000| Untracked 
|  73|0x0000000749200000, 0x0000000749400000, 0x0000000749400000|100%| O|  |TAMS 0x0000000749200000| PB 0x0000000749200000| Untracked 
|  74|0x0000000749400000, 0x0000000749600000, 0x0000000749600000|100%| O|  |TAMS 0x0000000749400000| PB 0x0000000749400000| Untracked 
|  75|0x0000000749600000, 0x0000000749800000, 0x0000000749800000|100%| O|  |TAMS 0x0000000749600000| PB 0x0000000749600000| Untracked 
|  76|0x0000000749800000, 0x0000000749a00000, 0x0000000749a00000|100%|HS|  |TAMS 0x0000000749800000| PB 0x0000000749800000| Complete 
|  77|0x0000000749a00000, 0x0000000749c00000, 0x0000000749c00000|100%|HC|  |TAMS 0x0000000749a00000| PB 0x0000000749a00000| Complete 
|  78|0x0000000749c00000, 0x0000000749e00000, 0x0000000749e00000|100%| O|  |TAMS 0x0000000749c00000| PB 0x0000000749c00000| Untracked 
|  79|0x0000000749e00000, 0x000000074a000000, 0x000000074a000000|100%|HS|  |TAMS 0x0000000749e00000| PB 0x0000000749e00000| Complete 
|  80|0x000000074a000000, 0x000000074a200000, 0x000000074a200000|100%| O|  |TAMS 0x000000074a000000| PB 0x000000074a000000| Untracked 
|  81|0x000000074a200000, 0x000000074a400000, 0x000000074a400000|100%| O|  |TAMS 0x000000074a200000| PB 0x000000074a200000| Untracked 
|  82|0x000000074a400000, 0x000000074a600000, 0x000000074a600000|100%| O|  |TAMS 0x000000074a400000| PB 0x000000074a400000| Untracked 
|  83|0x000000074a600000, 0x000000074a800000, 0x000000074a800000|100%| O|  |TAMS 0x000000074a600000| PB 0x000000074a600000| Untracked 
|  84|0x000000074a800000, 0x000000074aa00000, 0x000000074aa00000|100%| O|  |TAMS 0x000000074a800000| PB 0x000000074a800000| Untracked 
|  85|0x000000074aa00000, 0x000000074ac00000, 0x000000074ac00000|100%| O|  |TAMS 0x000000074aa00000| PB 0x000000074aa00000| Untracked 
|  86|0x000000074ac00000, 0x000000074ae00000, 0x000000074ae00000|100%| O|  |TAMS 0x000000074ac00000| PB 0x000000074ac00000| Untracked 
|  87|0x000000074ae00000, 0x000000074b000000, 0x000000074b000000|100%| O|  |TAMS 0x000000074ae00000| PB 0x000000074ae00000| Untracked 
|  88|0x000000074b000000, 0x000000074b200000, 0x000000074b200000|100%| O|  |TAMS 0x000000074b000000| PB 0x000000074b000000| Untracked 
|  89|0x000000074b200000, 0x000000074b400000, 0x000000074b400000|100%| O|  |TAMS 0x000000074b200000| PB 0x000000074b200000| Untracked 
|  90|0x000000074b400000, 0x000000074b600000, 0x000000074b600000|100%| O|  |TAMS 0x000000074b400000| PB 0x000000074b400000| Untracked 
|  91|0x000000074b600000, 0x000000074b800000, 0x000000074b800000|100%| O|  |TAMS 0x000000074b600000| PB 0x000000074b600000| Untracked 
|  92|0x000000074b800000, 0x000000074ba00000, 0x000000074ba00000|100%| O|  |TAMS 0x000000074b800000| PB 0x000000074b800000| Untracked 
|  93|0x000000074ba00000, 0x000000074bc00000, 0x000000074bc00000|100%| O|  |TAMS 0x000000074ba00000| PB 0x000000074ba00000| Untracked 
|  94|0x000000074bc00000, 0x000000074be00000, 0x000000074be00000|100%| O|  |TAMS 0x000000074bc00000| PB 0x000000074bc00000| Untracked 
|  95|0x000000074be00000, 0x000000074c000000, 0x000000074c000000|100%|HS|  |TAMS 0x000000074be00000| PB 0x000000074be00000| Complete 
|  96|0x000000074c000000, 0x000000074c200000, 0x000000074c200000|100%| O|  |TAMS 0x000000074c000000| PB 0x000000074c000000| Untracked 
|  97|0x000000074c200000, 0x000000074c400000, 0x000000074c400000|100%| O|  |TAMS 0x000000074c200000| PB 0x000000074c200000| Untracked 
|  98|0x000000074c400000, 0x000000074c600000, 0x000000074c600000|100%| O|  |TAMS 0x000000074c400000| PB 0x000000074c400000| Untracked 
|  99|0x000000074c600000, 0x000000074c800000, 0x000000074c800000|100%| O|  |TAMS 0x000000074c600000| PB 0x000000074c600000| Untracked 
| 100|0x000000074c800000, 0x000000074ca00000, 0x000000074ca00000|100%| O|  |TAMS 0x000000074c800000| PB 0x000000074c800000| Untracked 
| 101|0x000000074ca00000, 0x000000074cc00000, 0x000000074cc00000|100%| O|  |TAMS 0x000000074ca00000| PB 0x000000074ca00000| Untracked 
| 102|0x000000074cc00000, 0x000000074ce00000, 0x000000074ce00000|100%| O|  |TAMS 0x000000074cc00000| PB 0x000000074cc00000| Untracked 
| 103|0x000000074ce00000, 0x000000074d000000, 0x000000074d000000|100%| O|  |TAMS 0x000000074ce00000| PB 0x000000074ce00000| Untracked 
| 104|0x000000074d000000, 0x000000074d200000, 0x000000074d200000|100%| O|  |TAMS 0x000000074d000000| PB 0x000000074d000000| Untracked 
| 105|0x000000074d200000, 0x000000074d400000, 0x000000074d400000|100%| O|  |TAMS 0x000000074d200000| PB 0x000000074d200000| Untracked 
| 106|0x000000074d400000, 0x000000074d600000, 0x000000074d600000|100%| O|  |TAMS 0x000000074d400000| PB 0x000000074d400000| Untracked 
| 107|0x000000074d600000, 0x000000074d800000, 0x000000074d800000|100%| O|  |TAMS 0x000000074d600000| PB 0x000000074d600000| Untracked 
| 108|0x000000074d800000, 0x000000074da00000, 0x000000074da00000|100%| O|  |TAMS 0x000000074d800000| PB 0x000000074d800000| Untracked 
| 109|0x000000074da00000, 0x000000074dc00000, 0x000000074dc00000|100%| O|  |TAMS 0x000000074da00000| PB 0x000000074da00000| Untracked 
| 110|0x000000074dc00000, 0x000000074de00000, 0x000000074de00000|100%| O|  |TAMS 0x000000074dc00000| PB 0x000000074dc00000| Untracked 
| 111|0x000000074de00000, 0x000000074e000000, 0x000000074e000000|100%| O|  |TAMS 0x000000074de00000| PB 0x000000074de00000| Untracked 
| 112|0x000000074e000000, 0x000000074e200000, 0x000000074e200000|100%| O|  |TAMS 0x000000074e000000| PB 0x000000074e000000| Untracked 
| 113|0x000000074e200000, 0x000000074e400000, 0x000000074e400000|100%| O|  |TAMS 0x000000074e200000| PB 0x000000074e200000| Untracked 
| 114|0x000000074e400000, 0x000000074e600000, 0x000000074e600000|100%| O|  |TAMS 0x000000074e400000| PB 0x000000074e400000| Untracked 
| 115|0x000000074e600000, 0x000000074e800000, 0x000000074e800000|100%| O|  |TAMS 0x000000074e600000| PB 0x000000074e600000| Untracked 
| 116|0x000000074e800000, 0x000000074ea00000, 0x000000074ea00000|100%| O|  |TAMS 0x000000074e800000| PB 0x000000074e800000| Untracked 
| 117|0x000000074ea00000, 0x000000074ec00000, 0x000000074ec00000|100%| O|  |TAMS 0x000000074ea00000| PB 0x000000074ea00000| Untracked 
| 118|0x000000074ec00000, 0x000000074ee00000, 0x000000074ee00000|100%| O|  |TAMS 0x000000074ec00000| PB 0x000000074ec00000| Untracked 
| 119|0x000000074ee00000, 0x000000074f000000, 0x000000074f000000|100%| O|  |TAMS 0x000000074ee00000| PB 0x000000074ee00000| Untracked 
| 120|0x000000074f000000, 0x000000074f200000, 0x000000074f200000|100%| O|  |TAMS 0x000000074f000000| PB 0x000000074f000000| Untracked 
| 121|0x000000074f200000, 0x000000074f400000, 0x000000074f400000|100%| O|  |TAMS 0x000000074f200000| PB 0x000000074f200000| Untracked 
| 122|0x000000074f400000, 0x000000074f600000, 0x000000074f600000|100%| O|  |TAMS 0x000000074f400000| PB 0x000000074f400000| Untracked 
| 123|0x000000074f600000, 0x000000074f800000, 0x000000074f800000|100%| O|  |TAMS 0x000000074f600000| PB 0x000000074f600000| Untracked 
| 124|0x000000074f800000, 0x000000074fa00000, 0x000000074fa00000|100%| O|  |TAMS 0x000000074f800000| PB 0x000000074f800000| Untracked 
| 125|0x000000074fa00000, 0x000000074fc00000, 0x000000074fc00000|100%| O|  |TAMS 0x000000074fa00000| PB 0x000000074fa00000| Untracked 
| 126|0x000000074fc00000, 0x000000074fe00000, 0x000000074fe00000|100%| O|  |TAMS 0x000000074fc00000| PB 0x000000074fc00000| Untracked 
| 127|0x000000074fe00000, 0x0000000750000000, 0x0000000750000000|100%| O|  |TAMS 0x000000074fe00000| PB 0x000000074fe00000| Untracked 
| 128|0x0000000750000000, 0x0000000750200000, 0x0000000750200000|100%|HS|  |TAMS 0x0000000750000000| PB 0x0000000750000000| Complete 
| 129|0x0000000750200000, 0x0000000750400000, 0x0000000750400000|100%| O|  |TAMS 0x0000000750200000| PB 0x0000000750200000| Untracked 
| 130|0x0000000750400000, 0x0000000750600000, 0x0000000750600000|100%| O|  |TAMS 0x0000000750400000| PB 0x0000000750400000| Untracked 
| 131|0x0000000750600000, 0x0000000750800000, 0x0000000750800000|100%| O|  |TAMS 0x0000000750600000| PB 0x0000000750600000| Untracked 
| 132|0x0000000750800000, 0x0000000750a00000, 0x0000000750a00000|100%| O|  |TAMS 0x0000000750800000| PB 0x0000000750800000| Untracked 
| 133|0x0000000750a00000, 0x0000000750c00000, 0x0000000750c00000|100%| O|  |TAMS 0x0000000750a00000| PB 0x0000000750a00000| Untracked 
| 134|0x0000000750c00000, 0x0000000750e00000, 0x0000000750e00000|100%| O|  |TAMS 0x0000000750c00000| PB 0x0000000750c00000| Untracked 
| 135|0x0000000750e00000, 0x0000000751000000, 0x0000000751000000|100%| O|  |TAMS 0x0000000750e00000| PB 0x0000000750e00000| Untracked 
| 136|0x0000000751000000, 0x0000000751200000, 0x0000000751200000|100%| O|  |TAMS 0x0000000751000000| PB 0x0000000751000000| Untracked 
| 137|0x0000000751200000, 0x0000000751400000, 0x0000000751400000|100%| O|  |TAMS 0x0000000751200000| PB 0x0000000751200000| Untracked 
| 138|0x0000000751400000, 0x0000000751600000, 0x0000000751600000|100%| O|  |TAMS 0x0000000751400000| PB 0x0000000751400000| Untracked 
| 139|0x0000000751600000, 0x0000000751800000, 0x0000000751800000|100%| O|  |TAMS 0x0000000751600000| PB 0x0000000751600000| Untracked 
| 140|0x0000000751800000, 0x0000000751a00000, 0x0000000751a00000|100%| O|  |TAMS 0x0000000751800000| PB 0x0000000751800000| Untracked 
| 141|0x0000000751a00000, 0x0000000751c00000, 0x0000000751c00000|100%| O|  |TAMS 0x0000000751a00000| PB 0x0000000751a00000| Untracked 
| 142|0x0000000751c00000, 0x0000000751e00000, 0x0000000751e00000|100%| O|  |TAMS 0x0000000751c00000| PB 0x0000000751c00000| Untracked 
| 143|0x0000000751e00000, 0x0000000752000000, 0x0000000752000000|100%| O|  |TAMS 0x0000000751e00000| PB 0x0000000751e00000| Untracked 
| 144|0x0000000752000000, 0x0000000752200000, 0x0000000752200000|100%| O|  |TAMS 0x0000000752000000| PB 0x0000000752000000| Untracked 
| 145|0x0000000752200000, 0x0000000752400000, 0x0000000752400000|100%| O|  |TAMS 0x0000000752200000| PB 0x0000000752200000| Untracked 
| 146|0x0000000752400000, 0x0000000752600000, 0x0000000752600000|100%| O|  |TAMS 0x0000000752400000| PB 0x0000000752400000| Untracked 
| 147|0x0000000752600000, 0x0000000752800000, 0x0000000752800000|100%| O|  |TAMS 0x0000000752600000| PB 0x0000000752600000| Untracked 
| 148|0x0000000752800000, 0x0000000752a00000, 0x0000000752a00000|100%| O|  |TAMS 0x0000000752800000| PB 0x0000000752800000| Untracked 
| 149|0x0000000752a00000, 0x0000000752c00000, 0x0000000752c00000|100%| O|  |TAMS 0x0000000752a00000| PB 0x0000000752a00000| Untracked 
| 150|0x0000000752c00000, 0x0000000752e00000, 0x0000000752e00000|100%| O|  |TAMS 0x0000000752c00000| PB 0x0000000752c00000| Untracked 
| 151|0x0000000752e00000, 0x0000000753000000, 0x0000000753000000|100%| O|  |TAMS 0x0000000752e00000| PB 0x0000000752e00000| Untracked 
| 152|0x0000000753000000, 0x0000000753200000, 0x0000000753200000|100%| O|  |TAMS 0x0000000753000000| PB 0x0000000753000000| Untracked 
| 153|0x0000000753200000, 0x0000000753400000, 0x0000000753400000|100%| O|  |TAMS 0x0000000753200000| PB 0x0000000753200000| Untracked 
| 154|0x0000000753400000, 0x0000000753600000, 0x0000000753600000|100%| O|  |TAMS 0x0000000753400000| PB 0x0000000753400000| Untracked 
| 155|0x0000000753600000, 0x0000000753800000, 0x0000000753800000|100%| O|  |TAMS 0x0000000753600000| PB 0x0000000753600000| Untracked 
| 156|0x0000000753800000, 0x0000000753a00000, 0x0000000753a00000|100%| O|  |TAMS 0x0000000753800000| PB 0x0000000753800000| Untracked 
| 157|0x0000000753a00000, 0x0000000753c00000, 0x0000000753c00000|100%| O|  |TAMS 0x0000000753a00000| PB 0x0000000753a00000| Untracked 
| 158|0x0000000753c00000, 0x0000000753e00000, 0x0000000753e00000|100%| O|  |TAMS 0x0000000753c00000| PB 0x0000000753c00000| Untracked 
| 159|0x0000000753e00000, 0x0000000754000000, 0x0000000754000000|100%| O|  |TAMS 0x0000000753e00000| PB 0x0000000753e00000| Untracked 
| 160|0x0000000754000000, 0x0000000754200000, 0x0000000754200000|100%| O|  |TAMS 0x0000000754000000| PB 0x0000000754000000| Untracked 
| 161|0x0000000754200000, 0x0000000754400000, 0x0000000754400000|100%| O|  |TAMS 0x0000000754200000| PB 0x0000000754200000| Untracked 
| 162|0x0000000754400000, 0x0000000754600000, 0x0000000754600000|100%| O|  |TAMS 0x0000000754400000| PB 0x0000000754400000| Untracked 
| 163|0x0000000754600000, 0x0000000754800000, 0x0000000754800000|100%| O|  |TAMS 0x0000000754600000| PB 0x0000000754600000| Untracked 
| 164|0x0000000754800000, 0x0000000754a00000, 0x0000000754a00000|100%| O|  |TAMS 0x0000000754800000| PB 0x0000000754800000| Untracked 
| 165|0x0000000754a00000, 0x0000000754c00000, 0x0000000754c00000|100%| O|  |TAMS 0x0000000754a00000| PB 0x0000000754a00000| Untracked 
| 166|0x0000000754c00000, 0x0000000754e00000, 0x0000000754e00000|100%| O|  |TAMS 0x0000000754c00000| PB 0x0000000754c00000| Untracked 
| 167|0x0000000754e00000, 0x0000000755000000, 0x0000000755000000|100%| O|  |TAMS 0x0000000754e00000| PB 0x0000000754e00000| Untracked 
| 168|0x0000000755000000, 0x0000000755200000, 0x0000000755200000|100%| O|  |TAMS 0x0000000755000000| PB 0x0000000755000000| Untracked 
| 169|0x0000000755200000, 0x0000000755400000, 0x0000000755400000|100%| O|  |TAMS 0x0000000755200000| PB 0x0000000755200000| Untracked 
| 170|0x0000000755400000, 0x0000000755600000, 0x0000000755600000|100%| O|  |TAMS 0x0000000755400000| PB 0x0000000755400000| Untracked 
| 171|0x0000000755600000, 0x0000000755800000, 0x0000000755800000|100%|HS|  |TAMS 0x0000000755600000| PB 0x0000000755600000| Complete 
| 172|0x0000000755800000, 0x0000000755a00000, 0x0000000755a00000|100%|HC|  |TAMS 0x0000000755800000| PB 0x0000000755800000| Complete 
| 173|0x0000000755a00000, 0x0000000755c00000, 0x0000000755c00000|100%|HS|  |TAMS 0x0000000755a00000| PB 0x0000000755a00000| Complete 
| 174|0x0000000755c00000, 0x0000000755e00000, 0x0000000755e00000|100%| O|  |TAMS 0x0000000755c00000| PB 0x0000000755c00000| Untracked 
| 175|0x0000000755e00000, 0x0000000756000000, 0x0000000756000000|100%| O|  |TAMS 0x0000000755e00000| PB 0x0000000755e00000| Untracked 
| 176|0x0000000756000000, 0x0000000756200000, 0x0000000756200000|100%| O|  |TAMS 0x0000000756000000| PB 0x0000000756000000| Untracked 
| 177|0x0000000756200000, 0x0000000756400000, 0x0000000756400000|100%| O|  |TAMS 0x0000000756200000| PB 0x0000000756200000| Untracked 
| 178|0x0000000756400000, 0x0000000756600000, 0x0000000756600000|100%| O|  |TAMS 0x0000000756400000| PB 0x0000000756400000| Untracked 
| 179|0x0000000756600000, 0x0000000756800000, 0x0000000756800000|100%| O|  |TAMS 0x0000000756600000| PB 0x0000000756600000| Untracked 
| 180|0x0000000756800000, 0x0000000756a00000, 0x0000000756a00000|100%| O|  |TAMS 0x0000000756800000| PB 0x0000000756800000| Untracked 
| 181|0x0000000756a00000, 0x0000000756c00000, 0x0000000756c00000|100%| O|  |TAMS 0x0000000756a00000| PB 0x0000000756a00000| Untracked 
| 182|0x0000000756c00000, 0x0000000756e00000, 0x0000000756e00000|100%| O|  |TAMS 0x0000000756c00000| PB 0x0000000756c00000| Untracked 
| 183|0x0000000756e00000, 0x0000000757000000, 0x0000000757000000|100%| O|  |TAMS 0x0000000756e00000| PB 0x0000000756e00000| Untracked 
| 184|0x0000000757000000, 0x0000000757200000, 0x0000000757200000|100%| O|  |TAMS 0x0000000757000000| PB 0x0000000757000000| Untracked 
| 185|0x0000000757200000, 0x0000000757400000, 0x0000000757400000|100%| O|  |TAMS 0x0000000757200000| PB 0x0000000757200000| Untracked 
| 186|0x0000000757400000, 0x0000000757600000, 0x0000000757600000|100%| O|  |TAMS 0x0000000757400000| PB 0x0000000757400000| Untracked 
| 187|0x0000000757600000, 0x0000000757800000, 0x0000000757800000|100%| O|  |TAMS 0x0000000757600000| PB 0x0000000757600000| Untracked 
| 188|0x0000000757800000, 0x0000000757a00000, 0x0000000757a00000|100%| O|  |TAMS 0x0000000757800000| PB 0x0000000757800000| Untracked 
| 189|0x0000000757a00000, 0x0000000757c00000, 0x0000000757c00000|100%| O|  |TAMS 0x0000000757a00000| PB 0x0000000757a00000| Untracked 
| 190|0x0000000757c00000, 0x0000000757e00000, 0x0000000757e00000|100%| O|  |TAMS 0x0000000757c00000| PB 0x0000000757c00000| Untracked 
| 191|0x0000000757e00000, 0x0000000758000000, 0x0000000758000000|100%| O|  |TAMS 0x0000000757e00000| PB 0x0000000757e00000| Untracked 
| 192|0x0000000758000000, 0x0000000758200000, 0x0000000758200000|100%| O|  |TAMS 0x0000000758000000| PB 0x0000000758000000| Untracked 
| 193|0x0000000758200000, 0x0000000758400000, 0x0000000758400000|100%| O|  |TAMS 0x0000000758200000| PB 0x0000000758200000| Untracked 
| 194|0x0000000758400000, 0x0000000758600000, 0x0000000758600000|100%| O|  |TAMS 0x0000000758400000| PB 0x0000000758400000| Untracked 
| 195|0x0000000758600000, 0x0000000758800000, 0x0000000758800000|100%| O|  |TAMS 0x0000000758600000| PB 0x0000000758600000| Untracked 
| 196|0x0000000758800000, 0x0000000758a00000, 0x0000000758a00000|100%| O|  |TAMS 0x0000000758800000| PB 0x0000000758800000| Untracked 
| 197|0x0000000758a00000, 0x0000000758c00000, 0x0000000758c00000|100%| O|  |TAMS 0x0000000758a00000| PB 0x0000000758a00000| Untracked 
| 198|0x0000000758c00000, 0x0000000758e00000, 0x0000000758e00000|100%| O|  |TAMS 0x0000000758c00000| PB 0x0000000758c00000| Untracked 
| 199|0x0000000758e00000, 0x0000000759000000, 0x0000000759000000|100%| O|  |TAMS 0x0000000758e00000| PB 0x0000000758e00000| Untracked 
| 200|0x0000000759000000, 0x0000000759200000, 0x0000000759200000|100%| O|  |TAMS 0x0000000759000000| PB 0x0000000759000000| Untracked 
| 201|0x0000000759200000, 0x0000000759400000, 0x0000000759400000|100%| O|  |TAMS 0x0000000759200000| PB 0x0000000759200000| Untracked 
| 202|0x0000000759400000, 0x0000000759600000, 0x0000000759600000|100%| O|  |TAMS 0x0000000759400000| PB 0x0000000759400000| Untracked 
| 203|0x0000000759600000, 0x0000000759800000, 0x0000000759800000|100%| O|  |TAMS 0x0000000759600000| PB 0x0000000759600000| Untracked 
| 204|0x0000000759800000, 0x0000000759a00000, 0x0000000759a00000|100%| O|  |TAMS 0x0000000759800000| PB 0x0000000759800000| Untracked 
| 205|0x0000000759a00000, 0x0000000759c00000, 0x0000000759c00000|100%| O|  |TAMS 0x0000000759a00000| PB 0x0000000759a00000| Untracked 
| 206|0x0000000759c00000, 0x0000000759e00000, 0x0000000759e00000|100%| O|  |TAMS 0x0000000759c00000| PB 0x0000000759c00000| Untracked 
| 207|0x0000000759e00000, 0x000000075a000000, 0x000000075a000000|100%| O|  |TAMS 0x0000000759e00000| PB 0x0000000759e00000| Untracked 
| 208|0x000000075a000000, 0x000000075a200000, 0x000000075a200000|100%| O|  |TAMS 0x000000075a000000| PB 0x000000075a000000| Untracked 
| 209|0x000000075a200000, 0x000000075a400000, 0x000000075a400000|100%| O|  |TAMS 0x000000075a200000| PB 0x000000075a200000| Untracked 
| 210|0x000000075a400000, 0x000000075a600000, 0x000000075a600000|100%| O|  |TAMS 0x000000075a400000| PB 0x000000075a400000| Untracked 
| 211|0x000000075a600000, 0x000000075a800000, 0x000000075a800000|100%| O|  |TAMS 0x000000075a600000| PB 0x000000075a600000| Untracked 
| 212|0x000000075a800000, 0x000000075aa00000, 0x000000075aa00000|100%| O|  |TAMS 0x000000075a800000| PB 0x000000075a800000| Untracked 
| 213|0x000000075aa00000, 0x000000075ac00000, 0x000000075ac00000|100%| O|  |TAMS 0x000000075aa00000| PB 0x000000075aa00000| Untracked 
| 214|0x000000075ac00000, 0x000000075ae00000, 0x000000075ae00000|100%|HS|  |TAMS 0x000000075ac00000| PB 0x000000075ac00000| Complete 
| 215|0x000000075ae00000, 0x000000075b000000, 0x000000075b000000|100%| O|  |TAMS 0x000000075ae00000| PB 0x000000075ae00000| Untracked 
| 216|0x000000075b000000, 0x000000075b200000, 0x000000075b200000|100%| O|Cm|TAMS 0x000000075b000000| PB 0x000000075b000000| Complete 
| 217|0x000000075b200000, 0x000000075b400000, 0x000000075b400000|100%| O|  |TAMS 0x000000075b200000| PB 0x000000075b200000| Untracked 
| 218|0x000000075b400000, 0x000000075b600000, 0x000000075b600000|100%| O|  |TAMS 0x000000075b400000| PB 0x000000075b400000| Untracked 
| 219|0x000000075b600000, 0x000000075b800000, 0x000000075b800000|100%|HS|  |TAMS 0x000000075b600000| PB 0x000000075b600000| Complete 
| 220|0x000000075b800000, 0x000000075ba00000, 0x000000075ba00000|100%| O|  |TAMS 0x000000075b800000| PB 0x000000075b800000| Untracked 
| 221|0x000000075ba00000, 0x000000075bc00000, 0x000000075bc00000|100%| O|  |TAMS 0x000000075ba00000| PB 0x000000075ba00000| Untracked 
| 222|0x000000075bc00000, 0x000000075be00000, 0x000000075be00000|100%| O|  |TAMS 0x000000075bc00000| PB 0x000000075bc00000| Untracked 
| 223|0x000000075be00000, 0x000000075c000000, 0x000000075c000000|100%| O|  |TAMS 0x000000075be00000| PB 0x000000075be00000| Untracked 
| 224|0x000000075c000000, 0x000000075c200000, 0x000000075c200000|100%| O|  |TAMS 0x000000075c000000| PB 0x000000075c000000| Untracked 
| 225|0x000000075c200000, 0x000000075c400000, 0x000000075c400000|100%| O|  |TAMS 0x000000075c200000| PB 0x000000075c200000| Untracked 
| 226|0x000000075c400000, 0x000000075c600000, 0x000000075c600000|100%| O|  |TAMS 0x000000075c400000| PB 0x000000075c400000| Untracked 
| 227|0x000000075c600000, 0x000000075c800000, 0x000000075c800000|100%| O|  |TAMS 0x000000075c600000| PB 0x000000075c600000| Untracked 
| 228|0x000000075c800000, 0x000000075ca00000, 0x000000075ca00000|100%| O|  |TAMS 0x000000075c800000| PB 0x000000075c800000| Untracked 
| 229|0x000000075ca00000, 0x000000075cc00000, 0x000000075cc00000|100%| O|  |TAMS 0x000000075ca00000| PB 0x000000075ca00000| Untracked 
| 230|0x000000075cc00000, 0x000000075ce00000, 0x000000075ce00000|100%| O|Cm|TAMS 0x000000075cc00000| PB 0x000000075cc00000| Complete 
| 231|0x000000075ce00000, 0x000000075d000000, 0x000000075d000000|100%| O|  |TAMS 0x000000075ce00000| PB 0x000000075ce00000| Untracked 
| 232|0x000000075d000000, 0x000000075d200000, 0x000000075d200000|100%|HS|  |TAMS 0x000000075d000000| PB 0x000000075d000000| Complete 
| 233|0x000000075d200000, 0x000000075d400000, 0x000000075d400000|100%|HS|  |TAMS 0x000000075d200000| PB 0x000000075d200000| Complete 
| 234|0x000000075d400000, 0x000000075d600000, 0x000000075d600000|100%|HS|  |TAMS 0x000000075d400000| PB 0x000000075d400000| Complete 
| 235|0x000000075d600000, 0x000000075d800000, 0x000000075d800000|100%|HS|  |TAMS 0x000000075d600000| PB 0x000000075d600000| Complete 
| 236|0x000000075d800000, 0x000000075da00000, 0x000000075da00000|100%| O|  |TAMS 0x000000075d800000| PB 0x000000075d800000| Untracked 
| 237|0x000000075da00000, 0x000000075dc00000, 0x000000075dc00000|100%| O|  |TAMS 0x000000075da00000| PB 0x000000075da00000| Untracked 
| 238|0x000000075dc00000, 0x000000075de00000, 0x000000075de00000|100%| O|  |TAMS 0x000000075dc00000| PB 0x000000075dc00000| Untracked 
| 239|0x000000075de00000, 0x000000075e000000, 0x000000075e000000|100%| O|  |TAMS 0x000000075de00000| PB 0x000000075de00000| Untracked 
| 240|0x000000075e000000, 0x000000075e200000, 0x000000075e200000|100%|HS|  |TAMS 0x000000075e000000| PB 0x000000075e000000| Complete 
| 241|0x000000075e200000, 0x000000075e400000, 0x000000075e400000|100%| O|  |TAMS 0x000000075e200000| PB 0x000000075e200000| Untracked 
| 242|0x000000075e400000, 0x000000075e600000, 0x000000075e600000|100%|HS|  |TAMS 0x000000075e400000| PB 0x000000075e400000| Complete 
| 243|0x000000075e600000, 0x000000075e800000, 0x000000075e800000|100%| O|  |TAMS 0x000000075e600000| PB 0x000000075e600000| Untracked 
| 244|0x000000075e800000, 0x000000075ea00000, 0x000000075ea00000|100%|HS|  |TAMS 0x000000075e800000| PB 0x000000075e800000| Complete 
| 245|0x000000075ea00000, 0x000000075ec00000, 0x000000075ec00000|100%| O|  |TAMS 0x000000075ea00000| PB 0x000000075ea00000| Untracked 
| 246|0x000000075ec00000, 0x000000075ee00000, 0x000000075ee00000|100%| O|  |TAMS 0x000000075ec00000| PB 0x000000075ec00000| Untracked 
| 247|0x000000075ee00000, 0x000000075f000000, 0x000000075f000000|100%| O|  |TAMS 0x000000075ee00000| PB 0x000000075ee00000| Untracked 
| 248|0x000000075f000000, 0x000000075f200000, 0x000000075f200000|100%| O|  |TAMS 0x000000075f000000| PB 0x000000075f000000| Untracked 
| 249|0x000000075f200000, 0x000000075f400000, 0x000000075f400000|100%|HS|  |TAMS 0x000000075f200000| PB 0x000000075f200000| Complete 
| 250|0x000000075f400000, 0x000000075f600000, 0x000000075f600000|100%| O|  |TAMS 0x000000075f400000| PB 0x000000075f400000| Untracked 
| 251|0x000000075f600000, 0x000000075f800000, 0x000000075f800000|100%| O|  |TAMS 0x000000075f600000| PB 0x000000075f600000| Untracked 
| 252|0x000000075f800000, 0x000000075fa00000, 0x000000075fa00000|100%| O|  |TAMS 0x000000075f800000| PB 0x000000075f800000| Untracked 
| 253|0x000000075fa00000, 0x000000075fc00000, 0x000000075fc00000|100%| O|  |TAMS 0x000000075fa00000| PB 0x000000075fa00000| Untracked 
| 254|0x000000075fc00000, 0x000000075fe00000, 0x000000075fe00000|100%| O|  |TAMS 0x000000075fc00000| PB 0x000000075fc00000| Untracked 
| 255|0x000000075fe00000, 0x0000000760000000, 0x0000000760000000|100%| O|  |TAMS 0x000000075fe00000| PB 0x000000075fe00000| Untracked 
| 256|0x0000000760000000, 0x0000000760200000, 0x0000000760200000|100%| O|  |TAMS 0x0000000760000000| PB 0x0000000760000000| Untracked 
| 257|0x0000000760200000, 0x0000000760400000, 0x0000000760400000|100%| O|  |TAMS 0x0000000760200000| PB 0x0000000760200000| Untracked 
| 258|0x0000000760400000, 0x0000000760600000, 0x0000000760600000|100%| O|  |TAMS 0x0000000760400000| PB 0x0000000760400000| Untracked 
| 259|0x0000000760600000, 0x0000000760800000, 0x0000000760800000|100%| O|  |TAMS 0x0000000760600000| PB 0x0000000760600000| Untracked 
| 260|0x0000000760800000, 0x0000000760a00000, 0x0000000760a00000|100%| O|  |TAMS 0x0000000760800000| PB 0x0000000760800000| Untracked 
| 261|0x0000000760a00000, 0x0000000760c00000, 0x0000000760c00000|100%| O|  |TAMS 0x0000000760a00000| PB 0x0000000760a00000| Untracked 
| 262|0x0000000760c00000, 0x0000000760e00000, 0x0000000760e00000|100%| O|  |TAMS 0x0000000760c00000| PB 0x0000000760c00000| Untracked 
| 263|0x0000000760e00000, 0x0000000761000000, 0x0000000761000000|100%| O|  |TAMS 0x0000000760e00000| PB 0x0000000760e00000| Untracked 
| 264|0x0000000761000000, 0x0000000761200000, 0x0000000761200000|100%| O|  |TAMS 0x0000000761000000| PB 0x0000000761000000| Untracked 
| 265|0x0000000761200000, 0x0000000761400000, 0x0000000761400000|100%| O|  |TAMS 0x0000000761200000| PB 0x0000000761200000| Untracked 
| 266|0x0000000761400000, 0x0000000761600000, 0x0000000761600000|100%| O|  |TAMS 0x0000000761400000| PB 0x0000000761400000| Untracked 
| 267|0x0000000761600000, 0x0000000761800000, 0x0000000761800000|100%| O|  |TAMS 0x0000000761600000| PB 0x0000000761600000| Untracked 
| 268|0x0000000761800000, 0x0000000761a00000, 0x0000000761a00000|100%| O|  |TAMS 0x0000000761800000| PB 0x0000000761800000| Untracked 
| 269|0x0000000761a00000, 0x0000000761c00000, 0x0000000761c00000|100%| O|  |TAMS 0x0000000761a00000| PB 0x0000000761a00000| Untracked 
| 270|0x0000000761c00000, 0x0000000761e00000, 0x0000000761e00000|100%| O|Cm|TAMS 0x0000000761c00000| PB 0x0000000761c00000| Complete 
| 271|0x0000000761e00000, 0x0000000762000000, 0x0000000762000000|100%| O|  |TAMS 0x0000000761e00000| PB 0x0000000761e00000| Untracked 
| 272|0x0000000762000000, 0x0000000762200000, 0x0000000762200000|100%| O|  |TAMS 0x0000000762000000| PB 0x0000000762000000| Untracked 
| 273|0x0000000762200000, 0x0000000762400000, 0x0000000762400000|100%| O|  |TAMS 0x0000000762200000| PB 0x0000000762200000| Untracked 
| 274|0x0000000762400000, 0x0000000762600000, 0x0000000762600000|100%| O|  |TAMS 0x0000000762400000| PB 0x0000000762400000| Untracked 
| 275|0x0000000762600000, 0x0000000762800000, 0x0000000762800000|100%| O|  |TAMS 0x0000000762600000| PB 0x0000000762600000| Untracked 
| 276|0x0000000762800000, 0x0000000762a00000, 0x0000000762a00000|100%| O|  |TAMS 0x0000000762800000| PB 0x0000000762800000| Untracked 
| 277|0x0000000762a00000, 0x0000000762c00000, 0x0000000762c00000|100%| O|  |TAMS 0x0000000762a00000| PB 0x0000000762a00000| Untracked 
| 278|0x0000000762c00000, 0x0000000762e00000, 0x0000000762e00000|100%| O|  |TAMS 0x0000000762c00000| PB 0x0000000762c00000| Untracked 
| 279|0x0000000762e00000, 0x0000000763000000, 0x0000000763000000|100%| O|Cm|TAMS 0x0000000762e00000| PB 0x0000000762e00000| Complete 
| 280|0x0000000763000000, 0x0000000763200000, 0x0000000763200000|100%| O|  |TAMS 0x0000000763000000| PB 0x0000000763000000| Untracked 
| 281|0x0000000763200000, 0x0000000763400000, 0x0000000763400000|100%| O|  |TAMS 0x0000000763200000| PB 0x0000000763200000| Untracked 
| 282|0x0000000763400000, 0x0000000763600000, 0x0000000763600000|100%| O|  |TAMS 0x0000000763400000| PB 0x0000000763400000| Untracked 
| 283|0x0000000763600000, 0x0000000763800000, 0x0000000763800000|100%| O|  |TAMS 0x0000000763600000| PB 0x0000000763600000| Untracked 
| 284|0x0000000763800000, 0x0000000763a00000, 0x0000000763a00000|100%| O|  |TAMS 0x0000000763800000| PB 0x0000000763800000| Untracked 
| 285|0x0000000763a00000, 0x0000000763c00000, 0x0000000763c00000|100%| O|  |TAMS 0x0000000763a00000| PB 0x0000000763a00000| Untracked 
| 286|0x0000000763c00000, 0x0000000763e00000, 0x0000000763e00000|100%| O|  |TAMS 0x0000000763c00000| PB 0x0000000763c00000| Untracked 
| 287|0x0000000763e00000, 0x0000000764000000, 0x0000000764000000|100%| O|  |TAMS 0x0000000763e00000| PB 0x0000000763e00000| Untracked 
| 288|0x0000000764000000, 0x0000000764200000, 0x0000000764200000|100%| O|  |TAMS 0x0000000764000000| PB 0x0000000764000000| Untracked 
| 289|0x0000000764200000, 0x0000000764400000, 0x0000000764400000|100%| O|  |TAMS 0x0000000764200000| PB 0x0000000764200000| Untracked 
| 290|0x0000000764400000, 0x0000000764600000, 0x0000000764600000|100%| O|  |TAMS 0x0000000764400000| PB 0x0000000764400000| Untracked 
| 291|0x0000000764600000, 0x0000000764800000, 0x0000000764800000|100%| O|  |TAMS 0x0000000764600000| PB 0x0000000764600000| Untracked 
| 292|0x0000000764800000, 0x0000000764a00000, 0x0000000764a00000|100%| O|  |TAMS 0x0000000764800000| PB 0x0000000764800000| Untracked 
| 293|0x0000000764a00000, 0x0000000764c00000, 0x0000000764c00000|100%|HS|  |TAMS 0x0000000764a00000| PB 0x0000000764a00000| Complete 
| 294|0x0000000764c00000, 0x0000000764e00000, 0x0000000764e00000|100%|HS|  |TAMS 0x0000000764c00000| PB 0x0000000764c00000| Complete 
| 295|0x0000000764e00000, 0x0000000764e00000, 0x0000000765000000|  0%| F|  |TAMS 0x0000000764e00000| PB 0x0000000764e00000| Untracked 
| 296|0x0000000765000000, 0x0000000765200000, 0x0000000765200000|100%| O|  |TAMS 0x0000000765000000| PB 0x0000000765000000| Untracked 
| 297|0x0000000765200000, 0x0000000765400000, 0x0000000765400000|100%| O|  |TAMS 0x0000000765200000| PB 0x0000000765200000| Untracked 
| 298|0x0000000765400000, 0x0000000765600000, 0x0000000765600000|100%| O|  |TAMS 0x0000000765400000| PB 0x0000000765400000| Untracked 
| 299|0x0000000765600000, 0x0000000765800000, 0x0000000765800000|100%| O|  |TAMS 0x0000000765600000| PB 0x0000000765600000| Untracked 
| 300|0x0000000765800000, 0x0000000765a00000, 0x0000000765a00000|100%| O|  |TAMS 0x0000000765800000| PB 0x0000000765800000| Untracked 
| 301|0x0000000765a00000, 0x0000000765c00000, 0x0000000765c00000|100%| O|  |TAMS 0x0000000765a00000| PB 0x0000000765a00000| Untracked 
| 302|0x0000000765c00000, 0x0000000765e00000, 0x0000000765e00000|100%| O|  |TAMS 0x0000000765c00000| PB 0x0000000765c00000| Untracked 
| 303|0x0000000765e00000, 0x0000000766000000, 0x0000000766000000|100%| O|  |TAMS 0x0000000765e00000| PB 0x0000000765e00000| Untracked 
| 304|0x0000000766000000, 0x0000000766200000, 0x0000000766200000|100%| O|  |TAMS 0x0000000766000000| PB 0x0000000766000000| Untracked 
| 305|0x0000000766200000, 0x0000000766400000, 0x0000000766400000|100%| O|Cm|TAMS 0x0000000766200000| PB 0x0000000766200000| Complete 
| 306|0x0000000766400000, 0x0000000766600000, 0x0000000766600000|100%| O|  |TAMS 0x0000000766400000| PB 0x0000000766400000| Untracked 
| 307|0x0000000766600000, 0x0000000766800000, 0x0000000766800000|100%| O|  |TAMS 0x0000000766600000| PB 0x0000000766600000| Untracked 
| 308|0x0000000766800000, 0x0000000766a00000, 0x0000000766a00000|100%|HS|  |TAMS 0x0000000766800000| PB 0x0000000766800000| Complete 
| 309|0x0000000766a00000, 0x0000000766c00000, 0x0000000766c00000|100%| O|  |TAMS 0x0000000766a00000| PB 0x0000000766a00000| Untracked 
| 310|0x0000000766c00000, 0x0000000766e00000, 0x0000000766e00000|100%| O|  |TAMS 0x0000000766c00000| PB 0x0000000766c00000| Untracked 
| 311|0x0000000766e00000, 0x0000000767000000, 0x0000000767000000|100%| O|  |TAMS 0x0000000766e00000| PB 0x0000000766e00000| Untracked 
| 312|0x0000000767000000, 0x0000000767200000, 0x0000000767200000|100%| O|  |TAMS 0x0000000767000000| PB 0x0000000767000000| Untracked 
| 313|0x0000000767200000, 0x0000000767400000, 0x0000000767400000|100%| O|  |TAMS 0x0000000767200000| PB 0x0000000767200000| Untracked 
| 314|0x0000000767400000, 0x0000000767600000, 0x0000000767600000|100%| O|  |TAMS 0x0000000767400000| PB 0x0000000767400000| Untracked 
| 315|0x0000000767600000, 0x0000000767800000, 0x0000000767800000|100%| O|  |TAMS 0x0000000767600000| PB 0x0000000767600000| Untracked 
| 316|0x0000000767800000, 0x0000000767a00000, 0x0000000767a00000|100%| O|  |TAMS 0x0000000767800000| PB 0x0000000767800000| Untracked 
| 317|0x0000000767a00000, 0x0000000767c00000, 0x0000000767c00000|100%| O|  |TAMS 0x0000000767a00000| PB 0x0000000767a00000| Untracked 
| 318|0x0000000767c00000, 0x0000000767e00000, 0x0000000767e00000|100%| O|  |TAMS 0x0000000767c00000| PB 0x0000000767c00000| Untracked 
| 319|0x0000000767e00000, 0x0000000768000000, 0x0000000768000000|100%|HS|  |TAMS 0x0000000767e00000| PB 0x0000000767e00000| Complete 
| 320|0x0000000768000000, 0x0000000768200000, 0x0000000768200000|100%| O|  |TAMS 0x0000000768000000| PB 0x0000000768000000| Untracked 
| 321|0x0000000768200000, 0x0000000768400000, 0x0000000768400000|100%| O|  |TAMS 0x0000000768200000| PB 0x0000000768200000| Untracked 
| 322|0x0000000768400000, 0x0000000768600000, 0x0000000768600000|100%| O|  |TAMS 0x0000000768400000| PB 0x0000000768400000| Untracked 
| 323|0x0000000768600000, 0x0000000768800000, 0x0000000768800000|100%| O|  |TAMS 0x0000000768600000| PB 0x0000000768600000| Untracked 
| 324|0x0000000768800000, 0x0000000768a00000, 0x0000000768a00000|100%| O|  |TAMS 0x0000000768800000| PB 0x0000000768800000| Untracked 
| 325|0x0000000768a00000, 0x0000000768c00000, 0x0000000768c00000|100%|HS|  |TAMS 0x0000000768a00000| PB 0x0000000768a00000| Complete 
| 326|0x0000000768c00000, 0x0000000768e00000, 0x0000000768e00000|100%|HC|  |TAMS 0x0000000768c00000| PB 0x0000000768c00000| Complete 
| 327|0x0000000768e00000, 0x0000000769000000, 0x0000000769000000|100%| O|  |TAMS 0x0000000768e00000| PB 0x0000000768e00000| Untracked 
| 328|0x0000000769000000, 0x0000000769200000, 0x0000000769200000|100%| O|  |TAMS 0x0000000769000000| PB 0x0000000769000000| Untracked 
| 329|0x0000000769200000, 0x0000000769400000, 0x0000000769400000|100%| O|  |TAMS 0x0000000769200000| PB 0x0000000769200000| Untracked 
| 330|0x0000000769400000, 0x0000000769600000, 0x0000000769600000|100%| O|  |TAMS 0x0000000769400000| PB 0x0000000769400000| Untracked 
| 331|0x0000000769600000, 0x0000000769800000, 0x0000000769800000|100%| O|  |TAMS 0x0000000769600000| PB 0x0000000769600000| Untracked 
| 332|0x0000000769800000, 0x0000000769a00000, 0x0000000769a00000|100%|HS|  |TAMS 0x0000000769800000| PB 0x0000000769800000| Complete 
| 333|0x0000000769a00000, 0x0000000769c00000, 0x0000000769c00000|100%|HC|  |TAMS 0x0000000769a00000| PB 0x0000000769a00000| Complete 
| 334|0x0000000769c00000, 0x0000000769e00000, 0x0000000769e00000|100%|HC|  |TAMS 0x0000000769c00000| PB 0x0000000769c00000| Complete 
| 335|0x0000000769e00000, 0x000000076a000000, 0x000000076a000000|100%|HC|  |TAMS 0x0000000769e00000| PB 0x0000000769e00000| Complete 
| 336|0x000000076a000000, 0x000000076a200000, 0x000000076a200000|100%| O|  |TAMS 0x000000076a000000| PB 0x000000076a000000| Untracked 
| 337|0x000000076a200000, 0x000000076a400000, 0x000000076a400000|100%|HS|  |TAMS 0x000000076a200000| PB 0x000000076a200000| Complete 
| 338|0x000000076a400000, 0x000000076a600000, 0x000000076a600000|100%| O|  |TAMS 0x000000076a400000| PB 0x000000076a400000| Untracked 
| 339|0x000000076a600000, 0x000000076a800000, 0x000000076a800000|100%| O|  |TAMS 0x000000076a600000| PB 0x000000076a600000| Untracked 
| 340|0x000000076a800000, 0x000000076aa00000, 0x000000076aa00000|100%| O|  |TAMS 0x000000076a800000| PB 0x000000076a800000| Untracked 
| 341|0x000000076aa00000, 0x000000076ac00000, 0x000000076ac00000|100%| O|  |TAMS 0x000000076aa00000| PB 0x000000076aa00000| Untracked 
| 342|0x000000076ac00000, 0x000000076ae00000, 0x000000076ae00000|100%| O|  |TAMS 0x000000076ac00000| PB 0x000000076ac00000| Untracked 
| 343|0x000000076ae00000, 0x000000076b000000, 0x000000076b000000|100%| O|  |TAMS 0x000000076ae00000| PB 0x000000076ae00000| Untracked 
| 344|0x000000076b000000, 0x000000076b200000, 0x000000076b200000|100%| O|  |TAMS 0x000000076b000000| PB 0x000000076b000000| Untracked 
| 345|0x000000076b200000, 0x000000076b400000, 0x000000076b400000|100%| O|  |TAMS 0x000000076b200000| PB 0x000000076b200000| Untracked 
| 346|0x000000076b400000, 0x000000076b600000, 0x000000076b600000|100%| O|  |TAMS 0x000000076b400000| PB 0x000000076b400000| Untracked 
| 347|0x000000076b600000, 0x000000076b800000, 0x000000076b800000|100%| O|  |TAMS 0x000000076b600000| PB 0x000000076b600000| Untracked 
| 348|0x000000076b800000, 0x000000076ba00000, 0x000000076ba00000|100%| O|  |TAMS 0x000000076b800000| PB 0x000000076b800000| Untracked 
| 349|0x000000076ba00000, 0x000000076bc00000, 0x000000076bc00000|100%| O|  |TAMS 0x000000076ba00000| PB 0x000000076ba00000| Untracked 
| 350|0x000000076bc00000, 0x000000076be00000, 0x000000076be00000|100%| O|  |TAMS 0x000000076bc00000| PB 0x000000076bc00000| Untracked 
| 351|0x000000076be00000, 0x000000076c000000, 0x000000076c000000|100%| O|  |TAMS 0x000000076be00000| PB 0x000000076be00000| Untracked 
| 352|0x000000076c000000, 0x000000076c200000, 0x000000076c200000|100%| O|  |TAMS 0x000000076c000000| PB 0x000000076c000000| Untracked 
| 353|0x000000076c200000, 0x000000076c400000, 0x000000076c400000|100%| O|  |TAMS 0x000000076c200000| PB 0x000000076c200000| Untracked 
| 354|0x000000076c400000, 0x000000076c600000, 0x000000076c600000|100%| O|  |TAMS 0x000000076c400000| PB 0x000000076c400000| Untracked 
| 355|0x000000076c600000, 0x000000076c800000, 0x000000076c800000|100%| O|  |TAMS 0x000000076c600000| PB 0x000000076c600000| Untracked 
| 356|0x000000076c800000, 0x000000076ca00000, 0x000000076ca00000|100%| O|  |TAMS 0x000000076c800000| PB 0x000000076c800000| Untracked 
| 357|0x000000076ca00000, 0x000000076cc00000, 0x000000076cc00000|100%| O|  |TAMS 0x000000076ca00000| PB 0x000000076ca00000| Untracked 
| 358|0x000000076cc00000, 0x000000076ce00000, 0x000000076ce00000|100%| O|  |TAMS 0x000000076cc00000| PB 0x000000076cc00000| Untracked 
| 359|0x000000076ce00000, 0x000000076d000000, 0x000000076d000000|100%| O|Cm|TAMS 0x000000076ce00000| PB 0x000000076ce00000| Complete 
| 360|0x000000076d000000, 0x000000076d200000, 0x000000076d200000|100%| O|  |TAMS 0x000000076d000000| PB 0x000000076d000000| Untracked 
| 361|0x000000076d200000, 0x000000076d400000, 0x000000076d400000|100%| O|  |TAMS 0x000000076d200000| PB 0x000000076d200000| Untracked 
| 362|0x000000076d400000, 0x000000076d600000, 0x000000076d600000|100%| O|  |TAMS 0x000000076d400000| PB 0x000000076d400000| Untracked 
| 363|0x000000076d600000, 0x000000076d800000, 0x000000076d800000|100%| O|  |TAMS 0x000000076d600000| PB 0x000000076d600000| Untracked 
| 364|0x000000076d800000, 0x000000076da00000, 0x000000076da00000|100%| O|  |TAMS 0x000000076d800000| PB 0x000000076d800000| Untracked 
| 365|0x000000076da00000, 0x000000076dc00000, 0x000000076dc00000|100%| O|  |TAMS 0x000000076da00000| PB 0x000000076da00000| Untracked 
| 366|0x000000076dc00000, 0x000000076de00000, 0x000000076de00000|100%| O|  |TAMS 0x000000076dc00000| PB 0x000000076dc00000| Untracked 
| 367|0x000000076de00000, 0x000000076e000000, 0x000000076e000000|100%| O|  |TAMS 0x000000076de00000| PB 0x000000076de00000| Untracked 
| 368|0x000000076e000000, 0x000000076e200000, 0x000000076e200000|100%| O|  |TAMS 0x000000076e000000| PB 0x000000076e000000| Untracked 
| 369|0x000000076e200000, 0x000000076e400000, 0x000000076e400000|100%| O|  |TAMS 0x000000076e200000| PB 0x000000076e200000| Untracked 
| 370|0x000000076e400000, 0x000000076e600000, 0x000000076e600000|100%| O|  |TAMS 0x000000076e400000| PB 0x000000076e400000| Untracked 
| 371|0x000000076e600000, 0x000000076e800000, 0x000000076e800000|100%| O|  |TAMS 0x000000076e600000| PB 0x000000076e600000| Untracked 
| 372|0x000000076e800000, 0x000000076ea00000, 0x000000076ea00000|100%| O|  |TAMS 0x000000076e800000| PB 0x000000076e800000| Untracked 
| 373|0x000000076ea00000, 0x000000076ec00000, 0x000000076ec00000|100%| O|  |TAMS 0x000000076ea00000| PB 0x000000076ea00000| Untracked 
| 374|0x000000076ec00000, 0x000000076ee00000, 0x000000076ee00000|100%| O|  |TAMS 0x000000076ec00000| PB 0x000000076ec00000| Untracked 
| 375|0x000000076ee00000, 0x000000076f000000, 0x000000076f000000|100%| O|  |TAMS 0x000000076ee00000| PB 0x000000076ee00000| Untracked 
| 376|0x000000076f000000, 0x000000076f200000, 0x000000076f200000|100%| O|  |TAMS 0x000000076f000000| PB 0x000000076f000000| Untracked 
| 377|0x000000076f200000, 0x000000076f400000, 0x000000076f400000|100%| O|  |TAMS 0x000000076f200000| PB 0x000000076f200000| Untracked 
| 378|0x000000076f400000, 0x000000076f600000, 0x000000076f600000|100%| O|  |TAMS 0x000000076f400000| PB 0x000000076f400000| Untracked 
| 379|0x000000076f600000, 0x000000076f800000, 0x000000076f800000|100%| O|  |TAMS 0x000000076f600000| PB 0x000000076f600000| Untracked 
| 380|0x000000076f800000, 0x000000076f800000, 0x000000076fa00000|  0%| F|  |TAMS 0x000000076f800000| PB 0x000000076f800000| Untracked 
| 381|0x000000076fa00000, 0x000000076fc00000, 0x000000076fc00000|100%| O|  |TAMS 0x000000076fa00000| PB 0x000000076fa00000| Untracked 
| 382|0x000000076fc00000, 0x000000076fe00000, 0x000000076fe00000|100%| O|  |TAMS 0x000000076fc00000| PB 0x000000076fc00000| Untracked 
| 383|0x000000076fe00000, 0x0000000770000000, 0x0000000770000000|100%| O|  |TAMS 0x000000076fe00000| PB 0x000000076fe00000| Untracked 
| 384|0x0000000770000000, 0x0000000770200000, 0x0000000770200000|100%| O|  |TAMS 0x0000000770000000| PB 0x0000000770000000| Untracked 
| 385|0x0000000770200000, 0x0000000770400000, 0x0000000770400000|100%| O|  |TAMS 0x0000000770200000| PB 0x0000000770200000| Untracked 
| 386|0x0000000770400000, 0x0000000770600000, 0x0000000770600000|100%| O|  |TAMS 0x0000000770400000| PB 0x0000000770400000| Untracked 
| 387|0x0000000770600000, 0x0000000770800000, 0x0000000770800000|100%| O|  |TAMS 0x0000000770600000| PB 0x0000000770600000| Untracked 
| 388|0x0000000770800000, 0x0000000770a00000, 0x0000000770a00000|100%| O|  |TAMS 0x0000000770800000| PB 0x0000000770800000| Untracked 
| 389|0x0000000770a00000, 0x0000000770c00000, 0x0000000770c00000|100%| O|  |TAMS 0x0000000770a00000| PB 0x0000000770a00000| Untracked 
| 390|0x0000000770c00000, 0x0000000770e00000, 0x0000000770e00000|100%| O|  |TAMS 0x0000000770c00000| PB 0x0000000770c00000| Untracked 
| 391|0x0000000770e00000, 0x0000000771000000, 0x0000000771000000|100%| O|  |TAMS 0x0000000770e00000| PB 0x0000000770e00000| Untracked 
| 392|0x0000000771000000, 0x0000000771200000, 0x0000000771200000|100%| O|  |TAMS 0x0000000771000000| PB 0x0000000771000000| Untracked 
| 393|0x0000000771200000, 0x0000000771400000, 0x0000000771400000|100%| O|  |TAMS 0x0000000771200000| PB 0x0000000771200000| Untracked 
| 394|0x0000000771400000, 0x0000000771600000, 0x0000000771600000|100%| O|  |TAMS 0x0000000771400000| PB 0x0000000771400000| Untracked 
| 395|0x0000000771600000, 0x0000000771800000, 0x0000000771800000|100%| O|  |TAMS 0x0000000771600000| PB 0x0000000771600000| Untracked 
| 396|0x0000000771800000, 0x0000000771a00000, 0x0000000771a00000|100%| O|  |TAMS 0x0000000771800000| PB 0x0000000771800000| Untracked 
| 397|0x0000000771a00000, 0x0000000771c00000, 0x0000000771c00000|100%| O|  |TAMS 0x0000000771a00000| PB 0x0000000771a00000| Untracked 
| 398|0x0000000771c00000, 0x0000000771e00000, 0x0000000771e00000|100%| O|  |TAMS 0x0000000771c00000| PB 0x0000000771c00000| Untracked 
| 399|0x0000000771e00000, 0x0000000772000000, 0x0000000772000000|100%| O|  |TAMS 0x0000000771e00000| PB 0x0000000771e00000| Untracked 
| 400|0x0000000772000000, 0x0000000772200000, 0x0000000772200000|100%| O|  |TAMS 0x0000000772000000| PB 0x0000000772000000| Untracked 
| 401|0x0000000772200000, 0x0000000772400000, 0x0000000772400000|100%| O|  |TAMS 0x0000000772200000| PB 0x0000000772200000| Untracked 
| 402|0x0000000772400000, 0x0000000772600000, 0x0000000772600000|100%| O|  |TAMS 0x0000000772400000| PB 0x0000000772400000| Untracked 
| 403|0x0000000772600000, 0x0000000772800000, 0x0000000772800000|100%| O|  |TAMS 0x0000000772600000| PB 0x0000000772600000| Untracked 
| 404|0x0000000772800000, 0x0000000772a00000, 0x0000000772a00000|100%| O|  |TAMS 0x0000000772800000| PB 0x0000000772800000| Untracked 
| 405|0x0000000772a00000, 0x0000000772c00000, 0x0000000772c00000|100%| O|  |TAMS 0x0000000772a00000| PB 0x0000000772a00000| Untracked 
| 406|0x0000000772c00000, 0x0000000772e00000, 0x0000000772e00000|100%| O|  |TAMS 0x0000000772c00000| PB 0x0000000772c00000| Untracked 
| 407|0x0000000772e00000, 0x0000000773000000, 0x0000000773000000|100%| O|  |TAMS 0x0000000772e00000| PB 0x0000000772e00000| Untracked 
| 408|0x0000000773000000, 0x0000000773200000, 0x0000000773200000|100%| O|  |TAMS 0x0000000773000000| PB 0x0000000773000000| Untracked 
| 409|0x0000000773200000, 0x0000000773400000, 0x0000000773400000|100%| O|  |TAMS 0x0000000773200000| PB 0x0000000773200000| Untracked 
| 410|0x0000000773400000, 0x0000000773600000, 0x0000000773600000|100%| O|  |TAMS 0x0000000773400000| PB 0x0000000773400000| Untracked 
| 411|0x0000000773600000, 0x0000000773800000, 0x0000000773800000|100%| O|  |TAMS 0x0000000773600000| PB 0x0000000773600000| Untracked 
| 412|0x0000000773800000, 0x0000000773a00000, 0x0000000773a00000|100%| O|  |TAMS 0x0000000773800000| PB 0x0000000773800000| Untracked 
| 413|0x0000000773a00000, 0x0000000773c00000, 0x0000000773c00000|100%| O|  |TAMS 0x0000000773a00000| PB 0x0000000773a00000| Untracked 
| 414|0x0000000773c00000, 0x0000000773e00000, 0x0000000773e00000|100%| O|  |TAMS 0x0000000773c00000| PB 0x0000000773c00000| Untracked 
| 415|0x0000000773e00000, 0x0000000774000000, 0x0000000774000000|100%| O|  |TAMS 0x0000000773e00000| PB 0x0000000773e00000| Untracked 
| 416|0x0000000774000000, 0x0000000774200000, 0x0000000774200000|100%| O|  |TAMS 0x0000000774000000| PB 0x0000000774000000| Untracked 
| 417|0x0000000774200000, 0x0000000774400000, 0x0000000774400000|100%| O|  |TAMS 0x0000000774200000| PB 0x0000000774200000| Untracked 
| 418|0x0000000774400000, 0x0000000774600000, 0x0000000774600000|100%| O|  |TAMS 0x0000000774400000| PB 0x0000000774400000| Untracked 
| 419|0x0000000774600000, 0x0000000774800000, 0x0000000774800000|100%| O|  |TAMS 0x0000000774600000| PB 0x0000000774600000| Untracked 
| 420|0x0000000774800000, 0x0000000774a00000, 0x0000000774a00000|100%|HS|  |TAMS 0x0000000774800000| PB 0x0000000774800000| Complete 
| 421|0x0000000774a00000, 0x0000000774c00000, 0x0000000774c00000|100%| O|  |TAMS 0x0000000774a00000| PB 0x0000000774a00000| Untracked 
| 422|0x0000000774c00000, 0x0000000774e00000, 0x0000000774e00000|100%| O|  |TAMS 0x0000000774c00000| PB 0x0000000774c00000| Untracked 
| 423|0x0000000774e00000, 0x0000000775000000, 0x0000000775000000|100%| O|  |TAMS 0x0000000774e00000| PB 0x0000000774e00000| Untracked 
| 424|0x0000000775000000, 0x0000000775200000, 0x0000000775200000|100%| O|  |TAMS 0x0000000775000000| PB 0x0000000775000000| Untracked 
| 425|0x0000000775200000, 0x0000000775400000, 0x0000000775400000|100%| O|  |TAMS 0x0000000775200000| PB 0x0000000775200000| Untracked 
| 426|0x0000000775400000, 0x0000000775600000, 0x0000000775600000|100%| O|  |TAMS 0x0000000775400000| PB 0x0000000775400000| Untracked 
| 427|0x0000000775600000, 0x0000000775800000, 0x0000000775800000|100%| O|  |TAMS 0x0000000775600000| PB 0x0000000775600000| Untracked 
| 428|0x0000000775800000, 0x0000000775a00000, 0x0000000775a00000|100%| O|  |TAMS 0x0000000775800000| PB 0x0000000775800000| Untracked 
| 429|0x0000000775a00000, 0x0000000775c00000, 0x0000000775c00000|100%| O|  |TAMS 0x0000000775a00000| PB 0x0000000775a00000| Untracked 
| 430|0x0000000775c00000, 0x0000000775e00000, 0x0000000775e00000|100%| O|  |TAMS 0x0000000775c00000| PB 0x0000000775c00000| Untracked 
| 431|0x0000000775e00000, 0x0000000776000000, 0x0000000776000000|100%| O|  |TAMS 0x0000000775e00000| PB 0x0000000775e00000| Untracked 
| 432|0x0000000776000000, 0x0000000776200000, 0x0000000776200000|100%| O|  |TAMS 0x0000000776000000| PB 0x0000000776000000| Untracked 
| 433|0x0000000776200000, 0x0000000776400000, 0x0000000776400000|100%| O|  |TAMS 0x0000000776200000| PB 0x0000000776200000| Untracked 
| 434|0x0000000776400000, 0x0000000776600000, 0x0000000776600000|100%| O|  |TAMS 0x0000000776400000| PB 0x0000000776400000| Untracked 
| 435|0x0000000776600000, 0x0000000776800000, 0x0000000776800000|100%| O|  |TAMS 0x0000000776600000| PB 0x0000000776600000| Untracked 
| 436|0x0000000776800000, 0x0000000776a00000, 0x0000000776a00000|100%| O|  |TAMS 0x0000000776800000| PB 0x0000000776800000| Untracked 
| 437|0x0000000776a00000, 0x0000000776c00000, 0x0000000776c00000|100%| O|  |TAMS 0x0000000776a00000| PB 0x0000000776a00000| Untracked 
| 438|0x0000000776c00000, 0x0000000776e00000, 0x0000000776e00000|100%| O|  |TAMS 0x0000000776c00000| PB 0x0000000776c00000| Untracked 
| 439|0x0000000776e00000, 0x0000000777000000, 0x0000000777000000|100%| O|  |TAMS 0x0000000776e00000| PB 0x0000000776e00000| Untracked 
| 440|0x0000000777000000, 0x0000000777200000, 0x0000000777200000|100%| O|  |TAMS 0x0000000777000000| PB 0x0000000777000000| Untracked 
| 441|0x0000000777200000, 0x0000000777400000, 0x0000000777400000|100%| O|  |TAMS 0x0000000777200000| PB 0x0000000777200000| Untracked 
| 442|0x0000000777400000, 0x0000000777600000, 0x0000000777600000|100%| O|  |TAMS 0x0000000777400000| PB 0x0000000777400000| Untracked 
| 443|0x0000000777600000, 0x0000000777800000, 0x0000000777800000|100%| O|  |TAMS 0x0000000777600000| PB 0x0000000777600000| Untracked 
| 444|0x0000000777800000, 0x0000000777a00000, 0x0000000777a00000|100%| O|  |TAMS 0x0000000777800000| PB 0x0000000777800000| Untracked 
| 445|0x0000000777a00000, 0x0000000777c00000, 0x0000000777c00000|100%| O|  |TAMS 0x0000000777a00000| PB 0x0000000777a00000| Untracked 
| 446|0x0000000777c00000, 0x0000000777e00000, 0x0000000777e00000|100%| O|  |TAMS 0x0000000777c00000| PB 0x0000000777c00000| Untracked 
| 447|0x0000000777e00000, 0x0000000778000000, 0x0000000778000000|100%| O|  |TAMS 0x0000000777e00000| PB 0x0000000777e00000| Untracked 
| 448|0x0000000778000000, 0x0000000778200000, 0x0000000778200000|100%| O|  |TAMS 0x0000000778000000| PB 0x0000000778000000| Untracked 
| 449|0x0000000778200000, 0x0000000778400000, 0x0000000778400000|100%| O|  |TAMS 0x0000000778200000| PB 0x0000000778200000| Untracked 
| 450|0x0000000778400000, 0x0000000778600000, 0x0000000778600000|100%| O|  |TAMS 0x0000000778400000| PB 0x0000000778400000| Untracked 
| 451|0x0000000778600000, 0x0000000778800000, 0x0000000778800000|100%| O|  |TAMS 0x0000000778600000| PB 0x0000000778600000| Untracked 
| 452|0x0000000778800000, 0x0000000778a00000, 0x0000000778a00000|100%| O|  |TAMS 0x0000000778800000| PB 0x0000000778800000| Untracked 
| 453|0x0000000778a00000, 0x0000000778c00000, 0x0000000778c00000|100%| O|  |TAMS 0x0000000778a00000| PB 0x0000000778a00000| Untracked 
| 454|0x0000000778c00000, 0x0000000778e00000, 0x0000000778e00000|100%| O|  |TAMS 0x0000000778c00000| PB 0x0000000778c00000| Untracked 
| 455|0x0000000778e00000, 0x0000000779000000, 0x0000000779000000|100%| O|  |TAMS 0x0000000778e00000| PB 0x0000000778e00000| Untracked 
| 456|0x0000000779000000, 0x0000000779200000, 0x0000000779200000|100%| O|  |TAMS 0x0000000779000000| PB 0x0000000779000000| Untracked 
| 457|0x0000000779200000, 0x0000000779400000, 0x0000000779400000|100%| O|  |TAMS 0x0000000779200000| PB 0x0000000779200000| Untracked 
| 458|0x0000000779400000, 0x0000000779600000, 0x0000000779600000|100%| O|  |TAMS 0x0000000779400000| PB 0x0000000779400000| Untracked 
| 459|0x0000000779600000, 0x0000000779800000, 0x0000000779800000|100%| O|  |TAMS 0x0000000779600000| PB 0x0000000779600000| Untracked 
| 460|0x0000000779800000, 0x0000000779a00000, 0x0000000779a00000|100%| O|  |TAMS 0x0000000779800000| PB 0x0000000779800000| Untracked 
| 461|0x0000000779a00000, 0x0000000779c00000, 0x0000000779c00000|100%| O|  |TAMS 0x0000000779a00000| PB 0x0000000779a00000| Untracked 
| 462|0x0000000779c00000, 0x0000000779e00000, 0x0000000779e00000|100%| O|  |TAMS 0x0000000779c00000| PB 0x0000000779c00000| Untracked 
| 463|0x0000000779e00000, 0x000000077a000000, 0x000000077a000000|100%| O|  |TAMS 0x0000000779e00000| PB 0x0000000779e00000| Untracked 
| 464|0x000000077a000000, 0x000000077a200000, 0x000000077a200000|100%| O|  |TAMS 0x000000077a000000| PB 0x000000077a000000| Untracked 
| 465|0x000000077a200000, 0x000000077a400000, 0x000000077a400000|100%| O|  |TAMS 0x000000077a200000| PB 0x000000077a200000| Untracked 
| 466|0x000000077a400000, 0x000000077a600000, 0x000000077a600000|100%| O|  |TAMS 0x000000077a400000| PB 0x000000077a400000| Untracked 
| 467|0x000000077a600000, 0x000000077a800000, 0x000000077a800000|100%| O|  |TAMS 0x000000077a600000| PB 0x000000077a600000| Untracked 
| 468|0x000000077a800000, 0x000000077aa00000, 0x000000077aa00000|100%| O|  |TAMS 0x000000077a800000| PB 0x000000077a800000| Untracked 
| 469|0x000000077aa00000, 0x000000077ac00000, 0x000000077ac00000|100%| O|  |TAMS 0x000000077aa00000| PB 0x000000077aa00000| Untracked 
| 470|0x000000077ac00000, 0x000000077ae00000, 0x000000077ae00000|100%| O|  |TAMS 0x000000077ac00000| PB 0x000000077ac00000| Untracked 
| 471|0x000000077ae00000, 0x000000077b000000, 0x000000077b000000|100%| O|  |TAMS 0x000000077ae00000| PB 0x000000077ae00000| Untracked 
| 472|0x000000077b000000, 0x000000077b200000, 0x000000077b200000|100%| O|  |TAMS 0x000000077b000000| PB 0x000000077b000000| Untracked 
| 473|0x000000077b200000, 0x000000077b400000, 0x000000077b400000|100%| O|  |TAMS 0x000000077b200000| PB 0x000000077b200000| Untracked 
| 474|0x000000077b400000, 0x000000077b600000, 0x000000077b600000|100%| O|  |TAMS 0x000000077b400000| PB 0x000000077b400000| Untracked 
| 475|0x000000077b600000, 0x000000077b800000, 0x000000077b800000|100%| O|  |TAMS 0x000000077b600000| PB 0x000000077b600000| Untracked 
| 476|0x000000077b800000, 0x000000077ba00000, 0x000000077ba00000|100%| O|  |TAMS 0x000000077b800000| PB 0x000000077b800000| Untracked 
| 477|0x000000077ba00000, 0x000000077bc00000, 0x000000077bc00000|100%| O|  |TAMS 0x000000077ba00000| PB 0x000000077ba00000| Untracked 
| 478|0x000000077bc00000, 0x000000077be00000, 0x000000077be00000|100%| O|  |TAMS 0x000000077bc00000| PB 0x000000077bc00000| Untracked 
| 479|0x000000077be00000, 0x000000077c000000, 0x000000077c000000|100%| O|  |TAMS 0x000000077be00000| PB 0x000000077be00000| Untracked 
| 480|0x000000077c000000, 0x000000077c200000, 0x000000077c200000|100%| O|  |TAMS 0x000000077c000000| PB 0x000000077c000000| Untracked 
| 481|0x000000077c200000, 0x000000077c400000, 0x000000077c400000|100%| O|  |TAMS 0x000000077c200000| PB 0x000000077c200000| Untracked 
| 482|0x000000077c400000, 0x000000077c600000, 0x000000077c600000|100%| O|  |TAMS 0x000000077c400000| PB 0x000000077c400000| Untracked 
| 483|0x000000077c600000, 0x000000077c800000, 0x000000077c800000|100%| O|  |TAMS 0x000000077c600000| PB 0x000000077c600000| Untracked 
| 484|0x000000077c800000, 0x000000077ca00000, 0x000000077ca00000|100%| O|  |TAMS 0x000000077c800000| PB 0x000000077c800000| Untracked 
| 485|0x000000077ca00000, 0x000000077cc00000, 0x000000077cc00000|100%| O|  |TAMS 0x000000077ca00000| PB 0x000000077ca00000| Untracked 
| 486|0x000000077cc00000, 0x000000077ce00000, 0x000000077ce00000|100%| O|  |TAMS 0x000000077cc00000| PB 0x000000077cc00000| Untracked 
| 487|0x000000077ce00000, 0x000000077d000000, 0x000000077d000000|100%| O|  |TAMS 0x000000077ce00000| PB 0x000000077ce00000| Untracked 
| 488|0x000000077d000000, 0x000000077d200000, 0x000000077d200000|100%| O|  |TAMS 0x000000077d000000| PB 0x000000077d000000| Untracked 
| 489|0x000000077d200000, 0x000000077d400000, 0x000000077d400000|100%| O|  |TAMS 0x000000077d200000| PB 0x000000077d200000| Untracked 
| 490|0x000000077d400000, 0x000000077d600000, 0x000000077d600000|100%| O|  |TAMS 0x000000077d400000| PB 0x000000077d400000| Untracked 
| 491|0x000000077d600000, 0x000000077d800000, 0x000000077d800000|100%| O|  |TAMS 0x000000077d600000| PB 0x000000077d600000| Untracked 
| 492|0x000000077d800000, 0x000000077da00000, 0x000000077da00000|100%| O|  |TAMS 0x000000077d800000| PB 0x000000077d800000| Untracked 
| 493|0x000000077da00000, 0x000000077dc00000, 0x000000077dc00000|100%| O|  |TAMS 0x000000077da00000| PB 0x000000077da00000| Untracked 
| 494|0x000000077dc00000, 0x000000077de00000, 0x000000077de00000|100%| O|  |TAMS 0x000000077dc00000| PB 0x000000077dc00000| Untracked 
| 495|0x000000077de00000, 0x000000077e000000, 0x000000077e000000|100%| O|  |TAMS 0x000000077de00000| PB 0x000000077de00000| Untracked 
| 496|0x000000077e000000, 0x000000077e200000, 0x000000077e200000|100%| O|  |TAMS 0x000000077e000000| PB 0x000000077e000000| Untracked 
| 497|0x000000077e200000, 0x000000077e400000, 0x000000077e400000|100%| O|  |TAMS 0x000000077e200000| PB 0x000000077e200000| Untracked 
| 498|0x000000077e400000, 0x000000077e600000, 0x000000077e600000|100%| O|  |TAMS 0x000000077e400000| PB 0x000000077e400000| Untracked 
| 499|0x000000077e600000, 0x000000077e800000, 0x000000077e800000|100%| O|  |TAMS 0x000000077e600000| PB 0x000000077e600000| Untracked 
| 500|0x000000077e800000, 0x000000077ea00000, 0x000000077ea00000|100%| O|  |TAMS 0x000000077e800000| PB 0x000000077e800000| Untracked 
| 501|0x000000077ea00000, 0x000000077ec00000, 0x000000077ec00000|100%| O|  |TAMS 0x000000077ea00000| PB 0x000000077ea00000| Untracked 
| 502|0x000000077ec00000, 0x000000077ee00000, 0x000000077ee00000|100%| O|  |TAMS 0x000000077ec00000| PB 0x000000077ec00000| Untracked 
| 503|0x000000077ee00000, 0x000000077f000000, 0x000000077f000000|100%| O|  |TAMS 0x000000077ee00000| PB 0x000000077ee00000| Untracked 
| 504|0x000000077f000000, 0x000000077f200000, 0x000000077f200000|100%| O|  |TAMS 0x000000077f000000| PB 0x000000077f000000| Untracked 
| 505|0x000000077f200000, 0x000000077f400000, 0x000000077f400000|100%| O|  |TAMS 0x000000077f200000| PB 0x000000077f200000| Untracked 
| 506|0x000000077f400000, 0x000000077f600000, 0x000000077f600000|100%| O|  |TAMS 0x000000077f400000| PB 0x000000077f400000| Untracked 
| 507|0x000000077f600000, 0x000000077f800000, 0x000000077f800000|100%| O|  |TAMS 0x000000077f600000| PB 0x000000077f600000| Untracked 
| 508|0x000000077f800000, 0x000000077fa00000, 0x000000077fa00000|100%| O|  |TAMS 0x000000077f800000| PB 0x000000077f800000| Untracked 
| 509|0x000000077fa00000, 0x000000077fc00000, 0x000000077fc00000|100%| O|  |TAMS 0x000000077fa00000| PB 0x000000077fa00000| Untracked 
| 510|0x000000077fc00000, 0x000000077fd00000, 0x000000077fe00000| 50%| O|  |TAMS 0x000000077fc00000| PB 0x000000077fc00000| Untracked 
| 511|0x000000077fe00000, 0x000000077fe00000, 0x0000000780000000|  0%| F|  |TAMS 0x000000077fe00000| PB 0x000000077fe00000| Untracked 
| 512|0x0000000780000000, 0x0000000780000000, 0x0000000780200000|  0%| F|  |TAMS 0x0000000780000000| PB 0x0000000780000000| Untracked 
| 513|0x0000000780200000, 0x0000000780200000, 0x0000000780400000|  0%| F|  |TAMS 0x0000000780200000| PB 0x0000000780200000| Untracked 
| 514|0x0000000780400000, 0x0000000780400000, 0x0000000780600000|  0%| F|  |TAMS 0x0000000780400000| PB 0x0000000780400000| Untracked 
| 515|0x0000000780600000, 0x0000000780600000, 0x0000000780800000|  0%| F|  |TAMS 0x0000000780600000| PB 0x0000000780600000| Untracked 
| 516|0x0000000780800000, 0x0000000780800000, 0x0000000780a00000|  0%| F|  |TAMS 0x0000000780800000| PB 0x0000000780800000| Untracked 
| 517|0x0000000780a00000, 0x0000000780a00000, 0x0000000780c00000|  0%| F|  |TAMS 0x0000000780a00000| PB 0x0000000780a00000| Untracked 
| 518|0x0000000780c00000, 0x0000000780c00000, 0x0000000780e00000|  0%| F|  |TAMS 0x0000000780c00000| PB 0x0000000780c00000| Untracked 
| 519|0x0000000780e00000, 0x0000000780e00000, 0x0000000781000000|  0%| F|  |TAMS 0x0000000780e00000| PB 0x0000000780e00000| Untracked 
| 520|0x0000000781000000, 0x0000000781000000, 0x0000000781200000|  0%| F|  |TAMS 0x0000000781000000| PB 0x0000000781000000| Untracked 
| 521|0x0000000781200000, 0x0000000781200000, 0x0000000781400000|  0%| F|  |TAMS 0x0000000781200000| PB 0x0000000781200000| Untracked 
| 522|0x0000000781400000, 0x0000000781400000, 0x0000000781600000|  0%| F|  |TAMS 0x0000000781400000| PB 0x0000000781400000| Untracked 
| 523|0x0000000781600000, 0x0000000781600000, 0x0000000781800000|  0%| F|  |TAMS 0x0000000781600000| PB 0x0000000781600000| Untracked 
| 524|0x0000000781800000, 0x0000000781800000, 0x0000000781a00000|  0%| F|  |TAMS 0x0000000781800000| PB 0x0000000781800000| Untracked 
| 525|0x0000000781a00000, 0x0000000781a00000, 0x0000000781c00000|  0%| F|  |TAMS 0x0000000781a00000| PB 0x0000000781a00000| Untracked 
| 526|0x0000000781c00000, 0x0000000781c00000, 0x0000000781e00000|  0%| F|  |TAMS 0x0000000781c00000| PB 0x0000000781c00000| Untracked 
| 527|0x0000000781e00000, 0x0000000781e00000, 0x0000000782000000|  0%| F|  |TAMS 0x0000000781e00000| PB 0x0000000781e00000| Untracked 
| 528|0x0000000782000000, 0x0000000782000000, 0x0000000782200000|  0%| F|  |TAMS 0x0000000782000000| PB 0x0000000782000000| Untracked 
| 529|0x0000000782200000, 0x0000000782200000, 0x0000000782400000|  0%| F|  |TAMS 0x0000000782200000| PB 0x0000000782200000| Untracked 
| 530|0x0000000782400000, 0x0000000782400000, 0x0000000782600000|  0%| F|  |TAMS 0x0000000782400000| PB 0x0000000782400000| Untracked 
| 531|0x0000000782600000, 0x0000000782600000, 0x0000000782800000|  0%| F|  |TAMS 0x0000000782600000| PB 0x0000000782600000| Untracked 
| 532|0x0000000782800000, 0x0000000782800000, 0x0000000782a00000|  0%| F|  |TAMS 0x0000000782800000| PB 0x0000000782800000| Untracked 
| 533|0x0000000782a00000, 0x0000000782a00000, 0x0000000782c00000|  0%| F|  |TAMS 0x0000000782a00000| PB 0x0000000782a00000| Untracked 
| 534|0x0000000782c00000, 0x0000000782c00000, 0x0000000782e00000|  0%| F|  |TAMS 0x0000000782c00000| PB 0x0000000782c00000| Untracked 
| 535|0x0000000782e00000, 0x0000000782e00000, 0x0000000783000000|  0%| F|  |TAMS 0x0000000782e00000| PB 0x0000000782e00000| Untracked 
| 536|0x0000000783000000, 0x0000000783000000, 0x0000000783200000|  0%| F|  |TAMS 0x0000000783000000| PB 0x0000000783000000| Untracked 
| 537|0x0000000783200000, 0x0000000783200000, 0x0000000783400000|  0%| F|  |TAMS 0x0000000783200000| PB 0x0000000783200000| Untracked 
| 538|0x0000000783400000, 0x0000000783400000, 0x0000000783600000|  0%| F|  |TAMS 0x0000000783400000| PB 0x0000000783400000| Untracked 
| 539|0x0000000783600000, 0x0000000783600000, 0x0000000783800000|  0%| F|  |TAMS 0x0000000783600000| PB 0x0000000783600000| Untracked 
| 540|0x0000000783800000, 0x0000000783800000, 0x0000000783a00000|  0%| F|  |TAMS 0x0000000783800000| PB 0x0000000783800000| Untracked 
| 541|0x0000000783a00000, 0x0000000783a00000, 0x0000000783c00000|  0%| F|  |TAMS 0x0000000783a00000| PB 0x0000000783a00000| Untracked 
| 542|0x0000000783c00000, 0x0000000783c00000, 0x0000000783e00000|  0%| F|  |TAMS 0x0000000783c00000| PB 0x0000000783c00000| Untracked 
| 543|0x0000000783e00000, 0x0000000783e00000, 0x0000000784000000|  0%| F|  |TAMS 0x0000000783e00000| PB 0x0000000783e00000| Untracked 
| 544|0x0000000784000000, 0x0000000784000000, 0x0000000784200000|  0%| F|  |TAMS 0x0000000784000000| PB 0x0000000784000000| Untracked 
| 545|0x0000000784200000, 0x0000000784200000, 0x0000000784400000|  0%| F|  |TAMS 0x0000000784200000| PB 0x0000000784200000| Untracked 
| 546|0x0000000784400000, 0x0000000784400000, 0x0000000784600000|  0%| F|  |TAMS 0x0000000784400000| PB 0x0000000784400000| Untracked 
| 547|0x0000000784600000, 0x0000000784600000, 0x0000000784800000|  0%| F|  |TAMS 0x0000000784600000| PB 0x0000000784600000| Untracked 
| 548|0x0000000784800000, 0x0000000784800000, 0x0000000784a00000|  0%| F|  |TAMS 0x0000000784800000| PB 0x0000000784800000| Untracked 
| 549|0x0000000784a00000, 0x0000000784a00000, 0x0000000784c00000|  0%| F|  |TAMS 0x0000000784a00000| PB 0x0000000784a00000| Untracked 
| 550|0x0000000784c00000, 0x0000000784c00000, 0x0000000784e00000|  0%| F|  |TAMS 0x0000000784c00000| PB 0x0000000784c00000| Untracked 
| 551|0x0000000784e00000, 0x0000000784e00000, 0x0000000785000000|  0%| F|  |TAMS 0x0000000784e00000| PB 0x0000000784e00000| Untracked 
| 552|0x0000000785000000, 0x0000000785000000, 0x0000000785200000|  0%| F|  |TAMS 0x0000000785000000| PB 0x0000000785000000| Untracked 
| 553|0x0000000785200000, 0x0000000785200000, 0x0000000785400000|  0%| F|  |TAMS 0x0000000785200000| PB 0x0000000785200000| Untracked 
| 554|0x0000000785400000, 0x0000000785400000, 0x0000000785600000|  0%| F|  |TAMS 0x0000000785400000| PB 0x0000000785400000| Untracked 
| 555|0x0000000785600000, 0x0000000785600000, 0x0000000785800000|  0%| F|  |TAMS 0x0000000785600000| PB 0x0000000785600000| Untracked 
| 556|0x0000000785800000, 0x0000000785800000, 0x0000000785a00000|  0%| F|  |TAMS 0x0000000785800000| PB 0x0000000785800000| Untracked 
| 557|0x0000000785a00000, 0x0000000785a00000, 0x0000000785c00000|  0%| F|  |TAMS 0x0000000785a00000| PB 0x0000000785a00000| Untracked 
| 558|0x0000000785c00000, 0x0000000785c00000, 0x0000000785e00000|  0%| F|  |TAMS 0x0000000785c00000| PB 0x0000000785c00000| Untracked 
| 559|0x0000000785e00000, 0x0000000785e00000, 0x0000000786000000|  0%| F|  |TAMS 0x0000000785e00000| PB 0x0000000785e00000| Untracked 
| 560|0x0000000786000000, 0x0000000786000000, 0x0000000786200000|  0%| F|  |TAMS 0x0000000786000000| PB 0x0000000786000000| Untracked 
| 561|0x0000000786200000, 0x0000000786200000, 0x0000000786400000|  0%| F|  |TAMS 0x0000000786200000| PB 0x0000000786200000| Untracked 
| 562|0x0000000786400000, 0x0000000786400000, 0x0000000786600000|  0%| F|  |TAMS 0x0000000786400000| PB 0x0000000786400000| Untracked 
| 563|0x0000000786600000, 0x0000000786600000, 0x0000000786800000|  0%| F|  |TAMS 0x0000000786600000| PB 0x0000000786600000| Untracked 
| 564|0x0000000786800000, 0x0000000786800000, 0x0000000786a00000|  0%| F|  |TAMS 0x0000000786800000| PB 0x0000000786800000| Untracked 
| 565|0x0000000786a00000, 0x0000000786a00000, 0x0000000786c00000|  0%| F|  |TAMS 0x0000000786a00000| PB 0x0000000786a00000| Untracked 
| 566|0x0000000786c00000, 0x0000000786c00000, 0x0000000786e00000|  0%| F|  |TAMS 0x0000000786c00000| PB 0x0000000786c00000| Untracked 
| 567|0x0000000786e00000, 0x0000000786e00000, 0x0000000787000000|  0%| F|  |TAMS 0x0000000786e00000| PB 0x0000000786e00000| Untracked 
| 568|0x0000000787000000, 0x0000000787000000, 0x0000000787200000|  0%| F|  |TAMS 0x0000000787000000| PB 0x0000000787000000| Untracked 
| 569|0x0000000787200000, 0x0000000787200000, 0x0000000787400000|  0%| F|  |TAMS 0x0000000787200000| PB 0x0000000787200000| Untracked 
| 570|0x0000000787400000, 0x0000000787400000, 0x0000000787600000|  0%| F|  |TAMS 0x0000000787400000| PB 0x0000000787400000| Untracked 
| 571|0x0000000787600000, 0x0000000787600000, 0x0000000787800000|  0%| F|  |TAMS 0x0000000787600000| PB 0x0000000787600000| Untracked 
| 572|0x0000000787800000, 0x0000000787800000, 0x0000000787a00000|  0%| F|  |TAMS 0x0000000787800000| PB 0x0000000787800000| Untracked 
| 573|0x0000000787a00000, 0x0000000787a00000, 0x0000000787c00000|  0%| F|  |TAMS 0x0000000787a00000| PB 0x0000000787a00000| Untracked 
| 574|0x0000000787c00000, 0x0000000787c00000, 0x0000000787e00000|  0%| F|  |TAMS 0x0000000787c00000| PB 0x0000000787c00000| Untracked 
| 575|0x0000000787e00000, 0x0000000787e00000, 0x0000000788000000|  0%| F|  |TAMS 0x0000000787e00000| PB 0x0000000787e00000| Untracked 
| 576|0x0000000788000000, 0x0000000788000000, 0x0000000788200000|  0%| F|  |TAMS 0x0000000788000000| PB 0x0000000788000000| Untracked 
| 577|0x0000000788200000, 0x0000000788200000, 0x0000000788400000|  0%| F|  |TAMS 0x0000000788200000| PB 0x0000000788200000| Untracked 
| 578|0x0000000788400000, 0x0000000788400000, 0x0000000788600000|  0%| F|  |TAMS 0x0000000788400000| PB 0x0000000788400000| Untracked 
| 579|0x0000000788600000, 0x0000000788600000, 0x0000000788800000|  0%| F|  |TAMS 0x0000000788600000| PB 0x0000000788600000| Untracked 
| 580|0x0000000788800000, 0x0000000788800000, 0x0000000788a00000|  0%| F|  |TAMS 0x0000000788800000| PB 0x0000000788800000| Untracked 
| 581|0x0000000788a00000, 0x0000000788a00000, 0x0000000788c00000|  0%| F|  |TAMS 0x0000000788a00000| PB 0x0000000788a00000| Untracked 
| 582|0x0000000788c00000, 0x0000000788c00000, 0x0000000788e00000|  0%| F|  |TAMS 0x0000000788c00000| PB 0x0000000788c00000| Untracked 
| 583|0x0000000788e00000, 0x0000000788e00000, 0x0000000789000000|  0%| F|  |TAMS 0x0000000788e00000| PB 0x0000000788e00000| Untracked 
| 584|0x0000000789000000, 0x0000000789000000, 0x0000000789200000|  0%| F|  |TAMS 0x0000000789000000| PB 0x0000000789000000| Untracked 
| 585|0x0000000789200000, 0x0000000789200000, 0x0000000789400000|  0%| F|  |TAMS 0x0000000789200000| PB 0x0000000789200000| Untracked 
| 586|0x0000000789400000, 0x0000000789400000, 0x0000000789600000|  0%| F|  |TAMS 0x0000000789400000| PB 0x0000000789400000| Untracked 
| 587|0x0000000789600000, 0x0000000789600000, 0x0000000789800000|  0%| F|  |TAMS 0x0000000789600000| PB 0x0000000789600000| Untracked 
| 588|0x0000000789800000, 0x0000000789800000, 0x0000000789a00000|  0%| F|  |TAMS 0x0000000789800000| PB 0x0000000789800000| Untracked 
| 589|0x0000000789a00000, 0x0000000789a00000, 0x0000000789c00000|  0%| F|  |TAMS 0x0000000789a00000| PB 0x0000000789a00000| Untracked 
| 590|0x0000000789c00000, 0x0000000789c00000, 0x0000000789e00000|  0%| F|  |TAMS 0x0000000789c00000| PB 0x0000000789c00000| Untracked 
| 591|0x0000000789e00000, 0x0000000789e00000, 0x000000078a000000|  0%| F|  |TAMS 0x0000000789e00000| PB 0x0000000789e00000| Untracked 
| 592|0x000000078a000000, 0x000000078a000000, 0x000000078a200000|  0%| F|  |TAMS 0x000000078a000000| PB 0x000000078a000000| Untracked 
| 593|0x000000078a200000, 0x000000078a200000, 0x000000078a400000|  0%| F|  |TAMS 0x000000078a200000| PB 0x000000078a200000| Untracked 
| 594|0x000000078a400000, 0x000000078a400000, 0x000000078a600000|  0%| F|  |TAMS 0x000000078a400000| PB 0x000000078a400000| Untracked 
| 595|0x000000078a600000, 0x000000078a600000, 0x000000078a800000|  0%| F|  |TAMS 0x000000078a600000| PB 0x000000078a600000| Untracked 
| 596|0x000000078a800000, 0x000000078a800000, 0x000000078aa00000|  0%| F|  |TAMS 0x000000078a800000| PB 0x000000078a800000| Untracked 
| 597|0x000000078aa00000, 0x000000078aa00000, 0x000000078ac00000|  0%| F|  |TAMS 0x000000078aa00000| PB 0x000000078aa00000| Untracked 
| 598|0x000000078ac00000, 0x000000078ac00000, 0x000000078ae00000|  0%| F|  |TAMS 0x000000078ac00000| PB 0x000000078ac00000| Untracked 
| 599|0x000000078ae00000, 0x000000078ae00000, 0x000000078b000000|  0%| F|  |TAMS 0x000000078ae00000| PB 0x000000078ae00000| Untracked 
| 600|0x000000078b000000, 0x000000078b000000, 0x000000078b200000|  0%| F|  |TAMS 0x000000078b000000| PB 0x000000078b000000| Untracked 
| 601|0x000000078b200000, 0x000000078b200000, 0x000000078b400000|  0%| F|  |TAMS 0x000000078b200000| PB 0x000000078b200000| Untracked 
| 602|0x000000078b400000, 0x000000078b400000, 0x000000078b600000|  0%| F|  |TAMS 0x000000078b400000| PB 0x000000078b400000| Untracked 
| 603|0x000000078b600000, 0x000000078b600000, 0x000000078b800000|  0%| F|  |TAMS 0x000000078b600000| PB 0x000000078b600000| Untracked 
| 604|0x000000078b800000, 0x000000078b800000, 0x000000078ba00000|  0%| F|  |TAMS 0x000000078b800000| PB 0x000000078b800000| Untracked 
| 605|0x000000078ba00000, 0x000000078ba00000, 0x000000078bc00000|  0%| F|  |TAMS 0x000000078ba00000| PB 0x000000078ba00000| Untracked 
| 606|0x000000078bc00000, 0x000000078bc00000, 0x000000078be00000|  0%| F|  |TAMS 0x000000078bc00000| PB 0x000000078bc00000| Untracked 
| 607|0x000000078be00000, 0x000000078be00000, 0x000000078c000000|  0%| F|  |TAMS 0x000000078be00000| PB 0x000000078be00000| Untracked 
| 608|0x000000078c000000, 0x000000078c000000, 0x000000078c200000|  0%| F|  |TAMS 0x000000078c000000| PB 0x000000078c000000| Untracked 
| 609|0x000000078c200000, 0x000000078c200000, 0x000000078c400000|  0%| F|  |TAMS 0x000000078c200000| PB 0x000000078c200000| Untracked 
| 610|0x000000078c400000, 0x000000078c400000, 0x000000078c600000|  0%| F|  |TAMS 0x000000078c400000| PB 0x000000078c400000| Untracked 
| 611|0x000000078c600000, 0x000000078c600000, 0x000000078c800000|  0%| F|  |TAMS 0x000000078c600000| PB 0x000000078c600000| Untracked 
| 612|0x000000078c800000, 0x000000078c800000, 0x000000078ca00000|  0%| F|  |TAMS 0x000000078c800000| PB 0x000000078c800000| Untracked 
| 613|0x000000078ca00000, 0x000000078ca00000, 0x000000078cc00000|  0%| F|  |TAMS 0x000000078ca00000| PB 0x000000078ca00000| Untracked 
| 614|0x000000078cc00000, 0x000000078cc00000, 0x000000078ce00000|  0%| F|  |TAMS 0x000000078cc00000| PB 0x000000078cc00000| Untracked 
| 615|0x000000078ce00000, 0x000000078ce00000, 0x000000078d000000|  0%| F|  |TAMS 0x000000078ce00000| PB 0x000000078ce00000| Untracked 
| 616|0x000000078d000000, 0x000000078d000000, 0x000000078d200000|  0%| F|  |TAMS 0x000000078d000000| PB 0x000000078d000000| Untracked 
| 617|0x000000078d200000, 0x000000078d200000, 0x000000078d400000|  0%| F|  |TAMS 0x000000078d200000| PB 0x000000078d200000| Untracked 
| 618|0x000000078d400000, 0x000000078d400000, 0x000000078d600000|  0%| F|  |TAMS 0x000000078d400000| PB 0x000000078d400000| Untracked 
| 619|0x000000078d600000, 0x000000078d600000, 0x000000078d800000|  0%| F|  |TAMS 0x000000078d600000| PB 0x000000078d600000| Untracked 
| 620|0x000000078d800000, 0x000000078d800000, 0x000000078da00000|  0%| F|  |TAMS 0x000000078d800000| PB 0x000000078d800000| Untracked 
| 621|0x000000078da00000, 0x000000078da00000, 0x000000078dc00000|  0%| F|  |TAMS 0x000000078da00000| PB 0x000000078da00000| Untracked 
| 622|0x000000078dc00000, 0x000000078dc00000, 0x000000078de00000|  0%| F|  |TAMS 0x000000078dc00000| PB 0x000000078dc00000| Untracked 
| 623|0x000000078de00000, 0x000000078de00000, 0x000000078e000000|  0%| F|  |TAMS 0x000000078de00000| PB 0x000000078de00000| Untracked 
| 624|0x000000078e000000, 0x000000078e000000, 0x000000078e200000|  0%| F|  |TAMS 0x000000078e000000| PB 0x000000078e000000| Untracked 
| 625|0x000000078e200000, 0x000000078e200000, 0x000000078e400000|  0%| F|  |TAMS 0x000000078e200000| PB 0x000000078e200000| Untracked 
| 626|0x000000078e400000, 0x000000078e400000, 0x000000078e600000|  0%| F|  |TAMS 0x000000078e400000| PB 0x000000078e400000| Untracked 
| 627|0x000000078e600000, 0x000000078e600000, 0x000000078e800000|  0%| F|  |TAMS 0x000000078e600000| PB 0x000000078e600000| Untracked 
| 628|0x000000078e800000, 0x000000078e800000, 0x000000078ea00000|  0%| F|  |TAMS 0x000000078e800000| PB 0x000000078e800000| Untracked 
| 629|0x000000078ea00000, 0x000000078ea00000, 0x000000078ec00000|  0%| F|  |TAMS 0x000000078ea00000| PB 0x000000078ea00000| Untracked 
| 630|0x000000078ec00000, 0x000000078ec00000, 0x000000078ee00000|  0%| F|  |TAMS 0x000000078ec00000| PB 0x000000078ec00000| Untracked 
| 631|0x000000078ee00000, 0x000000078ee00000, 0x000000078f000000|  0%| F|  |TAMS 0x000000078ee00000| PB 0x000000078ee00000| Untracked 
| 632|0x000000078f000000, 0x000000078f000000, 0x000000078f200000|  0%| F|  |TAMS 0x000000078f000000| PB 0x000000078f000000| Untracked 
| 633|0x000000078f200000, 0x000000078f200000, 0x000000078f400000|  0%| F|  |TAMS 0x000000078f200000| PB 0x000000078f200000| Untracked 
| 634|0x000000078f400000, 0x000000078f400000, 0x000000078f600000|  0%| F|  |TAMS 0x000000078f400000| PB 0x000000078f400000| Untracked 
| 635|0x000000078f600000, 0x000000078f600000, 0x000000078f800000|  0%| F|  |TAMS 0x000000078f600000| PB 0x000000078f600000| Untracked 
| 636|0x000000078f800000, 0x000000078f800000, 0x000000078fa00000|  0%| F|  |TAMS 0x000000078f800000| PB 0x000000078f800000| Untracked 
| 637|0x000000078fa00000, 0x000000078fa00000, 0x000000078fc00000|  0%| F|  |TAMS 0x000000078fa00000| PB 0x000000078fa00000| Untracked 
| 638|0x000000078fc00000, 0x000000078fc00000, 0x000000078fe00000|  0%| F|  |TAMS 0x000000078fc00000| PB 0x000000078fc00000| Untracked 
| 639|0x000000078fe00000, 0x000000078fe00000, 0x0000000790000000|  0%| F|  |TAMS 0x000000078fe00000| PB 0x000000078fe00000| Untracked 
| 640|0x0000000790000000, 0x0000000790000000, 0x0000000790200000|  0%| F|  |TAMS 0x0000000790000000| PB 0x0000000790000000| Untracked 
| 641|0x0000000790200000, 0x0000000790200000, 0x0000000790400000|  0%| F|  |TAMS 0x0000000790200000| PB 0x0000000790200000| Untracked 
| 642|0x0000000790400000, 0x0000000790400000, 0x0000000790600000|  0%| F|  |TAMS 0x0000000790400000| PB 0x0000000790400000| Untracked 
| 643|0x0000000790600000, 0x0000000790600000, 0x0000000790800000|  0%| F|  |TAMS 0x0000000790600000| PB 0x0000000790600000| Untracked 
| 644|0x0000000790800000, 0x0000000790800000, 0x0000000790a00000|  0%| F|  |TAMS 0x0000000790800000| PB 0x0000000790800000| Untracked 
| 645|0x0000000790a00000, 0x0000000790a00000, 0x0000000790c00000|  0%| F|  |TAMS 0x0000000790a00000| PB 0x0000000790a00000| Untracked 
| 646|0x0000000790c00000, 0x0000000790c00000, 0x0000000790e00000|  0%| F|  |TAMS 0x0000000790c00000| PB 0x0000000790c00000| Untracked 
| 647|0x0000000790e00000, 0x0000000790e00000, 0x0000000791000000|  0%| F|  |TAMS 0x0000000790e00000| PB 0x0000000790e00000| Untracked 
| 648|0x0000000791000000, 0x0000000791000000, 0x0000000791200000|  0%| F|  |TAMS 0x0000000791000000| PB 0x0000000791000000| Untracked 
| 649|0x0000000791200000, 0x0000000791200000, 0x0000000791400000|  0%| F|  |TAMS 0x0000000791200000| PB 0x0000000791200000| Untracked 
| 650|0x0000000791400000, 0x0000000791400000, 0x0000000791600000|  0%| F|  |TAMS 0x0000000791400000| PB 0x0000000791400000| Untracked 
| 651|0x0000000791600000, 0x0000000791600000, 0x0000000791800000|  0%| F|  |TAMS 0x0000000791600000| PB 0x0000000791600000| Untracked 
| 652|0x0000000791800000, 0x0000000791800000, 0x0000000791a00000|  0%| F|  |TAMS 0x0000000791800000| PB 0x0000000791800000| Untracked 
| 653|0x0000000791a00000, 0x0000000791a00000, 0x0000000791c00000|  0%| F|  |TAMS 0x0000000791a00000| PB 0x0000000791a00000| Untracked 
| 654|0x0000000791c00000, 0x0000000791c00000, 0x0000000791e00000|  0%| F|  |TAMS 0x0000000791c00000| PB 0x0000000791c00000| Untracked 
| 655|0x0000000791e00000, 0x0000000791e00000, 0x0000000792000000|  0%| F|  |TAMS 0x0000000791e00000| PB 0x0000000791e00000| Untracked 
| 656|0x0000000792000000, 0x0000000792000000, 0x0000000792200000|  0%| F|  |TAMS 0x0000000792000000| PB 0x0000000792000000| Untracked 
| 657|0x0000000792200000, 0x0000000792200000, 0x0000000792400000|  0%| F|  |TAMS 0x0000000792200000| PB 0x0000000792200000| Untracked 
| 658|0x0000000792400000, 0x0000000792400000, 0x0000000792600000|  0%| F|  |TAMS 0x0000000792400000| PB 0x0000000792400000| Untracked 
| 659|0x0000000792600000, 0x0000000792600000, 0x0000000792800000|  0%| F|  |TAMS 0x0000000792600000| PB 0x0000000792600000| Untracked 
| 660|0x0000000792800000, 0x0000000792800000, 0x0000000792a00000|  0%| F|  |TAMS 0x0000000792800000| PB 0x0000000792800000| Untracked 
| 661|0x0000000792a00000, 0x0000000792a00000, 0x0000000792c00000|  0%| F|  |TAMS 0x0000000792a00000| PB 0x0000000792a00000| Untracked 
| 662|0x0000000792c00000, 0x0000000792c00000, 0x0000000792e00000|  0%| F|  |TAMS 0x0000000792c00000| PB 0x0000000792c00000| Untracked 
| 663|0x0000000792e00000, 0x0000000792e00000, 0x0000000793000000|  0%| F|  |TAMS 0x0000000792e00000| PB 0x0000000792e00000| Untracked 
| 664|0x0000000793000000, 0x0000000793000000, 0x0000000793200000|  0%| F|  |TAMS 0x0000000793000000| PB 0x0000000793000000| Untracked 
| 665|0x0000000793200000, 0x0000000793200000, 0x0000000793400000|  0%| F|  |TAMS 0x0000000793200000| PB 0x0000000793200000| Untracked 
| 666|0x0000000793400000, 0x0000000793400000, 0x0000000793600000|  0%| F|  |TAMS 0x0000000793400000| PB 0x0000000793400000| Untracked 
| 667|0x0000000793600000, 0x0000000793600000, 0x0000000793800000|  0%| F|  |TAMS 0x0000000793600000| PB 0x0000000793600000| Untracked 
| 668|0x0000000793800000, 0x0000000793800000, 0x0000000793a00000|  0%| F|  |TAMS 0x0000000793800000| PB 0x0000000793800000| Untracked 
| 669|0x0000000793a00000, 0x0000000793a00000, 0x0000000793c00000|  0%| F|  |TAMS 0x0000000793a00000| PB 0x0000000793a00000| Untracked 
| 670|0x0000000793c00000, 0x0000000793c00000, 0x0000000793e00000|  0%| F|  |TAMS 0x0000000793c00000| PB 0x0000000793c00000| Untracked 
| 671|0x0000000793e00000, 0x0000000793e00000, 0x0000000794000000|  0%| F|  |TAMS 0x0000000793e00000| PB 0x0000000793e00000| Untracked 
| 672|0x0000000794000000, 0x0000000794000000, 0x0000000794200000|  0%| F|  |TAMS 0x0000000794000000| PB 0x0000000794000000| Untracked 
| 673|0x0000000794200000, 0x0000000794200000, 0x0000000794400000|  0%| F|  |TAMS 0x0000000794200000| PB 0x0000000794200000| Untracked 
| 674|0x0000000794400000, 0x0000000794400000, 0x0000000794600000|  0%| F|  |TAMS 0x0000000794400000| PB 0x0000000794400000| Untracked 
| 675|0x0000000794600000, 0x0000000794600000, 0x0000000794800000|  0%| F|  |TAMS 0x0000000794600000| PB 0x0000000794600000| Untracked 
| 676|0x0000000794800000, 0x0000000794800000, 0x0000000794a00000|  0%| F|  |TAMS 0x0000000794800000| PB 0x0000000794800000| Untracked 
| 677|0x0000000794a00000, 0x0000000794a00000, 0x0000000794c00000|  0%| F|  |TAMS 0x0000000794a00000| PB 0x0000000794a00000| Untracked 
| 678|0x0000000794c00000, 0x0000000794c00000, 0x0000000794e00000|  0%| F|  |TAMS 0x0000000794c00000| PB 0x0000000794c00000| Untracked 
| 679|0x0000000794e00000, 0x0000000794e00000, 0x0000000795000000|  0%| F|  |TAMS 0x0000000794e00000| PB 0x0000000794e00000| Untracked 
| 680|0x0000000795000000, 0x0000000795000000, 0x0000000795200000|  0%| F|  |TAMS 0x0000000795000000| PB 0x0000000795000000| Untracked 
| 681|0x0000000795200000, 0x0000000795200000, 0x0000000795400000|  0%| F|  |TAMS 0x0000000795200000| PB 0x0000000795200000| Untracked 
| 682|0x0000000795400000, 0x0000000795400000, 0x0000000795600000|  0%| F|  |TAMS 0x0000000795400000| PB 0x0000000795400000| Untracked 
| 683|0x0000000795600000, 0x0000000795600000, 0x0000000795800000|  0%| F|  |TAMS 0x0000000795600000| PB 0x0000000795600000| Untracked 
| 684|0x0000000795800000, 0x0000000795800000, 0x0000000795a00000|  0%| F|  |TAMS 0x0000000795800000| PB 0x0000000795800000| Untracked 
| 685|0x0000000795a00000, 0x0000000795a00000, 0x0000000795c00000|  0%| F|  |TAMS 0x0000000795a00000| PB 0x0000000795a00000| Untracked 
| 686|0x0000000795c00000, 0x0000000795c00000, 0x0000000795e00000|  0%| F|  |TAMS 0x0000000795c00000| PB 0x0000000795c00000| Untracked 
| 687|0x0000000795e00000, 0x0000000795e00000, 0x0000000796000000|  0%| F|  |TAMS 0x0000000795e00000| PB 0x0000000795e00000| Untracked 
| 688|0x0000000796000000, 0x0000000796000000, 0x0000000796200000|  0%| F|  |TAMS 0x0000000796000000| PB 0x0000000796000000| Untracked 
| 689|0x0000000796200000, 0x0000000796200000, 0x0000000796400000|  0%| F|  |TAMS 0x0000000796200000| PB 0x0000000796200000| Untracked 
| 690|0x0000000796400000, 0x0000000796400000, 0x0000000796600000|  0%| F|  |TAMS 0x0000000796400000| PB 0x0000000796400000| Untracked 
| 691|0x0000000796600000, 0x0000000796600000, 0x0000000796800000|  0%| F|  |TAMS 0x0000000796600000| PB 0x0000000796600000| Untracked 
| 692|0x0000000796800000, 0x0000000796800000, 0x0000000796a00000|  0%| F|  |TAMS 0x0000000796800000| PB 0x0000000796800000| Untracked 
| 693|0x0000000796a00000, 0x0000000796a00000, 0x0000000796c00000|  0%| F|  |TAMS 0x0000000796a00000| PB 0x0000000796a00000| Untracked 
| 694|0x0000000796c00000, 0x0000000796c00000, 0x0000000796e00000|  0%| F|  |TAMS 0x0000000796c00000| PB 0x0000000796c00000| Untracked 
| 695|0x0000000796e00000, 0x0000000796e00000, 0x0000000797000000|  0%| F|  |TAMS 0x0000000796e00000| PB 0x0000000796e00000| Untracked 
| 696|0x0000000797000000, 0x0000000797000000, 0x0000000797200000|  0%| F|  |TAMS 0x0000000797000000| PB 0x0000000797000000| Untracked 
| 697|0x0000000797200000, 0x0000000797200000, 0x0000000797400000|  0%| F|  |TAMS 0x0000000797200000| PB 0x0000000797200000| Untracked 
| 698|0x0000000797400000, 0x0000000797400000, 0x0000000797600000|  0%| F|  |TAMS 0x0000000797400000| PB 0x0000000797400000| Untracked 
| 699|0x0000000797600000, 0x0000000797600000, 0x0000000797800000|  0%| F|  |TAMS 0x0000000797600000| PB 0x0000000797600000| Untracked 
| 700|0x0000000797800000, 0x0000000797800000, 0x0000000797a00000|  0%| F|  |TAMS 0x0000000797800000| PB 0x0000000797800000| Untracked 
| 701|0x0000000797a00000, 0x0000000797a00000, 0x0000000797c00000|  0%| F|  |TAMS 0x0000000797a00000| PB 0x0000000797a00000| Untracked 
| 702|0x0000000797c00000, 0x0000000797c00000, 0x0000000797e00000|  0%| F|  |TAMS 0x0000000797c00000| PB 0x0000000797c00000| Untracked 
| 703|0x0000000797e00000, 0x0000000797e00000, 0x0000000798000000|  0%| F|  |TAMS 0x0000000797e00000| PB 0x0000000797e00000| Untracked 
| 704|0x0000000798000000, 0x0000000798000000, 0x0000000798200000|  0%| F|  |TAMS 0x0000000798000000| PB 0x0000000798000000| Untracked 
| 705|0x0000000798200000, 0x0000000798200000, 0x0000000798400000|  0%| F|  |TAMS 0x0000000798200000| PB 0x0000000798200000| Untracked 
| 706|0x0000000798400000, 0x0000000798400000, 0x0000000798600000|  0%| F|  |TAMS 0x0000000798400000| PB 0x0000000798400000| Untracked 
| 707|0x0000000798600000, 0x0000000798600000, 0x0000000798800000|  0%| F|  |TAMS 0x0000000798600000| PB 0x0000000798600000| Untracked 
| 708|0x0000000798800000, 0x0000000798800000, 0x0000000798a00000|  0%| F|  |TAMS 0x0000000798800000| PB 0x0000000798800000| Untracked 
| 709|0x0000000798a00000, 0x0000000798a00000, 0x0000000798c00000|  0%| F|  |TAMS 0x0000000798a00000| PB 0x0000000798a00000| Untracked 
| 710|0x0000000798c00000, 0x0000000798c00000, 0x0000000798e00000|  0%| F|  |TAMS 0x0000000798c00000| PB 0x0000000798c00000| Untracked 
| 711|0x0000000798e00000, 0x0000000798e00000, 0x0000000799000000|  0%| F|  |TAMS 0x0000000798e00000| PB 0x0000000798e00000| Untracked 
| 712|0x0000000799000000, 0x0000000799000000, 0x0000000799200000|  0%| F|  |TAMS 0x0000000799000000| PB 0x0000000799000000| Untracked 
| 713|0x0000000799200000, 0x0000000799200000, 0x0000000799400000|  0%| F|  |TAMS 0x0000000799200000| PB 0x0000000799200000| Untracked 
| 714|0x0000000799400000, 0x0000000799400000, 0x0000000799600000|  0%| F|  |TAMS 0x0000000799400000| PB 0x0000000799400000| Untracked 
| 715|0x0000000799600000, 0x0000000799600000, 0x0000000799800000|  0%| F|  |TAMS 0x0000000799600000| PB 0x0000000799600000| Untracked 
| 716|0x0000000799800000, 0x0000000799800000, 0x0000000799a00000|  0%| F|  |TAMS 0x0000000799800000| PB 0x0000000799800000| Untracked 
| 717|0x0000000799a00000, 0x0000000799a00000, 0x0000000799c00000|  0%| F|  |TAMS 0x0000000799a00000| PB 0x0000000799a00000| Untracked 
| 718|0x0000000799c00000, 0x0000000799c00000, 0x0000000799e00000|  0%| F|  |TAMS 0x0000000799c00000| PB 0x0000000799c00000| Untracked 
| 719|0x0000000799e00000, 0x0000000799e00000, 0x000000079a000000|  0%| F|  |TAMS 0x0000000799e00000| PB 0x0000000799e00000| Untracked 
| 720|0x000000079a000000, 0x000000079a000000, 0x000000079a200000|  0%| F|  |TAMS 0x000000079a000000| PB 0x000000079a000000| Untracked 
| 721|0x000000079a200000, 0x000000079a200000, 0x000000079a400000|  0%| F|  |TAMS 0x000000079a200000| PB 0x000000079a200000| Untracked 
| 722|0x000000079a400000, 0x000000079a400000, 0x000000079a600000|  0%| F|  |TAMS 0x000000079a400000| PB 0x000000079a400000| Untracked 
| 723|0x000000079a600000, 0x000000079a600000, 0x000000079a800000|  0%| F|  |TAMS 0x000000079a600000| PB 0x000000079a600000| Untracked 
| 724|0x000000079a800000, 0x000000079a800000, 0x000000079aa00000|  0%| F|  |TAMS 0x000000079a800000| PB 0x000000079a800000| Untracked 
| 725|0x000000079aa00000, 0x000000079aa00000, 0x000000079ac00000|  0%| F|  |TAMS 0x000000079aa00000| PB 0x000000079aa00000| Untracked 
| 726|0x000000079ac00000, 0x000000079ac00000, 0x000000079ae00000|  0%| F|  |TAMS 0x000000079ac00000| PB 0x000000079ac00000| Untracked 
| 727|0x000000079ae00000, 0x000000079ae00000, 0x000000079b000000|  0%| F|  |TAMS 0x000000079ae00000| PB 0x000000079ae00000| Untracked 
| 728|0x000000079b000000, 0x000000079b000000, 0x000000079b200000|  0%| F|  |TAMS 0x000000079b000000| PB 0x000000079b000000| Untracked 
| 729|0x000000079b200000, 0x000000079b200000, 0x000000079b400000|  0%| F|  |TAMS 0x000000079b200000| PB 0x000000079b200000| Untracked 
| 730|0x000000079b400000, 0x000000079b400000, 0x000000079b600000|  0%| F|  |TAMS 0x000000079b400000| PB 0x000000079b400000| Untracked 
| 731|0x000000079b600000, 0x000000079b600000, 0x000000079b800000|  0%| F|  |TAMS 0x000000079b600000| PB 0x000000079b600000| Untracked 
| 732|0x000000079b800000, 0x000000079b800000, 0x000000079ba00000|  0%| F|  |TAMS 0x000000079b800000| PB 0x000000079b800000| Untracked 
| 733|0x000000079ba00000, 0x000000079ba00000, 0x000000079bc00000|  0%| F|  |TAMS 0x000000079ba00000| PB 0x000000079ba00000| Untracked 
| 734|0x000000079bc00000, 0x000000079bc00000, 0x000000079be00000|  0%| F|  |TAMS 0x000000079bc00000| PB 0x000000079bc00000| Untracked 
| 735|0x000000079be00000, 0x000000079be00000, 0x000000079c000000|  0%| F|  |TAMS 0x000000079be00000| PB 0x000000079be00000| Untracked 
| 736|0x000000079c000000, 0x000000079c000000, 0x000000079c200000|  0%| F|  |TAMS 0x000000079c000000| PB 0x000000079c000000| Untracked 
| 737|0x000000079c200000, 0x000000079c200000, 0x000000079c400000|  0%| F|  |TAMS 0x000000079c200000| PB 0x000000079c200000| Untracked 
| 738|0x000000079c400000, 0x000000079c400000, 0x000000079c600000|  0%| F|  |TAMS 0x000000079c400000| PB 0x000000079c400000| Untracked 
| 739|0x000000079c600000, 0x000000079c600000, 0x000000079c800000|  0%| F|  |TAMS 0x000000079c600000| PB 0x000000079c600000| Untracked 
| 740|0x000000079c800000, 0x000000079c800000, 0x000000079ca00000|  0%| F|  |TAMS 0x000000079c800000| PB 0x000000079c800000| Untracked 
| 741|0x000000079ca00000, 0x000000079ca00000, 0x000000079cc00000|  0%| F|  |TAMS 0x000000079ca00000| PB 0x000000079ca00000| Untracked 
| 742|0x000000079cc00000, 0x000000079cc00000, 0x000000079ce00000|  0%| F|  |TAMS 0x000000079cc00000| PB 0x000000079cc00000| Untracked 
| 743|0x000000079ce00000, 0x000000079ce00000, 0x000000079d000000|  0%| F|  |TAMS 0x000000079ce00000| PB 0x000000079ce00000| Untracked 
| 744|0x000000079d000000, 0x000000079d000000, 0x000000079d200000|  0%| F|  |TAMS 0x000000079d000000| PB 0x000000079d000000| Untracked 
| 745|0x000000079d200000, 0x000000079d200000, 0x000000079d400000|  0%| F|  |TAMS 0x000000079d200000| PB 0x000000079d200000| Untracked 
| 746|0x000000079d400000, 0x000000079d400000, 0x000000079d600000|  0%| F|  |TAMS 0x000000079d400000| PB 0x000000079d400000| Untracked 
| 747|0x000000079d600000, 0x000000079d600000, 0x000000079d800000|  0%| F|  |TAMS 0x000000079d600000| PB 0x000000079d600000| Untracked 
| 748|0x000000079d800000, 0x000000079d800000, 0x000000079da00000|  0%| F|  |TAMS 0x000000079d800000| PB 0x000000079d800000| Untracked 
| 749|0x000000079da00000, 0x000000079da00000, 0x000000079dc00000|  0%| F|  |TAMS 0x000000079da00000| PB 0x000000079da00000| Untracked 
| 750|0x000000079dc00000, 0x000000079dc00000, 0x000000079de00000|  0%| F|  |TAMS 0x000000079dc00000| PB 0x000000079dc00000| Untracked 
| 751|0x000000079de00000, 0x000000079de00000, 0x000000079e000000|  0%| F|  |TAMS 0x000000079de00000| PB 0x000000079de00000| Untracked 
| 752|0x000000079e000000, 0x000000079e000000, 0x000000079e200000|  0%| F|  |TAMS 0x000000079e000000| PB 0x000000079e000000| Untracked 
| 753|0x000000079e200000, 0x000000079e200000, 0x000000079e400000|  0%| F|  |TAMS 0x000000079e200000| PB 0x000000079e200000| Untracked 
| 754|0x000000079e400000, 0x000000079e400000, 0x000000079e600000|  0%| F|  |TAMS 0x000000079e400000| PB 0x000000079e400000| Untracked 
| 755|0x000000079e600000, 0x000000079e600000, 0x000000079e800000|  0%| F|  |TAMS 0x000000079e600000| PB 0x000000079e600000| Untracked 
| 756|0x000000079e800000, 0x000000079e800000, 0x000000079ea00000|  0%| F|  |TAMS 0x000000079e800000| PB 0x000000079e800000| Untracked 
| 757|0x000000079ea00000, 0x000000079ea00000, 0x000000079ec00000|  0%| F|  |TAMS 0x000000079ea00000| PB 0x000000079ea00000| Untracked 
| 758|0x000000079ec00000, 0x000000079ec00000, 0x000000079ee00000|  0%| F|  |TAMS 0x000000079ec00000| PB 0x000000079ec00000| Untracked 
| 759|0x000000079ee00000, 0x000000079ee00000, 0x000000079f000000|  0%| F|  |TAMS 0x000000079ee00000| PB 0x000000079ee00000| Untracked 
| 760|0x000000079f000000, 0x000000079f000000, 0x000000079f200000|  0%| F|  |TAMS 0x000000079f000000| PB 0x000000079f000000| Untracked 
| 761|0x000000079f200000, 0x000000079f200000, 0x000000079f400000|  0%| F|  |TAMS 0x000000079f200000| PB 0x000000079f200000| Untracked 
| 762|0x000000079f400000, 0x000000079f400000, 0x000000079f600000|  0%| F|  |TAMS 0x000000079f400000| PB 0x000000079f400000| Untracked 
| 763|0x000000079f600000, 0x000000079f600000, 0x000000079f800000|  0%| F|  |TAMS 0x000000079f600000| PB 0x000000079f600000| Untracked 
| 764|0x000000079f800000, 0x000000079f800000, 0x000000079fa00000|  0%| F|  |TAMS 0x000000079f800000| PB 0x000000079f800000| Untracked 
| 765|0x000000079fa00000, 0x000000079fa00000, 0x000000079fc00000|  0%| F|  |TAMS 0x000000079fa00000| PB 0x000000079fa00000| Untracked 
| 766|0x000000079fc00000, 0x000000079fc00000, 0x000000079fe00000|  0%| F|  |TAMS 0x000000079fc00000| PB 0x000000079fc00000| Untracked 
| 767|0x000000079fe00000, 0x000000079fe00000, 0x00000007a0000000|  0%| F|  |TAMS 0x000000079fe00000| PB 0x000000079fe00000| Untracked 
| 768|0x00000007a0000000, 0x00000007a0000000, 0x00000007a0200000|  0%| F|  |TAMS 0x00000007a0000000| PB 0x00000007a0000000| Untracked 
| 769|0x00000007a0200000, 0x00000007a0200000, 0x00000007a0400000|  0%| F|  |TAMS 0x00000007a0200000| PB 0x00000007a0200000| Untracked 
| 770|0x00000007a0400000, 0x00000007a0400000, 0x00000007a0600000|  0%| F|  |TAMS 0x00000007a0400000| PB 0x00000007a0400000| Untracked 
| 771|0x00000007a0600000, 0x00000007a0600000, 0x00000007a0800000|  0%| F|  |TAMS 0x00000007a0600000| PB 0x00000007a0600000| Untracked 
| 772|0x00000007a0800000, 0x00000007a0800000, 0x00000007a0a00000|  0%| F|  |TAMS 0x00000007a0800000| PB 0x00000007a0800000| Untracked 
| 773|0x00000007a0a00000, 0x00000007a0a00000, 0x00000007a0c00000|  0%| F|  |TAMS 0x00000007a0a00000| PB 0x00000007a0a00000| Untracked 
| 774|0x00000007a0c00000, 0x00000007a0c00000, 0x00000007a0e00000|  0%| F|  |TAMS 0x00000007a0c00000| PB 0x00000007a0c00000| Untracked 
| 775|0x00000007a0e00000, 0x00000007a0e00000, 0x00000007a1000000|  0%| F|  |TAMS 0x00000007a0e00000| PB 0x00000007a0e00000| Untracked 
| 776|0x00000007a1000000, 0x00000007a1200000, 0x00000007a1200000|100%| S|CS|TAMS 0x00000007a1000000| PB 0x00000007a1000000| Complete 
| 777|0x00000007a1200000, 0x00000007a1400000, 0x00000007a1400000|100%| S|CS|TAMS 0x00000007a1200000| PB 0x00000007a1200000| Complete 
| 778|0x00000007a1400000, 0x00000007a1600000, 0x00000007a1600000|100%| S|CS|TAMS 0x00000007a1400000| PB 0x00000007a1400000| Complete 
| 779|0x00000007a1600000, 0x00000007a1800000, 0x00000007a1800000|100%| S|CS|TAMS 0x00000007a1600000| PB 0x00000007a1600000| Complete 
| 780|0x00000007a1800000, 0x00000007a1a00000, 0x00000007a1a00000|100%| S|CS|TAMS 0x00000007a1800000| PB 0x00000007a1800000| Complete 
| 781|0x00000007a1a00000, 0x00000007a1c00000, 0x00000007a1c00000|100%| S|CS|TAMS 0x00000007a1a00000| PB 0x00000007a1a00000| Complete 
| 782|0x00000007a1c00000, 0x00000007a1e00000, 0x00000007a1e00000|100%| S|CS|TAMS 0x00000007a1c00000| PB 0x00000007a1c00000| Complete 
| 783|0x00000007a1e00000, 0x00000007a2000000, 0x00000007a2000000|100%| S|CS|TAMS 0x00000007a1e00000| PB 0x00000007a1e00000| Complete 
| 784|0x00000007a2000000, 0x00000007a2200000, 0x00000007a2200000|100%| S|CS|TAMS 0x00000007a2000000| PB 0x00000007a2000000| Complete 
| 785|0x00000007a2200000, 0x00000007a2400000, 0x00000007a2400000|100%| S|CS|TAMS 0x00000007a2200000| PB 0x00000007a2200000| Complete 
| 786|0x00000007a2400000, 0x00000007a2600000, 0x00000007a2600000|100%| S|CS|TAMS 0x00000007a2400000| PB 0x00000007a2400000| Complete 
| 787|0x00000007a2600000, 0x00000007a2800000, 0x00000007a2800000|100%| S|CS|TAMS 0x00000007a2600000| PB 0x00000007a2600000| Complete 
| 788|0x00000007a2800000, 0x00000007a2a00000, 0x00000007a2a00000|100%| S|CS|TAMS 0x00000007a2800000| PB 0x00000007a2800000| Complete 
| 789|0x00000007a2a00000, 0x00000007a2c00000, 0x00000007a2c00000|100%| S|CS|TAMS 0x00000007a2a00000| PB 0x00000007a2a00000| Complete 
| 790|0x00000007a2c00000, 0x00000007a2e00000, 0x00000007a2e00000|100%| S|CS|TAMS 0x00000007a2c00000| PB 0x00000007a2c00000| Complete 
| 791|0x00000007a2e00000, 0x00000007a3000000, 0x00000007a3000000|100%| S|CS|TAMS 0x00000007a2e00000| PB 0x00000007a2e00000| Complete 
| 792|0x00000007a3000000, 0x00000007a3200000, 0x00000007a3200000|100%| S|CS|TAMS 0x00000007a3000000| PB 0x00000007a3000000| Complete 
| 793|0x00000007a3200000, 0x00000007a3400000, 0x00000007a3400000|100%| S|CS|TAMS 0x00000007a3200000| PB 0x00000007a3200000| Complete 
| 794|0x00000007a3400000, 0x00000007a3600000, 0x00000007a3600000|100%| S|CS|TAMS 0x00000007a3400000| PB 0x00000007a3400000| Complete 
| 795|0x00000007a3600000, 0x00000007a3800000, 0x00000007a3800000|100%| S|CS|TAMS 0x00000007a3600000| PB 0x00000007a3600000| Complete 
| 796|0x00000007a3800000, 0x00000007a3a00000, 0x00000007a3a00000|100%| S|CS|TAMS 0x00000007a3800000| PB 0x00000007a3800000| Complete 
| 797|0x00000007a3a00000, 0x00000007a3c00000, 0x00000007a3c00000|100%| S|CS|TAMS 0x00000007a3a00000| PB 0x00000007a3a00000| Complete 
| 798|0x00000007a3c00000, 0x00000007a3e00000, 0x00000007a3e00000|100%| S|CS|TAMS 0x00000007a3c00000| PB 0x00000007a3c00000| Complete 
| 799|0x00000007a3e00000, 0x00000007a4000000, 0x00000007a4000000|100%| S|CS|TAMS 0x00000007a3e00000| PB 0x00000007a3e00000| Complete 
| 800|0x00000007a4000000, 0x00000007a4200000, 0x00000007a4200000|100%| S|CS|TAMS 0x00000007a4000000| PB 0x00000007a4000000| Complete 
| 801|0x00000007a4200000, 0x00000007a4400000, 0x00000007a4400000|100%| S|CS|TAMS 0x00000007a4200000| PB 0x00000007a4200000| Complete 
| 802|0x00000007a4400000, 0x00000007a4600000, 0x00000007a4600000|100%| S|CS|TAMS 0x00000007a4400000| PB 0x00000007a4400000| Complete 
| 803|0x00000007a4600000, 0x00000007a4800000, 0x00000007a4800000|100%| S|CS|TAMS 0x00000007a4600000| PB 0x00000007a4600000| Complete 
| 804|0x00000007a4800000, 0x00000007a4a00000, 0x00000007a4a00000|100%| S|CS|TAMS 0x00000007a4800000| PB 0x00000007a4800000| Complete 
| 805|0x00000007a4a00000, 0x00000007a4a00000, 0x00000007a4c00000|  0%| F|  |TAMS 0x00000007a4a00000| PB 0x00000007a4a00000| Untracked 
| 806|0x00000007a4c00000, 0x00000007a4c00000, 0x00000007a4e00000|  0%| F|  |TAMS 0x00000007a4c00000| PB 0x00000007a4c00000| Untracked 
| 807|0x00000007a4e00000, 0x00000007a4e00000, 0x00000007a5000000|  0%| F|  |TAMS 0x00000007a4e00000| PB 0x00000007a4e00000| Untracked 
| 808|0x00000007a5000000, 0x00000007a5000000, 0x00000007a5200000|  0%| F|  |TAMS 0x00000007a5000000| PB 0x00000007a5000000| Untracked 
| 809|0x00000007a5200000, 0x00000007a5200000, 0x00000007a5400000|  0%| F|  |TAMS 0x00000007a5200000| PB 0x00000007a5200000| Untracked 
| 810|0x00000007a5400000, 0x00000007a5400000, 0x00000007a5600000|  0%| F|  |TAMS 0x00000007a5400000| PB 0x00000007a5400000| Untracked 
| 811|0x00000007a5600000, 0x00000007a5600000, 0x00000007a5800000|  0%| F|  |TAMS 0x00000007a5600000| PB 0x00000007a5600000| Untracked 
| 812|0x00000007a5800000, 0x00000007a5800000, 0x00000007a5a00000|  0%| F|  |TAMS 0x00000007a5800000| PB 0x00000007a5800000| Untracked 
| 813|0x00000007a5a00000, 0x00000007a5a00000, 0x00000007a5c00000|  0%| F|  |TAMS 0x00000007a5a00000| PB 0x00000007a5a00000| Untracked 
| 814|0x00000007a5c00000, 0x00000007a5c00000, 0x00000007a5e00000|  0%| F|  |TAMS 0x00000007a5c00000| PB 0x00000007a5c00000| Untracked 
| 815|0x00000007a5e00000, 0x00000007a5e00000, 0x00000007a6000000|  0%| F|  |TAMS 0x00000007a5e00000| PB 0x00000007a5e00000| Untracked 
| 816|0x00000007a6000000, 0x00000007a6000000, 0x00000007a6200000|  0%| F|  |TAMS 0x00000007a6000000| PB 0x00000007a6000000| Untracked 
| 817|0x00000007a6200000, 0x00000007a6200000, 0x00000007a6400000|  0%| F|  |TAMS 0x00000007a6200000| PB 0x00000007a6200000| Untracked 
| 818|0x00000007a6400000, 0x00000007a6400000, 0x00000007a6600000|  0%| F|  |TAMS 0x00000007a6400000| PB 0x00000007a6400000| Untracked 
| 819|0x00000007a6600000, 0x00000007a6600000, 0x00000007a6800000|  0%| F|  |TAMS 0x00000007a6600000| PB 0x00000007a6600000| Untracked 
| 820|0x00000007a6800000, 0x00000007a6800000, 0x00000007a6a00000|  0%| F|  |TAMS 0x00000007a6800000| PB 0x00000007a6800000| Untracked 
| 821|0x00000007a6a00000, 0x00000007a6a00000, 0x00000007a6c00000|  0%| F|  |TAMS 0x00000007a6a00000| PB 0x00000007a6a00000| Untracked 
| 822|0x00000007a6c00000, 0x00000007a6c00000, 0x00000007a6e00000|  0%| F|  |TAMS 0x00000007a6c00000| PB 0x00000007a6c00000| Untracked 
| 823|0x00000007a6e00000, 0x00000007a6e00000, 0x00000007a7000000|  0%| F|  |TAMS 0x00000007a6e00000| PB 0x00000007a6e00000| Untracked 
| 824|0x00000007a7000000, 0x00000007a7000000, 0x00000007a7200000|  0%| F|  |TAMS 0x00000007a7000000| PB 0x00000007a7000000| Untracked 
| 825|0x00000007a7200000, 0x00000007a7200000, 0x00000007a7400000|  0%| F|  |TAMS 0x00000007a7200000| PB 0x00000007a7200000| Untracked 
| 826|0x00000007a7400000, 0x00000007a7400000, 0x00000007a7600000|  0%| F|  |TAMS 0x00000007a7400000| PB 0x00000007a7400000| Untracked 
| 827|0x00000007a7600000, 0x00000007a7600000, 0x00000007a7800000|  0%| F|  |TAMS 0x00000007a7600000| PB 0x00000007a7600000| Untracked 
| 828|0x00000007a7800000, 0x00000007a7800000, 0x00000007a7a00000|  0%| F|  |TAMS 0x00000007a7800000| PB 0x00000007a7800000| Untracked 
| 829|0x00000007a7a00000, 0x00000007a7a00000, 0x00000007a7c00000|  0%| F|  |TAMS 0x00000007a7a00000| PB 0x00000007a7a00000| Untracked 
| 830|0x00000007a7c00000, 0x00000007a7c00000, 0x00000007a7e00000|  0%| F|  |TAMS 0x00000007a7c00000| PB 0x00000007a7c00000| Untracked 
| 831|0x00000007a7e00000, 0x00000007a7e00000, 0x00000007a8000000|  0%| F|  |TAMS 0x00000007a7e00000| PB 0x00000007a7e00000| Untracked 
| 832|0x00000007a8000000, 0x00000007a8000000, 0x00000007a8200000|  0%| F|  |TAMS 0x00000007a8000000| PB 0x00000007a8000000| Untracked 
| 833|0x00000007a8200000, 0x00000007a8200000, 0x00000007a8400000|  0%| F|  |TAMS 0x00000007a8200000| PB 0x00000007a8200000| Untracked 
| 834|0x00000007a8400000, 0x00000007a8400000, 0x00000007a8600000|  0%| F|  |TAMS 0x00000007a8400000| PB 0x00000007a8400000| Untracked 
| 835|0x00000007a8600000, 0x00000007a8600000, 0x00000007a8800000|  0%| F|  |TAMS 0x00000007a8600000| PB 0x00000007a8600000| Untracked 
| 836|0x00000007a8800000, 0x00000007a8800000, 0x00000007a8a00000|  0%| F|  |TAMS 0x00000007a8800000| PB 0x00000007a8800000| Untracked 
| 837|0x00000007a8a00000, 0x00000007a8a00000, 0x00000007a8c00000|  0%| F|  |TAMS 0x00000007a8a00000| PB 0x00000007a8a00000| Untracked 
| 838|0x00000007a8c00000, 0x00000007a8c00000, 0x00000007a8e00000|  0%| F|  |TAMS 0x00000007a8c00000| PB 0x00000007a8c00000| Untracked 
| 839|0x00000007a8e00000, 0x00000007a8e00000, 0x00000007a9000000|  0%| F|  |TAMS 0x00000007a8e00000| PB 0x00000007a8e00000| Untracked 
| 840|0x00000007a9000000, 0x00000007a9000000, 0x00000007a9200000|  0%| F|  |TAMS 0x00000007a9000000| PB 0x00000007a9000000| Untracked 
| 841|0x00000007a9200000, 0x00000007a9200000, 0x00000007a9400000|  0%| F|  |TAMS 0x00000007a9200000| PB 0x00000007a9200000| Untracked 
| 842|0x00000007a9400000, 0x00000007a9400000, 0x00000007a9600000|  0%| F|  |TAMS 0x00000007a9400000| PB 0x00000007a9400000| Untracked 
| 843|0x00000007a9600000, 0x00000007a9600000, 0x00000007a9800000|  0%| F|  |TAMS 0x00000007a9600000| PB 0x00000007a9600000| Untracked 
| 844|0x00000007a9800000, 0x00000007a9800000, 0x00000007a9a00000|  0%| F|  |TAMS 0x00000007a9800000| PB 0x00000007a9800000| Untracked 
| 845|0x00000007a9a00000, 0x00000007a9a00000, 0x00000007a9c00000|  0%| F|  |TAMS 0x00000007a9a00000| PB 0x00000007a9a00000| Untracked 
| 846|0x00000007a9c00000, 0x00000007a9c00000, 0x00000007a9e00000|  0%| F|  |TAMS 0x00000007a9c00000| PB 0x00000007a9c00000| Untracked 
| 847|0x00000007a9e00000, 0x00000007a9e00000, 0x00000007aa000000|  0%| F|  |TAMS 0x00000007a9e00000| PB 0x00000007a9e00000| Untracked 
| 848|0x00000007aa000000, 0x00000007aa000000, 0x00000007aa200000|  0%| F|  |TAMS 0x00000007aa000000| PB 0x00000007aa000000| Untracked 
| 849|0x00000007aa200000, 0x00000007aa200000, 0x00000007aa400000|  0%| F|  |TAMS 0x00000007aa200000| PB 0x00000007aa200000| Untracked 
| 850|0x00000007aa400000, 0x00000007aa400000, 0x00000007aa600000|  0%| F|  |TAMS 0x00000007aa400000| PB 0x00000007aa400000| Untracked 
| 851|0x00000007aa600000, 0x00000007aa600000, 0x00000007aa800000|  0%| F|  |TAMS 0x00000007aa600000| PB 0x00000007aa600000| Untracked 
| 852|0x00000007aa800000, 0x00000007aa800000, 0x00000007aaa00000|  0%| F|  |TAMS 0x00000007aa800000| PB 0x00000007aa800000| Untracked 
| 853|0x00000007aaa00000, 0x00000007aaa00000, 0x00000007aac00000|  0%| F|  |TAMS 0x00000007aaa00000| PB 0x00000007aaa00000| Untracked 
| 854|0x00000007aac00000, 0x00000007aac00000, 0x00000007aae00000|  0%| F|  |TAMS 0x00000007aac00000| PB 0x00000007aac00000| Untracked 
| 855|0x00000007aae00000, 0x00000007aae00000, 0x00000007ab000000|  0%| F|  |TAMS 0x00000007aae00000| PB 0x00000007aae00000| Untracked 
| 856|0x00000007ab000000, 0x00000007ab000000, 0x00000007ab200000|  0%| F|  |TAMS 0x00000007ab000000| PB 0x00000007ab000000| Untracked 
| 857|0x00000007ab200000, 0x00000007ab200000, 0x00000007ab400000|  0%| F|  |TAMS 0x00000007ab200000| PB 0x00000007ab200000| Untracked 
| 858|0x00000007ab400000, 0x00000007ab400000, 0x00000007ab600000|  0%| F|  |TAMS 0x00000007ab400000| PB 0x00000007ab400000| Untracked 
| 859|0x00000007ab600000, 0x00000007ab600000, 0x00000007ab800000|  0%| F|  |TAMS 0x00000007ab600000| PB 0x00000007ab600000| Untracked 
| 860|0x00000007ab800000, 0x00000007ab800000, 0x00000007aba00000|  0%| F|  |TAMS 0x00000007ab800000| PB 0x00000007ab800000| Untracked 
| 861|0x00000007aba00000, 0x00000007aba00000, 0x00000007abc00000|  0%| F|  |TAMS 0x00000007aba00000| PB 0x00000007aba00000| Untracked 
| 862|0x00000007abc00000, 0x00000007abc00000, 0x00000007abe00000|  0%| F|  |TAMS 0x00000007abc00000| PB 0x00000007abc00000| Untracked 
| 863|0x00000007abe00000, 0x00000007abe00000, 0x00000007ac000000|  0%| F|  |TAMS 0x00000007abe00000| PB 0x00000007abe00000| Untracked 
| 864|0x00000007ac000000, 0x00000007ac000000, 0x00000007ac200000|  0%| F|  |TAMS 0x00000007ac000000| PB 0x00000007ac000000| Untracked 
| 865|0x00000007ac200000, 0x00000007ac200000, 0x00000007ac400000|  0%| F|  |TAMS 0x00000007ac200000| PB 0x00000007ac200000| Untracked 
| 866|0x00000007ac400000, 0x00000007ac400000, 0x00000007ac600000|  0%| F|  |TAMS 0x00000007ac400000| PB 0x00000007ac400000| Untracked 
| 867|0x00000007ac600000, 0x00000007ac600000, 0x00000007ac800000|  0%| F|  |TAMS 0x00000007ac600000| PB 0x00000007ac600000| Untracked 
| 868|0x00000007ac800000, 0x00000007ac800000, 0x00000007aca00000|  0%| F|  |TAMS 0x00000007ac800000| PB 0x00000007ac800000| Untracked 
| 869|0x00000007aca00000, 0x00000007aca00000, 0x00000007acc00000|  0%| F|  |TAMS 0x00000007aca00000| PB 0x00000007aca00000| Untracked 
| 870|0x00000007acc00000, 0x00000007acc00000, 0x00000007ace00000|  0%| F|  |TAMS 0x00000007acc00000| PB 0x00000007acc00000| Untracked 
| 871|0x00000007ace00000, 0x00000007ace00000, 0x00000007ad000000|  0%| F|  |TAMS 0x00000007ace00000| PB 0x00000007ace00000| Untracked 
| 872|0x00000007ad000000, 0x00000007ad000000, 0x00000007ad200000|  0%| F|  |TAMS 0x00000007ad000000| PB 0x00000007ad000000| Untracked 
| 873|0x00000007ad200000, 0x00000007ad200000, 0x00000007ad400000|  0%| F|  |TAMS 0x00000007ad200000| PB 0x00000007ad200000| Untracked 
| 874|0x00000007ad400000, 0x00000007ad400000, 0x00000007ad600000|  0%| F|  |TAMS 0x00000007ad400000| PB 0x00000007ad400000| Untracked 
| 875|0x00000007ad600000, 0x00000007ad600000, 0x00000007ad800000|  0%| F|  |TAMS 0x00000007ad600000| PB 0x00000007ad600000| Untracked 
| 876|0x00000007ad800000, 0x00000007ad800000, 0x00000007ada00000|  0%| F|  |TAMS 0x00000007ad800000| PB 0x00000007ad800000| Untracked 
| 877|0x00000007ada00000, 0x00000007ada00000, 0x00000007adc00000|  0%| F|  |TAMS 0x00000007ada00000| PB 0x00000007ada00000| Untracked 
| 878|0x00000007adc00000, 0x00000007adc00000, 0x00000007ade00000|  0%| F|  |TAMS 0x00000007adc00000| PB 0x00000007adc00000| Untracked 
| 879|0x00000007ade00000, 0x00000007ade00000, 0x00000007ae000000|  0%| F|  |TAMS 0x00000007ade00000| PB 0x00000007ade00000| Untracked 
| 880|0x00000007ae000000, 0x00000007ae000000, 0x00000007ae200000|  0%| F|  |TAMS 0x00000007ae000000| PB 0x00000007ae000000| Untracked 
| 881|0x00000007ae200000, 0x00000007ae200000, 0x00000007ae400000|  0%| F|  |TAMS 0x00000007ae200000| PB 0x00000007ae200000| Untracked 
| 882|0x00000007ae400000, 0x00000007ae400000, 0x00000007ae600000|  0%| F|  |TAMS 0x00000007ae400000| PB 0x00000007ae400000| Untracked 
| 883|0x00000007ae600000, 0x00000007ae600000, 0x00000007ae800000|  0%| F|  |TAMS 0x00000007ae600000| PB 0x00000007ae600000| Untracked 
| 884|0x00000007ae800000, 0x00000007ae800000, 0x00000007aea00000|  0%| F|  |TAMS 0x00000007ae800000| PB 0x00000007ae800000| Untracked 
| 885|0x00000007aea00000, 0x00000007aea00000, 0x00000007aec00000|  0%| F|  |TAMS 0x00000007aea00000| PB 0x00000007aea00000| Untracked 
| 886|0x00000007aec00000, 0x00000007aec00000, 0x00000007aee00000|  0%| F|  |TAMS 0x00000007aec00000| PB 0x00000007aec00000| Untracked 
| 887|0x00000007aee00000, 0x00000007aee00000, 0x00000007af000000|  0%| F|  |TAMS 0x00000007aee00000| PB 0x00000007aee00000| Untracked 
| 888|0x00000007af000000, 0x00000007af000000, 0x00000007af200000|  0%| F|  |TAMS 0x00000007af000000| PB 0x00000007af000000| Untracked 
| 889|0x00000007af200000, 0x00000007af200000, 0x00000007af400000|  0%| F|  |TAMS 0x00000007af200000| PB 0x00000007af200000| Untracked 
| 890|0x00000007af400000, 0x00000007af400000, 0x00000007af600000|  0%| F|  |TAMS 0x00000007af400000| PB 0x00000007af400000| Untracked 
| 891|0x00000007af600000, 0x00000007af600000, 0x00000007af800000|  0%| F|  |TAMS 0x00000007af600000| PB 0x00000007af600000| Untracked 
| 892|0x00000007af800000, 0x00000007af800000, 0x00000007afa00000|  0%| F|  |TAMS 0x00000007af800000| PB 0x00000007af800000| Untracked 
| 893|0x00000007afa00000, 0x00000007afa00000, 0x00000007afc00000|  0%| F|  |TAMS 0x00000007afa00000| PB 0x00000007afa00000| Untracked 
| 894|0x00000007afc00000, 0x00000007afc00000, 0x00000007afe00000|  0%| F|  |TAMS 0x00000007afc00000| PB 0x00000007afc00000| Untracked 
| 895|0x00000007afe00000, 0x00000007afe00000, 0x00000007b0000000|  0%| F|  |TAMS 0x00000007afe00000| PB 0x00000007afe00000| Untracked 
| 896|0x00000007b0000000, 0x00000007b0000000, 0x00000007b0200000|  0%| F|  |TAMS 0x00000007b0000000| PB 0x00000007b0000000| Untracked 
| 897|0x00000007b0200000, 0x00000007b0200000, 0x00000007b0400000|  0%| F|  |TAMS 0x00000007b0200000| PB 0x00000007b0200000| Untracked 
| 898|0x00000007b0400000, 0x00000007b0400000, 0x00000007b0600000|  0%| F|  |TAMS 0x00000007b0400000| PB 0x00000007b0400000| Untracked 
| 899|0x00000007b0600000, 0x00000007b0600000, 0x00000007b0800000|  0%| F|  |TAMS 0x00000007b0600000| PB 0x00000007b0600000| Untracked 
| 900|0x00000007b0800000, 0x00000007b0800000, 0x00000007b0a00000|  0%| F|  |TAMS 0x00000007b0800000| PB 0x00000007b0800000| Untracked 
| 901|0x00000007b0a00000, 0x00000007b0a00000, 0x00000007b0c00000|  0%| F|  |TAMS 0x00000007b0a00000| PB 0x00000007b0a00000| Untracked 
| 902|0x00000007b0c00000, 0x00000007b0c00000, 0x00000007b0e00000|  0%| F|  |TAMS 0x00000007b0c00000| PB 0x00000007b0c00000| Untracked 
| 903|0x00000007b0e00000, 0x00000007b0e00000, 0x00000007b1000000|  0%| F|  |TAMS 0x00000007b0e00000| PB 0x00000007b0e00000| Untracked 
| 904|0x00000007b1000000, 0x00000007b1000000, 0x00000007b1200000|  0%| F|  |TAMS 0x00000007b1000000| PB 0x00000007b1000000| Untracked 
| 905|0x00000007b1200000, 0x00000007b1200000, 0x00000007b1400000|  0%| F|  |TAMS 0x00000007b1200000| PB 0x00000007b1200000| Untracked 
| 906|0x00000007b1400000, 0x00000007b1400000, 0x00000007b1600000|  0%| F|  |TAMS 0x00000007b1400000| PB 0x00000007b1400000| Untracked 
| 907|0x00000007b1600000, 0x00000007b1600000, 0x00000007b1800000|  0%| F|  |TAMS 0x00000007b1600000| PB 0x00000007b1600000| Untracked 
| 908|0x00000007b1800000, 0x00000007b1800000, 0x00000007b1a00000|  0%| F|  |TAMS 0x00000007b1800000| PB 0x00000007b1800000| Untracked 
| 909|0x00000007b1a00000, 0x00000007b1a00000, 0x00000007b1c00000|  0%| F|  |TAMS 0x00000007b1a00000| PB 0x00000007b1a00000| Untracked 
| 910|0x00000007b1c00000, 0x00000007b1c00000, 0x00000007b1e00000|  0%| F|  |TAMS 0x00000007b1c00000| PB 0x00000007b1c00000| Untracked 
| 911|0x00000007b1e00000, 0x00000007b1e00000, 0x00000007b2000000|  0%| F|  |TAMS 0x00000007b1e00000| PB 0x00000007b1e00000| Untracked 
| 912|0x00000007b2000000, 0x00000007b2000000, 0x00000007b2200000|  0%| F|  |TAMS 0x00000007b2000000| PB 0x00000007b2000000| Untracked 
| 913|0x00000007b2200000, 0x00000007b2200000, 0x00000007b2400000|  0%| F|  |TAMS 0x00000007b2200000| PB 0x00000007b2200000| Untracked 
| 914|0x00000007b2400000, 0x00000007b2400000, 0x00000007b2600000|  0%| F|  |TAMS 0x00000007b2400000| PB 0x00000007b2400000| Untracked 
| 915|0x00000007b2600000, 0x00000007b2600000, 0x00000007b2800000|  0%| F|  |TAMS 0x00000007b2600000| PB 0x00000007b2600000| Untracked 
| 916|0x00000007b2800000, 0x00000007b2800000, 0x00000007b2a00000|  0%| F|  |TAMS 0x00000007b2800000| PB 0x00000007b2800000| Untracked 
| 917|0x00000007b2a00000, 0x00000007b2a00000, 0x00000007b2c00000|  0%| F|  |TAMS 0x00000007b2a00000| PB 0x00000007b2a00000| Untracked 
| 918|0x00000007b2c00000, 0x00000007b2c00000, 0x00000007b2e00000|  0%| F|  |TAMS 0x00000007b2c00000| PB 0x00000007b2c00000| Untracked 
| 919|0x00000007b2e00000, 0x00000007b2e00000, 0x00000007b3000000|  0%| F|  |TAMS 0x00000007b2e00000| PB 0x00000007b2e00000| Untracked 
| 920|0x00000007b3000000, 0x00000007b3000000, 0x00000007b3200000|  0%| F|  |TAMS 0x00000007b3000000| PB 0x00000007b3000000| Untracked 
| 921|0x00000007b3200000, 0x00000007b3200000, 0x00000007b3400000|  0%| F|  |TAMS 0x00000007b3200000| PB 0x00000007b3200000| Untracked 
| 922|0x00000007b3400000, 0x00000007b3400000, 0x00000007b3600000|  0%| F|  |TAMS 0x00000007b3400000| PB 0x00000007b3400000| Untracked 
| 923|0x00000007b3600000, 0x00000007b3600000, 0x00000007b3800000|  0%| F|  |TAMS 0x00000007b3600000| PB 0x00000007b3600000| Untracked 
| 924|0x00000007b3800000, 0x00000007b3800000, 0x00000007b3a00000|  0%| F|  |TAMS 0x00000007b3800000| PB 0x00000007b3800000| Untracked 
| 925|0x00000007b3a00000, 0x00000007b3a00000, 0x00000007b3c00000|  0%| F|  |TAMS 0x00000007b3a00000| PB 0x00000007b3a00000| Untracked 
| 926|0x00000007b3c00000, 0x00000007b3c00000, 0x00000007b3e00000|  0%| F|  |TAMS 0x00000007b3c00000| PB 0x00000007b3c00000| Untracked 
| 927|0x00000007b3e00000, 0x00000007b3e00000, 0x00000007b4000000|  0%| F|  |TAMS 0x00000007b3e00000| PB 0x00000007b3e00000| Untracked 
| 928|0x00000007b4000000, 0x00000007b4000000, 0x00000007b4200000|  0%| F|  |TAMS 0x00000007b4000000| PB 0x00000007b4000000| Untracked 
| 929|0x00000007b4200000, 0x00000007b4200000, 0x00000007b4400000|  0%| F|  |TAMS 0x00000007b4200000| PB 0x00000007b4200000| Untracked 
| 930|0x00000007b4400000, 0x00000007b4400000, 0x00000007b4600000|  0%| F|  |TAMS 0x00000007b4400000| PB 0x00000007b4400000| Untracked 
| 931|0x00000007b4600000, 0x00000007b4600000, 0x00000007b4800000|  0%| F|  |TAMS 0x00000007b4600000| PB 0x00000007b4600000| Untracked 
| 932|0x00000007b4800000, 0x00000007b4800000, 0x00000007b4a00000|  0%| F|  |TAMS 0x00000007b4800000| PB 0x00000007b4800000| Untracked 
| 933|0x00000007b4a00000, 0x00000007b4a00000, 0x00000007b4c00000|  0%| F|  |TAMS 0x00000007b4a00000| PB 0x00000007b4a00000| Untracked 
| 934|0x00000007b4c00000, 0x00000007b4c00000, 0x00000007b4e00000|  0%| F|  |TAMS 0x00000007b4c00000| PB 0x00000007b4c00000| Untracked 
| 935|0x00000007b4e00000, 0x00000007b4e00000, 0x00000007b5000000|  0%| F|  |TAMS 0x00000007b4e00000| PB 0x00000007b4e00000| Untracked 
| 936|0x00000007b5000000, 0x00000007b5000000, 0x00000007b5200000|  0%| F|  |TAMS 0x00000007b5000000| PB 0x00000007b5000000| Untracked 
| 937|0x00000007b5200000, 0x00000007b5200000, 0x00000007b5400000|  0%| F|  |TAMS 0x00000007b5200000| PB 0x00000007b5200000| Untracked 
| 938|0x00000007b5400000, 0x00000007b5400000, 0x00000007b5600000|  0%| F|  |TAMS 0x00000007b5400000| PB 0x00000007b5400000| Untracked 
| 939|0x00000007b5600000, 0x00000007b5600000, 0x00000007b5800000|  0%| F|  |TAMS 0x00000007b5600000| PB 0x00000007b5600000| Untracked 
| 940|0x00000007b5800000, 0x00000007b5800000, 0x00000007b5a00000|  0%| F|  |TAMS 0x00000007b5800000| PB 0x00000007b5800000| Untracked 
| 941|0x00000007b5a00000, 0x00000007b5a00000, 0x00000007b5c00000|  0%| F|  |TAMS 0x00000007b5a00000| PB 0x00000007b5a00000| Untracked 
| 942|0x00000007b5c00000, 0x00000007b5c00000, 0x00000007b5e00000|  0%| F|  |TAMS 0x00000007b5c00000| PB 0x00000007b5c00000| Untracked 
| 943|0x00000007b5e00000, 0x00000007b5e00000, 0x00000007b6000000|  0%| F|  |TAMS 0x00000007b5e00000| PB 0x00000007b5e00000| Untracked 
| 944|0x00000007b6000000, 0x00000007b6000000, 0x00000007b6200000|  0%| F|  |TAMS 0x00000007b6000000| PB 0x00000007b6000000| Untracked 
| 945|0x00000007b6200000, 0x00000007b6200000, 0x00000007b6400000|  0%| F|  |TAMS 0x00000007b6200000| PB 0x00000007b6200000| Untracked 
| 946|0x00000007b6400000, 0x00000007b6400000, 0x00000007b6600000|  0%| F|  |TAMS 0x00000007b6400000| PB 0x00000007b6400000| Untracked 
| 947|0x00000007b6600000, 0x00000007b6600000, 0x00000007b6800000|  0%| F|  |TAMS 0x00000007b6600000| PB 0x00000007b6600000| Untracked 
| 948|0x00000007b6800000, 0x00000007b6800000, 0x00000007b6a00000|  0%| F|  |TAMS 0x00000007b6800000| PB 0x00000007b6800000| Untracked 
| 949|0x00000007b6a00000, 0x00000007b6a00000, 0x00000007b6c00000|  0%| F|  |TAMS 0x00000007b6a00000| PB 0x00000007b6a00000| Untracked 
| 950|0x00000007b6c00000, 0x00000007b6c00000, 0x00000007b6e00000|  0%| F|  |TAMS 0x00000007b6c00000| PB 0x00000007b6c00000| Untracked 
| 951|0x00000007b6e00000, 0x00000007b6e00000, 0x00000007b7000000|  0%| F|  |TAMS 0x00000007b6e00000| PB 0x00000007b6e00000| Untracked 
| 952|0x00000007b7000000, 0x00000007b7000000, 0x00000007b7200000|  0%| F|  |TAMS 0x00000007b7000000| PB 0x00000007b7000000| Untracked 
| 953|0x00000007b7200000, 0x00000007b7200000, 0x00000007b7400000|  0%| F|  |TAMS 0x00000007b7200000| PB 0x00000007b7200000| Untracked 
| 954|0x00000007b7400000, 0x00000007b7400000, 0x00000007b7600000|  0%| F|  |TAMS 0x00000007b7400000| PB 0x00000007b7400000| Untracked 
| 955|0x00000007b7600000, 0x00000007b7600000, 0x00000007b7800000|  0%| F|  |TAMS 0x00000007b7600000| PB 0x00000007b7600000| Untracked 
| 956|0x00000007b7800000, 0x00000007b7800000, 0x00000007b7a00000|  0%| F|  |TAMS 0x00000007b7800000| PB 0x00000007b7800000| Untracked 
| 957|0x00000007b7a00000, 0x00000007b7a00000, 0x00000007b7c00000|  0%| F|  |TAMS 0x00000007b7a00000| PB 0x00000007b7a00000| Untracked 
| 958|0x00000007b7c00000, 0x00000007b7c00000, 0x00000007b7e00000|  0%| F|  |TAMS 0x00000007b7c00000| PB 0x00000007b7c00000| Untracked 
| 959|0x00000007b7e00000, 0x00000007b7e00000, 0x00000007b8000000|  0%| F|  |TAMS 0x00000007b7e00000| PB 0x00000007b7e00000| Untracked 
| 960|0x00000007b8000000, 0x00000007b8000000, 0x00000007b8200000|  0%| F|  |TAMS 0x00000007b8000000| PB 0x00000007b8000000| Untracked 
| 961|0x00000007b8200000, 0x00000007b8200000, 0x00000007b8400000|  0%| F|  |TAMS 0x00000007b8200000| PB 0x00000007b8200000| Untracked 
| 962|0x00000007b8400000, 0x00000007b8400000, 0x00000007b8600000|  0%| F|  |TAMS 0x00000007b8400000| PB 0x00000007b8400000| Untracked 
| 963|0x00000007b8600000, 0x00000007b8600000, 0x00000007b8800000|  0%| F|  |TAMS 0x00000007b8600000| PB 0x00000007b8600000| Untracked 
| 964|0x00000007b8800000, 0x00000007b8800000, 0x00000007b8a00000|  0%| F|  |TAMS 0x00000007b8800000| PB 0x00000007b8800000| Untracked 
| 965|0x00000007b8a00000, 0x00000007b8a00000, 0x00000007b8c00000|  0%| F|  |TAMS 0x00000007b8a00000| PB 0x00000007b8a00000| Untracked 
| 966|0x00000007b8c00000, 0x00000007b8c00000, 0x00000007b8e00000|  0%| F|  |TAMS 0x00000007b8c00000| PB 0x00000007b8c00000| Untracked 
| 967|0x00000007b8e00000, 0x00000007b8e00000, 0x00000007b9000000|  0%| F|  |TAMS 0x00000007b8e00000| PB 0x00000007b8e00000| Untracked 
| 968|0x00000007b9000000, 0x00000007b9000000, 0x00000007b9200000|  0%| F|  |TAMS 0x00000007b9000000| PB 0x00000007b9000000| Untracked 
| 969|0x00000007b9200000, 0x00000007b9200000, 0x00000007b9400000|  0%| F|  |TAMS 0x00000007b9200000| PB 0x00000007b9200000| Untracked 
| 970|0x00000007b9400000, 0x00000007b9400000, 0x00000007b9600000|  0%| F|  |TAMS 0x00000007b9400000| PB 0x00000007b9400000| Untracked 
| 971|0x00000007b9600000, 0x00000007b9600000, 0x00000007b9800000|  0%| F|  |TAMS 0x00000007b9600000| PB 0x00000007b9600000| Untracked 
| 972|0x00000007b9800000, 0x00000007b9800000, 0x00000007b9a00000|  0%| F|  |TAMS 0x00000007b9800000| PB 0x00000007b9800000| Untracked 
| 973|0x00000007b9a00000, 0x00000007b9a00000, 0x00000007b9c00000|  0%| F|  |TAMS 0x00000007b9a00000| PB 0x00000007b9a00000| Untracked 
| 974|0x00000007b9c00000, 0x00000007b9c00000, 0x00000007b9e00000|  0%| F|  |TAMS 0x00000007b9c00000| PB 0x00000007b9c00000| Untracked 
| 975|0x00000007b9e00000, 0x00000007b9e00000, 0x00000007ba000000|  0%| F|  |TAMS 0x00000007b9e00000| PB 0x00000007b9e00000| Untracked 
| 976|0x00000007ba000000, 0x00000007ba000000, 0x00000007ba200000|  0%| F|  |TAMS 0x00000007ba000000| PB 0x00000007ba000000| Untracked 
| 977|0x00000007ba200000, 0x00000007ba200000, 0x00000007ba400000|  0%| F|  |TAMS 0x00000007ba200000| PB 0x00000007ba200000| Untracked 
| 978|0x00000007ba400000, 0x00000007ba400000, 0x00000007ba600000|  0%| F|  |TAMS 0x00000007ba400000| PB 0x00000007ba400000| Untracked 
| 979|0x00000007ba600000, 0x00000007ba600000, 0x00000007ba800000|  0%| F|  |TAMS 0x00000007ba600000| PB 0x00000007ba600000| Untracked 
| 980|0x00000007ba800000, 0x00000007ba800000, 0x00000007baa00000|  0%| F|  |TAMS 0x00000007ba800000| PB 0x00000007ba800000| Untracked 
| 981|0x00000007baa00000, 0x00000007baa00000, 0x00000007bac00000|  0%| F|  |TAMS 0x00000007baa00000| PB 0x00000007baa00000| Untracked 
| 982|0x00000007bac00000, 0x00000007bac00000, 0x00000007bae00000|  0%| F|  |TAMS 0x00000007bac00000| PB 0x00000007bac00000| Untracked 
| 983|0x00000007bae00000, 0x00000007bae00000, 0x00000007bb000000|  0%| F|  |TAMS 0x00000007bae00000| PB 0x00000007bae00000| Untracked 
| 984|0x00000007bb000000, 0x00000007bb000000, 0x00000007bb200000|  0%| F|  |TAMS 0x00000007bb000000| PB 0x00000007bb000000| Untracked 
| 985|0x00000007bb200000, 0x00000007bb200000, 0x00000007bb400000|  0%| F|  |TAMS 0x00000007bb200000| PB 0x00000007bb200000| Untracked 
|1436|0x00000007f3800000, 0x00000007f3a00000, 0x00000007f3a00000|100%| O|  |TAMS 0x00000007f3800000| PB 0x00000007f3800000| Untracked 
|1437|0x00000007f3a00000, 0x00000007f3c00000, 0x00000007f3c00000|100%| O|  |TAMS 0x00000007f3a00000| PB 0x00000007f3a00000| Untracked 
|1438|0x00000007f3c00000, 0x00000007f3e00000, 0x00000007f3e00000|100%| O|  |TAMS 0x00000007f3c00000| PB 0x00000007f3c00000| Untracked 
|1439|0x00000007f3e00000, 0x00000007f4000000, 0x00000007f4000000|100%| O|  |TAMS 0x00000007f3e00000| PB 0x00000007f3e00000| Untracked 
|1440|0x00000007f4000000, 0x00000007f4200000, 0x00000007f4200000|100%| O|  |TAMS 0x00000007f4000000| PB 0x00000007f4000000| Untracked 
|1441|0x00000007f4200000, 0x00000007f4400000, 0x00000007f4400000|100%| O|  |TAMS 0x00000007f4200000| PB 0x00000007f4200000| Untracked 
|1442|0x00000007f4400000, 0x00000007f4600000, 0x00000007f4600000|100%| O|  |TAMS 0x00000007f4400000| PB 0x00000007f4400000| Untracked 
|1443|0x00000007f4600000, 0x00000007f4800000, 0x00000007f4800000|100%| O|  |TAMS 0x00000007f4600000| PB 0x00000007f4600000| Untracked 
|1444|0x00000007f4800000, 0x00000007f4a00000, 0x00000007f4a00000|100%| O|  |TAMS 0x00000007f4800000| PB 0x00000007f4800000| Untracked 
|1445|0x00000007f4a00000, 0x00000007f4c00000, 0x00000007f4c00000|100%| O|  |TAMS 0x00000007f4a00000| PB 0x00000007f4a00000| Untracked 
|1446|0x00000007f4c00000, 0x00000007f4e00000, 0x00000007f4e00000|100%| O|  |TAMS 0x00000007f4c00000| PB 0x00000007f4c00000| Untracked 
|1447|0x00000007f4e00000, 0x00000007f5000000, 0x00000007f5000000|100%| O|  |TAMS 0x00000007f4e00000| PB 0x00000007f4e00000| Untracked 
|1448|0x00000007f5000000, 0x00000007f5200000, 0x00000007f5200000|100%| O|  |TAMS 0x00000007f5000000| PB 0x00000007f5000000| Untracked 
|1449|0x00000007f5200000, 0x00000007f5400000, 0x00000007f5400000|100%| O|  |TAMS 0x00000007f5200000| PB 0x00000007f5200000| Untracked 
|1450|0x00000007f5400000, 0x00000007f5600000, 0x00000007f5600000|100%| O|  |TAMS 0x00000007f5400000| PB 0x00000007f5400000| Untracked 
|1451|0x00000007f5600000, 0x00000007f5800000, 0x00000007f5800000|100%| O|  |TAMS 0x00000007f5600000| PB 0x00000007f5600000| Untracked 
|1452|0x00000007f5800000, 0x00000007f5a00000, 0x00000007f5a00000|100%| O|  |TAMS 0x00000007f5800000| PB 0x00000007f5800000| Untracked 
|1453|0x00000007f5a00000, 0x00000007f5c00000, 0x00000007f5c00000|100%| O|  |TAMS 0x00000007f5a00000| PB 0x00000007f5a00000| Untracked 
|1454|0x00000007f5c00000, 0x00000007f5e00000, 0x00000007f5e00000|100%| O|  |TAMS 0x00000007f5c00000| PB 0x00000007f5c00000| Untracked 
|1455|0x00000007f5e00000, 0x00000007f6000000, 0x00000007f6000000|100%| O|  |TAMS 0x00000007f5e00000| PB 0x00000007f5e00000| Untracked 
|1456|0x00000007f6000000, 0x00000007f6200000, 0x00000007f6200000|100%| O|  |TAMS 0x00000007f6000000| PB 0x00000007f6000000| Untracked 
|1457|0x00000007f6200000, 0x00000007f6400000, 0x00000007f6400000|100%| O|  |TAMS 0x00000007f6200000| PB 0x00000007f6200000| Untracked 
|1458|0x00000007f6400000, 0x00000007f6600000, 0x00000007f6600000|100%| O|  |TAMS 0x00000007f6400000| PB 0x00000007f6400000| Untracked 
|1459|0x00000007f6600000, 0x00000007f6800000, 0x00000007f6800000|100%| O|  |TAMS 0x00000007f6600000| PB 0x00000007f6600000| Untracked 
|1460|0x00000007f6800000, 0x00000007f6a00000, 0x00000007f6a00000|100%| O|  |TAMS 0x00000007f6800000| PB 0x00000007f6800000| Untracked 
|1461|0x00000007f6a00000, 0x00000007f6c00000, 0x00000007f6c00000|100%| O|  |TAMS 0x00000007f6a00000| PB 0x00000007f6a00000| Untracked 
|1462|0x00000007f6c00000, 0x00000007f6e00000, 0x00000007f6e00000|100%| O|  |TAMS 0x00000007f6c00000| PB 0x00000007f6c00000| Untracked 
|1463|0x00000007f6e00000, 0x00000007f7000000, 0x00000007f7000000|100%| O|  |TAMS 0x00000007f6e00000| PB 0x00000007f6e00000| Untracked 
|1464|0x00000007f7000000, 0x00000007f7200000, 0x00000007f7200000|100%| O|  |TAMS 0x00000007f7000000| PB 0x00000007f7000000| Untracked 
|1465|0x00000007f7200000, 0x00000007f7400000, 0x00000007f7400000|100%| O|  |TAMS 0x00000007f7200000| PB 0x00000007f7200000| Untracked 
|1466|0x00000007f7400000, 0x00000007f7600000, 0x00000007f7600000|100%| O|  |TAMS 0x00000007f7400000| PB 0x00000007f7400000| Untracked 
|1467|0x00000007f7600000, 0x00000007f7800000, 0x00000007f7800000|100%| O|  |TAMS 0x00000007f7600000| PB 0x00000007f7600000| Untracked 
|1468|0x00000007f7800000, 0x00000007f7a00000, 0x00000007f7a00000|100%| O|  |TAMS 0x00000007f7800000| PB 0x00000007f7800000| Untracked 
|1469|0x00000007f7a00000, 0x00000007f7c00000, 0x00000007f7c00000|100%| O|  |TAMS 0x00000007f7a00000| PB 0x00000007f7a00000| Untracked 
|1470|0x00000007f7c00000, 0x00000007f7e00000, 0x00000007f7e00000|100%| O|  |TAMS 0x00000007f7c00000| PB 0x00000007f7c00000| Untracked 
|1471|0x00000007f7e00000, 0x00000007f7e00000, 0x00000007f8000000|  0%| F|  |TAMS 0x00000007f7e00000| PB 0x00000007f7e00000| Untracked 
|1472|0x00000007f8000000, 0x00000007f8200000, 0x00000007f8200000|100%| O|  |TAMS 0x00000007f8000000| PB 0x00000007f8000000| Untracked 
|1473|0x00000007f8200000, 0x00000007f8200000, 0x00000007f8400000|  0%| F|  |TAMS 0x00000007f8200000| PB 0x00000007f8200000| Untracked 
|1474|0x00000007f8400000, 0x00000007f8600000, 0x00000007f8600000|100%| O|  |TAMS 0x00000007f8400000| PB 0x00000007f8400000| Untracked 
|1475|0x00000007f8600000, 0x00000007f8600000, 0x00000007f8800000|  0%| F|  |TAMS 0x00000007f8600000| PB 0x00000007f8600000| Untracked 
|1476|0x00000007f8800000, 0x00000007f8800000, 0x00000007f8a00000|  0%| F|  |TAMS 0x00000007f8800000| PB 0x00000007f8800000| Untracked 
|1477|0x00000007f8a00000, 0x00000007f8a00000, 0x00000007f8c00000|  0%| F|  |TAMS 0x00000007f8a00000| PB 0x00000007f8a00000| Untracked 
|1478|0x00000007f8c00000, 0x00000007f8c00000, 0x00000007f8e00000|  0%| F|  |TAMS 0x00000007f8c00000| PB 0x00000007f8c00000| Untracked 
|1479|0x00000007f8e00000, 0x00000007f8e00000, 0x00000007f9000000|  0%| F|  |TAMS 0x00000007f8e00000| PB 0x00000007f8e00000| Untracked 
|1480|0x00000007f9000000, 0x00000007f9200000, 0x00000007f9200000|100%| O|  |TAMS 0x00000007f9000000| PB 0x00000007f9000000| Untracked 
|1481|0x00000007f9200000, 0x00000007f9400000, 0x00000007f9400000|100%| O|  |TAMS 0x00000007f9200000| PB 0x00000007f9200000| Untracked 
|1482|0x00000007f9400000, 0x00000007f9600000, 0x00000007f9600000|100%| O|  |TAMS 0x00000007f9400000| PB 0x00000007f9400000| Untracked 
|1483|0x00000007f9600000, 0x00000007f9800000, 0x00000007f9800000|100%| O|  |TAMS 0x00000007f9600000| PB 0x00000007f9600000| Untracked 
|1484|0x00000007f9800000, 0x00000007f9a00000, 0x00000007f9a00000|100%| O|  |TAMS 0x00000007f9800000| PB 0x00000007f9800000| Untracked 
|1485|0x00000007f9a00000, 0x00000007f9c00000, 0x00000007f9c00000|100%| O|  |TAMS 0x00000007f9a00000| PB 0x00000007f9a00000| Untracked 
|1486|0x00000007f9c00000, 0x00000007f9e00000, 0x00000007f9e00000|100%| O|  |TAMS 0x00000007f9c00000| PB 0x00000007f9c00000| Untracked 
|1487|0x00000007f9e00000, 0x00000007fa000000, 0x00000007fa000000|100%| O|  |TAMS 0x00000007f9e00000| PB 0x00000007f9e00000| Untracked 
|1488|0x00000007fa000000, 0x00000007fa200000, 0x00000007fa200000|100%| O|  |TAMS 0x00000007fa000000| PB 0x00000007fa000000| Untracked 
|1489|0x00000007fa200000, 0x00000007fa400000, 0x00000007fa400000|100%| O|  |TAMS 0x00000007fa200000| PB 0x00000007fa200000| Untracked 
|1490|0x00000007fa400000, 0x00000007fa600000, 0x00000007fa600000|100%| O|  |TAMS 0x00000007fa400000| PB 0x00000007fa400000| Untracked 
|1491|0x00000007fa600000, 0x00000007fa800000, 0x00000007fa800000|100%| O|  |TAMS 0x00000007fa600000| PB 0x00000007fa600000| Untracked 
|1492|0x00000007fa800000, 0x00000007faa00000, 0x00000007faa00000|100%| O|  |TAMS 0x00000007fa800000| PB 0x00000007fa800000| Untracked 
|1493|0x00000007faa00000, 0x00000007fac00000, 0x00000007fac00000|100%| O|  |TAMS 0x00000007faa00000| PB 0x00000007faa00000| Untracked 
|1494|0x00000007fac00000, 0x00000007fae00000, 0x00000007fae00000|100%| O|  |TAMS 0x00000007fac00000| PB 0x00000007fac00000| Untracked 
|1495|0x00000007fae00000, 0x00000007fb000000, 0x00000007fb000000|100%| O|  |TAMS 0x00000007fae00000| PB 0x00000007fae00000| Untracked 
|1496|0x00000007fb000000, 0x00000007fb200000, 0x00000007fb200000|100%| O|  |TAMS 0x00000007fb000000| PB 0x00000007fb000000| Untracked 
|1497|0x00000007fb200000, 0x00000007fb200000, 0x00000007fb400000|  0%| F|  |TAMS 0x00000007fb200000| PB 0x00000007fb200000| Untracked 
|1498|0x00000007fb400000, 0x00000007fb400000, 0x00000007fb600000|  0%| F|  |TAMS 0x00000007fb400000| PB 0x00000007fb400000| Untracked 
|1499|0x00000007fb600000, 0x00000007fb600000, 0x00000007fb800000|  0%| F|  |TAMS 0x00000007fb600000| PB 0x00000007fb600000| Untracked 
|1500|0x00000007fb800000, 0x00000007fb800000, 0x00000007fba00000|  0%| F|  |TAMS 0x00000007fb800000| PB 0x00000007fb800000| Untracked 
|1501|0x00000007fba00000, 0x00000007fba00000, 0x00000007fbc00000|  0%| F|  |TAMS 0x00000007fba00000| PB 0x00000007fba00000| Untracked 
|1502|0x00000007fbc00000, 0x00000007fbc00000, 0x00000007fbe00000|  0%| F|  |TAMS 0x00000007fbc00000| PB 0x00000007fbc00000| Untracked 
|1503|0x00000007fbe00000, 0x00000007fbe00000, 0x00000007fc000000|  0%| F|  |TAMS 0x00000007fbe00000| PB 0x00000007fbe00000| Untracked 
|1504|0x00000007fc000000, 0x00000007fc000000, 0x00000007fc200000|  0%| F|  |TAMS 0x00000007fc000000| PB 0x00000007fc000000| Untracked 
|1505|0x00000007fc200000, 0x00000007fc200000, 0x00000007fc400000|  0%| F|  |TAMS 0x00000007fc200000| PB 0x00000007fc200000| Untracked 
|1506|0x00000007fc400000, 0x00000007fc400000, 0x00000007fc600000|  0%| F|  |TAMS 0x00000007fc400000| PB 0x00000007fc400000| Untracked 
|1507|0x00000007fc600000, 0x00000007fc600000, 0x00000007fc800000|  0%| F|  |TAMS 0x00000007fc600000| PB 0x00000007fc600000| Untracked 
|1508|0x00000007fc800000, 0x00000007fc800000, 0x00000007fca00000|  0%| F|  |TAMS 0x00000007fc800000| PB 0x00000007fc800000| Untracked 
|1509|0x00000007fca00000, 0x00000007fca00000, 0x00000007fcc00000|  0%| F|  |TAMS 0x00000007fca00000| PB 0x00000007fca00000| Untracked 
|1510|0x00000007fcc00000, 0x00000007fcc00000, 0x00000007fce00000|  0%| F|  |TAMS 0x00000007fcc00000| PB 0x00000007fcc00000| Untracked 
|1511|0x00000007fce00000, 0x00000007fce00000, 0x00000007fd000000|  0%| F|  |TAMS 0x00000007fce00000| PB 0x00000007fce00000| Untracked 
|1512|0x00000007fd000000, 0x00000007fd000000, 0x00000007fd200000|  0%| F|  |TAMS 0x00000007fd000000| PB 0x00000007fd000000| Untracked 
|1513|0x00000007fd200000, 0x00000007fd200000, 0x00000007fd400000|  0%| F|  |TAMS 0x00000007fd200000| PB 0x00000007fd200000| Untracked 
|1514|0x00000007fd400000, 0x00000007fd400000, 0x00000007fd600000|  0%| F|  |TAMS 0x00000007fd400000| PB 0x00000007fd400000| Untracked 
|1515|0x00000007fd600000, 0x00000007fd600000, 0x00000007fd800000|  0%| F|  |TAMS 0x00000007fd600000| PB 0x00000007fd600000| Untracked 
|1516|0x00000007fd800000, 0x00000007fd800000, 0x00000007fda00000|  0%| F|  |TAMS 0x00000007fd800000| PB 0x00000007fd800000| Untracked 
|1517|0x00000007fda00000, 0x00000007fda00000, 0x00000007fdc00000|  0%| F|  |TAMS 0x00000007fda00000| PB 0x00000007fda00000| Untracked 
|1518|0x00000007fdc00000, 0x00000007fdc00000, 0x00000007fde00000|  0%| F|  |TAMS 0x00000007fdc00000| PB 0x00000007fdc00000| Untracked 
|1519|0x00000007fde00000, 0x00000007fde00000, 0x00000007fe000000|  0%| F|  |TAMS 0x00000007fde00000| PB 0x00000007fde00000| Untracked 
|1520|0x00000007fe000000, 0x00000007fe000000, 0x00000007fe200000|  0%| F|  |TAMS 0x00000007fe000000| PB 0x00000007fe000000| Untracked 
|1521|0x00000007fe200000, 0x00000007fe200000, 0x00000007fe400000|  0%| F|  |TAMS 0x00000007fe200000| PB 0x00000007fe200000| Untracked 
|1522|0x00000007fe400000, 0x00000007fe400000, 0x00000007fe600000|  0%| F|  |TAMS 0x00000007fe400000| PB 0x00000007fe400000| Untracked 
|1523|0x00000007fe600000, 0x00000007fe600000, 0x00000007fe800000|  0%| F|  |TAMS 0x00000007fe600000| PB 0x00000007fe600000| Untracked 
|1524|0x00000007fe800000, 0x00000007fe800000, 0x00000007fea00000|  0%| F|  |TAMS 0x00000007fe800000| PB 0x00000007fe800000| Untracked 
|1525|0x00000007fea00000, 0x00000007fea00000, 0x00000007fec00000|  0%| F|  |TAMS 0x00000007fea00000| PB 0x00000007fea00000| Untracked 
|1526|0x00000007fec00000, 0x00000007fec00000, 0x00000007fee00000|  0%| F|  |TAMS 0x00000007fec00000| PB 0x00000007fec00000| Untracked 
|1527|0x00000007fee00000, 0x00000007fee00000, 0x00000007ff000000|  0%| F|  |TAMS 0x00000007fee00000| PB 0x00000007fee00000| Untracked 
|1528|0x00000007ff000000, 0x00000007ff000000, 0x00000007ff200000|  0%| F|  |TAMS 0x00000007ff000000| PB 0x00000007ff000000| Untracked 
|1529|0x00000007ff200000, 0x00000007ff200000, 0x00000007ff400000|  0%| F|  |TAMS 0x00000007ff200000| PB 0x00000007ff200000| Untracked 
|1530|0x00000007ff400000, 0x00000007ff400000, 0x00000007ff600000|  0%| F|  |TAMS 0x00000007ff400000| PB 0x00000007ff400000| Untracked 
|1531|0x00000007ff600000, 0x00000007ff600000, 0x00000007ff800000|  0%| F|  |TAMS 0x00000007ff600000| PB 0x00000007ff600000| Untracked 
|1532|0x00000007ff800000, 0x00000007ff800000, 0x00000007ffa00000|  0%| F|  |TAMS 0x00000007ff800000| PB 0x00000007ff800000| Untracked 
|1533|0x00000007ffa00000, 0x00000007ffa00000, 0x00000007ffc00000|  0%| F|  |TAMS 0x00000007ffa00000| PB 0x00000007ffa00000| Untracked 
|1534|0x00000007ffc00000, 0x00000007ffc00000, 0x00000007ffe00000|  0%| F|  |TAMS 0x00000007ffc00000| PB 0x00000007ffc00000| Untracked 
|1535|0x00000007ffe00000, 0x0000000800000000, 0x0000000800000000|100%| O|  |TAMS 0x00000007ffe00000| PB 0x00000007ffe00000| Untracked 

Card table byte_map: [0x00000158a93c0000,0x00000158a99c0000] _byte_map_base: 0x00000158a59c0000

Marking Bits: (CMBitMap*) 0x000001588577a020
 Bits: [0x00000158a99c0000, 0x00000158ac9c0000)

Polling page: 0x0000015883570000

Metaspace:

Usage:
  Non-class:    157.89 MB used.
      Class:     25.06 MB used.
       Both:    182.95 MB used.

Virtual space:
  Non-class space:      192.00 MB reserved,     159.38 MB ( 83%) committed,  3 nodes.
      Class space:      416.00 MB reserved,      26.38 MB (  6%) committed,  1 nodes.
             Both:      608.00 MB reserved,     185.75 MB ( 31%) committed. 

Chunk freelists:
   Non-Class:  15.97 MB
       Class:  5.60 MB
        Both:  21.56 MB

MaxMetaspaceSize: 512.00 MB
CompressedClassSpaceSize: 416.00 MB
Initial GC threshold: 21.00 MB
Current GC threshold: 305.12 MB
CDS: off
 - commit_granule_bytes: 65536.
 - commit_granule_words: 8192.
 - virtual_space_node_default_size: 8388608.
 - enlarge_chunks_in_place: 1.
 - use_allocation_guard: 0.


Internal statistics:

num_allocs_failed_limit: 12.
num_arena_births: 4968.
num_arena_deaths: 66.
num_vsnodes_births: 4.
num_vsnodes_deaths: 0.
num_space_committed: 2971.
num_space_uncommitted: 0.
num_chunks_returned_to_freelist: 103.
num_chunks_taken_from_freelist: 13187.
num_chunk_merges: 28.
num_chunk_splits: 8768.
num_chunks_enlarged: 5926.
num_inconsistent_stats: 0.

CodeHeap 'non-profiled nmethods': size=259264Kb used=36623Kb max_used=41039Kb free=222640Kb
 bounds [0x0000015898b40000, 0x000001589b360000, 0x00000158a8870000]
CodeHeap 'profiled nmethods': size=259264Kb used=35008Kb max_used=66567Kb free=224256Kb
 bounds [0x0000015888870000, 0x000001588c980000, 0x00000158985a0000]
CodeHeap 'non-nmethods': size=5760Kb used=3367Kb max_used=3493Kb free=2392Kb
 bounds [0x00000158985a0000, 0x0000015898930000, 0x0000015898b40000]
CodeCache: size=524288Kb, used=74998Kb, max_used=111099Kb, free=449288Kb
 total_blobs=20737, nmethods=19624, adapters=1014, full_count=0
Compilation: enabled, stopped_count=0, restarted_count=0

Compilation events (20 events):
Event: 392.873 Thread 0x00000158af61ea20 48326       2       com.android.tools.r8.graph.a$$Lambda/0x0000000801a21cb8::accept (16 bytes)
Event: 392.874 Thread 0x00000158af61ea20 nmethod 48326 0x000001588b1a0e10 code [0x000001588b1a0fe0, 0x000001588b1a1230]
Event: 392.874 Thread 0x00000158af61ea20 48327       2       com.android.tools.r8.graph.a::b (28 bytes)
Event: 392.874 Thread 0x00000158af61ea20 nmethod 48327 0x000001588b1a0810 code [0x000001588b1a09e0, 0x000001588b1a0b88]
Event: 392.880 Thread 0x00000158af61ea20 48328       2       com.android.tools.r8.graph.j3$$Lambda/0x00000008018828f0::a (16 bytes)
Event: 392.881 Thread 0x00000158af61ea20 nmethod 48328 0x000001588bd6e590 code [0x000001588bd6e740, 0x000001588bd6e918]
Event: 392.881 Thread 0x00000158af61ea20 48329       2       com.android.tools.r8.graph.j3::c (63 bytes)
Event: 392.881 Thread 0x00000158af61ea20 nmethod 48329 0x000001588bd6de90 code [0x000001588bd6e060, 0x000001588bd6e380]
Event: 392.894 Thread 0x00000158af61ea20 48331       3       com.android.tools.r8.internal.sT::e (55 bytes)
Event: 392.895 Thread 0x00000158af61ea20 nmethod 48331 0x000001588bdccd90 code [0x000001588bdccfc0, 0x000001588bdcd668]
Event: 392.945 Thread 0x00000158af61ea20 48335       3       com.android.tools.r8.internal.Il::addAll (39 bytes)
Event: 392.946 Thread 0x00000158af61ea20 nmethod 48335 0x000001588998e990 code [0x000001588998ebc0, 0x000001588998f660]
Event: 392.951 Thread 0x00000158af61ea20 48337       3       com.android.tools.r8.graph.a::a (70 bytes)
Event: 392.952 Thread 0x00000158af61ea20 nmethod 48337 0x00000158897d2510 code [0x00000158897d2820, 0x00000158897d3ba8]
Event: 392.952 Thread 0x00000158af61ea20 48336       3       com.android.tools.r8.graph.a$$Lambda/0x0000000801a21a50::accept (16 bytes)
Event: 392.953 Thread 0x00000158af61ea20 nmethod 48336 0x000001588c1d3c10 code [0x000001588c1d3dc0, 0x000001588c1d40e0]
Event: 392.953 Thread 0x00000158af61ea20 48338       3       com.android.tools.r8.graph.a$$Lambda/0x0000000801a21cb8::accept (16 bytes)
Event: 392.953 Thread 0x00000158af61ea20 nmethod 48338 0x000001588c963810 code [0x000001588c963a20, 0x000001588c964170]
Event: 392.953 Thread 0x00000158af61ea20 48339       3       com.android.tools.r8.graph.a::a (36 bytes)
Event: 392.954 Thread 0x00000158af61ea20 nmethod 48339 0x00000158892e4490 code [0x00000158892e46a0, 0x00000158892e4dd0]

GC Heap History (20 events):
Event: 364.305 GC heap after
{Heap after GC invocations=150 (full 0):
 garbage-first heap   total 2152448K, used 936960K [0x0000000740000000, 0x0000000800000000)
  region size 2048K, 6 young (12288K), 6 survivors (12288K)
 Metaspace       used 184293K, committed 187136K, reserved 622592K
  class space    used 25224K, committed 26560K, reserved 425984K
}
Event: 367.890 GC heap before
{Heap before GC invocations=150 (full 0):
 garbage-first heap   total 2152448K, used 2026495K [0x0000000740000000, 0x0000000800000000)
  region size 2048K, 539 young (1103872K), 6 survivors (12288K)
 Metaspace       used 184301K, committed 187136K, reserved 622592K
  class space    used 25225K, committed 26560K, reserved 425984K
}
Event: 367.910 GC heap after
{Heap after GC invocations=151 (full 0):
 garbage-first heap   total 2152448K, used 936572K [0x0000000740000000, 0x0000000800000000)
  region size 2048K, 6 young (12288K), 6 survivors (12288K)
 Metaspace       used 184301K, committed 187136K, reserved 622592K
  class space    used 25225K, committed 26560K, reserved 425984K
}
Event: 371.427 GC heap before
{Heap before GC invocations=151 (full 0):
 garbage-first heap   total 2152448K, used 1951356K [0x0000000740000000, 0x0000000800000000)
  region size 2048K, 539 young (1103872K), 6 survivors (12288K)
 Metaspace       used 184296K, committed 187136K, reserved 622592K
  class space    used 25223K, committed 26560K, reserved 425984K
}
Event: 371.446 GC heap after
{Heap after GC invocations=152 (full 0):
 garbage-first heap   total 2152448K, used 862111K [0x0000000740000000, 0x0000000800000000)
  region size 2048K, 7 young (14336K), 7 survivors (14336K)
 Metaspace       used 184296K, committed 187136K, reserved 622592K
  class space    used 25223K, committed 26560K, reserved 425984K
}
Event: 374.668 GC heap before
{Heap before GC invocations=153 (full 0):
 garbage-first heap   total 2152448K, used 2027423K [0x0000000740000000, 0x0000000800000000)
  region size 2048K, 576 young (1179648K), 7 survivors (14336K)
 Metaspace       used 184301K, committed 187136K, reserved 622592K
  class space    used 25223K, committed 26560K, reserved 425984K
}
Event: 374.689 GC heap after
{Heap after GC invocations=154 (full 0):
 garbage-first heap   total 2152448K, used 866152K [0x0000000740000000, 0x0000000800000000)
  region size 2048K, 9 young (18432K), 9 survivors (18432K)
 Metaspace       used 184301K, committed 187136K, reserved 622592K
  class space    used 25223K, committed 26560K, reserved 425984K
}
Event: 377.686 GC heap before
{Heap before GC invocations=154 (full 0):
 garbage-first heap   total 2152448K, used 2021224K [0x0000000740000000, 0x0000000800000000)
  region size 2048K, 574 young (1175552K), 9 survivors (18432K)
 Metaspace       used 184552K, committed 187392K, reserved 622592K
  class space    used 25265K, committed 26624K, reserved 425984K
}
Event: 377.821 GC heap after
{Heap after GC invocations=155 (full 0):
 garbage-first heap   total 2152448K, used 801699K [0x0000000740000000, 0x0000000800000000)
  region size 2048K, 30 young (61440K), 30 survivors (61440K)
 Metaspace       used 184552K, committed 187392K, reserved 622592K
  class space    used 25265K, committed 26624K, reserved 425984K
}
Event: 379.583 GC heap before
{Heap before GC invocations=155 (full 0):
 garbage-first heap   total 2152448K, used 1110947K [0x0000000740000000, 0x0000000800000000)
  region size 2048K, 182 young (372736K), 30 survivors (61440K)
 Metaspace       used 184590K, committed 187456K, reserved 622592K
  class space    used 25269K, committed 26624K, reserved 425984K
}
Event: 379.686 GC heap after
{Heap after GC invocations=156 (full 0):
 garbage-first heap   total 2152448K, used 800935K [0x0000000740000000, 0x0000000800000000)
  region size 2048K, 30 young (61440K), 30 survivors (61440K)
 Metaspace       used 184590K, committed 187456K, reserved 622592K
  class space    used 25269K, committed 26624K, reserved 425984K
}
Event: 385.550 GC heap before
{Heap before GC invocations=157 (full 0):
 garbage-first heap   total 2152448K, used 1992871K [0x0000000740000000, 0x0000000800000000)
  region size 2048K, 605 young (1239040K), 30 survivors (61440K)
 Metaspace       used 185394K, committed 188288K, reserved 622592K
  class space    used 25388K, committed 26752K, reserved 425984K
}
Event: 385.863 GC heap after
{Heap after GC invocations=158 (full 0):
 garbage-first heap   total 2224128K, used 983651K [0x0000000740000000, 0x0000000800000000)
  region size 2048K, 76 young (155648K), 76 survivors (155648K)
 Metaspace       used 185394K, committed 188288K, reserved 622592K
  class space    used 25388K, committed 26752K, reserved 425984K
}
Event: 385.958 GC heap before
{Heap before GC invocations=158 (full 0):
 garbage-first heap   total 2224128K, used 1012323K [0x0000000740000000, 0x0000000800000000)
  region size 2048K, 89 young (182272K), 76 survivors (155648K)
 Metaspace       used 185394K, committed 188288K, reserved 622592K
  class space    used 25388K, committed 26752K, reserved 425984K
}
Event: 386.097 GC heap after
{Heap after GC invocations=159 (full 0):
 garbage-first heap   total 2224128K, used 993792K [0x0000000740000000, 0x0000000800000000)
  region size 2048K, 6 young (12288K), 6 survivors (12288K)
 Metaspace       used 185394K, committed 188288K, reserved 622592K
  class space    used 25388K, committed 26752K, reserved 425984K
}
Event: 389.180 GC heap before
{Heap before GC invocations=159 (full 0):
 garbage-first heap   total 2224128K, used 1620480K [0x0000000740000000, 0x0000000800000000)
  region size 2048K, 310 young (634880K), 6 survivors (12288K)
 Metaspace       used 185706K, committed 188544K, reserved 622592K
  class space    used 25423K, committed 26752K, reserved 425984K
}
Event: 389.296 GC heap after
{Heap after GC invocations=160 (full 0):
 garbage-first heap   total 2224128K, used 1097728K [0x0000000740000000, 0x0000000800000000)
  region size 2048K, 39 young (79872K), 39 survivors (79872K)
 Metaspace       used 185706K, committed 188544K, reserved 622592K
  class space    used 25423K, committed 26752K, reserved 425984K
}
Event: 389.838 GC heap before
{Heap before GC invocations=160 (full 0):
 garbage-first heap   total 2224128K, used 1310720K [0x0000000740000000, 0x0000000800000000)
  region size 2048K, 142 young (290816K), 39 survivors (79872K)
 Metaspace       used 185712K, committed 188544K, reserved 622592K
  class space    used 25424K, committed 26752K, reserved 425984K
}
Event: 389.969 GC heap after
{Heap after GC invocations=161 (full 0):
 garbage-first heap   total 2224128K, used 1136640K [0x0000000740000000, 0x0000000800000000)
  region size 2048K, 18 young (36864K), 18 survivors (36864K)
 Metaspace       used 185712K, committed 188544K, reserved 622592K
  class space    used 25424K, committed 26752K, reserved 425984K
}
Event: 392.999 GC heap before
{Heap before GC invocations=161 (full 0):
 garbage-first heap   total 2224128K, used 1564672K [0x0000000740000000, 0x0000000800000000)
  region size 2048K, 225 young (460800K), 18 survivors (36864K)
 Metaspace       used 187340K, committed 190208K, reserved 622592K
  class space    used 25657K, committed 27008K, reserved 425984K
}

Dll operation events (3 events):
Event: 0.019 Loaded shared library C:\Program Files\Android\Android Studio\jbr\bin\java.dll
Event: 0.025 Loaded shared library C:\Program Files\Android\Android Studio\jbr\bin\zip.dll
Event: 0.696 Loaded shared library C:\Program Files\Android\Android Studio\jbr\bin\verify.dll

Deoptimization events (20 events):
Event: 392.807 Thread 0x00000158bf672250 DEOPT PACKING pc=0x000001589a7c3088 sp=0x00000035eabfe760
Event: 392.807 Thread 0x00000158bf672250 DEOPT UNPACKING pc=0x00000158985f7da2 sp=0x00000035eabfe708 mode 2
Event: 392.811 Thread 0x00000158bf675040 DEOPT PACKING pc=0x0000015888b69276 sp=0x00000035eaaff020
Event: 392.811 Thread 0x00000158bf675040 DEOPT UNPACKING pc=0x00000158985f88e2 sp=0x00000035eaafe570 mode 0
Event: 392.816 Thread 0x00000158bf675040 DEOPT PACKING pc=0x0000015888b69276 sp=0x00000035eaaff020
Event: 392.816 Thread 0x00000158bf675040 DEOPT UNPACKING pc=0x00000158985f88e2 sp=0x00000035eaafe570 mode 0
Event: 392.829 Thread 0x00000158bf675040 Uncommon trap: trap_request=0xffffff45 fr.pc=0x000001589970ea04 relative=0x0000000000001464
Event: 392.829 Thread 0x00000158bf675040 Uncommon trap: reason=unstable_if action=reinterpret pc=0x000001589970ea04 method=com.android.tools.r8.graph.C5.a(Lcom/android/tools/r8/graph/d1;Lcom/android/tools/r8/internal/os;Lcom/android/tools/r8/internal/os;)Lcom/android/tools/r8/graph/C5; @ 37 c2
Event: 392.829 Thread 0x00000158bf675040 DEOPT PACKING pc=0x000001589970ea04 sp=0x00000035eaafed30
Event: 392.829 Thread 0x00000158bf675040 DEOPT UNPACKING pc=0x00000158985f7da2 sp=0x00000035eaafec90 mode 2
Event: 392.830 Thread 0x00000158bf675040 Uncommon trap: trap_request=0xffffff45 fr.pc=0x0000015898f9ab04 relative=0x0000000000000784
Event: 392.830 Thread 0x00000158bf675040 Uncommon trap: reason=unstable_if action=reinterpret pc=0x0000015898f9ab04 method=com.android.tools.r8.graph.C5.a(Lcom/android/tools/r8/graph/d1;Lcom/android/tools/r8/internal/os;Lcom/android/tools/r8/internal/os;)Lcom/android/tools/r8/graph/C5; @ 37 c2
Event: 392.830 Thread 0x00000158bf675040 DEOPT PACKING pc=0x0000015898f9ab04 sp=0x00000035eaafec80
Event: 392.830 Thread 0x00000158bf675040 DEOPT UNPACKING pc=0x00000158985f7da2 sp=0x00000035eaafec80 mode 2
Event: 392.874 Thread 0x00000158bf675040 DEOPT PACKING pc=0x00000158896e5712 sp=0x00000035eaafef10
Event: 392.874 Thread 0x00000158bf675040 DEOPT UNPACKING pc=0x00000158985f88e2 sp=0x00000035eaafe4a0 mode 0
Event: 392.911 Thread 0x00000158bf675040 DEOPT PACKING pc=0x000001588b7027e6 sp=0x00000035eaafec40
Event: 392.911 Thread 0x00000158bf675040 DEOPT UNPACKING pc=0x00000158985f88e2 sp=0x00000035eaafe130 mode 0
Event: 392.975 Thread 0x00000158bf675040 DEOPT PACKING pc=0x000001588b7027e6 sp=0x00000035eaafee80
Event: 392.975 Thread 0x00000158bf675040 DEOPT UNPACKING pc=0x00000158985f88e2 sp=0x00000035eaafe370 mode 0

Classes loaded (20 events):
Event: 282.046 Loading class java/util/stream/SliceOps
Event: 282.053 Loading class java/util/stream/SliceOps done
Event: 282.053 Loading class java/util/stream/SliceOps$1
Event: 282.058 Loading class java/util/stream/SliceOps$1 done
Event: 282.081 Loading class java/util/stream/SliceOps$1$1
Event: 282.083 Loading class java/util/stream/SliceOps$1$1 done
Event: 282.204 Loading class java/util/IdentityHashMap$ValueSpliterator
Event: 282.208 Loading class java/util/IdentityHashMap$ValueSpliterator done
Event: 283.309 Loading class java/util/stream/ReduceOps$5
Event: 283.327 Loading class java/util/stream/ReduceOps$5 done
Event: 283.328 Loading class java/util/stream/ReduceOps$CountingSink$OfRef
Event: 283.329 Loading class java/util/stream/ReduceOps$CountingSink
Event: 283.330 Loading class java/util/stream/ReduceOps$CountingSink done
Event: 283.330 Loading class java/util/stream/ReduceOps$CountingSink$OfRef done
Event: 303.264 Loading class java/util/function/ObjIntConsumer
Event: 303.275 Loading class java/util/function/ObjIntConsumer done
Event: 306.353 Loading class java/util/AbstractList$SubList
Event: 306.368 Loading class java/util/AbstractList$SubList done
Event: 306.369 Loading class java/util/AbstractList$SubList$1
Event: 306.374 Loading class java/util/AbstractList$SubList$1 done

Classes unloaded (20 events):
Event: 246.109 Thread 0x00000158af58f480 Unloading class 0x0000000801771000 'java/lang/invoke/LambdaForm$DMH+0x0000000801771000'
Event: 246.109 Thread 0x00000158af58f480 Unloading class 0x0000000801770c00 'java/lang/invoke/LambdaForm$DMH+0x0000000801770c00'
Event: 246.109 Thread 0x00000158af58f480 Unloading class 0x0000000801770800 'java/lang/invoke/LambdaForm$DMH+0x0000000801770800'
Event: 246.109 Thread 0x00000158af58f480 Unloading class 0x0000000801770000 'java/lang/invoke/LambdaForm$DMH+0x0000000801770000'
Event: 246.109 Thread 0x00000158af58f480 Unloading class 0x0000000801768c00 'java/lang/invoke/LambdaForm$DMH+0x0000000801768c00'
Event: 246.109 Thread 0x00000158af58f480 Unloading class 0x0000000801768400 'java/lang/invoke/LambdaForm$DMH+0x0000000801768400'
Event: 296.934 Thread 0x00000158af58f480 Unloading class 0x00000008018fc000 'java/lang/invoke/LambdaForm$DMH+0x00000008018fc000'
Event: 296.934 Thread 0x00000158af58f480 Unloading class 0x00000008018fc800 'java/lang/invoke/LambdaForm$DMH+0x00000008018fc800'
Event: 296.934 Thread 0x00000158af58f480 Unloading class 0x00000008018bc800 'java/lang/invoke/LambdaForm$DMH+0x00000008018bc800'
Event: 296.934 Thread 0x00000158af58f480 Unloading class 0x00000008018bc400 'java/lang/invoke/LambdaForm$DMH+0x00000008018bc400'
Event: 296.935 Thread 0x00000158af58f480 Unloading class 0x0000000801894800 'java/lang/invoke/LambdaForm$DMH+0x0000000801894800'
Event: 296.935 Thread 0x00000158af58f480 Unloading class 0x0000000801894400 'java/lang/invoke/LambdaForm$DMH+0x0000000801894400'
Event: 296.935 Thread 0x00000158af58f480 Unloading class 0x0000000801824000 'java/lang/invoke/LambdaForm$DMH+0x0000000801824000'
Event: 296.935 Thread 0x00000158af58f480 Unloading class 0x000000080181c400 'java/lang/invoke/LambdaForm$DMH+0x000000080181c400'
Event: 341.890 Thread 0x00000158af58f480 Unloading class 0x0000000801948400 'java/lang/invoke/LambdaForm$DMH+0x0000000801948400'
Event: 368.319 Thread 0x00000158af58f480 Unloading class 0x00000008019b9400 'java/lang/invoke/LambdaForm$DMH+0x00000008019b9400'
Event: 368.319 Thread 0x00000158af58f480 Unloading class 0x00000008019b9800 'java/lang/invoke/LambdaForm$DMH+0x00000008019b9800'
Event: 368.319 Thread 0x00000158af58f480 Unloading class 0x00000008019b9000 'java/lang/invoke/LambdaForm$DMH+0x00000008019b9000'
Event: 368.319 Thread 0x00000158af58f480 Unloading class 0x00000008019b8800 'java/lang/invoke/LambdaForm$DMH+0x00000008019b8800'
Event: 368.319 Thread 0x00000158af58f480 Unloading class 0x0000000801980000 'java/lang/invoke/LambdaForm$DMH+0x0000000801980000'

Classes redefined (0 events):
No events

Internal exceptions (20 events):
Event: 357.769 Thread 0x00000158bf673c90 Implicit null exception at 0x000001589a4d1671 to 0x000001589a4d2c88
Event: 358.507 Thread 0x00000158bf675040 Exception <a 'java/lang/IncompatibleClassChangeError'{0x00000007b9970170}: Found class java.lang.Object, but interface was expected> (0x00000007b9970170) 
thrown [s\src\hotspot\share\interpreter\linkResolver.cpp, line 851]
Event: 376.338 Thread 0x00000158c0d5ae90 Exception <a 'java/lang/NoSuchMethodError'{0x000000078fd211f8}: 'void java.lang.invoke.DirectMethodHandle$Holder.invokeSpecial(java.lang.Object, java.lang.Object, java.lang.Object, java.lang.Object, java.lang.Object, java.lang.Object, java.lang.Object, java.lang.Object, java.lang.Object)'> (0x000000078fd211f8) 
thrown [s\src\hotspot\share\interpreter\linkResolver.cpp, line 784]
Event: 376.338 Thread 0x00000158bf675040 Exception <a 'java/lang/NoSuchMethodError'{0x00000007901634d0}: 'void java.lang.invoke.DirectMethodHandle$Holder.invokeSpecial(java.lang.Object, java.lang.Object, java.lang.Object, java.lang.Object, java.lang.Object, java.lang.Object, java.lang.Object, java.lang.Object, java.lang.Object)'> (0x00000007901634d0) 
thrown [s\src\hotspot\share\interpreter\linkResolver.cpp, line 784]
Event: 376.338 Thread 0x00000158bf672250 Exception <a 'java/lang/NoSuchMethodError'{0x000000078fe3f4d0}: 'void java.lang.invoke.DirectMethodHandle$Holder.invokeSpecial(java.lang.Object, java.lang.Object, java.lang.Object, java.lang.Object, java.lang.Object, java.lang.Object, java.lang.Object, java.lang.Object, java.lang.Object)'> (0x000000078fe3f4d0) 
thrown [s\src\hotspot\share\interpreter\linkResolver.cpp, line 784]
Event: 376.338 Thread 0x00000158bf673c90 Exception <a 'java/lang/NoSuchMethodError'{0x000000078ff5ee30}: 'void java.lang.invoke.DirectMethodHandle$Holder.invokeSpecial(java.lang.Object, java.lang.Object, java.lang.Object, java.lang.Object, java.lang.Object, java.lang.Object, java.lang.Object, java.lang.Object, java.lang.Object)'> (0x000000078ff5ee30) 
thrown [s\src\hotspot\share\interpreter\linkResolver.cpp, line 784]
Event: 384.614 Thread 0x00000158c1d5a680 Implicit null exception at 0x000001589b1105ba to 0x000001589b111074
Event: 384.723 Thread 0x00000158c1d5a680 Exception <a 'java/lang/NoSuchMethodError'{0x000000077caa4618}: 'void java.lang.invoke.DirectMethodHandle$Holder.invokeStatic(java.lang.Object, java.lang.Object, int, java.lang.Object, java.lang.Object, java.lang.Object, java.lang.Object)'> (0x000000077caa4618) 
thrown [s\src\hotspot\share\interpreter\linkResolver.cpp, line 784]
Event: 384.724 Thread 0x00000158c1d5a680 Exception <a 'java/lang/NoSuchMethodError'{0x000000077caacc68}: 'java.lang.Object java.lang.invoke.DirectMethodHandle$Holder.newInvokeSpecial(java.lang.Object, java.lang.Object, int, java.lang.Object, java.lang.Object, java.lang.Object)'> (0x000000077caacc68) 
thrown [s\src\hotspot\share\interpreter\linkResolver.cpp, line 784]
Event: 384.726 Thread 0x00000158c1d5a680 Exception <a 'java/lang/NoSuchMethodError'{0x000000077cab41b0}: 'java.lang.Object java.lang.invoke.Invokers$Holder.linkToTargetMethod(java.lang.Object, int, java.lang.Object, java.lang.Object, java.lang.Object, java.lang.Object)'> (0x000000077cab41b0) 
thrown [s\src\hotspot\share\interpreter\linkResolver.cpp, line 784]
Event: 384.730 Thread 0x00000158c1d5a680 Exception <a 'java/lang/NoSuchMethodError'{0x000000077caccff8}: 'java.lang.Object java.lang.invoke.DirectMethodHandle$Holder.newInvokeSpecial(java.lang.Object, int, java.lang.Object, java.lang.Object)'> (0x000000077caccff8) 
thrown [s\src\hotspot\share\interpreter\linkResolver.cpp, line 784]
Event: 384.731 Thread 0x00000158c1d5a680 Exception <a 'java/lang/NoSuchMethodError'{0x000000077cad0c00}: 'java.lang.Object java.lang.invoke.Invokers$Holder.linkToTargetMethod(int, java.lang.Object, java.lang.Object, java.lang.Object)'> (0x000000077cad0c00) 
thrown [s\src\hotspot\share\interpreter\linkResolver.cpp, line 784]
Event: 384.760 Thread 0x00000158c1d5a680 Exception <a 'java/lang/NoSuchMethodError'{0x000000077cbb1f18}: 'void java.lang.invoke.DirectMethodHandle$Holder.invokeSpecial(java.lang.Object, java.lang.Object, java.lang.Object, int, java.lang.Object, java.lang.Object, java.lang.Object, java.lang.Object)'> (0x000000077cbb1f18) 
thrown [s\src\hotspot\share\interpreter\linkResolver.cpp, line 784]
Event: 391.005 Thread 0x00000158c1d5a680 Implicit null exception at 0x000001589a2bc850 to 0x000001589a2bcc90
Event: 391.149 Thread 0x00000158c0d5ae90 Implicit null exception at 0x00000158994dc96b to 0x00000158994dccac
Event: 391.149 Thread 0x00000158c0d5ae90 Implicit null exception at 0x000001589a3f11ae to 0x000001589a3f13a0
Event: 391.149 Thread 0x00000158c0d5ae90 Implicit null exception at 0x00000158990ec86e to 0x00000158990ec9a8
Event: 391.838 Thread 0x00000158c1d5a680 Exception <a 'java/lang/IncompatibleClassChangeError'{0x00000007b4a62980}: Found class java.lang.Object, but interface was expected> (0x00000007b4a62980) 
thrown [s\src\hotspot\share\interpreter\linkResolver.cpp, line 851]
Event: 392.732 Thread 0x00000158c1d5a680 Implicit null exception at 0x0000015899ae5d83 to 0x0000015899ae61b8
Event: 392.761 Thread 0x00000158bf675040 Exception <a 'java/lang/NoSuchMethodError'{0x00000007ac978dc8}: 'void java.lang.invoke.DirectMethodHandle$Holder.invokeStatic(java.lang.Object, int, java.lang.Object, java.lang.Object, java.lang.Object, java.lang.Object)'> (0x00000007ac978dc8) 
thrown [s\src\hotspot\share\interpreter\linkResolver.cpp, line 784]

ZGC Phase Switch (0 events):
No events

VM Operations (20 events):
Event: 390.118 Executing VM operation: HandshakeAllThreads (Deoptimize) done
Event: 390.736 Executing VM operation: ICBufferFull
Event: 390.737 Executing VM operation: ICBufferFull done
Event: 391.374 Executing VM operation: HandshakeAllThreads (Deoptimize)
Event: 391.374 Executing VM operation: HandshakeAllThreads (Deoptimize) done
Event: 391.380 Executing VM operation: HandshakeAllThreads (Deoptimize)
Event: 391.380 Executing VM operation: HandshakeAllThreads (Deoptimize) done
Event: 391.410 Executing VM operation: ICBufferFull
Event: 391.410 Executing VM operation: ICBufferFull done
Event: 391.862 Executing VM operation: HandshakeAllThreads (Deoptimize)
Event: 391.862 Executing VM operation: HandshakeAllThreads (Deoptimize) done
Event: 391.872 Executing VM operation: HandshakeAllThreads (Deoptimize)
Event: 391.872 Executing VM operation: HandshakeAllThreads (Deoptimize) done
Event: 391.908 Executing VM operation: HandshakeAllThreads (Deoptimize)
Event: 391.909 Executing VM operation: HandshakeAllThreads (Deoptimize) done
Event: 392.463 Executing VM operation: ICBufferFull
Event: 392.463 Executing VM operation: ICBufferFull done
Event: 392.721 Executing VM operation: HandshakeAllThreads (Deoptimize)
Event: 392.721 Executing VM operation: HandshakeAllThreads (Deoptimize) done
Event: 392.998 Executing VM operation: G1CollectForAllocation (G1 Evacuation Pause)

Memory protections (0 events):
No events

Nmethod flushes (20 events):
Event: 381.337 Thread 0x00000158af58f480 flushing  nmethod 0x000001588bfd7790
Event: 381.337 Thread 0x00000158af58f480 flushing  nmethod 0x000001588bfdb090
Event: 381.337 Thread 0x00000158af58f480 flushing  nmethod 0x000001588bfdcd10
Event: 381.337 Thread 0x00000158af58f480 flushing  nmethod 0x000001588c0e7510
Event: 381.337 Thread 0x00000158af58f480 flushing  nmethod 0x000001588c0eae90
Event: 381.337 Thread 0x00000158af58f480 flushing  nmethod 0x000001588c0f1d90
Event: 381.337 Thread 0x00000158af58f480 flushing  nmethod 0x000001588c0f2290
Event: 381.337 Thread 0x00000158af58f480 flushing  nmethod 0x000001588c0f4890
Event: 381.337 Thread 0x00000158af58f480 flushing  nmethod 0x000001588c0f4f10
Event: 381.337 Thread 0x00000158af58f480 flushing  nmethod 0x000001588c116590
Event: 381.337 Thread 0x00000158af58f480 flushing  nmethod 0x000001588c117890
Event: 381.337 Thread 0x00000158af58f480 flushing  nmethod 0x000001588c6ff010
Event: 381.337 Thread 0x00000158af58f480 flushing  nmethod 0x000001588c70b410
Event: 381.337 Thread 0x00000158af58f480 flushing  nmethod 0x000001588c7e9010
Event: 381.337 Thread 0x00000158af58f480 flushing  nmethod 0x000001588c7ebe10
Event: 381.337 Thread 0x00000158af58f480 flushing  nmethod 0x000001588c7efd90
Event: 381.337 Thread 0x00000158af58f480 flushing  nmethod 0x000001588c832810
Event: 381.337 Thread 0x00000158af58f480 flushing  nmethod 0x000001588c832c90
Event: 381.337 Thread 0x00000158af58f480 flushing  nmethod 0x000001588c858110
Event: 381.337 Thread 0x00000158af58f480 flushing  nmethod 0x000001588c858610

Events (20 events):
Event: 252.122 Thread 0x00000158c060def0 Thread exited: 0x00000158c060def0
Event: 252.122 Thread 0x00000158c060e580 Thread exited: 0x00000158c060e580
Event: 252.123 Thread 0x00000158c0610ce0 Thread exited: 0x00000158c0610ce0
Event: 252.620 Thread 0x00000158c1d5b3a0 Thread exited: 0x00000158c1d5b3a0
Event: 252.628 Thread 0x00000158c1d5eeb0 Thread exited: 0x00000158c1d5eeb0
Event: 252.842 Thread 0x00000158c1d5e190 Thread exited: 0x00000158c1d5e190
Event: 259.563 Thread 0x00000158af619230 Thread added: 0x00000158c0343810
Event: 276.457 Thread 0x00000158c0343810 Thread exited: 0x00000158c0343810
Event: 281.566 Thread 0x00000158c0345350 Thread exited: 0x00000158c0345350
Event: 287.157 Thread 0x00000158af61ea20 Thread added: 0x00000158b8de6f50
Event: 287.761 Thread 0x00000158af61ea20 Thread added: 0x00000158c0343810
Event: 316.686 Thread 0x00000158c0343810 Thread exited: 0x00000158c0343810
Event: 347.749 Thread 0x00000158b8de6f50 Thread exited: 0x00000158b8de6f50
Event: 348.621 Thread 0x00000158af619230 Thread added: 0x00000158c0e0a670
Event: 362.125 Thread 0x00000158af61ea20 Thread added: 0x00000158b8de6f50
Event: 382.421 Thread 0x00000158b8de6f50 Thread exited: 0x00000158b8de6f50
Event: 382.485 Thread 0x00000158c0e0a670 Thread exited: 0x00000158c0e0a670
Event: 382.734 Thread 0x00000158af61ea20 Thread added: 0x00000158c03423a0
Event: 386.716 Thread 0x00000158c03423a0 Thread exited: 0x00000158c03423a0
Event: 386.821 Thread 0x00000158af61ea20 Thread added: 0x00000158c0345a20


Dynamic libraries:
0x00007ff649bc0000 - 0x00007ff649bca000 	C:\Program Files\Android\Android Studio\jbr\bin\java.exe
0x00007ffecfc60000 - 0x00007ffecfec7000 	C:\WINDOWS\SYSTEM32\ntdll.dll
0x00007ffecede0000 - 0x00007ffeceea9000 	C:\WINDOWS\System32\KERNEL32.DLL
0x00007ffecc9e0000 - 0x00007ffeccdd4000 	C:\WINDOWS\System32\KERNELBASE.dll
0x00007ffecc7d0000 - 0x00007ffecc91b000 	C:\WINDOWS\System32\ucrtbase.dll
0x00007ffec9880000 - 0x00007ffec9898000 	C:\Program Files\Android\Android Studio\jbr\bin\jli.dll
0x00007ffec9180000 - 0x00007ffec919b000 	C:\Program Files\Android\Android Studio\jbr\bin\VCRUNTIME140.dll
0x00007ffecf920000 - 0x00007ffecfae5000 	C:\WINDOWS\System32\USER32.dll
0x00007ffecc530000 - 0x00007ffecc557000 	C:\WINDOWS\System32\win32u.dll
0x00007ffeb41e0000 - 0x00007ffeb4473000 	C:\WINDOWS\WinSxS\amd64_microsoft.windows.common-controls_6595b64144ccf1df_6.0.26100.8115_none_3e075c82e3354f9c\COMCTL32.dll
0x00007ffece320000 - 0x00007ffece34b000 	C:\WINDOWS\System32\GDI32.dll
0x00007ffecf790000 - 0x00007ffecf839000 	C:\WINDOWS\System32\msvcrt.dll
0x00007ffecc560000 - 0x00007ffecc68b000 	C:\WINDOWS\System32\gdi32full.dll
0x00007ffecc690000 - 0x00007ffecc733000 	C:\WINDOWS\System32\msvcp_win.dll
0x00007ffece2d0000 - 0x00007ffece302000 	C:\WINDOWS\System32\IMM32.DLL
0x00007ffec93e0000 - 0x00007ffec93ec000 	C:\Program Files\Android\Android Studio\jbr\bin\vcruntime140_1.dll
0x00007ffe9c440000 - 0x00007ffe9c4cd000 	C:\Program Files\Android\Android Studio\jbr\bin\msvcp140.dll
0x00007ffe362d0000 - 0x00007ffe36f66000 	C:\Program Files\Android\Android Studio\jbr\bin\server\jvm.dll
0x00007ffecf840000 - 0x00007ffecf8f6000 	C:\WINDOWS\System32\ADVAPI32.dll
0x00007ffecf080000 - 0x00007ffecf127000 	C:\WINDOWS\System32\sechost.dll
0x00007ffecfb00000 - 0x00007ffecfc18000 	C:\WINDOWS\System32\RPCRT4.dll
0x00007ffeceeb0000 - 0x00007ffecef30000 	C:\WINDOWS\System32\WS2_32.dll
0x00007ffecc390000 - 0x00007ffecc3ee000 	C:\WINDOWS\SYSTEM32\POWRPROF.dll
0x00007ffec7630000 - 0x00007ffec7666000 	C:\WINDOWS\SYSTEM32\WINMM.dll
0x00007ffebb130000 - 0x00007ffebb13b000 	C:\WINDOWS\SYSTEM32\VERSION.dll
0x00007ffecc370000 - 0x00007ffecc384000 	C:\WINDOWS\SYSTEM32\UMPDC.dll
0x00007ffecb2c0000 - 0x00007ffecb2db000 	C:\WINDOWS\SYSTEM32\kernel.appcore.dll
0x00007ffec9170000 - 0x00007ffec917a000 	C:\Program Files\Android\Android Studio\jbr\bin\jimage.dll
0x00007ffeca410000 - 0x00007ffeca652000 	C:\WINDOWS\SYSTEM32\DBGHELP.DLL
0x00007ffece670000 - 0x00007ffece9f2000 	C:\WINDOWS\System32\combase.dll
0x00007ffecf1a0000 - 0x00007ffecf278000 	C:\WINDOWS\System32\OLEAUT32.dll
0x00007ffec75b0000 - 0x00007ffec75eb000 	C:\WINDOWS\SYSTEM32\dbgcore.DLL
0x00007ffeccde0000 - 0x00007ffecce85000 	C:\WINDOWS\System32\bcryptPrimitives.dll
0x00007ffebd1b0000 - 0x00007ffebd1be000 	C:\Program Files\Android\Android Studio\jbr\bin\instrument.dll
0x00007ffec7520000 - 0x00007ffec7540000 	C:\Program Files\Android\Android Studio\jbr\bin\java.dll
0x00007ffebc040000 - 0x00007ffebc058000 	C:\Program Files\Android\Android Studio\jbr\bin\zip.dll
0x00007ffecdb60000 - 0x00007ffece2c7000 	C:\WINDOWS\System32\SHELL32.dll
0x00007ffecd700000 - 0x00007ffecd86a000 	C:\WINDOWS\System32\wintypes.dll
0x00007ffecce90000 - 0x00007ffecd6f8000 	C:\WINDOWS\System32\windows.storage.dll
0x00007ffece4f0000 - 0x00007ffece5e8000 	C:\WINDOWS\System32\SHCORE.dll
0x00007ffecf130000 - 0x00007ffecf196000 	C:\WINDOWS\System32\shlwapi.dll
0x00007ffecc450000 - 0x00007ffecc479000 	C:\WINDOWS\SYSTEM32\profapi.dll
0x00007ffec9010000 - 0x00007ffec9020000 	C:\Program Files\Android\Android Studio\jbr\bin\net.dll
0x00007ffebc160000 - 0x00007ffebc28d000 	C:\WINDOWS\SYSTEM32\WINHTTP.dll
0x00007ffecb830000 - 0x00007ffecb89c000 	C:\WINDOWS\system32\mswsock.dll
0x00007ffeb7da0000 - 0x00007ffeb7db6000 	C:\Program Files\Android\Android Studio\jbr\bin\nio.dll
0x00007ffec7710000 - 0x00007ffec7720000 	C:\Program Files\Android\Android Studio\jbr\bin\verify.dll
0x00007ffe9bd40000 - 0x00007ffe9bd67000 	C:\Users\kiran\.gradle\native\c067742578af261105cb4f569cf0c3c89f3d7b1fecec35dd04571415982c5e48\windows-amd64\native-platform.dll
0x00007ffe96920000 - 0x00007ffe96a64000 	C:\Users\kiran\.gradle\native\100fb08df4bc3b14c8652ba06237920a3bd2aa13389f12d3474272988ae205f9\windows-amd64\native-platform-file-events.dll
0x00007ffec76f0000 - 0x00007ffec76f9000 	C:\Program Files\Android\Android Studio\jbr\bin\management.dll
0x00007ffec7680000 - 0x00007ffec768b000 	C:\Program Files\Android\Android Studio\jbr\bin\management_ext.dll
0x00007ffecfaf0000 - 0x00007ffecfaf8000 	C:\WINDOWS\System32\PSAPI.DLL
0x00007ffecbb10000 - 0x00007ffecbb2b000 	C:\WINDOWS\SYSTEM32\CRYPTSP.dll
0x00007ffecb220000 - 0x00007ffecb259000 	C:\WINDOWS\system32\rsaenh.dll
0x00007ffecb8e0000 - 0x00007ffecb913000 	C:\WINDOWS\SYSTEM32\USERENV.dll
0x00007ffecc420000 - 0x00007ffecc44a000 	C:\WINDOWS\SYSTEM32\bcrypt.dll
0x00007ffecbb30000 - 0x00007ffecbb3c000 	C:\WINDOWS\SYSTEM32\CRYPTBASE.dll
0x00007ffecad70000 - 0x00007ffecada2000 	C:\WINDOWS\SYSTEM32\IPHLPAPI.DLL
0x00007ffece310000 - 0x00007ffece31a000 	C:\WINDOWS\System32\NSI.dll
0x00007ffec7430000 - 0x00007ffec7439000 	C:\Program Files\Android\Android Studio\jbr\bin\extnet.dll
0x00007ffea1a10000 - 0x00007ffea1a18000 	C:\WINDOWS\system32\wshunix.dll
0x00007ffea1a90000 - 0x00007ffea1aa8000 	C:\WINDOWS\system32\napinsp.dll
0x00007ffecadb0000 - 0x00007ffecaee2000 	C:\WINDOWS\SYSTEM32\DNSAPI.dll
0x00007ffea1a70000 - 0x00007ffea1a83000 	C:\WINDOWS\System32\winrnr.dll
0x00007ffea1a40000 - 0x00007ffea1a62000 	C:\WINDOWS\system32\nlansp_c.dll
0x00007ffea1a20000 - 0x00007ffea1a36000 	C:\WINDOWS\system32\wshbth.dll
0x00007ffec4230000 - 0x00007ffec423b000 	C:\Windows\System32\rasadhlp.dll
0x00007ffec63c0000 - 0x00007ffec6446000 	C:\WINDOWS\System32\fwpuclnt.dll

JVMTI agents:
C:\Users\kiran\.gradle\wrapper\dists\gradle-8.9-bin\90cnw93cvbtalezasaz0blq0a\gradle-8.9\lib\agents\gradle-instrumentation-agent-8.9.jar path:C:\Program Files\Android\Android Studio\jbr\bin\instrument.dll, loaded, initialized, instrumentlib options:none

dbghelp: loaded successfully - version: 4.0.5 - missing functions: none
symbol engine: initialized successfully - sym options: 0x614 - pdb path: .;C:\Program Files\Android\Android Studio\jbr\bin;C:\WINDOWS\SYSTEM32;C:\WINDOWS\WinSxS\amd64_microsoft.windows.common-controls_6595b64144ccf1df_6.0.26100.8115_none_3e075c82e3354f9c;C:\Program Files\Android\Android Studio\jbr\bin\server;C:\Users\kiran\.gradle\native\c067742578af261105cb4f569cf0c3c89f3d7b1fecec35dd04571415982c5e48\windows-amd64;C:\Users\kiran\.gradle\native\100fb08df4bc3b14c8652ba06237920a3bd2aa13389f12d3474272988ae205f9\windows-amd64

VM Arguments:
jvm_args: -XX:MaxMetaspaceSize=512m -XX:+UseG1GC -XX:ReservedCodeCacheSize=512m --add-opens=java.base/java.util=ALL-UNNAMED --add-opens=java.base/java.lang=ALL-UNNAMED --add-opens=java.base/java.lang.invoke=ALL-UNNAMED --add-opens=java.prefs/java.util.prefs=ALL-UNNAMED --add-exports=jdk.compiler/com.sun.tools.javac.api=ALL-UNNAMED --add-exports=jdk.compiler/com.sun.tools.javac.util=ALL-UNNAMED --add-opens=java.base/java.nio.charset=ALL-UNNAMED --add-opens=java.base/java.net=ALL-UNNAMED --add-opens=java.base/java.util.concurrent.atomic=ALL-UNNAMED -Xmx3g -Dfile.encoding=UTF-8 -Duser.country=IN -Duser.language=en -Duser.variant -javaagent:C:\Users\kiran\.gradle\wrapper\dists\gradle-8.9-bin\90cnw93cvbtalezasaz0blq0a\gradle-8.9\lib\agents\gradle-instrumentation-agent-8.9.jar 
java_command: org.gradle.launcher.daemon.bootstrap.GradleDaemon 8.9
java_class_path (initial): C:\Users\kiran\.gradle\wrapper\dists\gradle-8.9-bin\90cnw93cvbtalezasaz0blq0a\gradle-8.9\lib\gradle-daemon-main-8.9.jar
Launcher Type: SUN_STANDARD

[Global flags]
     intx CICompilerCount                          = 4                                         {product} {ergonomic}
   size_t CompressedClassSpaceSize                 = 436207616                                 {product} {ergonomic}
     uint ConcGCThreads                            = 2                                         {product} {ergonomic}
     uint G1ConcRefinementThreads                  = 8                                         {product} {ergonomic}
   size_t G1HeapRegionSize                         = 2097152                                   {product} {ergonomic}
    uintx GCDrainStackTargetSize                   = 64                                        {product} {ergonomic}
   size_t InitialHeapSize                          = 130023424                                 {product} {ergonomic}
   size_t MarkStackSize                            = 4194304                                   {product} {ergonomic}
   size_t MaxHeapSize                              = 3221225472                                {product} {command line}
   size_t MaxMetaspaceSize                         = 536870912                                 {product} {command line}
   size_t MaxNewSize                               = 1931476992                                {product} {ergonomic}
   size_t MinHeapDeltaBytes                        = 2097152                                   {product} {ergonomic}
   size_t MinHeapSize                              = 8388608                                   {product} {ergonomic}
    uintx NonNMethodCodeHeapSize                   = 5839372                                {pd product} {ergonomic}
    uintx NonProfiledCodeHeapSize                  = 265515770                              {pd product} {ergonomic}
    uintx ProfiledCodeHeapSize                     = 265515770                              {pd product} {ergonomic}
    uintx ReservedCodeCacheSize                    = 536870912                              {pd product} {command line}
     bool SegmentedCodeCache                       = true                                      {product} {ergonomic}
   size_t SoftMaxHeapSize                          = 3221225472                             {manageable} {ergonomic}
     bool UseCompressedOops                        = true                           {product lp64_product} {ergonomic}
     bool UseG1GC                                  = true                                      {product} {command line}
     bool UseLargePagesIndividualAllocation        = false                                  {pd product} {ergonomic}

Logging:
Log output configuration:
 #0: stdout all=warning uptime,level,tags foldmultilines=false
 #1: stderr all=off uptime,level,tags foldmultilines=false

Environment Variables:
JAVA_HOME=C:\Program Files\Android\Android Studio\jbr
CLASSPATH=C:\Users\kiran\Downloads\jago-Updates-23-04-jago\jago-Updates-23-04-jago\jago_app-main\flutter_apps\customer_app\android\\gradle\wrapper\gradle-wrapper.jar
PATH=C:\Program Files\Android\Android Studio\jbr\bin;C:\flutter\bin;C:\Users\kiran\bin;C:\Program Files\Git\mingw64\bin;C:\Program Files\Git\usr\local\bin;C:\Program Files\Git\usr\bin;C:\Program Files\Git\usr\bin;C:\Program Files\Git\mingw64\bin;C:\Program Files\Git\usr\bin;C:\Users\kiran\bin;C:\Users\kiran\AppData\Roaming\uv\python\cpython-3.14.3-windows-x86_64-none\Scripts;C:\Users\kiran\AppData\Local\Programs\Microsoft VS Code;C:\WINDOWS\system32;C:\WINDOWS;C:\WINDOWS\System32\Wbem;C:\WINDOWS\System32\WindowsPowerShell\v1.0;C:\WINDOWS\System32\OpenSSH;C:\Program Files\dotnet;C:\xampp\php;C:\ProgramData\ComposerSetup\bin;C:\Program Files\PuTTY;C:\Program Files\Git\cmd;C:\Program Files\GitHub CLI;C:\flutter\bin;C:\Program Files\k6;C:\Program Files (x86)\cloudflared;C:\Users\kiran\AppData\Local\Programs\Eclipse Adoptium\jdk-17.0.18.8-hotspot\bin;C:\Users\kiran\.local\bin;C:\Users\kiran\AppData\Local\Microsoft\WindowsApps;C:\Users\kiran\AppData\Roaming\Composer\vendor\bin;C:\Users\kiran\AppData\Local\Programs\Ollama;C:\Users\kiran\AppData\Local\GitHubDesktop\bin;C:\Users\kiran\AppData\Local\Programs\Antigravity\bin;C:\Users\kiran\AppData\Local\Programs\Microsoft VS Code\bin;C:\Users\kiran\AppData\Local\Microsoft\WinGet\Packages\Anthropic.ClaudeCode_Microsoft.Winget.Source_8wekyb3d8bbwe;C:\Users\kiran\AppData\Local\Programs\cursor\resources\app\bin;C:\Users\kiran\AppData\Local\Microsoft\WinGet\Packages\OpenJS.NodeJS.LTS_Microsoft.Winget.Source_8wekyb3d8bbwe\node-v24.14.0-win-x64;C:\Users\kiran\AppData\Local\Microsoft\WinGet\Packages\DigitalOcean.Doctl_Microsoft.Winget.Source_8wekyb3d8bbwe;C:\Users\kiran\AppData\Local\Microsoft\WinGet\Packages\Gyan.FFmpeg_Microsoft.Winget.Source_8wekyb3d8bbwe\ffmpeg-8.1-full_build\bin;C:\Program Files\Git\usr\bin\vendor_perl;C:\Program Files\Git\usr\bin\core_perl;C:\flutter\bin\mingit\cmd
USERNAME=kiran
SHELL=C:\Program Files\Git\usr\bin\bash.exe
TERM=xterm-256color
OS=MINGW64_NT-10.0-26200
PROCESSOR_IDENTIFIER=Intel64 Family 6 Model 140 Stepping 2, GenuineIntel
TMP=C:\Users\kiran\AppData\Local\Temp
TEMP=C:\Users\kiran\AppData\Local\Temp




Periodic native trim disabled

JNI global refs:
JNI global refs: 29, weak refs: 47

JNI global refs memory usage: 835, weak refs: 833

Process memory usage:
Resident Set Size: 2381596K (29% of 8121124K total physical memory with 492568K free physical memory)

OOME stack traces (most recent first):
Classloader memory used:
Loader org.gradle.internal.classloader.VisitableURLClassLoader$InstrumentingVisitableURLClassLoader: 87895K
Loader org.gradle.internal.classloader.VisitableURLClassLoader                         : 47228K
Loader bootstrap                                                                       : 32159K
Loader org.gradle.initialization.MixInLegacyTypesClassLoader                           : 14224K
Loader org.gradle.groovy.scripts.internal.DefaultScriptCompilationHandler$ScriptClassLoader: 2642K
Loader java.net.URLClassLoader                                                         : 1715K
Loader jdk.internal.loader.ClassLoaders$PlatformClassLoader                            : 654K
Loader jdk.internal.reflect.DelegatingClassLoader                                      : 383K
Loader jdk.internal.loader.ClassLoaders$AppClassLoader                                 : 230K
Loader org.gradle.internal.classloader.VisitableURLClassLoader                         : 102K
Loader org.codehaus.groovy.runtime.callsite.CallSiteClassLoader                        : 101K
Loader sun.reflect.misc.MethodUtil                                                     : 2984B

Classes loaded by more than one classloader:
Class Program                                                                         : loaded 5 times (x 72B)
Class org.jetbrains.kotlin.build.report.metrics.GradleBuildTime$Companion             : loaded 3 times (x 71B)
Class [Lorg.jetbrains.kotlin.build.report.metrics.GradleBuildTime;                    : loaded 3 times (x 69B)
Class org.jetbrains.kotlin.build.report.metrics.BuildMetricsReporter                  : loaded 3 times (x 70B)
Class org.jetbrains.kotlin.build.report.metrics.BuildTime                             : loaded 3 times (x 70B)
Class [Lorg.jetbrains.kotlin.build.report.metrics.BuildTime;                          : loaded 3 times (x 69B)
Class org.jetbrains.kotlin.build.report.metrics.GradleBuildTime                       : loaded 3 times (x 86B)
Class com.google.common.base.Equivalence$Identity                                     : loaded 2 times (x 82B)
Class com.google.common.collect.RegularImmutableMap$KeySet                            : loaded 2 times (x 150B)
Class org.gradle.internal.classloader.FilteringClassLoader                            : loaded 2 times (x 105B)
Class kotlin.sequences.FilteringSequence$iterator$1                                   : loaded 2 times (x 79B)
Class kotlin.sequences.SequencesKt__SequenceBuilderKt                                 : loaded 2 times (x 71B)
Class kotlin.collections.CollectionsKt__ReversedViewsKt                               : loaded 2 times (x 71B)
Class com.google.common.io.FileWriteMode                                              : loaded 2 times (x 79B)
Class com.google.common.collect.SortedSetMultimap                                     : loaded 2 times (x 70B)
Class org.jetbrains.kotlin.gradle.plugin.mpp.KotlinVariantWithCoordinates             : loaded 2 times (x 108B)
Class org.jetbrains.kotlin.gradle.internal.KotlinDomApiDependencyManagementKt         : loaded 2 times (x 71B)
Class org.jetbrains.kotlin.gradle.plugin.KotlinPluginLifecycleImpl$launch$coroutine$1 : loaded 2 times (x 76B)
Class org.jetbrains.kotlin.gradle.targets.js.npm.NpmDependencyExtensionKt$defaultNpmDependencyDelegate$1: loaded 2 times (x 167B)
Class org.jetbrains.kotlin.gradle.plugin.diagnostics.checkers.MissingNativeStdlibChecker: loaded 2 times (x 74B)
Class org.jetbrains.kotlin.gradle.plugin.KotlinPlatformType$DisambiguationRule        : loaded 2 times (x 76B)
Class org.jetbrains.kotlin.gradle.plugin.KotlinPlatformType$Companion                 : loaded 2 times (x 71B)
Class org.jetbrains.kotlin.gradle.plugin.internal.ConfigurationCacheStartParameterAccessorKt: loaded 2 times (x 71B)
Class [Lcom.google.common.base.AbstractIterator$State;                                : loaded 2 times (x 69B)
Class com.google.common.base.CharMatcher$IsEither                                     : loaded 2 times (x 111B)
Class org.gradle.internal.classloader.ClassLoaderHierarchy                            : loaded 2 times (x 70B)
Class build_7pmvorfh50k4gqxfdnp95v1li                                                 : loaded 2 times (x 181B)
Class build_3bwuobcoub7k7uod6hivxolop                                                 : loaded 2 times (x 180B)
Class com.google.common.collect.AbstractMapBasedMultimap$WrappedCollection            : loaded 2 times (x 124B)
Class org.jetbrains.kotlin.gradle.plugin.hierarchy.KotlinSourceSetTreeClassifierKt    : loaded 2 times (x 71B)
Class org.jetbrains.kotlin.gradle.report.UsesBuildMetricsService                      : loaded 2 times (x 70B)
Class org.jetbrains.kotlin.gradle.plugin.mpp.compilationImpl.factory.KotlinCompilationImplFactory$KotlinCompilationSourceSetsContainerFactory: loaded 2 times (x 70B)
Class org.jetbrains.kotlin.gradle.utils.MutableObservableSet                          : loaded 2 times (x 70B)
Class org.jetbrains.kotlin.gradle.dsl.KotlinHierarchyDsl                              : loaded 2 times (x 70B)
Class org.jetbrains.kotlin.gradle.targets.metadata.KotlinMetadataTargetConfiguratorKt$isNativeSourceSet$2: loaded 2 times (x 95B)
Class org.jetbrains.kotlin.gradle.report.BuildReportType                              : loaded 2 times (x 79B)
Class org.jetbrains.kotlin.statistics.metrics.StringAnonymizationPolicy$AllowedListAnonymizer: loaded 2 times (x 79B)
Class com.google.common.collect.ImmutableEnumSet                                      : loaded 2 times (x 146B)
Class com.google.common.util.concurrent.ExecutionError                                : loaded 2 times (x 82B)
Class com.google.common.collect.ImmutableList$1                                       : loaded 2 times (x 97B)
Class org.gradle.api.internal.classpath.ManifestUtil                                  : loaded 2 times (x 71B)
Class build_2u87o7j9odfzsrbg95b26qnzy                                                 : loaded 2 times (x 181B)
Class com.google.common.io.ByteArrayDataOutput                                        : loaded 2 times (x 70B)
Class org.jetbrains.kotlin.gradle.tasks.KotlinCompile$androidLayoutResources$1        : loaded 2 times (x 74B)
Class org.jetbrains.kotlin.gradle.report.GradleBuildMetricsReporter                   : loaded 2 times (x 98B)
Class org.jetbrains.kotlin.gradle.utils.FutureKt$future$1                             : loaded 2 times (x 95B)
Class org.jetbrains.kotlin.gradle.plugin.mpp.KotlinMetadataCompilation                : loaded 2 times (x 70B)
Class org.jetbrains.kotlin.gradle.plugin.sources.KotlinDependencyScope                : loaded 2 times (x 79B)
Class org.jetbrains.kotlin.gradle.tasks.configuration.AbstractKotlinCompileConfig$1   : loaded 2 times (x 79B)
Class org.jetbrains.kotlin.gradle.plugin.mpp.compilationImpl.KotlinCompilationFriendPathsResolver: loaded 2 times (x 70B)
Class org.jetbrains.kotlin.gradle.plugin.mpp.KotlinUsages$KotlinMetadataDisambiguation: loaded 2 times (x 76B)
Class com.google.common.collect.RegularImmutableMap                                   : loaded 2 times (x 121B)
Class com.google.common.collect.ImmutableMap$MapViewOfValuesAsSingletonSets           : loaded 2 times (x 125B)
Class org.jetbrains.kotlin.gradle.tasks.AbstractKotlinCompile$compilerRunner$1        : loaded 2 times (x 75B)
Class org.jetbrains.kotlin.gradle.tasks.CacheableTasksKt$cacheOnlyIfEnabledForKotlin$1: loaded 2 times (x 75B)
Class org.jetbrains.kotlin.gradle.tasks.configuration.AbstractKotlinCompileConfig$2   : loaded 2 times (x 79B)
Class org.jetbrains.kotlin.gradle.plugin.mpp.compilationImpl.factory.KotlinCompilationImplFactory$PreConfigure: loaded 2 times (x 70B)
Class org.jetbrains.kotlin.gradle.targets.js.dsl.KotlinJsTargetDsl                    : loaded 2 times (x 70B)
Class org.jetbrains.kotlin.gradle.plugin.KotlinPluginLifecycleImplKt                  : loaded 2 times (x 71B)
Class org.jetbrains.kotlin.gradle.plugin.diagnostics.checkers.DeprecatedKotlinNativeTargetsChecker$runChecks$1: loaded 2 times (x 88B)
Class org.jetbrains.kotlin.gradle.plugin.KotlinPluginLifecycleImpl$WhenMappings       : loaded 2 times (x 71B)
Class org.jetbrains.kotlin.gradle.dsl.KotlinCommonCompilerToolOptionsHelper           : loaded 2 times (x 71B)
Class org.jetbrains.kotlin.gradle.plugin.KotlinTargetComponent                        : loaded 2 times (x 70B)
Class org.jetbrains.kotlin.statistics.metrics.StringOverridePolicy$OVERRIDE_VERSION_IF_NOT_SET: loaded 2 times (x 85B)
Class org.jetbrains.kotlin.gradle.plugin.VariantImplementationFactories$Companion$getProvider$1: loaded 2 times (x 75B)
Class org.jetbrains.kotlin.gradle.dsl.KotlinProjectExtension                          : loaded 2 times (x 122B)
Class [Lorg.objectweb.asm.Symbol;                                                     : loaded 2 times (x 69B)
Class org.objectweb.asm.ClassVisitor                                                  : loaded 2 times (x 88B)
Class com.google.common.collect.UnmodifiableListIterator                              : loaded 2 times (x 95B)
Class build_b4tsnrvlwm0gyh5f01gpdibji$_run_closure1$_closure3                         : loaded 2 times (x 139B)
Class org.jetbrains.kotlin.gradle.plugin.KotlinPluginLifecycle$ProjectConfigurationResult$Failure: loaded 2 times (x 72B)
Class org.jetbrains.kotlin.gradle.plugin.sources.DefaultKotlinSourceSet$MetadataDependencyTransformation: loaded 2 times (x 72B)
Class org.jetbrains.kotlin.gradle.tasks.DefaultKotlinJavaToolchain$Companion          : loaded 2 times (x 71B)
Class org.jetbrains.kotlin.gradle.tasks.DefaultKotlinJavaToolchain                    : loaded 2 times (x 77B)
Class org.jetbrains.kotlin.gradle.plugin.KotlinGradleBuildServices                    : loaded 2 times (x 80B)
Class [Lorg.jetbrains.kotlin.statistics.ValueAnonymizer;                              : loaded 2 times (x 69B)
Class org.objectweb.asm.MethodTooLargeException                                       : loaded 2 times (x 83B)
Class [Lcom.google.common.cache.CacheBuilder$OneWeigher;                              : loaded 2 times (x 69B)
Class com.google.common.base.Suppliers                                                : loaded 2 times (x 71B)
Class com.google.common.base.Platform$JdkPatternCompiler                              : loaded 2 times (x 75B)
Class org.gradle.internal.classloader.DefaultClassLoaderFactory                       : loaded 2 times (x 82B)
Class kotlin.sequences.SequencesKt___SequencesKt                                      : loaded 2 times (x 71B)
Class kotlin.collections.AbstractList$Companion                                       : loaded 2 times (x 71B)
Class build_ayioqhct8y2g31cpeme9ui4gi                                                 : loaded 2 times (x 180B)
Class [Lcom.google.common.collect.AbstractIterator$State;                             : loaded 2 times (x 69B)
Class com.google.common.io.ByteSource$ConcatenatedByteSource                          : loaded 2 times (x 85B)
Class com.google.common.collect.ReverseNaturalOrdering                                : loaded 2 times (x 114B)
Class org.jetbrains.kotlin.compilerRunner.CompilerSystemPropertiesService$Parameters_Decorated: loaded 2 times (x 134B)
Class org.jetbrains.kotlin.gradle.plugin.KotlinTargetWithTests                        : loaded 2 times (x 70B)
Class org.jetbrains.kotlin.gradle.plugin.diagnostics.ToolingDiagnosticRenderingOptions: loaded 2 times (x 72B)
Class [Lorg.jetbrains.kotlin.gradle.dsl.KotlinVersion;                                : loaded 2 times (x 69B)
Class org.jetbrains.kotlin.gradle.plugin.diagnostics.checkers.JsEnvironmentChecker    : loaded 2 times (x 76B)
Class org.jetbrains.kotlin.gradle.targets.js.npm.NpmDependencyExtensionKt             : loaded 2 times (x 71B)
Class org.jetbrains.kotlin.gradle.report.BuildMetricsService                          : loaded 2 times (x 86B)
Class org.jetbrains.kotlin.statistics.metrics.NumberAnonymizationPolicy               : loaded 2 times (x 85B)
Class org.jetbrains.kotlin.statistics.metrics.StringAnonymizationPolicy               : loaded 2 times (x 78B)
Class com.google.common.base.CharMatcher$None                                         : loaded 2 times (x 112B)
Class org.gradle.internal.classloader.ClassLoaderVisitor                              : loaded 2 times (x 76B)
Class build_5g9a8s43tgs3q7a5yo8v9t3kk$_run_closure1                                   : loaded 2 times (x 139B)
Class com.google.common.collect.Ordering                                              : loaded 2 times (x 114B)
Class org.jetbrains.kotlin.build.report.metrics.BuildPerformanceMetrics               : loaded 2 times (x 72B)
Class org.jetbrains.kotlin.gradle.plugin.mpp.compilationImpl.KotlinCompilationLanguageSettingsConfigurator: loaded 2 times (x 74B)
Class org.jetbrains.kotlin.gradle.plugin.KotlinPluginLifecycleKt$await$1              : loaded 2 times (x 88B)
Class [Lorg.jetbrains.kotlin.gradle.plugin.KotlinCompilation;                         : loaded 2 times (x 69B)
Class org.jetbrains.kotlin.gradle.plugin.mpp.KotlinTargetComponentWithPublication     : loaded 2 times (x 70B)
Class org.jetbrains.kotlin.gradle.dsl.KotlinTargetContainerWithJsPresetFunctions      : loaded 2 times (x 70B)
Class org.jetbrains.kotlin.gradle.report.ReportingSettings$Companion                  : loaded 2 times (x 71B)
Class org.jetbrains.kotlin.gradle.report.ConfigureReporingKt                          : loaded 2 times (x 71B)
Class org.jetbrains.kotlin.tooling.core.TypeUtils                                     : loaded 2 times (x 71B)
Class [Lcom.google.common.collect.ImmutableMapEntry;                                  : loaded 2 times (x 69B)
Class org.gradle.api.internal.classpath.EffectiveClassPath                            : loaded 2 times (x 90B)
Class kotlin.text.StringsKt__AppendableKt                                             : loaded 2 times (x 71B)
Class com.google.common.collect.CollectSpliterators$1WithCharacteristics              : loaded 2 times (x 90B)
Class com.google.common.collect.AbstractIterator$1                                    : loaded 2 times (x 71B)
Class org.jetbrains.kotlin.gradle.utils.CompatibilityKt                               : loaded 2 times (x 71B)
Class org.jetbrains.kotlin.gradle.plugin.mpp.compilationImpl.DefaultKotlinCompilationConfigurationsContainer: loaded 2 times (x 85B)
Class com.google.common.collect.ImmutableRangeSet                                     : loaded 2 times (x 115B)
Class org.jetbrains.kotlin.gradle.tasks.TasksProviderKt                               : loaded 2 times (x 71B)
Class org.jetbrains.kotlin.gradle.plugin.diagnostics.ToolingDiagnostic                : loaded 2 times (x 72B)
Class org.jetbrains.kotlin.gradle.plugin.sources.DefaultKotlinSourceSetFactory        : loaded 2 times (x 80B)
Class com.google.common.collect.ImmutableEnumMap                                      : loaded 2 times (x 125B)
Class com.google.common.collect.ListMultimap                                          : loaded 2 times (x 70B)
Class com.google.common.collect.ComparatorOrdering                                    : loaded 2 times (x 115B)
Class org.jetbrains.kotlin.incremental.ClasspathChanges                               : loaded 2 times (x 71B)
Class org.jetbrains.kotlin.buildtools.api.jvm.ClassSnapshotGranularity                : loaded 2 times (x 79B)
Class org.jetbrains.kotlin.gradle.ExternalKotlinTargetApi                             : loaded 2 times (x 70B)
Class com.google.common.collect.Iterators$EmptyModifiableIterator                     : loaded 2 times (x 86B)
Class org.jetbrains.kotlin.gradle.plugin.diagnostics.checkers.AndroidPluginWithoutAndroidTargetChecker$runChecks$1: loaded 2 times (x 88B)
Class org.jetbrains.kotlin.gradle.plugin.diagnostics.checkers.AndroidSourceSetLayoutV1SourceSetsNotFoundChecker$runChecks$1: loaded 2 times (x 88B)
Class org.jetbrains.kotlin.gradle.plugin.diagnostics.KotlinGradleProjectCheckersRunnerKt$launchKotlinGradleProjectCheckers$1$1: loaded 2 times (x 95B)
Class org.jetbrains.kotlin.statistics.metrics.BooleanAnonymizationPolicy              : loaded 2 times (x 85B)
Class org.jetbrains.kotlin.statistics.metrics.BooleanOverridePolicy$OVERRIDE          : loaded 2 times (x 85B)
Class org.jetbrains.kotlin.gradle.plugin.VariantImplementationFactoriesConfigurator$Companion$getProvider$1: loaded 2 times (x 74B)
Class com.google.common.collect.Sets$1                                                : loaded 2 times (x 139B)
Class org.objectweb.asm.AnnotationVisitor                                             : loaded 2 times (x 78B)
Class com.google.common.base.Splitter                                                 : loaded 2 times (x 72B)
Class org.gradle.api.internal.DefaultClassPathProvider                                : loaded 2 times (x 76B)
Class kotlin.sequences.Sequence                                                       : loaded 2 times (x 70B)
Class kotlin.text.StringsKt__StringNumberConversionsJVMKt                             : loaded 2 times (x 71B)
Class com.google.common.collect.Maps$ViewCachingAbstractMap                           : loaded 2 times (x 125B)
Class com.google.common.io.CharSource$ConcatenatedCharSource                          : loaded 2 times (x 86B)
Class com.google.common.collect.NaturalOrdering                                       : loaded 2 times (x 115B)
Class org.jetbrains.kotlin.gradle.tasks.configuration.BaseKotlinCompileConfig$1$3$classpathEntrySnapshotFiles$1: loaded 2 times (x 74B)
Class org.jetbrains.kotlin.gradle.tasks.configuration.KaptGenerateStubsConfig$Companion$wireJavaAndKotlinOutputs$1: loaded 2 times (x 79B)
Class org.jetbrains.kotlin.gradle.plugin.KotlinPluginLifecycleCoroutineContextElement : loaded 2 times (x 84B)
Class org.jetbrains.kotlin.gradle.dsl.PlatformSourceSetConventionsChecker             : loaded 2 times (x 74B)
Class org.jetbrains.kotlin.gradle.plugin.diagnostics.checkers.KotlinSourceSetTreeDependsOnMismatchChecker: loaded 2 times (x 74B)
Class org.jetbrains.kotlin.statistics.metrics.NumericalMetrics                        : loaded 2 times (x 80B)
Class org.jetbrains.kotlin.gradle.plugin.VariantImplementationFactories$Companion$getProvider$2$1: loaded 2 times (x 79B)
Class com.google.common.collect.Sets$2                                                : loaded 2 times (x 139B)
Class [Lorg.gradle.api.internal.ClassPathProvider;                                    : loaded 2 times (x 69B)
Class org.gradle.api.internal.ClassPathProvider                                       : loaded 2 times (x 70B)
Class build_9441jjnsxxuccr2t0svmcpxuh                                                 : loaded 2 times (x 181B)
Class org.jetbrains.kotlin.gradle.plugin.diagnostics.CheckKotlinGradlePluginConfigurationErrors$Companion: loaded 2 times (x 71B)
Class org.jetbrains.kotlin.gradle.tasks.KotlinJvmCompile$DefaultImpls                 : loaded 2 times (x 71B)
Class org.jetbrains.kotlin.gradle.tasks.CacheableTasksKt                              : loaded 2 times (x 71B)
Class org.jetbrains.kotlin.gradle.plugin.diagnostics.checkers.UnusedSourceSetsChecker$runChecks$1: loaded 2 times (x 88B)
Class org.jetbrains.kotlin.gradle.targets.js.npm.PeerNpmDependencyExtension           : loaded 2 times (x 70B)
Class org.jetbrains.kotlin.gradle.dsl.AndroidMainSourceSetConventionsChecker          : loaded 2 times (x 74B)
Class org.jetbrains.kotlin.build.report.metrics.GradleBuildPerformanceMetric          : loaded 2 times (x 92B)
Class [Lorg.objectweb.asm.AnnotationVisitor;                                          : loaded 2 times (x 69B)
Class com.google.common.collect.Sets$3                                                : loaded 2 times (x 139B)
Class com.google.common.util.concurrent.AbstractFuture$SafeAtomicHelper               : loaded 2 times (x 79B)
Class com.google.common.cache.LocalCache$LocalLoadingCache                            : loaded 2 times (x 134B)
Class com.google.common.base.AbstractIterator$State                                   : loaded 2 times (x 79B)
Class org.gradle.internal.service.UnknownServiceException                             : loaded 2 times (x 83B)
Class com.google.common.io.ByteArrayDataInput                                         : loaded 2 times (x 70B)
Class org.jetbrains.kotlin.gradle.tasks.configuration.BaseKotlinCompileConfig$2$1$1$1 : loaded 2 times (x 74B)
Class org.jetbrains.kotlin.gradle.tasks.KotlinCompile$ScriptFilterSpec                : loaded 2 times (x 75B)
Class org.jetbrains.kotlin.gradle.targets.js.npm.DefaultPeerNpmDependencyExtension    : loaded 2 times (x 141B)
Class org.jetbrains.kotlin.gradle.plugin.KotlinPluginLifecycleKt                      : loaded 2 times (x 71B)
Class org.jetbrains.kotlin.gradle.plugin.mpp.AbstractKotlinTarget                     : loaded 2 times (x 156B)
Class org.jetbrains.kotlin.gradle.plugin.VariantImplementationFactoriesConfigurator$Inject: loaded 2 times (x 96B)
Class org.jetbrains.kotlin.gradle.dsl.KotlinSingleTargetExtension                     : loaded 2 times (x 124B)
Class com.google.common.collect.Sets$4                                                : loaded 2 times (x 139B)
Class org.objectweb.asm.ModuleVisitor                                                 : loaded 2 times (x 81B)
Class com.google.common.cache.LocalCache$Strength$1                                   : loaded 2 times (x 81B)
Class org.jetbrains.kotlin.gradle.tasks.configuration.BaseKotlinCompileConfig$2$1$1$2 : loaded 2 times (x 74B)
Class org.jetbrains.kotlin.gradle.plugin.mpp.KotlinCompilationsKt$addSourcesToKotlinCompileTask$configureAction$2: loaded 2 times (x 79B)
Class org.jetbrains.kotlin.gradle.plugin.mpp.compilationImpl.KotlinCompilationTaskNamesContainer: loaded 2 times (x 72B)
Class org.jetbrains.kotlin.gradle.plugin.mpp.compilationImpl.factory.KotlinCompilationImplFactory$KotlinCompilerOptionsFactory: loaded 2 times (x 70B)
Class org.jetbrains.kotlin.gradle.targets.js.npm.NpmDependencyExtension               : loaded 2 times (x 70B)
Class org.jetbrains.kotlin.gradle.plugin.LanguageSettingsBuilder                      : loaded 2 times (x 70B)
Class org.jetbrains.kotlin.gradle.plugin.BuildEventsListenerRegistryHolder$Companion  : loaded 2 times (x 71B)
Class [Lorg.jetbrains.kotlin.statistics.metrics.StringMetrics;                        : loaded 2 times (x 69B)
Class com.google.common.util.concurrent.SettableFuture                                : loaded 2 times (x 114B)
Class com.google.common.cache.LocalCache$Strength$2                                   : loaded 2 times (x 81B)
Class kotlin.collections.ArraysKt___ArraysJvmKt                                       : loaded 2 times (x 71B)
Class kotlin.collections.CollectionsKt__CollectionsKt                                 : loaded 2 times (x 71B)
Class kotlin.text.StringsKt__RegexExtensionsJVMKt                                     : loaded 2 times (x 71B)
Class build_5g9a8s43tgs3q7a5yo8v9t3kk                                                 : loaded 2 times (x 180B)
Class build_17ueyoykc2pf06124y3fmo066$_run_closure1$_closure2                         : loaded 2 times (x 139B)
Class com.google.common.collect.TransformedIterator                                   : loaded 2 times (x 80B)
Class com.google.common.io.ByteStreams                                                : loaded 2 times (x 71B)
Class com.google.common.collect.AllEqualOrdering                                      : loaded 2 times (x 114B)
Class org.jetbrains.kotlin.gradle.tasks.KotlinJavaToolchain$JdkSetter                 : loaded 2 times (x 70B)
Class org.jetbrains.kotlin.gradle.utils.ConfigurationCacheKt                          : loaded 2 times (x 71B)
Class org.jetbrains.kotlin.gradle.plugin.KotlinPluginLifecycle$ProjectConfigurationResult$Success: loaded 2 times (x 71B)
Class org.jetbrains.kotlin.gradle.internal.StdlibDependencyManagementKt$configureStdlibVersionAlignment$1: loaded 2 times (x 75B)
Class org.jetbrains.kotlin.gradle.dsl.PlatformSourceSetConventionsChecker$CheckedPlatformInfo: loaded 2 times (x 72B)
Class org.jetbrains.kotlin.gradle.plugin.mpp.KotlinUsages$KotlinCinteropDisambiguation: loaded 2 times (x 76B)
Class org.jetbrains.kotlin.gradle.plugin.KotlinPluginInMultipleProjectsHolder         : loaded 2 times (x 72B)
Class org.jetbrains.kotlin.gradle.report.BuildReportType$Companion                    : loaded 2 times (x 71B)
Class com.google.common.cache.LocalCache$Strength$3                                   : loaded 2 times (x 81B)
Class com.google.common.collect.MapDifference                                         : loaded 2 times (x 70B)
Class com.google.common.base.Splitter$1                                               : loaded 2 times (x 77B)
Class org.jetbrains.kotlin.gradle.tasks.KotlinCompilerPluginData$InputsOutputsState   : loaded 2 times (x 72B)
Class org.jetbrains.kotlin.gradle.plugin.sources.FragmentConsistencyChecks$optInAnnotationsCheck$1: loaded 2 times (x 79B)
Class org.jetbrains.kotlin.gradle.plugin.mpp.AbstractKotlinCompilationToRunnableFiles : loaded 2 times (x 196B)
Class org.jetbrains.kotlin.gradle.plugin.mpp.KotlinUsages$KotlinMetadataCompatibility : loaded 2 times (x 76B)
Class [Lorg.jetbrains.kotlin.gradle.dsl.JvmTarget;                                    : loaded 2 times (x 69B)
Class org.jetbrains.kotlin.gradle.plugin.StatisticsBuildFlowManager$Companion         : loaded 2 times (x 71B)
Class org.jetbrains.kotlin.statistics.metrics.StringMetrics$Companion                 : loaded 2 times (x 71B)
Class org.jetbrains.kotlin.tooling.core.Extras$Type                                   : loaded 2 times (x 72B)
Class org.objectweb.asm.FieldWriter                                                   : loaded 2 times (x 78B)
Class com.google.common.cache.CacheBuilder$NullListener                               : loaded 2 times (x 82B)
Class org.gradle.internal.classpath.TransformedClassPath                              : loaded 2 times (x 96B)
Class kotlin.enums.EnumEntriesList                                                    : loaded 2 times (x 223B)
Class build_8pyaeahg9nc3hck27xi8fyy8m                                                 : loaded 2 times (x 180B)
Class org.jetbrains.kotlin.gradle.internal.StdlibDependencyManagementKt$configureStdlibVersionAlignment$1$1$1: loaded 2 times (x 75B)
Class org.jetbrains.kotlin.gradle.plugin.BuildFinishedListenerService$Companion       : loaded 2 times (x 71B)
Class org.jetbrains.kotlin.gradle.plugin.BuildFinishedListenerService                 : loaded 2 times (x 80B)
Class com.google.common.collect.ImmutableRangeSet$AsSet                               : loaded 2 times (x 299B)
Class org.jetbrains.kotlin.gradle.plugin.sources.FragmentConsistencyChecks$optInAnnotationsCheck$2: loaded 2 times (x 78B)
Class com.google.common.cache.CacheLoader$FunctionToCacheLoader                       : loaded 2 times (x 75B)
Class com.google.common.collect.Iterators$ArrayItr                                    : loaded 2 times (x 97B)
Class com.google.common.collect.ImmutableCollection$Builder                           : loaded 2 times (x 76B)
Class kotlin.collections.CollectionsKt__IteratorsJVMKt                                : loaded 2 times (x 71B)
Class com.google.common.collect.BaseImmutableMultimap                                 : loaded 2 times (x 123B)
Class org.jetbrains.kotlin.gradle.tasks.configuration.BaseKotlinCompileConfig$1$3$2   : loaded 2 times (x 75B)
Class org.jetbrains.kotlin.gradle.tasks.AbstractKotlinCompileTool$sources$1           : loaded 2 times (x 79B)
Class org.jetbrains.kotlin.gradle.tasks.configuration.TaskConfigAction                : loaded 2 times (x 72B)
Class org.jetbrains.kotlin.gradle.plugin.AbstractKotlinPlugin$Companion               : loaded 2 times (x 71B)
Class org.jetbrains.kotlin.gradle.plugin.KotlinSourceSetTree                          : loaded 2 times (x 72B)
Class org.jetbrains.kotlin.gradle.plugin.KotlinPluginLifecycle$Stage                  : loaded 2 times (x 79B)
Class org.jetbrains.kotlin.gradle.plugin.sources.KotlinSourceSetFactory               : loaded 2 times (x 80B)
Class org.jetbrains.kotlin.gradle.internal.ClassLoadersCachingBuildService$Companion  : loaded 2 times (x 71B)
Class org.jetbrains.kotlin.gradle.plugin.StatisticsBuildFlowManager$subscribeForBuildResult$1$1: loaded 2 times (x 74B)
Class com.google.common.base.Joiner                                                   : loaded 2 times (x 79B)
Class com.google.common.base.MoreObjects                                              : loaded 2 times (x 71B)
Class com.google.common.base.PairwiseEquivalence                                      : loaded 2 times (x 83B)
Class build_1qofvhahsrpvhl8kakx0dz4fd$_run_closure1                                   : loaded 2 times (x 139B)
Class [Lorg.objectweb.asm.Attribute;                                                  : loaded 2 times (x 69B)
Class [Lorg.jetbrains.kotlin.build.report.metrics.BuildAttribute;                     : loaded 2 times (x 69B)
Class org.jetbrains.kotlin.gradle.plugin.hierarchy.KotlinSourceSetTreeClassifier$Default: loaded 2 times (x 71B)
Class org.jetbrains.kotlin.gradle.plugin.mpp.InternalKotlinCompilationKt              : loaded 2 times (x 71B)
Class org.jetbrains.kotlin.gradle.tasks.configuration.AbstractKotlinCompileConfig     : loaded 2 times (x 72B)
Class org.jetbrains.kotlin.gradle.plugin.mpp.compilationImpl.KotlinCompilationImpl$attributes$2: loaded 2 times (x 79B)
Class org.jetbrains.kotlin.gradle.utils.IsolatedKotlinClasspathClassCastException     : loaded 2 times (x 82B)
Class [Lorg.objectweb.asm.Type;                                                       : loaded 2 times (x 69B)
Class com.google.common.collect.Platform                                              : loaded 2 times (x 71B)
Class com.google.common.collect.UnmodifiableIterator                                  : loaded 2 times (x 80B)
Class org.gradle.internal.service.ServiceLocator                                      : loaded 2 times (x 70B)
Class org.jetbrains.kotlin.gradle.tasks.DefaultKotlinJavaToolchain$DefaultJavaToolchainSetter$useAsConvention$1: loaded 2 times (x 75B)
Class org.jetbrains.kotlin.gradle.plugin.KotlinCompilerArgumentsProducer$CreateCompilerArgumentsContext: loaded 2 times (x 70B)
Class org.jetbrains.kotlin.gradle.plugin.diagnostics.RenderReportedDiagnosticsKt      : loaded 2 times (x 71B)
Class org.jetbrains.kotlin.gradle.plugin.hierarchy.KotlinSourceSetTreeClassifierKt$classify$1: loaded 2 times (x 88B)
Class org.jetbrains.kotlin.gradle.plugin.diagnostics.checkers.WasmSourceSetsNotFoundChecker: loaded 2 times (x 74B)
Class org.jetbrains.kotlin.gradle.plugin.diagnostics.checkers.AndroidSourceSetLayoutV1SourceSetsNotFoundChecker$androidSourceSetRegex$2: loaded 2 times (x 78B)
Class com.google.common.base.Ascii                                                    : loaded 2 times (x 71B)
Class com.google.common.collect.SingletonImmutableBiMap                               : loaded 2 times (x 143B)
Class com.google.common.cache.LocalCache$1                                            : loaded 2 times (x 89B)
Class com.google.common.collect.AbstractMapEntry                                      : loaded 2 times (x 81B)
Class kotlin.io.CloseableKt                                                           : loaded 2 times (x 71B)
Class kotlin.collections.CollectionsKt__MutableCollectionsKt                          : loaded 2 times (x 71B)
Class com.google.common.io.CharSource$StringCharSource                                : loaded 2 times (x 86B)
Class com.google.common.io.ByteSource$ByteArrayByteSource                             : loaded 2 times (x 85B)
Class com.google.common.collect.AbstractSetMultimap                                   : loaded 2 times (x 174B)
Class org.jetbrains.kotlin.gradle.plugin.KotlinCompilationWithResources               : loaded 2 times (x 70B)
Class com.google.common.collect.Sets$ImprovedAbstractSet                              : loaded 2 times (x 135B)
Class com.google.common.collect.ImmutableList$Builder                                 : loaded 2 times (x 77B)
Class org.jetbrains.kotlin.gradle.plugin.KotlinTargetPreset                           : loaded 2 times (x 70B)
Class org.jetbrains.kotlin.gradle.plugin.diagnostics.checkers.KotlinTargetAlreadyDeclaredChecker: loaded 2 times (x 74B)
Class org.jetbrains.kotlin.gradle.plugin.mpp.KotlinUsages$KotlinJavaRuntimeJarsCompatibility: loaded 2 times (x 76B)
Class org.jetbrains.kotlin.gradle.utils.FileUtilsKt$localProperties$1                 : loaded 2 times (x 75B)
Class com.google.common.cache.LocalCache$2                                            : loaded 2 times (x 142B)
Class com.google.common.collect.AbstractMultimap                                      : loaded 2 times (x 123B)
Class org.jetbrains.kotlin.gradle.tasks.configuration.AbstractKotlinCompileConfig$2$1 : loaded 2 times (x 79B)
Class org.jetbrains.kotlin.gradle.tasks.DefaultKotlinJavaToolchain_Decorated          : loaded 2 times (x 126B)
Class org.jetbrains.kotlin.gradle.plugin.KotlinCompilationInfo$TCS                    : loaded 2 times (x 89B)
Class com.google.common.collect.ImmutableRangeSet$1                                   : loaded 2 times (x 209B)
Class org.jetbrains.kotlin.gradle.plugin.mpp.HasBinaries                              : loaded 2 times (x 70B)
Class org.jetbrains.kotlin.gradle.dsl.KotlinCommonOptions                             : loaded 2 times (x 70B)
Class org.jetbrains.kotlin.gradle.dsl.KotlinJvmProjectExtension                       : loaded 2 times (x 139B)
Class org.jetbrains.kotlin.gradle.plugin.KotlinCompilerArgumentsProducer              : loaded 2 times (x 70B)
Class org.jetbrains.kotlin.build.report.metrics.ValueType                             : loaded 2 times (x 79B)
Class com.google.common.util.concurrent.AbstractFuture$UnsafeAtomicHelper$1           : loaded 2 times (x 76B)
Class com.google.common.collect.RegularImmutableAsList                                : loaded 2 times (x 216B)
Class com.google.common.base.Optional                                                 : loaded 2 times (x 80B)
Class org.jetbrains.kotlin.build.report.metrics.BuildTimes$Companion                  : loaded 2 times (x 71B)
Class org.jetbrains.kotlin.gradle.tasks.configuration.BaseKotlinCompileConfig$1$classpathConfiguration$1: loaded 2 times (x 75B)
Class com.google.common.collect.Range                                                 : loaded 2 times (x 87B)
Class org.jetbrains.kotlin.gradle.targets.js.npm.NpmDependencyExtensionDelegate       : loaded 2 times (x 167B)
Class org.jetbrains.kotlin.gradle.plugin.sources.FragmentConsistencyChecker           : loaded 2 times (x 72B)
Class org.jetbrains.kotlin.gradle.dsl.DefaultToolchainSupport_Decorated               : loaded 2 times (x 124B)
Class org.jetbrains.kotlin.gradle.report.BuildMetricsService$Companion                : loaded 2 times (x 71B)
Class org.jetbrains.kotlin.gradle.tasks.KotlinCompileTool                             : loaded 2 times (x 70B)
Class org.jetbrains.kotlin.gradle.plugin.VariantImplementationFactories$Parameters_Decorated: loaded 2 times (x 134B)
Class org.jetbrains.kotlin.gradle.plugin.PropertiesProvider$PropertyNames             : loaded 2 times (x 71B)
Class org.jetbrains.kotlin.gradle.utils.GradleUtilsKt                                 : loaded 2 times (x 71B)
Class org.jetbrains.kotlin.gradle.plugin.HasProject                                   : loaded 2 times (x 70B)
Class com.google.common.util.concurrent.AbstractFuture$Trusted                        : loaded 2 times (x 70B)
Class com.google.common.collect.Iterators                                             : loaded 2 times (x 71B)
Class com.google.common.base.CharMatcher$RangesMatcher                                : loaded 2 times (x 112B)
Class org.jetbrains.kotlin.gradle.plugin.KotlinGradleBuildServices$Inject             : loaded 2 times (x 100B)
Class com.google.common.io.ByteSink$AsCharSink                                        : loaded 2 times (x 80B)
Class com.google.common.collect.ExplicitOrdering                                      : loaded 2 times (x 115B)
Class org.jetbrains.kotlin.gradle.tasks.configuration.AbstractKotlinCompileConfig$2$3 : loaded 2 times (x 75B)
Class org.jetbrains.kotlin.gradle.tasks.configuration.BaseKotlinCompileConfig         : loaded 2 times (x 72B)
Class org.jetbrains.kotlin.gradle.plugin.mpp.compilationImpl.factory.KotlinCompilationImplFactory$KotlinCompilationTaskNamesContainerFactory: loaded 2 times (x 70B)
Class org.jetbrains.kotlin.gradle.ExperimentalKotlinGradlePluginApi                   : loaded 2 times (x 70B)
Class org.jetbrains.kotlin.statistics.metrics.NumberAnonymizationPolicy$SAFE          : loaded 2 times (x 85B)
Class com.google.common.util.concurrent.UncheckedExecutionException                   : loaded 2 times (x 82B)
Class com.google.common.collect.Lists$StringAsImmutableList                           : loaded 2 times (x 207B)
Class org.jetbrains.kotlin.gradle.tasks.configuration.AbstractKotlinCompileConfig$2$4 : loaded 2 times (x 75B)
Class org.jetbrains.kotlin.gradle.tasks.KotlinCompile$scriptSources$1                 : loaded 2 times (x 75B)
Class org.jetbrains.kotlin.build.report.metrics.BuildAttribute$Companion              : loaded 2 times (x 71B)
Class org.jetbrains.kotlin.gradle.tasks.configuration.KaptGenerateStubsConfig$Companion: loaded 2 times (x 71B)
Class org.jetbrains.kotlin.gradle.internal.KotlinTestDependencyManagementKt$maybeAddTestDependencyCapability$1: loaded 2 times (x 75B)
Class com.google.common.collect.ImmutableSortedSetFauxverideShim                      : loaded 2 times (x 147B)
Class org.jetbrains.kotlin.gradle.plugin.diagnostics.CheckKotlinGradlePluginConfigurationErrorsKt: loaded 2 times (x 71B)
Class org.jetbrains.kotlin.gradle.plugin.mpp.KotlinJvmAndroidCompilation              : loaded 2 times (x 198B)
Class org.jetbrains.kotlin.gradle.plugin.mpp.ApplyUserDefinedAttributesKt             : loaded 2 times (x 71B)
Class org.jetbrains.kotlin.tooling.core.TypeUtils$WhenMappings                        : loaded 2 times (x 71B)
Class org.jetbrains.kotlin.gradle.utils.FutureImpl                                    : loaded 2 times (x 80B)
Class [Lorg.jetbrains.kotlin.statistics.metrics.NumericalMetrics;                     : loaded 2 times (x 69B)
Class com.google.common.base.CharMatcher$JavaLetterOrDigit                            : loaded 2 times (x 111B)
Class org.gradle.internal.InternalTransformer                                         : loaded 2 times (x 70B)
Class kotlin.collections.MapsKt__MapsJVMKt                                            : loaded 2 times (x 71B)
Class kotlin.collections.EmptyList                                                    : loaded 2 times (x 174B)
Class com.google.common.collect.HashMultimapGwtSerializationDependencies              : loaded 2 times (x 174B)
Class org.jetbrains.kotlin.gradle.tasks.CompileUsingKotlinDaemonWithNormalization     : loaded 2 times (x 70B)
Class org.jetbrains.kotlin.gradle.plugin.mpp.compilationImpl.factory.KotlinCompilationImplFactory$PostConfigure$Companion: loaded 2 times (x 71B)
Class com.google.common.collect.AbstractMapBasedMultimap$KeySet$1                     : loaded 2 times (x 82B)
Class org.jetbrains.kotlin.gradle.targets.js.npm.DefaultDevNpmDependencyExtension     : loaded 2 times (x 145B)
Class [Lorg.jetbrains.kotlin.gradle.plugin.HasKotlinDependencies;                     : loaded 2 times (x 69B)
Class org.jetbrains.kotlin.gradle.tasks.DefaultKotlinJavaToolchain$Companion$wireJvmTargetToToolchain$1: loaded 2 times (x 75B)
Class org.jetbrains.kotlin.gradle.plugin.KotlinPlatformType                           : loaded 2 times (x 82B)
Class org.jetbrains.kotlin.gradle.plugin.KotlinGradleBuildServices$Companion          : loaded 2 times (x 71B)
Class org.objectweb.asm.ClassWriter                                                   : loaded 2 times (x 106B)
Class com.google.common.cache.CacheLoader$UnsupportedLoadingOperationException        : loaded 2 times (x 82B)
Class com.google.common.base.CharMatcher$And                                          : loaded 2 times (x 112B)
Class org.gradle.internal.classloader.ClasspathUtil$1                                 : loaded 2 times (x 76B)
Class build_bd0g1wr7vh14bk9g7h3c9wiko$_run_closure1                                   : loaded 2 times (x 139B)
Class com.google.common.collect.FluentIterable$1                                      : loaded 2 times (x 81B)
Class com.google.common.base.Objects                                                  : loaded 2 times (x 71B)
Class org.jetbrains.kotlin.gradle.plugin.BuildFinishedListenerService$Companion$registerIfAbsent$1: loaded 2 times (x 74B)
Class com.google.common.collect.AbstractMapBasedMultimap$Itr                          : loaded 2 times (x 83B)
Class org.jetbrains.kotlin.gradle.utils.Completable$await$1                           : loaded 2 times (x 88B)
Class org.jetbrains.kotlin.gradle.dsl.KotlinJvmCompilerOptionsHelper                  : loaded 2 times (x 71B)
Class org.jetbrains.kotlin.gradle.tasks.DefaultKotlinJavaToolchain$Companion$wireJvmTargetToToolchain$2: loaded 2 times (x 75B)
Class org.jetbrains.kotlin.gradle.plugin.ProjectLocalConfigurations$ProjectLocalDisambiguation: loaded 2 times (x 76B)
Class org.jetbrains.kotlin.gradle.plugin.KotlinGradleBuildServices$detectKotlinPluginLoadedInMultipleProjects$onRegister$1$1: loaded 2 times (x 75B)
Class org.jetbrains.kotlin.gradle.plugin.internal.ConfigurationCacheStartParameterAccessor$Factory: loaded 2 times (x 70B)
Class org.objectweb.asm.FieldVisitor                                                  : loaded 2 times (x 77B)
Class com.google.common.collect.IndexedImmutableSet                                   : loaded 2 times (x 150B)
Class com.google.common.collect.ImmutableMap$1                                        : loaded 2 times (x 81B)
Class com.google.common.collect.BiMap                                                 : loaded 2 times (x 70B)
Class org.gradle.api.internal.classpath.DefaultModuleRegistry$DefaultModule           : loaded 2 times (x 86B)
Class com.google.common.collect.FluentIterable$2                                      : loaded 2 times (x 81B)
Class com.google.common.base.Absent                                                   : loaded 2 times (x 80B)
Class com.google.common.collect.NullsFirstOrdering                                    : loaded 2 times (x 115B)
Class org.jetbrains.kotlin.gradle.plugin.diagnostics.CheckKotlinGradlePluginConfigurationErrors_Decorated: loaded 2 times (x 365B)
Class org.jetbrains.kotlin.gradle.plugin.mpp.compilationImpl.KotlinCompilationSourceSetInclusion$DefaultAddSourcesToCompileTask$addSources$1: loaded 2 times (x 79B)
Class org.jetbrains.kotlin.gradle.plugin.diagnostics.checkers.WasmSourceSetsNotFoundChecker$wasmSourceSetRegex$2: loaded 2 times (x 78B)
Class org.jetbrains.kotlin.tooling.core.ExtrasUtilsKt                                 : loaded 2 times (x 71B)
Class org.jetbrains.kotlin.buildtools.api.ExperimentalBuildToolsApi                   : loaded 2 times (x 70B)
Class org.jetbrains.kotlin.gradle.utils.ResourceUtilsKt                               : loaded 2 times (x 71B)
Class org.jetbrains.kotlin.gradle.plugin.KotlinPluginWrapperKt$kotlinPluginVersionFromResources$1: loaded 2 times (x 78B)
Class com.google.common.primitives.Ints                                               : loaded 2 times (x 71B)
Class com.google.common.collect.AbstractIterator                                      : loaded 2 times (x 82B)
Class kotlin.collections.ArraysKt__ArraysKt                                           : loaded 2 times (x 71B)
Class com.google.common.collect.FluentIterable$3                                      : loaded 2 times (x 81B)
Class org.jetbrains.kotlin.gradle.tasks.UsesKotlinJavaToolchain$DefaultImpls          : loaded 2 times (x 71B)
Class org.jetbrains.kotlin.build.report.metrics.BuildAttributeKind$Companion          : loaded 2 times (x 71B)
Class org.jetbrains.kotlin.gradle.plugin.mpp.KotlinTargetSoftwareComponentImplKt$KotlinTargetSoftwareComponent$1$1$1: loaded 2 times (x 75B)
Class org.jetbrains.kotlin.gradle.tasks.configuration.KaptGenerateStubsConfig$Companion$configureLibraries$1: loaded 2 times (x 79B)
Class org.jetbrains.kotlin.gradle.plugin.mpp.compilationImpl.KotlinCompilationSourceSetInclusion$DefaultAddSourcesToCompileTask$addSources$2: loaded 2 times (x 79B)
Class org.jetbrains.kotlin.gradle.tasks.AbstractKotlinCompile                         : loaded 2 times (x 453B)
Class org.jetbrains.kotlin.gradle.plugin.KotlinCompilationOutput                      : loaded 2 times (x 70B)
Class org.jetbrains.kotlin.gradle.plugin.diagnostics.CheckKotlinGradlePluginConfigurationErrorsKt$addDependsOnFromTasksThatShouldFailWhenErrorsReported$1: loaded 2 times (x 75B)
Class org.jetbrains.kotlin.gradle.plugin.KotlinGradleBuildServices$Parameters$Inject  : loaded 2 times (x 106B)
Class org.jetbrains.kotlin.gradle.plugin.KotlinPluginWrapperKt$kotlinPluginVersionFromResources$1$1: loaded 2 times (x 71B)
Class com.google.common.math.MathPreconditions                                        : loaded 2 times (x 71B)
Class com.google.common.collect.Multiset                                              : loaded 2 times (x 70B)
Class com.google.common.collect.ArrayListMultimapGwtSerializationDependencies         : loaded 2 times (x 172B)
Class com.google.common.collect.ObjectArrays                                          : loaded 2 times (x 71B)
Class com.google.common.collect.AbstractIndexedListIterator                           : loaded 2 times (x 96B)
Class kotlin.collections.SetsKt__SetsJVMKt                                            : loaded 2 times (x 71B)
Class kotlin.Function                                                                 : loaded 2 times (x 70B)
Class build_e6bds663fkaspxkzxxk86iys$_run_closure1                                    : loaded 2 times (x 139B)
Class build_1qofvhahsrpvhl8kakx0dz4fd$_run_closure1$_closure3                         : loaded 2 times (x 139B)
Class build_dijutz39n9jw5r0fc57m6h82a                                                 : loaded 2 times (x 180B)
Class org.jetbrains.kotlin.tooling.core.Extras$Entry                                  : loaded 2 times (x 72B)
Class org.jetbrains.kotlin.gradle.plugin.sources.InternalKotlinSourceSetKt            : loaded 2 times (x 71B)
Class org.jetbrains.kotlin.gradle.internal.Kapt3GradleSubplugin$Kapt3SubpluginContext : loaded 2 times (x 72B)
Class org.jetbrains.kotlin.gradle.dsl.KotlinJvmCompilerOptionsDefault_Decorated       : loaded 2 times (x 168B)
Class org.jetbrains.kotlin.gradle.plugin.HasKotlinDependencies                        : loaded 2 times (x 70B)
Class org.jetbrains.kotlin.gradle.plugin.BuildEventsListenerRegistryHolder_Decorated  : loaded 2 times (x 119B)
Class org.jetbrains.kotlin.gradle.plugin.statistics.MetricContainer                   : loaded 2 times (x 72B)
Class org.jetbrains.kotlin.gradle.plugin.statistics.old.Pre232IdeaKotlinBuildStatsMXBean: loaded 2 times (x 70B)
Class org.jetbrains.kotlin.gradle.plugin.statistics.KotlinBuildStatsServicesRegistry  : loaded 2 times (x 78B)
Class org.jetbrains.kotlin.gradle.plugin.VariantImplementationFactoriesConfigurator   : loaded 2 times (x 76B)
Class com.google.common.collect.ImmutableMapEntrySet                                  : loaded 2 times (x 151B)
Class org.gradle.api.internal.classpath.Module                                        : loaded 2 times (x 70B)
Class build_6r4vjdbcx45vs6htb1y946fln$_run_closure1                                   : loaded 2 times (x 139B)
Class org.jetbrains.kotlin.gradle.tasks.KotlinCompile$ClasspathSnapshotProperties_Decorated: loaded 2 times (x 137B)
Class org.jetbrains.kotlin.gradle.plugin.mpp.compilationImpl.KotlinCompilationSourceSetInclusion$Companion$includedSourceSets$2: loaded 2 times (x 78B)
Class org.jetbrains.kotlin.gradle.targets.js.npm.NpmDirectoryDependencyWithExternalsExtension: loaded 2 times (x 70B)
Class org.jetbrains.kotlin.gradle.plugin.KotlinGradleFinishBuildHandler$Companion     : loaded 2 times (x 71B)
Class com.google.common.cache.Weigher                                                 : loaded 2 times (x 70B)
Class org.gradle.api.internal.classpath.UnknownModuleException                        : loaded 2 times (x 82B)
Class org.jetbrains.kotlin.gradle.plugin.mpp.InternalKotlinTargetComponentKt          : loaded 2 times (x 71B)
Class org.jetbrains.kotlin.gradle.plugin.mpp.InternalKotlinTarget$DefaultImpls        : loaded 2 times (x 71B)
Class org.jetbrains.kotlin.gradle.plugin.KotlinPluginLifecycleImpl$executeCurrentStageAndScheduleNext$3: loaded 2 times (x 75B)
Class org.jetbrains.kotlin.gradle.plugin.mpp.compilationImpl.KotlinCompilationRegisterInSourceSetsConfigurator$configure$1: loaded 2 times (x 79B)
Class org.jetbrains.kotlin.gradle.targets.js.npm.NpmDependencyWithExternalsExtension  : loaded 2 times (x 70B)
Class org.jetbrains.kotlin.gradle.plugin.mpp.KotlinUsageContext                       : loaded 2 times (x 70B)
Class org.jetbrains.kotlin.gradle.plugin.KotlinTargetsContainer                       : loaded 2 times (x 70B)
Class org.jetbrains.kotlin.compilerRunner.GradleCliCommonizerKt                       : loaded 2 times (x 71B)
Class org.jetbrains.kotlin.gradle.utils.ConfigurationsKt                              : loaded 2 times (x 71B)
Class org.jetbrains.kotlin.gradle.plugin.StatisticsBuildFlowManager                   : loaded 2 times (x 72B)
Class org.jetbrains.kotlin.gradle.plugin.PluginWrappersKt                             : loaded 2 times (x 71B)
Class com.google.common.base.Stopwatch                                                : loaded 2 times (x 72B)
Class com.google.common.cache.LocalCache$Strength                                     : loaded 2 times (x 81B)
Class com.google.common.cache.Cache                                                   : loaded 2 times (x 70B)
Class org.jetbrains.kotlin.compilerRunner.CompilerSystemPropertiesService$Companion   : loaded 2 times (x 71B)
Class build_e6bds663fkaspxkzxxk86iys                                                  : loaded 2 times (x 180B)
Class com.google.common.io.Files$2                                                    : loaded 2 times (x 76B)
Class org.jetbrains.kotlin.gradle.plugin.mpp.InternalKotlinTargetKt                   : loaded 2 times (x 71B)
Class com.google.common.collect.AbstractMultimap$Entries                              : loaded 2 times (x 120B)
Class org.jetbrains.kotlin.gradle.targets.js.dsl.KotlinTargetWithNodeJsDsl            : loaded 2 times (x 70B)
Class org.jetbrains.kotlin.gradle.plugin.sources.DefaultKotlinSourceSetKt$defaultSourceSetLanguageSettingsChecker$1: loaded 2 times (x 78B)
Class org.jetbrains.kotlin.gradle.plugin.sources.InternalKotlinSourceSet              : loaded 2 times (x 70B)
Class org.jetbrains.kotlin.gradle.utils.ObjectCollectionExtKt                         : loaded 2 times (x 71B)
Class org.jetbrains.kotlin.gradle.plugin.KotlinJvmPlugin                              : loaded 2 times (x 80B)
Class org.jetbrains.kotlin.statistics.BuildSessionLogger                              : loaded 2 times (x 77B)
Class org.jetbrains.kotlin.gradle.plugin.internal.ConfigurationCacheStartParameterAccessor: loaded 2 times (x 70B)
Class com.google.common.util.concurrent.AbstractFuture$Cancellation                   : loaded 2 times (x 72B)
Class com.google.common.collect.ImmutableMap$Builder                                  : loaded 2 times (x 82B)
Class com.google.common.base.NullnessCasts                                            : loaded 2 times (x 71B)
Class build_9lei75vd1n1ekpwlprvzcmasn                                                 : loaded 2 times (x 180B)
Class settings_bghoe7vvrv91np2m8clbuha76                                              : loaded 2 times (x 179B)
Class com.google.common.base.Present                                                  : loaded 2 times (x 81B)
Class com.google.common.collect.AbstractMapBasedMultimap$WrappedCollection$WrappedIterator: loaded 2 times (x 84B)
Class org.jetbrains.kotlin.gradle.utils.FutureKt$future$2$1                           : loaded 2 times (x 95B)
Class org.jetbrains.kotlin.gradle.plugin.internal.BuildIdService$Companion$registerIfAbsent$1$1: loaded 2 times (x 75B)
Class org.jetbrains.kotlin.gradle.targets.js.dsl.KotlinWasmTargetDsl                  : loaded 2 times (x 70B)
Class org.jetbrains.kotlin.gradle.plugin.diagnostics.checkers.DisabledCinteropCommonizationInHmppProjectChecker$runChecks$1: loaded 2 times (x 88B)
Class org.jetbrains.kotlin.gradle.plugin.sources.ConsistencyCheck                     : loaded 2 times (x 72B)
Class org.jetbrains.kotlin.gradle.plugin.sources.DefaultKotlinSourceSetKt$defaultSourceSetLanguageSettingsChecker$2: loaded 2 times (x 78B)
Class org.jetbrains.kotlin.gradle.dsl.KotlinCommonToolOptions                         : loaded 2 times (x 70B)
Class org.jetbrains.kotlin.gradle.plugin.AbstractKotlinPlugin                         : loaded 2 times (x 79B)
Class org.jetbrains.kotlin.gradle.tasks.DefaultKotlinJavaToolchain$Companion$wireJvmTargetToJvm$1: loaded 2 times (x 75B)
Class org.jetbrains.kotlin.gradle.dsl.KotlinMultiplatformExtension                    : loaded 2 times (x 701B)
Class com.google.common.cache.RemovalListener                                         : loaded 2 times (x 70B)
Class org.gradle.api.internal.DefaultClassPathRegistry                                : loaded 2 times (x 76B)
Class org.jetbrains.kotlin.gradle.targets.js.npm.DefaultPeerNpmDependencyExtension$delegate$1: loaded 2 times (x 167B)
Class org.jetbrains.kotlin.gradle.targets.js.npm.NpmDependency                        : loaded 2 times (x 97B)
Class org.jetbrains.kotlin.gradle.targets.js.npm.DefaultNpmDependencyExtension        : loaded 2 times (x 152B)
Class org.jetbrains.kotlin.gradle.targets.js.npm.NpmDependency$Scope                  : loaded 2 times (x 79B)
Class org.jetbrains.kotlin.gradle.plugin.sources.FragmentConsistencyChecks$unstableFeaturesCheck$1: loaded 2 times (x 79B)
Class org.jetbrains.kotlin.gradle.plugin.sources.DefaultKotlinSourceSet               : loaded 2 times (x 141B)
Class org.jetbrains.kotlin.gradle.plugin.diagnostics.checkers.AndroidSourceSetLayoutV1SourceSetsNotFoundChecker: loaded 2 times (x 74B)
Class org.jetbrains.kotlin.gradle.plugin.VariantImplementationFactories$Parameters    : loaded 2 times (x 70B)
Class com.google.common.primitives.IntsMethodsForWeb                                  : loaded 2 times (x 71B)
Class com.google.common.collect.Multimap                                              : loaded 2 times (x 70B)
Class org.gradle.api.internal.ClassPathRegistry                                       : loaded 2 times (x 70B)
Class org.gradle.internal.classpath.DefaultClassPath$ImmutableUniqueList              : loaded 2 times (x 199B)
Class kotlin.text.StringsKt__StringsJVMKt                                             : loaded 2 times (x 71B)
Class com.google.common.collect.NullnessCasts                                         : loaded 2 times (x 71B)
Class com.google.common.base.ExtraObjectsMethodsForWeb                                : loaded 2 times (x 71B)
Class org.jetbrains.kotlin.gradle.plugin.KotlinCompilation$DefaultImpls               : loaded 2 times (x 71B)
Class org.jetbrains.kotlin.gradle.utils.ProviderApiUtilsKt$providerWithLazyConvention$1: loaded 2 times (x 74B)
Class org.jetbrains.kotlin.gradle.plugin.sources.FragmentConsistencyChecks$unstableFeaturesCheck$2: loaded 2 times (x 78B)
Class org.jetbrains.kotlin.gradle.plugin.KotlinPluginLifecycleImpl                    : loaded 2 times (x 80B)
Class org.jetbrains.kotlin.gradle.dsl.KotlinCommonCompilerOptionsDefault              : loaded 2 times (x 96B)
Class org.jetbrains.kotlin.gradle.dsl.KotlinCommonCompilerToolOptionsDefault          : loaded 2 times (x 84B)
Class org.jetbrains.kotlin.gradle.plugin.StatisticsBuildFlowManager_Decorated         : loaded 2 times (x 119B)
Class org.jetbrains.kotlin.gradle.report.BuildReportMode$Companion                    : loaded 2 times (x 71B)
Class org.jetbrains.kotlin.gradle.plugin.VariantImplementationFactories$VariantImplementationFactory: loaded 2 times (x 70B)
Class kotlin.collections.SetsKt                                                       : loaded 2 times (x 71B)
Class kotlin.text.StringsKt__IndentKt                                                 : loaded 2 times (x 71B)
Class build_e6bds663fkaspxkzxxk86iys$_run_closure1$_closure3                          : loaded 2 times (x 139B)
Class com.google.common.io.ByteSink                                                   : loaded 2 times (x 76B)
Class org.jetbrains.kotlin.compilerRunner.CompilerSystemPropertiesService             : loaded 2 times (x 80B)
Class org.jetbrains.kotlin.gradle.plugin.mpp.compilationImpl.KotlinCompilationImpl$1  : loaded 2 times (x 79B)
Class org.jetbrains.kotlin.gradle.targets.js.npm.SemVer$Companion                     : loaded 2 times (x 71B)
Class org.jetbrains.kotlin.gradle.plugin.mpp.KotlinUsages$KotlinCinteropCompatibility : loaded 2 times (x 77B)
Class org.jetbrains.kotlin.gradle.dsl.ExplicitApiMode                                 : loaded 2 times (x 79B)
Class org.jetbrains.kotlin.gradle.plugin.VariantImplementationFactories$Companion     : loaded 2 times (x 71B)
Class org.jetbrains.kotlin.gradle.plugin.internal.CustomPropertiesFileValueSource$Parameters_Decorated: loaded 2 times (x 134B)
Class org.jetbrains.kotlin.gradle.dsl.KotlinTopLevelExtensionConfig                   : loaded 2 times (x 70B)
Class com.google.common.cache.CacheBuilder                                            : loaded 2 times (x 72B)
Class com.google.common.collect.SingletonImmutableList                                : loaded 2 times (x 207B)
Class org.gradle.internal.classpath.ClassPath                                         : loaded 2 times (x 70B)
Class org.gradle.api.UncheckedIOException                                             : loaded 2 times (x 82B)
Class kotlin.sequences.SequencesKt__SequencesKt$asSequence$$inlined$Sequence$1        : loaded 2 times (x 75B)
Class com.google.common.io.Files$FileByteSource                                       : loaded 2 times (x 85B)
Class org.jetbrains.kotlin.gradle.incremental.IncrementalModuleInfoProvider           : loaded 2 times (x 70B)
Class org.jetbrains.kotlin.gradle.plugin.mpp.compilationImpl.KotlinCompilationImpl$2  : loaded 2 times (x 79B)
Class org.jetbrains.kotlin.gradle.dsl.PlatformSourceSetConventionsChecker$runChecks$1 : loaded 2 times (x 88B)
Class org.jetbrains.kotlin.gradle.dsl.KotlinJvmCompilerOptionsDefault                 : loaded 2 times (x 106B)
Class org.jetbrains.kotlin.gradle.internal.UsesClassLoadersCachingBuildService        : loaded 2 times (x 70B)
Class com.google.common.collect.ImmutableList$ReverseImmutableList                    : loaded 2 times (x 208B)
Class com.google.common.base.JdkPattern                                               : loaded 2 times (x 75B)
Class kotlin.collections.MapsKt__MapsKt                                               : loaded 2 times (x 71B)
Class build_a4x7tvv1bvly0grvbfjty46yj                                                 : loaded 2 times (x 180B)
Class build_1t39jvjr6l5h1piey3l0uqinb$_run_closure1                                   : loaded 2 times (x 139B)
Class com.google.common.io.CharSource$CharSequenceCharSource                          : loaded 2 times (x 86B)
Class org.jetbrains.kotlin.gradle.plugin.DefaultKotlinBasePlugin$addKotlinCompilerConfiguration$3$1: loaded 2 times (x 79B)
Class org.jetbrains.kotlin.gradle.tasks.AbstractKotlinCompile$defaultKotlinJavaToolchain$1: loaded 2 times (x 78B)
Class org.jetbrains.kotlin.daemon.common.MultiModuleICSettings                        : loaded 2 times (x 72B)
Class org.jetbrains.kotlin.cli.common.arguments.Freezable                             : loaded 2 times (x 72B)
Class org.jetbrains.kotlin.gradle.plugin.KotlinCompilationInfoKt                      : loaded 2 times (x 71B)
Class org.jetbrains.kotlin.gradle.tasks.KotlinCompile                                 : loaded 2 times (x 498B)
Class com.google.errorprone.annotations.DoNotMock                                     : loaded 2 times (x 70B)
Class org.jetbrains.kotlin.gradle.internal.StdlibDependencyManagementKt               : loaded 2 times (x 71B)
Class org.jetbrains.kotlin.gradle.utils.ObservableSet                                 : loaded 2 times (x 70B)
Class org.jetbrains.kotlin.gradle.plugin.diagnostics.KotlinToolingDiagnosticsCollectorKt: loaded 2 times (x 71B)
Class org.jetbrains.kotlin.gradle.plugin.mpp.HierarchyAttributeContainer              : loaded 2 times (x 83B)
Class org.jetbrains.kotlin.gradle.tasks.UsesKotlinJavaToolchain                       : loaded 2 times (x 70B)
Class org.jetbrains.kotlin.statistics.metrics.StringOverridePolicy$OVERRIDE           : loaded 2 times (x 85B)
Class org.objectweb.asm.SymbolTable$Entry                                             : loaded 2 times (x 74B)
Class com.google.common.util.concurrent.AbstractFuture$AtomicHelper                   : loaded 2 times (x 78B)
Class build_17ueyoykc2pf06124y3fmo066                                                 : loaded 2 times (x 181B)
Class Native_plugin_loader_gradle                                                     : loaded 2 times (x 130B)
Class org.jetbrains.kotlin.gradle.plugin.KotlinPlatformPluginBase                     : loaded 2 times (x 76B)
Class org.jetbrains.kotlin.gradle.plugin.mpp.KotlinTargetComponentWithCoordinatesAndPublication: loaded 2 times (x 70B)
Class org.jetbrains.kotlin.gradle.incremental.UsesIncrementalModuleInfoBuildService   : loaded 2 times (x 70B)
Class org.jetbrains.kotlin.gradle.dsl.PlatformSourceSetConventionsChecker$runChecks$3 : loaded 2 times (x 78B)
Class org.jetbrains.kotlin.gradle.utils.SingleAction                                  : loaded 2 times (x 73B)
Class org.jetbrains.kotlin.gradle.plugin.PropertiesProvider$Companion                 : loaded 2 times (x 71B)
Class org.objectweb.asm.Edge                                                          : loaded 2 times (x 72B)
Class com.google.common.base.Suppliers$SupplierOfInstance                             : loaded 2 times (x 79B)
Class com.google.common.collect.Iterators$1                                           : loaded 2 times (x 81B)
Class kotlin.UninitializedPropertyAccessException                                     : loaded 2 times (x 82B)
Class build_9441jjnsxxuccr2t0svmcpxuh$_run_closure1                                   : loaded 2 times (x 139B)
Class build_tndtuy5blcz7jklsrqhatf9v$_run_closure1                                    : loaded 2 times (x 139B)
Class org.jetbrains.kotlin.gradle.tasks.KotlinCompile$defaultKotlinJavaToolchain$1    : loaded 2 times (x 79B)
Class org.jetbrains.kotlin.gradle.tasks.KotlinJavaToolchain$JavaToolchainSetter       : loaded 2 times (x 70B)
Class org.jetbrains.kotlin.gradle.plugin.diagnostics.UsesKotlinToolingDiagnostics     : loaded 2 times (x 70B)
Class org.jetbrains.kotlin.tooling.core.ExtrasPropertyKt$extrasLazyProperty$1         : loaded 2 times (x 94B)
Class org.jetbrains.kotlin.statistics.metrics.BooleanAnonymizationPolicy$SAFE         : loaded 2 times (x 85B)
Class com.google.common.cache.LocalCache$ComputingValueReference                      : loaded 2 times (x 96B)
Class com.google.common.collect.SingletonImmutableSet                                 : loaded 2 times (x 146B)
Class com.google.common.collect.ImmutableMap$IteratorBasedImmutableMap                : loaded 2 times (x 125B)
Class build_6r4vjdbcx45vs6htb1y946fln                                                 : loaded 2 times (x 180B)
Class org.jetbrains.kotlin.gradle.internal.KotlinDependenciesManagementKt$configureDefaultVersionsResolutionStrategy$1$1$1: loaded 2 times (x 75B)
Class org.jetbrains.kotlin.gradle.plugin.mpp.compilationImpl.DefaultKotlinCompilationSourceSetsContainer$allKotlinSourceSetsImpl$1$1: loaded 2 times (x 80B)
Class org.jetbrains.kotlin.gradle.plugin.mpp.compilationImpl.DefaultKotlinCompilationSourceSetsContainer: loaded 2 times (x 78B)
Class org.jetbrains.kotlin.gradle.plugin.KotlinPluginLifecycle$Stage$Companion        : loaded 2 times (x 71B)
Class org.jetbrains.kotlin.gradle.plugin.diagnostics.checkers.DeprecatedKotlinNativeTargetsChecker: loaded 2 times (x 74B)
Class org.jetbrains.kotlin.tooling.core.AbstractExtras                                : loaded 2 times (x 141B)
Class com.google.common.cache.LocalCache$Segment                                      : loaded 2 times (x 154B)
Class Native_plugin_loader_gradle$NativePluginLoader$Companion                        : loaded 2 times (x 71B)
Class [Lcom.google.common.base.Supplier;                                              : loaded 2 times (x 69B)
Class org.jetbrains.kotlin.build.report.metrics.BuildTimes                            : loaded 2 times (x 72B)
Class org.jetbrains.kotlin.gradle.tasks.KotlinCompile$ClasspathSnapshotProperties     : loaded 2 times (x 75B)
Class org.jetbrains.kotlin.gradle.internal.StdlibDependencyManagementKt$addStdlibDependency$1$1: loaded 2 times (x 79B)
Class org.jetbrains.kotlin.gradle.tasks.configuration.BaseKotlinCompileConfig$2$1     : loaded 2 times (x 75B)
Class com.google.common.collect.SortedIterable                                        : loaded 2 times (x 70B)
Class org.jetbrains.kotlin.gradle.plugin.sources.DefaultKotlinSourceSet_Decorated     : loaded 2 times (x 192B)
Class org.jetbrains.kotlin.gradle.plugin.mpp.KotlinCompilationsKt                     : loaded 2 times (x 71B)
Class org.jetbrains.kotlin.gradle.utils.GradleUtilsKt$registerClassLoaderScopedBuildService$1: loaded 2 times (x 74B)
Class org.jetbrains.kotlin.statistics.metrics.StringOverridePolicy                    : loaded 2 times (x 85B)
Class [Lorg.objectweb.asm.SymbolTable$Entry;                                          : loaded 2 times (x 69B)
Class com.google.common.cache.CacheLoader                                             : loaded 2 times (x 74B)
Class com.google.common.collect.Iterators$4                                           : loaded 2 times (x 82B)
Class com.google.common.collect.ImmutableBiMap                                        : loaded 2 times (x 143B)
Class com.google.common.collect.AbstractListMultimap                                  : loaded 2 times (x 172B)
Class org.gradle.internal.installation.GradleInstallation$1                           : loaded 2 times (x 75B)
Class org.gradle.api.internal.classpath.ModuleRegistry                                : loaded 2 times (x 70B)
Class org.jetbrains.kotlin.gradle.plugin.KotlinPluginLifecycle$ProjectConfigurationResult: loaded 2 times (x 71B)
Class org.jetbrains.kotlin.gradle.internal.KotlinDependenciesManagementKt$configureDefaultVersionsResolutionStrategy$1: loaded 2 times (x 75B)
Class org.jetbrains.kotlin.gradle.model.builder.KotlinModelBuilder$Companion          : loaded 2 times (x 71B)
Class org.jetbrains.kotlin.gradle.plugin.mpp.KotlinUsages                             : loaded 2 times (x 71B)
Class [Lorg.jetbrains.kotlin.build.report.metrics.GradleBuildPerformanceMetric;       : loaded 2 times (x 69B)
Class com.google.common.util.concurrent.internal.InternalFutureFailureAccess          : loaded 2 times (x 72B)
Class com.google.common.collect.Iterators$5                                           : loaded 2 times (x 82B)
Class com.google.common.collect.ImmutableSet$JdkBackedSetBuilderImpl                  : loaded 2 times (x 76B)
Class com.google.common.base.Splitter$SplittingIterator                               : loaded 2 times (x 84B)
Class com.google.common.io.Closer$SuppressingSuppressor                               : loaded 2 times (x 75B)
Class org.jetbrains.kotlin.gradle.plugin.HasCompilerOptions                           : loaded 2 times (x 70B)
Class org.jetbrains.kotlin.gradle.plugin.mpp.compilationImpl.DefaultKotlinCompilationFriendPathsResolver$FriendArtifactResolver: loaded 2 times (x 70B)
Class org.jetbrains.kotlin.gradle.targets.js.ir.KotlinJsIrTarget                      : loaded 2 times (x 260B)
Class org.jetbrains.kotlin.gradle.plugin.mpp.DefaultKotlinUsageContext                : loaded 2 times (x 108B)
Class org.jetbrains.kotlin.gradle.plugin.KotlinPluginLifecycleImpl$start$3            : loaded 2 times (x 79B)
Class org.jetbrains.kotlin.gradle.plugin.KotlinMultiplatformPluginWrapper             : loaded 2 times (x 86B)
Class [Lorg.jetbrains.kotlin.statistics.metrics.BooleanMetrics;                       : loaded 2 times (x 69B)
Class com.google.common.util.concurrent.AbstractFuture$UnsafeAtomicHelper             : loaded 2 times (x 78B)
Class com.google.common.cache.LocalCache$LocalManualCache$1                           : loaded 2 times (x 75B)
Class com.google.common.base.CharMatcher$ForPredicate                                 : loaded 2 times (x 112B)
Class kotlin.collections.CollectionsKt__CollectionsJVMKt                              : loaded 2 times (x 71B)
Class com.google.common.collect.Multimaps$CustomSetMultimap                           : loaded 2 times (x 178B)
Class org.jetbrains.kotlin.gradle.plugin.mpp.compilationImpl.KotlinCompilationConfigurationsContainer: loaded 2 times (x 70B)
Class org.jetbrains.kotlin.gradle.internal.StdlibDependencyManagementKt$addStdlibDependency$1: loaded 2 times (x 75B)
Class [Lorg.jetbrains.kotlin.gradle.plugin.KotlinPluginLifecycle$CoroutineStart;      : loaded 2 times (x 69B)
Class org.jetbrains.kotlin.gradle.dsl.IosSourceSetConventionChecker                   : loaded 2 times (x 74B)
Class org.jetbrains.kotlin.gradle.plugin.diagnostics.KotlinGradleProjectChecker       : loaded 2 times (x 70B)
Class org.jetbrains.kotlin.gradle.dsl.KotlinMultiplatformSourceSetConventions         : loaded 2 times (x 70B)
Class org.jetbrains.kotlin.gradle.plugin.sources.KotlinSourceSetFactory$Companion     : loaded 2 times (x 71B)
Class org.jetbrains.kotlin.statistics.metrics.NumberOverridePolicy$SUM                : loaded 2 times (x 85B)
Class com.google.common.collect.ImmutableCollection                                   : loaded 2 times (x 125B)
Class com.google.common.base.CharMatcher$AnyOf                                        : loaded 2 times (x 112B)
Class org.gradle.api.internal.classpath.DefaultModuleRegistry                         : loaded 2 times (x 83B)
Class kotlin.sequences.SequencesKt                                                    : loaded 2 times (x 71B)
Class kotlin.collections.CollectionsKt__IteratorsKt                                   : loaded 2 times (x 71B)
Class kotlin.text.StringsKt__StringsKt                                                : loaded 2 times (x 71B)
Class build_b4tsnrvlwm0gyh5f01gpdibji$_run_closure1                                   : loaded 2 times (x 139B)
Class org.jetbrains.kotlin.gradle.plugin.mpp.compilationImpl.factory.CompositePostConfigure: loaded 2 times (x 75B)
Class com.google.common.util.concurrent.ListenableFuture                              : loaded 2 times (x 70B)
Class com.google.common.cache.ReferenceEntry                                          : loaded 2 times (x 70B)
Class com.google.common.collect.ImmutableSet$CachingAsList                            : loaded 2 times (x 147B)
Class com.google.common.base.Converter                                                : loaded 2 times (x 90B)
Class com.google.common.collect.Lists                                                 : loaded 2 times (x 71B)
Class com.google.common.base.CharMatcher$Any                                          : loaded 2 times (x 112B)
Class kotlin.text.StringsKt                                                           : loaded 2 times (x 71B)
Class build_tndtuy5blcz7jklsrqhatf9v                                                  : loaded 2 times (x 180B)
Class org.jetbrains.kotlin.gradle.tasks.KotlinCompilerExecutionStrategy$Companion     : loaded 2 times (x 71B)
Class org.jetbrains.kotlin.gradle.plugin.CompilerPluginConfig                         : loaded 2 times (x 72B)
Class org.jetbrains.kotlin.gradle.model.builder.KotlinModelBuilder                    : loaded 2 times (x 76B)
Class [Lorg.jetbrains.kotlin.tooling.core.HasMutableExtras;                           : loaded 2 times (x 69B)
Class org.jetbrains.kotlin.gradle.plugin.mpp.KotlinAndroidTarget                      : loaded 2 times (x 165B)
Class org.jetbrains.kotlin.gradle.plugin.DefaultKotlinBasePlugin$addKotlinCompilerConfiguration$1: loaded 2 times (x 75B)
Class org.jetbrains.kotlin.gradle.plugin.internal.DefaultCompatibilityConventionRegistrar: loaded 2 times (x 74B)
Class org.jetbrains.kotlin.gradle.plugin.PropertiesProvider                           : loaded 2 times (x 72B)
Class com.google.common.util.concurrent.AbstractFuture                                : loaded 2 times (x 106B)
Class com.google.common.base.FunctionalEquivalence                                    : loaded 2 times (x 83B)
Class com.google.common.collect.Iterators$9                                           : loaded 2 times (x 81B)
Class com.google.common.collect.AbstractMapBasedMultimap                              : loaded 2 times (x 139B)
Class com.google.common.collect.ImmutableAsList                                       : loaded 2 times (x 209B)
Class kotlin.LazyKt__LazyJVMKt                                                        : loaded 2 times (x 71B)
Class [Lorg.jetbrains.kotlin.gradle.dsl.jvm.JvmTargetValidationMode;                  : loaded 2 times (x 69B)
Class org.jetbrains.kotlin.gradle.tasks.DefaultKotlinJavaToolchain$javaVersion$1      : loaded 2 times (x 74B)
Class org.jetbrains.kotlin.gradle.plugin.mpp.MppSourcesJarKt$sourcesJarTask$1         : loaded 2 times (x 95B)
Class org.jetbrains.kotlin.gradle.plugin.mpp.compilationImpl.factory.KotlinCompilationImplFactory$KotlinCompilationOutputFactory: loaded 2 times (x 70B)
Class org.jetbrains.kotlin.gradle.plugin.KotlinCompilationToRunnableFiles             : loaded 2 times (x 70B)
Class org.jetbrains.kotlin.gradle.tooling.BuildKotlinToolingMetadataTaskKt            : loaded 2 times (x 71B)
Class org.jetbrains.kotlin.gradle.plugin.ProjectLocalConfigurations$setupAttributesMatchingStrategy$1$1: loaded 2 times (x 74B)
Class org.jetbrains.kotlin.statistics.BuildSessionLogger$Companion                    : loaded 2 times (x 71B)
Class org.objectweb.asm.RecordComponentVisitor                                        : loaded 2 times (x 77B)
Class com.google.common.cache.CacheLoader$SupplierToCacheLoader                       : loaded 2 times (x 75B)
Class kotlin.text.StringsKt__StringNumberConversionsKt                                : loaded 2 times (x 71B)
Class build_3wvh980or756czrtmx0yhw7fr$_run_closure1                                   : loaded 2 times (x 139B)
Class com.google.common.collect.UsingToStringOrdering                                 : loaded 2 times (x 114B)
Class org.jetbrains.kotlin.gradle.plugin.mpp.KotlinCompilationsKt$sam$java_util_concurrent_Callable$0: loaded 2 times (x 75B)
Class org.jetbrains.kotlin.gradle.tasks.KotlinCompilerPluginData                      : loaded 2 times (x 72B)
Class org.jetbrains.kotlin.gradle.targets.js.npm.SemverKt                             : loaded 2 times (x 71B)
Class org.jetbrains.kotlin.gradle.internal.StdlibDependencyManagementKt$isStdlibAddedByUser$1: loaded 2 times (x 79B)
Class org.jetbrains.kotlin.gradle.plugin.mpp.MppSourcesJarKt                          : loaded 2 times (x 71B)
Class org.jetbrains.kotlin.compilerRunner.CompilerSystemPropertiesService$Companion$registerIfAbsent$2$1$1: loaded 2 times (x 75B)
Class org.jetbrains.kotlin.gradle.plugin.KotlinCompilationInfo                        : loaded 2 times (x 88B)
Class org.jetbrains.kotlin.gradle.tasks.BaseKotlinCompile                             : loaded 2 times (x 70B)
Class org.jetbrains.kotlin.gradle.plugin.internal.UsesBuildIdProviderService          : loaded 2 times (x 70B)
Class org.jetbrains.kotlin.gradle.plugin.mpp.compilationImpl.KotlinCompilationSourceSetInclusion$include$1: loaded 2 times (x 79B)
Class org.jetbrains.kotlin.gradle.plugin.mpp.compilationImpl.factory.KotlinCompilationImplFactory$KotlinCompilationDependencyConfigurationsFactory: loaded 2 times (x 70B)
Class org.jetbrains.kotlin.gradle.plugin.KotlinPluginLifecycleCoroutineContextElement$Key: loaded 2 times (x 71B)
Class org.jetbrains.kotlin.gradle.internal.IdeaKt                                     : loaded 2 times (x 71B)
Class org.jetbrains.kotlin.tooling.core.ExtrasPropertyKt                              : loaded 2 times (x 71B)
Class org.jetbrains.kotlin.gradle.dsl.KotlinProjectExtensionKt                        : loaded 2 times (x 71B)
Class org.jetbrains.kotlin.gradle.plugin.KotlinGradleBuildServices$Parameters_Decorated: loaded 2 times (x 134B)
Class org.jetbrains.kotlin.gradle.plugin.DefaultKotlinBasePlugin$addKotlinCompilerConfiguration$3: loaded 2 times (x 75B)
Class [Lorg.jetbrains.kotlin.statistics.metrics.IMetricContainerFactory;              : loaded 2 times (x 69B)
Class com.google.common.collect.Maps$EntryTransformer                                 : loaded 2 times (x 70B)
Class org.gradle.internal.service.ServiceLookupException                              : loaded 2 times (x 82B)
Class org.jetbrains.kotlin.gradle.tasks.GradleCompileTaskProvider_Decorated           : loaded 2 times (x 121B)
Class org.jetbrains.kotlin.gradle.internal.StdlibDependencyManagementKt$isStdlibAddedByUser$2: loaded 2 times (x 78B)
Class org.jetbrains.kotlin.gradle.plugin.hierarchy.KotlinSourceSetTreeClassifierKt$sourceSetTreeClassifier$2: loaded 2 times (x 78B)
Class com.google.common.collect.ImmutableSortedSet                                    : loaded 2 times (x 299B)
Class org.jetbrains.kotlin.gradle.targets.js.npm.NpmDirectoryDependencyExtension      : loaded 2 times (x 70B)
Class org.jetbrains.kotlin.gradle.plugin.mpp.KotlinUsageContext$MavenScope            : loaded 2 times (x 79B)
Class [Lcom.google.common.cache.LocalCache$EntryFactory;                              : loaded 2 times (x 69B)
Class com.google.common.base.CharMatcher$JavaLetter                                   : loaded 2 times (x 111B)
Class org.gradle.internal.classloader.ClassLoaderFactory                              : loaded 2 times (x 70B)
Class build_3bwuobcoub7k7uod6hivxolop$_run_closure1                                   : loaded 2 times (x 140B)
Class org.jetbrains.kotlin.gradle.tasks.DefaultKotlinJavaToolchain$currentJvmJdkToolsJar$1: loaded 2 times (x 74B)
Class org.jetbrains.kotlin.gradle.plugin.SubpluginEnvironment                         : loaded 2 times (x 72B)
Class org.jetbrains.kotlin.gradle.internal.StdlibDependencyManagementKt$addStdlibDependency$1$1$1: loaded 2 times (x 75B)
Class org.jetbrains.kotlin.gradle.plugin.sources.AbstractKotlinSourceSet              : loaded 2 times (x 141B)
Class org.jetbrains.kotlin.compilerRunner.GradleCliCommonizerKt$maybeCreateCommonizerClasspathConfiguration$1$1: loaded 2 times (x 75B)
Class [Lorg.jetbrains.kotlin.build.report.metrics.ValueType;                          : loaded 2 times (x 69B)
Class com.google.common.cache.LocalCache$LocalManualCache                             : loaded 2 times (x 99B)
Class com.google.common.base.CharMatcher$IsNot                                        : loaded 2 times (x 111B)
Class com.google.common.base.CommonPattern                                            : loaded 2 times (x 74B)
Class org.gradle.internal.service.CachingServiceLocator                               : loaded 2 times (x 82B)
Class org.jetbrains.kotlin.gradle.dsl.jvm.JvmTargetValidationMode                     : loaded 2 times (x 79B)
Class org.jetbrains.kotlin.gradle.plugin.BuildFinishedListenerService$Companion$registerIfAbsent$2$1: loaded 2 times (x 79B)
Class org.jetbrains.kotlin.gradle.plugin.KotlinTargetConfiguratorKt$WhenMappings      : loaded 2 times (x 71B)
Class com.google.common.collect.AbstractMapBasedMultimap$KeySet                       : loaded 2 times (x 137B)
Class com.google.common.collect.RegularImmutableSortedSet                             : loaded 2 times (x 299B)
Class org.jetbrains.kotlin.project.model.LanguageSettings                             : loaded 2 times (x 70B)
Class org.jetbrains.kotlin.gradle.plugin.BuildFinishFlowAction$Parameters_Decorated   : loaded 2 times (x 137B)
Class org.jetbrains.kotlin.gradle.plugin.internal.CompatibilityConventionRegistrar$Factory: loaded 2 times (x 70B)
Class com.google.common.math.IntMath                                                  : loaded 2 times (x 71B)
Class org.jetbrains.kotlin.gradle.plugin.diagnostics.ToolingDiagnosticRenderingOptions$Companion: loaded 2 times (x 71B)
Class build_1t39jvjr6l5h1piey3l0uqinb                                                 : loaded 2 times (x 180B)
Class org.jetbrains.kotlin.gradle.plugin.mpp.KotlinMetadataTarget                     : loaded 2 times (x 167B)
Class org.jetbrains.kotlin.gradle.plugin.diagnostics.CheckKotlinGradlePluginConfigurationErrorsKt$locateOrRegisterCheckKotlinGradlePluginErrorsTask$taskProvider$1$1: loaded 2 times (x 75B)
Class org.jetbrains.kotlin.gradle.plugin.mpp.InternalKotlinCompilation$DefaultImpls   : loaded 2 times (x 71B)
Class org.jetbrains.kotlin.gradle.plugin.mpp.compilationImpl.KotlinCompilationSourceSetInclusion$DefaultAddSourcesToCompileTask: loaded 2 times (x 74B)
Class [Lorg.jetbrains.kotlin.gradle.plugin.KotlinPluginLifecycle$Stage;               : loaded 2 times (x 69B)
Class org.jetbrains.kotlin.gradle.targets.metadata.KotlinMetadataTargetConfiguratorKt$metadataCompilationsCreated$2: loaded 2 times (x 78B)
Class org.jetbrains.kotlin.gradle.dsl.KotlinGradlePluginDsl                           : loaded 2 times (x 70B)
Class org.jetbrains.kotlin.tooling.core.MutableExtras                                 : loaded 2 times (x 70B)
Class org.jetbrains.kotlin.gradle.plugin.KotlinGradleBuildServices$detectKotlinPluginLoadedInMultipleProjects$onRegister$1: loaded 2 times (x 79B)
Class com.google.common.collect.Iterators$10                                          : loaded 2 times (x 81B)
Class com.google.common.collect.ImmutableMapEntry                                     : loaded 2 times (x 85B)
Class com.google.common.base.CharMatcher$JavaDigit                                    : loaded 2 times (x 111B)
Class kotlin.enums.EnumEntries                                                        : loaded 2 times (x 70B)
Class build_ayioqhct8y2g31cpeme9ui4gi$_run_closure1$_closure3                         : loaded 2 times (x 139B)
Class com.google.common.collect.ImmutableMultimap                                     : loaded 2 times (x 147B)
Class com.google.common.base.Predicates                                               : loaded 2 times (x 71B)
Class org.jetbrains.kotlin.gradle.tasks.CompileUsingKotlinDaemon                      : loaded 2 times (x 70B)
Class org.jetbrains.kotlin.gradle.plugin.mpp.KotlinWithJavaTarget                     : loaded 2 times (x 166B)
Class org.jetbrains.kotlin.gradle.dsl.KotlinSingleJavaTargetExtension                 : loaded 2 times (x 124B)
Class org.jetbrains.kotlin.gradle.plugin.KotlinPluginLifecycle$IllegalLifecycleException: loaded 2 times (x 82B)
Class org.jetbrains.kotlin.gradle.plugin.KotlinGradleFinishBuildHandler               : loaded 2 times (x 72B)
Class [Lorg.jetbrains.kotlin.build.report.metrics.BuildPerformanceMetric;             : loaded 2 times (x 69B)
Class org.jetbrains.kotlin.statistics.metrics.StringOverridePolicy$CONCAT             : loaded 2 times (x 85B)
Class org.jetbrains.kotlin.gradle.dsl.KotlinTopLevelExtension                         : loaded 2 times (x 70B)
Class com.google.common.base.Equivalence                                              : loaded 2 times (x 82B)
Class com.google.common.collect.ImmutableMapEntry$NonTerminalImmutableMapEntry        : loaded 2 times (x 85B)
Class com.google.common.base.Function                                                 : loaded 2 times (x 70B)
Class com.google.common.collect.IndexedImmutableSet$1                                 : loaded 2 times (x 212B)
Class org.jetbrains.kotlin.gradle.plugin.ProjectLocalConfigurationsKt                 : loaded 2 times (x 71B)
Class org.jetbrains.kotlin.gradle.plugin.mpp.compilationImpl.factory.KotlinCompilationImplFactory: loaded 2 times (x 72B)
Class org.jetbrains.kotlin.gradle.internal.KotlinDomApiDependencyManagementKt$addKotlinDomApiDependency$1: loaded 2 times (x 75B)
Class org.jetbrains.kotlin.gradle.plugin.diagnostics.checkers.KotlinTargetAlreadyDeclaredChecker$runChecks$1: loaded 2 times (x 88B)
Class org.jetbrains.kotlin.gradle.plugin.mpp.KotlinTargetWithBinaries                 : loaded 2 times (x 163B)
Class [Lorg.jetbrains.kotlin.gradle.plugin.KotlinSourceSet;                           : loaded 2 times (x 69B)
Class org.jetbrains.kotlin.gradle.plugin.KotlinTargetsContainerWithPresets            : loaded 2 times (x 70B)
Class org.jetbrains.kotlin.statistics.metrics.IMetricContainerFactory                 : loaded 2 times (x 70B)
Class org.jetbrains.kotlin.statistics.MetricValueValidationFailed                     : loaded 2 times (x 82B)
Class org.jetbrains.kotlin.gradle.plugin.PropertiesProvider$localProperties$2         : loaded 2 times (x 79B)
Class com.google.common.cache.CacheBuilder$OneWeigher                                 : loaded 2 times (x 82B)
Class com.google.common.collect.RegularImmutableList                                  : loaded 2 times (x 212B)
Class build_2sd8ex6etj9vtds3g5v8bmhk8$_run_closure1                                   : loaded 2 times (x 139B)
Class org.jetbrains.kotlin.build.report.metrics.BuildMetricsReporterImpl              : loaded 2 times (x 98B)
Class org.jetbrains.kotlin.gradle.tasks.configuration.KaptGenerateStubsConfig         : loaded 2 times (x 72B)
Class org.jetbrains.kotlin.gradle.tasks.configuration.BaseKotlinCompileConfig$1$classpathConfiguration$jvmToolchain$1: loaded 2 times (x 74B)
Class org.jetbrains.kotlin.gradle.targets.js.npm.SemVer                               : loaded 2 times (x 75B)
Class org.jetbrains.kotlin.gradle.utils.WhenPluginEnabledKt$whenPluginsEnabled$1      : loaded 2 times (x 75B)
Class org.jetbrains.kotlin.gradle.tasks.AbstractKotlinCompileTool                     : loaded 2 times (x 366B)
Class [Lorg.jetbrains.kotlin.gradle.report.BuildReportType;                           : loaded 2 times (x 69B)
Class com.google.common.collect.ImmutableBiMapFauxverideShim                          : loaded 2 times (x 120B)
Class org.gradle.internal.classloader.ClasspathUtil                                   : loaded 2 times (x 71B)
Class org.jetbrains.kotlin.gradle.dsl.KotlinCompile                                   : loaded 2 times (x 70B)
Class org.jetbrains.kotlin.gradle.plugin.mpp.compilationImpl.DefaultKotlinCompilationFriendPathsResolver$DefaultFriendArtifactResolver: loaded 2 times (x 74B)
Class org.jetbrains.kotlin.gradle.plugin.diagnostics.checkers.InternalGradlePropertiesUsageChecker$runChecks$1: loaded 2 times (x 88B)
Class org.jetbrains.kotlin.gradle.utils.StringUtilsKt$lowerCamelCaseName$1            : loaded 2 times (x 125B)
Class org.jetbrains.kotlin.gradle.dsl.JvmTarget$Companion                             : loaded 2 times (x 71B)
Class org.jetbrains.kotlin.gradle.plugin.internal.DefaultConfigurationCacheStartParameterAccessor: loaded 2 times (x 77B)
Class org.jetbrains.kotlin.tooling.core.HasExtras                                     : loaded 2 times (x 70B)
Class com.google.common.base.Charsets                                                 : loaded 2 times (x 71B)
Class com.google.common.util.concurrent.Uninterruptibles                              : loaded 2 times (x 71B)
Class com.google.common.collect.AbstractMapBasedMultimap$WrappedSet                   : loaded 2 times (x 142B)
Class com.google.common.io.CharSource                                                 : loaded 2 times (x 85B)
Class org.jetbrains.kotlin.gradle.plugin.sources.DefaultLanguageSettingsBuilder$freeCompilerArgsProvider$1: loaded 2 times (x 95B)
Class org.jetbrains.kotlin.gradle.targets.js.npm.DevNpmDependencyExtension            : loaded 2 times (x 70B)
Class org.jetbrains.kotlin.gradle.plugin.diagnostics.checkers.PreHmppDependenciesUsageChecker: loaded 2 times (x 74B)
Class org.jetbrains.kotlin.gradle.plugin.AbstractKotlinMultiplatformPluginWrapper     : loaded 2 times (x 86B)
Class org.jetbrains.kotlin.gradle.utils.GradleConfigurationUtilsKt$addGradlePluginMetadataAttributes$1: loaded 2 times (x 75B)
Class org.jetbrains.kotlin.gradle.plugin.internal.DefaultProjectIsolationStartParameterAccessor: loaded 2 times (x 77B)
Class com.google.common.collect.Maps                                                  : loaded 2 times (x 71B)
Class com.google.common.base.CharMatcher$JavaUpperCase                                : loaded 2 times (x 111B)
Class org.gradle.api.specs.Spec                                                       : loaded 2 times (x 70B)
Class org.jetbrains.kotlin.gradle.tasks.KotlinCompile$disableMultiModuleIC$2          : loaded 2 times (x 79B)
Class org.jetbrains.kotlin.gradle.plugin.SubpluginEnvironment$Companion               : loaded 2 times (x 71B)
Class org.jetbrains.kotlin.gradle.tasks.configuration.BaseKotlinCompileConfig$Companion: loaded 2 times (x 71B)
Class org.jetbrains.kotlin.gradle.plugin.mpp.compilationImpl.KotlinCompilationImpl$Params: loaded 2 times (x 72B)
Class org.jetbrains.kotlin.gradle.dsl.KotlinJvmOptions$DefaultImpls                   : loaded 2 times (x 71B)
Class org.jetbrains.kotlin.gradle.tooling.BuildKotlinToolingMetadataTask              : loaded 2 times (x 317B)
Class org.jetbrains.kotlin.gradle.plugin.internal.CompatibilityConventionRegistrarKt  : loaded 2 times (x 71B)
Class org.jetbrains.kotlin.build.report.metrics.GradleBuildPerformanceMetric$Companion: loaded 2 times (x 71B)
Class [Lcom.google.common.collect.ImmutableEntry;                                     : loaded 2 times (x 69B)
Class org.jetbrains.kotlin.gradle.tasks.configuration.AbstractKotlinCompileConfig$1$1 : loaded 2 times (x 74B)
Class org.jetbrains.kotlin.gradle.tasks.KotlinCompile$kotlinOptions$1                 : loaded 2 times (x 79B)
Class org.jetbrains.kotlin.gradle.utils.StringUtilsKt                                 : loaded 2 times (x 71B)
Class org.jetbrains.kotlin.tooling.core.ExtrasLazyProperty                            : loaded 2 times (x 70B)
Class org.jetbrains.kotlin.gradle.utils.CompletableFuture                             : loaded 2 times (x 70B)
Class org.jetbrains.kotlin.build.report.metrics.BuildPerformanceMetric                : loaded 2 times (x 70B)
Class [Lorg.jetbrains.kotlin.statistics.metrics.StringOverridePolicy;                 : loaded 2 times (x 69B)
Class com.google.common.cache.LocalCache$LoadingValueReference                        : loaded 2 times (x 96B)
Class kotlin.collections.EmptyIterator                                                : loaded 2 times (x 89B)
Class kotlin.SynchronizedLazyImpl                                                     : loaded 2 times (x 76B)
Class kotlin.text.StringsKt__RegexExtensionsKt                                        : loaded 2 times (x 71B)
Class com.google.common.collect.CollectSpliterators                                   : loaded 2 times (x 71B)
Class org.jetbrains.kotlin.gradle.tasks.configuration.AbstractKotlinCompileConfig$getClasspathSnapshotDir$1: loaded 2 times (x 74B)
Class org.jetbrains.kotlin.gradle.tasks.configuration.AbstractKotlinCompileConfig$1$2 : loaded 2 times (x 74B)
Class com.google.common.collect.Multimaps$Entries                                     : loaded 2 times (x 118B)
Class org.jetbrains.kotlin.gradle.plugin.diagnostics.checkers.CommonMainOrTestWithDependsOnChecker: loaded 2 times (x 74B)
Class org.jetbrains.kotlin.gradle.plugin.KotlinTarget                                 : loaded 2 times (x 70B)
Class [Lorg.jetbrains.kotlin.statistics.metrics.BooleanAnonymizationPolicy;           : loaded 2 times (x 69B)
Class com.google.common.base.Platform                                                 : loaded 2 times (x 71B)
Class Build_gradle$1                                                                  : loaded 2 times (x 78B)
Class kotlin.sequences.SequencesKt__SequencesJVMKt                                    : loaded 2 times (x 71B)
Class kotlin.collections.AbstractList                                                 : loaded 2 times (x 197B)
Class kotlin.collections.AbstractCollection                                           : loaded 2 times (x 117B)
Class build_dijutz39n9jw5r0fc57m6h82a$_run_closure1                                   : loaded 2 times (x 139B)
Class com.google.common.collect.AbstractMapBasedMultimap$WrappedList                  : loaded 2 times (x 205B)
Class com.google.common.collect.CompoundOrdering                                      : loaded 2 times (x 115B)
Class [Lorg.jetbrains.kotlin.build.report.metrics.BuildAttributeKind;                 : loaded 2 times (x 69B)
Class org.jetbrains.kotlin.gradle.tasks.K2MultiplatformStructure                      : loaded 2 times (x 74B)
Class org.jetbrains.kotlin.gradle.internal.KotlinDependenciesManagementKt$allNonProjectDependencies$1: loaded 2 times (x 74B)
Class org.jetbrains.kotlin.compilerRunner.CompilerSystemPropertiesService$Parameters  : loaded 2 times (x 70B)
Class org.jetbrains.kotlin.gradle.plugin.mpp.compilationImpl.KotlinCompilationSourceSetsContainer: loaded 2 times (x 70B)
Class org.jetbrains.kotlin.gradle.plugin.ProjectLocalConfigurations                   : loaded 2 times (x 71B)
Class org.jetbrains.kotlin.gradle.plugin.mpp.KotlinUsages$KotlinUsagesDisambiguation  : loaded 2 times (x 76B)
Class org.jetbrains.kotlin.tooling.core.Extras$Key$Companion                          : loaded 2 times (x 71B)
Class org.jetbrains.kotlin.tooling.core.Extras$Key                                    : loaded 2 times (x 72B)
Class [Lorg.objectweb.asm.AnnotationWriter;                                           : loaded 2 times (x 69B)
Class com.google.common.primitives.Ints$IntConverter                                  : loaded 2 times (x 90B)
Class com.google.common.collect.Maps$8                                                : loaded 2 times (x 82B)
Class kotlin.LazyKt__LazyKt                                                           : loaded 2 times (x 71B)
Class kotlin.text.StringsKt__StringBuilderJVMKt                                       : loaded 2 times (x 71B)
Class build_ayioqhct8y2g31cpeme9ui4gi$_run_closure1                                   : loaded 2 times (x 139B)
Class org.jetbrains.kotlin.gradle.tasks.configuration.AbstractKotlinCompileConfig$1$4 : loaded 2 times (x 75B)
Class com.google.common.collect.ImmutableRangeSet$Builder                             : loaded 2 times (x 77B)
Class [Lcom.google.common.collect.Iterators$EmptyModifiableIterator;                  : loaded 2 times (x 69B)
Class org.jetbrains.kotlin.gradle.plugin.diagnostics.CheckKotlinGradlePluginConfigurationErrors: loaded 2 times (x 317B)
Class org.jetbrains.kotlin.gradle.plugin.sources.DefaultKotlinSourceSetKt             : loaded 2 times (x 71B)
Class org.jetbrains.kotlin.gradle.dsl.KotlinJvmOptions                                : loaded 2 times (x 70B)
Class org.jetbrains.kotlin.gradle.plugin.mpp.HierarchyAttributeContainer$1            : loaded 2 times (x 78B)
Class org.jetbrains.kotlin.gradle.plugin.KotlinPluginLifecycle                        : loaded 2 times (x 70B)
Class org.jetbrains.kotlin.gradle.plugin.KotlinJsPluginWrapper                        : loaded 2 times (x 86B)
Class org.jetbrains.kotlin.gradle.dsl.ToolchainSupport                                : loaded 2 times (x 70B)
Class org.jetbrains.kotlin.tooling.core.Extras                                        : loaded 2 times (x 70B)
Class org.jetbrains.kotlin.gradle.plugin.mpp.InternalKotlinTarget                     : loaded 2 times (x 70B)
Class org.jetbrains.kotlin.statistics.metrics.NumberAnonymizationPolicy$RANDOM_10_PERCENT: loaded 2 times (x 85B)
Class org.jetbrains.kotlin.statistics.metrics.StringMetrics                           : loaded 2 times (x 80B)
Class com.google.common.collect.Sets$SetView                                          : loaded 2 times (x 138B)
Class com.google.common.cache.LocalCache$StrongValueReference                         : loaded 2 times (x 90B)
Class com.google.common.util.concurrent.AbstractFuture$SynchronizedHelper             : loaded 2 times (x 78B)
Class com.google.common.base.CharMatcher$Invisible                                    : loaded 2 times (x 112B)
Class kotlin.UNINITIALIZED_VALUE                                                      : loaded 2 times (x 71B)
Class com.google.common.graph.SuccessorsFunction                                      : loaded 2 times (x 70B)
Class org.jetbrains.kotlin.gradle.tasks.CompilerPluginOptions                         : loaded 2 times (x 72B)
Class org.jetbrains.kotlin.gradle.tasks.configuration.AbstractKotlinCompileConfig$1$5 : loaded 2 times (x 75B)
Class org.jetbrains.kotlin.gradle.plugin.mpp.KotlinTargetSoftwareComponentImpl        : loaded 2 times (x 90B)
Class org.jetbrains.kotlin.gradle.plugin.mpp.DefaultKotlinUsageContext$PublishOnlyIf  : loaded 2 times (x 70B)
Class org.jetbrains.kotlin.gradle.dsl.KotlinCommonCompilerOptionsHelper               : loaded 2 times (x 71B)
Class org.jetbrains.kotlin.gradle.plugin.KotlinJvmPlugin$Companion                    : loaded 2 times (x 71B)
Class org.objectweb.asm.Type                                                          : loaded 2 times (x 72B)
Class org.gradle.internal.classloader.VisitableURLClassLoader$InstrumentingVisitableURLClassLoader: loaded 2 times (x 123B)
Class kotlin.ranges.RangesKt__RangesKt                                                : loaded 2 times (x 71B)
Class kotlin.collections.SetsKt___SetsKt                                              : loaded 2 times (x 71B)
Class kotlin.sequences.SequencesKt__SequencesKt                                       : loaded 2 times (x 71B)
Class build_b4tsnrvlwm0gyh5f01gpdibji                                                 : loaded 2 times (x 180B)
Class com.google.common.io.Files$FileByteSink                                         : loaded 2 times (x 77B)
Class org.jetbrains.kotlin.gradle.tasks.configuration.AbstractKotlinCompileConfig$1$6 : loaded 2 times (x 75B)
Class [Lorg.jetbrains.kotlin.gradle.tasks.KotlinCompilerExecutionStrategy;            : loaded 2 times (x 69B)
Class org.jetbrains.kotlin.gradle.tasks.FailedCompilationException                    : loaded 2 times (x 82B)
Class org.jetbrains.kotlin.gradle.plugin.mpp.DefaultKotlinUsageContext$1              : loaded 2 times (x 74B)
Class org.jetbrains.kotlin.gradle.plugin.mpp.compilationImpl.KotlinCompilationImpl$associateWith$2: loaded 2 times (x 79B)
Class org.jetbrains.kotlin.gradle.plugin.hierarchy.KotlinSourceSetTreeClassifier      : loaded 2 times (x 70B)
Class org.jetbrains.kotlin.gradle.plugin.mpp.compilationImpl.KotlinCompilationAssociator: loaded 2 times (x 70B)
Class org.jetbrains.kotlin.gradle.plugin.mpp.KotlinNativeTarget                       : loaded 2 times (x 173B)
Class org.jetbrains.kotlin.gradle.plugin.diagnostics.checkers.KotlinSourceSetTreeDependsOnMismatchChecker$runChecks$1: loaded 2 times (x 88B)
Class org.jetbrains.kotlin.gradle.plugin.diagnostics.checkers.PreHmppDependenciesUsageChecker$runChecks$1: loaded 2 times (x 88B)
Class org.jetbrains.kotlin.gradle.plugin.KotlinSourceSetTree$Companion                : loaded 2 times (x 71B)
Class org.jetbrains.kotlin.gradle.plugin.diagnostics.KotlinGradleProjectChecker$Companion: loaded 2 times (x 71B)
Class org.jetbrains.kotlin.gradle.plugin.KotlinGradleBuildServices$Parameters         : loaded 2 times (x 70B)
Class org.jetbrains.kotlin.statistics.fileloggers.MetricsContainer$Companion          : loaded 2 times (x 71B)
Class org.objectweb.asm.ByteVector                                                    : loaded 2 times (x 79B)
Class [Lcom.google.common.cache.CacheBuilder$NullListener;                            : loaded 2 times (x 69B)
Class com.google.common.math.IntMath$1                                                : loaded 2 times (x 71B)
Class org.gradle.internal.classloader.VisitableURLClassLoader$Spec                    : loaded 2 times (x 74B)
Class org.gradle.internal.classpath.DefaultClassPath                                  : loaded 2 times (x 90B)
Class kotlin.sequences.FilteringSequence                                              : loaded 2 times (x 75B)
Class kotlin.NotImplementedError                                                      : loaded 2 times (x 82B)
Class org.jetbrains.kotlin.gradle.plugin.mpp.KotlinSoftwareComponentKt                : loaded 2 times (x 71B)
Class org.jetbrains.kotlin.gradle.plugin.mpp.compilationImpl.KotlinCompilationSourceSetInclusion$AddSourcesToCompileTask: loaded 2 times (x 70B)
Class [Lorg.jetbrains.kotlin.gradle.plugin.HasProject;                                : loaded 2 times (x 69B)
Class org.jetbrains.kotlin.gradle.utils.MutableObservableSetImpl                      : loaded 2 times (x 163B)
Class org.jetbrains.kotlin.gradle.tasks.KotlinTasksProvider                           : loaded 2 times (x 72B)
Class org.jetbrains.kotlin.gradle.plugin.KotlinJsCompilerTypeHolder                   : loaded 2 times (x 70B)
Class org.jetbrains.kotlin.gradle.dsl.DefaultToolchainSupport$wireToolchainToTasks$1  : loaded 2 times (x 75B)
Class org.jetbrains.kotlin.gradle.dsl.KotlinCommonCompilerOptions                     : loaded 2 times (x 70B)
Class org.objectweb.asm.Symbol                                                        : loaded 2 times (x 73B)
Class com.google.common.base.AbstractIterator                                         : loaded 2 times (x 80B)
Class build_2sd8ex6etj9vtds3g5v8bmhk8                                                 : loaded 2 times (x 180B)
Class com.google.common.io.Closer                                                     : loaded 2 times (x 78B)
Class org.jetbrains.kotlin.build.report.metrics.BuildAttributes                       : loaded 2 times (x 72B)
Class org.jetbrains.kotlin.gradle.plugin.mpp.compilationImpl.KotlinCompilationImpl    : loaded 2 times (x 140B)
Class [Lorg.jetbrains.kotlin.gradle.plugin.mpp.compilationImpl.factory.KotlinCompilationImplFactory$PostConfigure;: loaded 2 times (x 69B)
Class org.jetbrains.kotlin.gradle.plugin.KotlinSourceSet$Companion                    : loaded 2 times (x 71B)
Class [Lorg.jetbrains.kotlin.gradle.report.BuildReportMode;                           : loaded 2 times (x 69B)
Class org.jetbrains.kotlin.statistics.metrics.BooleanOverridePolicy                   : loaded 2 times (x 85B)
Class com.google.common.collect.RegularImmutableMap$Values                            : loaded 2 times (x 207B)
Class com.google.common.collect.ImmutableSet                                          : loaded 2 times (x 145B)
Class com.google.common.base.CharMatcher$BitSetMatcher                                : loaded 2 times (x 112B)
Class com.google.common.base.CharMatcher$Ascii                                        : loaded 2 times (x 112B)
Class org.gradle.internal.classloader.ClassLoaderSpec                                 : loaded 2 times (x 71B)
Class kotlin.collections.CollectionsKt___CollectionsJvmKt                             : loaded 2 times (x 71B)
Class build_17ueyoykc2pf06124y3fmo066$_run_closure1                                   : loaded 2 times (x 139B)
Class com.google.common.io.ByteSource$EmptyByteSource                                 : loaded 2 times (x 85B)
Class org.jetbrains.kotlin.gradle.tasks.DefaultKotlinJavaToolchain$DefaultJavaToolchainSetter: loaded 2 times (x 75B)
Class org.jetbrains.kotlin.build.report.metrics.BuildAttributeKind                    : loaded 2 times (x 79B)
Class org.jetbrains.kotlin.gradle.plugin.mpp.KotlinCompilationsKt$moduleNameForCompilation$1: loaded 2 times (x 75B)
Class org.jetbrains.kotlin.gradle.plugin.sources.KotlinDependencyScopeKt              : loaded 2 times (x 71B)
Class org.jetbrains.kotlin.compilerRunner.CompilerSystemPropertiesService$Companion$registerIfAbsent$2$1: loaded 2 times (x 79B)
Class org.jetbrains.kotlin.gradle.plugin.mpp.KotlinCompilationsKt$addSourcesToKotlinCompileTask$1: loaded 2 times (x 75B)
Class org.jetbrains.kotlin.gradle.internal.KotlinDependenciesManagementKt$configureDefaultVersionsResolutionStrategy$1$1: loaded 2 times (x 75B)
Class org.jetbrains.kotlin.gradle.plugin.diagnostics.CheckKotlinGradlePluginConfigurationErrorsKt$locateOrRegisterCheckKotlinGradlePluginErrorsTask$taskProvider$1: loaded 2 times (x 75B)
Class org.jetbrains.kotlin.gradle.tooling.BuildKotlinToolingMetadataTaskKt$buildKotlinToolingMetadataTask$1: loaded 2 times (x 78B)
Class org.jetbrains.kotlin.gradle.internal.Kapt3GradleSubplugin$Companion             : loaded 2 times (x 71B)
Class [Lorg.jetbrains.kotlin.statistics.metrics.NumberOverridePolicy;                 : loaded 2 times (x 69B)
Class org.objectweb.asm.AnnotationWriter                                              : loaded 2 times (x 79B)
Class com.google.common.cache.CacheStats                                              : loaded 2 times (x 71B)
Class kotlin.Unit                                                                     : loaded 2 times (x 71B)
Class kotlin.sequences.SequencesKt___SequencesJvmKt                                   : loaded 2 times (x 71B)
Class build_1qofvhahsrpvhl8kakx0dz4fd                                                 : loaded 2 times (x 180B)
Class [Lcom.google.common.base.Predicate;                                             : loaded 2 times (x 69B)
Class com.google.common.io.LineProcessor                                              : loaded 2 times (x 70B)
Class com.google.common.io.Closer$Suppressor                                          : loaded 2 times (x 70B)
Class org.jetbrains.kotlin.gradle.tasks.K2MultiplatformStructure$RefinesEdge          : loaded 2 times (x 72B)
Class org.jetbrains.kotlin.gradle.tasks.configuration.TaskConfigAction$configureTask$1: loaded 2 times (x 79B)
Class com.google.common.collect.AbstractMapBasedMultimap$2                            : loaded 2 times (x 85B)
Class org.jetbrains.kotlin.gradle.plugin.diagnostics.checkers.DuplicateSourceSetChecker$runChecks$1: loaded 2 times (x 88B)
Class org.jetbrains.kotlin.gradle.dsl.JvmTarget                                       : loaded 2 times (x 79B)
Class org.jetbrains.kotlin.gradle.internal.ClassLoadersCachingBuildService            : loaded 2 times (x 76B)
Class org.jetbrains.kotlin.gradle.plugin.VariantImplementationFactories$Inject        : loaded 2 times (x 106B)
Class org.jetbrains.kotlin.gradle.plugin.VariantImplementationFactoriesConfigurator$Companion: loaded 2 times (x 71B)
Class org.objectweb.asm.RecordComponentWriter                                         : loaded 2 times (x 78B)
Class com.google.common.util.concurrent.AbstractFuture$Listener                       : loaded 2 times (x 72B)
Class com.google.common.base.CharMatcher$Or                                           : loaded 2 times (x 112B)
Class kotlin.ranges.RangesKt                                                          : loaded 2 times (x 71B)
Class com.google.common.collect.ForwardingSet                                         : loaded 2 times (x 151B)
Class org.jetbrains.kotlin.gradle.tasks.KotlinCompile_Decorated                       : loaded 2 times (x 599B)
Class org.jetbrains.kotlin.gradle.plugin.internal.BuildIdService$Companion            : loaded 2 times (x 71B)
Class org.jetbrains.kotlin.gradle.targets.js.dsl.KotlinWasmSubTargetContainerDsl      : loaded 2 times (x 70B)
Class org.jetbrains.kotlin.gradle.plugin.diagnostics.checkers.DisabledCinteropCommonizationInHmppProjectChecker: loaded 2 times (x 74B)
Class org.jetbrains.kotlin.gradle.plugin.diagnostics.checkers.NoKotlinTargetsDeclaredChecker: loaded 2 times (x 74B)
Class org.jetbrains.kotlin.gradle.plugin.KotlinSourceSetContainer                     : loaded 2 times (x 70B)
Class org.objectweb.asm.Attribute                                                     : loaded 2 times (x 77B)
Class com.google.common.base.Supplier                                                 : loaded 2 times (x 70B)
Class org.gradle.internal.classloader.VisitableURLClassLoader                         : loaded 2 times (x 117B)
Class kotlin.collections.ArraysUtilJVM                                                : loaded 2 times (x 71B)
Class kotlin.jvm.functions.Function0                                                  : loaded 2 times (x 70B)
Class com.google.common.io.CharSource$AsByteSource                                    : loaded 2 times (x 85B)
Class org.jetbrains.kotlin.gradle.plugin.sources.InternalKotlinSourceSetKt$awaitPlatformCompilations$1: loaded 2 times (x 88B)
Class [Lorg.jetbrains.kotlin.gradle.plugin.sources.KotlinDependencyScope;             : loaded 2 times (x 69B)
Class org.jetbrains.kotlin.gradle.plugin.mpp.compilationImpl.factory.ConfigurationNaming: loaded 2 times (x 70B)
Class org.jetbrains.kotlin.gradle.plugin.mpp.compilationImpl.DefaultKotlinCompilationPostConfigureKt: loaded 2 times (x 71B)
Class org.jetbrains.kotlin.gradle.plugin.diagnostics.KotlinGradleProjectCheckersRunnerKt: loaded 2 times (x 71B)
Class [Lorg.jetbrains.kotlin.tooling.core.HasExtras;                                  : loaded 2 times (x 69B)
Class org.jetbrains.kotlin.gradle.dsl.DefaultToolchainSupport$wireToolchainToTasks$1$1: loaded 2 times (x 75B)
Class org.jetbrains.kotlin.gradle.utils.SingleActionPerProject                        : loaded 2 times (x 73B)
Class com.google.common.util.concurrent.AbstractFuture$Waiter                         : loaded 2 times (x 72B)
Class org.jetbrains.kotlin.gradle.plugin.DefaultKotlinBasePlugin                      : loaded 2 times (x 82B)
Class org.gradle.internal.Cast                                                        : loaded 2 times (x 71B)
Class org.gradle.api.Action                                                           : loaded 2 times (x 70B)
Class kotlin.jvm.functions.Function1                                                  : loaded 2 times (x 70B)
Class [Lorg.jetbrains.kotlin.gradle.plugin.mpp.KotlinUsageContext$MavenScope;         : loaded 2 times (x 69B)
Class org.jetbrains.kotlin.gradle.plugin.mpp.compilationImpl.KotlinCompilationCompilerOptionsFromTargetConfigurator: loaded 2 times (x 74B)
Class org.jetbrains.kotlin.gradle.utils.FailuresKt$ideaSyncClasspathModeUtil$1        : loaded 2 times (x 72B)
Class org.jetbrains.kotlin.gradle.plugin.diagnostics.KotlinToolingDiagnosticsCollector$Inject: loaded 2 times (x 96B)
Class org.jetbrains.kotlin.gradle.dsl.KotlinTargetContainerWithWasmPresetFunctions    : loaded 2 times (x 70B)
Class org.jetbrains.kotlin.gradle.plugin.GradleUtilsKt                                : loaded 2 times (x 71B)
Class com.google.common.collect.Sets                                                  : loaded 2 times (x 71B)
Class org.objectweb.asm.Handler                                                       : loaded 2 times (x 72B)
Class com.google.common.base.Ticker                                                   : loaded 2 times (x 72B)
Class com.google.common.base.Strings                                                  : loaded 2 times (x 71B)
Class com.google.common.base.CharMatcher$FastMatcher                                  : loaded 2 times (x 111B)
Class org.gradle.internal.agents.InstrumentingClassLoader                             : loaded 2 times (x 70B)
Class kotlin.jvm.functions.Function2                                                  : loaded 2 times (x 70B)
Class org.jetbrains.kotlin.gradle.tasks.KotlinCompile$javaSources$1                   : loaded 2 times (x 75B)
Class org.jetbrains.kotlin.gradle.plugin.KotlinTarget$DefaultImpls                    : loaded 2 times (x 71B)
Class org.jetbrains.kotlin.gradle.plugin.diagnostics.KotlinToolingDiagnosticsCollector: loaded 2 times (x 76B)
Class org.jetbrains.kotlin.tooling.core.MutableExtrasImpl                             : loaded 2 times (x 165B)
Class org.jetbrains.kotlin.gradle.plugin.statistics.KotlinBuildStatsMXBean            : loaded 2 times (x 70B)
Class org.jetbrains.kotlin.gradle.utils.FileUtilsKt                                   : loaded 2 times (x 71B)
Class [Lcom.google.common.cache.LocalCache$Segment;                                   : loaded 2 times (x 69B)
Class [Lcom.google.common.cache.LocalCache$Strength;                                  : loaded 2 times (x 69B)
Class com.google.common.cache.CacheBuilder$1                                          : loaded 2 times (x 85B)
Class com.google.common.collect.ImmutableMap                                          : loaded 2 times (x 120B)
Class com.google.common.base.Predicate                                                : loaded 2 times (x 70B)
Class org.gradle.internal.classpath.DefaultClassPath$ImmutableUniqueList$Builder      : loaded 2 times (x 75B)
Class kotlin.collections.MapsKt___MapsJvmKt                                           : loaded 2 times (x 71B)
Class org.jetbrains.kotlin.gradle.plugin.mpp.KotlinCompilationFactory$DefaultImpls    : loaded 2 times (x 71B)
Class com.google.common.collect.AbstractRangeSet                                      : loaded 2 times (x 114B)
Class org.jetbrains.kotlin.gradle.plugin.diagnostics.checkers.InternalGradlePropertiesUsageChecker: loaded 2 times (x 74B)
Class org.jetbrains.kotlin.gradle.targets.metadata.KotlinMetadataTargetConfiguratorKt : loaded 2 times (x 71B)
Class org.jetbrains.kotlin.gradle.testing.internal.KotlinTestsRegistry$Companion      : loaded 2 times (x 71B)
Class org.jetbrains.kotlin.gradle.dsl.KotlinCommonCompilerToolOptions                 : loaded 2 times (x 70B)
Class org.jetbrains.kotlin.gradle.internal.ClassLoadersCachingBuildService$Companion$registerIfAbsent$1$1: loaded 2 times (x 79B)
Class org.jetbrains.kotlin.gradle.plugin.internal.DefaultConfigurationCacheStartParameterAccessorVariantFactory: loaded 2 times (x 76B)
Class com.google.common.cache.LocalCache                                              : loaded 2 times (x 187B)
Class com.google.common.cache.CacheBuilder$2                                          : loaded 2 times (x 72B)
Class com.google.common.base.CharMatcher$NegatedFastMatcher                           : loaded 2 times (x 113B)
Class kotlin.collections.CollectionsKt___CollectionsKt                                : loaded 2 times (x 71B)
Class org.jetbrains.kotlin.build.report.metrics.BuildPerformanceMetrics$Companion     : loaded 2 times (x 71B)
Class org.jetbrains.kotlin.cli.common.arguments.K2JVMCompilerArguments                : loaded 2 times (x 81B)
Class org.jetbrains.kotlin.gradle.plugin.mpp.compilationImpl.DefaultKotlinCompilationSourceSetsContainer$source$1: loaded 2 times (x 79B)
Class org.jetbrains.kotlin.gradle.internal.KotlinTestDependencyManagementKt           : loaded 2 times (x 71B)
Class [Lorg.jetbrains.kotlin.gradle.plugin.sources.ConsistencyCheck;                  : loaded 2 times (x 69B)
Class org.jetbrains.kotlin.gradle.report.ReportingSettings                            : loaded 2 times (x 72B)
Class org.jetbrains.kotlin.statistics.metrics.StringAnonymizationPolicy$ComponentVersionAnonymizer: loaded 2 times (x 78B)
Class [Lcom.google.common.collect.AbstractMapEntry;                                   : loaded 2 times (x 69B)
Class com.google.common.collect.ImmutableEntry                                        : loaded 2 times (x 82B)
Class com.google.common.collect.ArrayListMultimap                                     : loaded 2 times (x 172B)
Class com.google.common.base.AbstractIterator$1                                       : loaded 2 times (x 71B)
Class com.google.common.base.CharMatcher$Digit                                        : loaded 2 times (x 112B)
Class org.jetbrains.kotlin.gradle.plugin.KotlinBasePluginWrapper                      : loaded 2 times (x 86B)
Class org.gradle.api.GradleException                                                  : loaded 2 times (x 82B)
Class kotlin.text.StringsKt___StringsJvmKt                                            : loaded 2 times (x 71B)
Class build_2u87o7j9odfzsrbg95b26qnzy$_run_closure1                                   : loaded 2 times (x 139B)
Class build_3wvh980or756czrtmx0yhw7fr                                                 : loaded 2 times (x 180B)
Class com.google.common.base.Suppliers$MemoizingSupplier                              : loaded 2 times (x 79B)
Class com.google.common.io.CharSource$EmptyCharSource                                 : loaded 2 times (x 86B)
Class org.jetbrains.kotlin.gradle.plugin.ProjectLocalConfigurations$ProjectLocalCompatibility: loaded 2 times (x 76B)
Class org.jetbrains.kotlin.gradle.dsl.KotlinJvmCompilerOptions                        : loaded 2 times (x 70B)
Class com.google.common.collect.CollectPreconditions                                  : loaded 2 times (x 71B)
Class com.google.common.base.CharMatcher$JavaIsoControl                               : loaded 2 times (x 112B)
Class kotlin.collections.MapsKt___MapsKt                                              : loaded 2 times (x 71B)
Class kotlin.collections.ArraysKt___ArraysKt                                          : loaded 2 times (x 71B)
Class [Lcom.google.common.io.FileWriteMode;                                           : loaded 2 times (x 69B)
Class org.jetbrains.kotlin.gradle.plugin.KotlinPluginLifecycleImpl$launch$1           : loaded 2 times (x 79B)
Class org.jetbrains.kotlin.gradle.utils.Completable                                   : loaded 2 times (x 72B)
Class org.jetbrains.kotlin.gradle.plugin.statistics.KotlinBuildStatsServicesRegistry$Companion: loaded 2 times (x 71B)
Class org.jetbrains.kotlin.gradle.plugin.internal.DefaultCompatibilityConventionRegistrar$Factory: loaded 2 times (x 76B)
Class com.google.common.collect.SortedMapDifference                                   : loaded 2 times (x 70B)
Class com.google.common.base.CharMatcher$JavaLowerCase                                : loaded 2 times (x 111B)
Class kotlin.collections.MapsKt__MapWithDefaultKt                                     : loaded 2 times (x 71B)
Class build_9lei75vd1n1ekpwlprvzcmasn$_run_closure1                                   : loaded 2 times (x 139B)
Class build_6tfulbst8r69nx0oui8jnpjj8$_run_closure1                                   : loaded 2 times (x 139B)
Class com.google.common.collect.Iterables$4                                           : loaded 2 times (x 81B)
Class com.google.common.io.Files                                                      : loaded 2 times (x 71B)
Class org.jetbrains.kotlin.gradle.tasks.DefaultKotlinJavaToolchain$DefaultJdkSetter   : loaded 2 times (x 76B)
Class org.jetbrains.kotlin.cli.common.arguments.CommonCompilerArguments               : loaded 2 times (x 80B)
Class org.jetbrains.kotlin.gradle.plugin.mpp.KotlinOnlyTarget                         : loaded 2 times (x 159B)
Class org.jetbrains.kotlin.gradle.targets.js.npm.BaseNpmDependencyExtension           : loaded 2 times (x 70B)
Class org.jetbrains.kotlin.gradle.dsl.KotlinVersion$Companion                         : loaded 2 times (x 71B)
Class org.jetbrains.kotlin.gradle.InternalKotlinGradlePluginApi                       : loaded 2 times (x 70B)
Class org.jetbrains.kotlin.gradle.dsl.DefaultToolchainSupport                         : loaded 2 times (x 76B)
Class org.jetbrains.kotlin.gradle.plugin.internal.CustomPropertiesFileValueSource     : loaded 2 times (x 82B)
Class com.google.common.cache.LocalCache$EntryFactory                                 : loaded 2 times (x 83B)
Class kotlin.collections.CollectionsKt__MutableCollectionsJVMKt                       : loaded 2 times (x 71B)
Class kotlin.enums.EnumEntriesKt                                                      : loaded 2 times (x 71B)
Class kotlin.text.StringsKt___StringsKt                                               : loaded 2 times (x 71B)
Class com.google.common.collect.NullsLastOrdering                                     : loaded 2 times (x 115B)
Class org.jetbrains.kotlin.gradle.tasks.TaskOutputsBackup                             : loaded 2 times (x 72B)
Class org.jetbrains.kotlin.gradle.internal.StdlibDependencyManagementKt$configureStdlibVersionAlignment$1$1: loaded 2 times (x 75B)
Class org.jetbrains.kotlin.gradle.dsl.KotlinProjectExtension$awaitSourceSets$1        : loaded 2 times (x 88B)
Class org.jetbrains.kotlin.gradle.plugin.KotlinPluginLifecycle$CoroutineStart         : loaded 2 times (x 79B)
Class org.jetbrains.kotlin.gradle.tasks.TasksProviderKt$sam$org_gradle_api_Action$0   : loaded 2 times (x 75B)
Class org.jetbrains.kotlin.gradle.tooling.BuildKotlinToolingMetadataTask$FromKotlinExtension: loaded 2 times (x 317B)
Class org.jetbrains.kotlin.gradle.utils.FailuresKt                                    : loaded 2 times (x 71B)
Class org.jetbrains.kotlin.gradle.internal.ClassLoadersCachingBuildService$Companion$registerIfAbsent$1$1$1: loaded 2 times (x 75B)
Class org.jetbrains.kotlin.tooling.core.HasMutableExtras                              : loaded 2 times (x 70B)
Class com.google.common.cache.LocalCache$AbstractReferenceEntry                       : loaded 2 times (x 107B)
Class com.google.common.base.Splitter$1$1                                             : loaded 2 times (x 86B)
Class com.google.common.base.CharMatcher$Whitespace                                   : loaded 2 times (x 112B)
Class org.gradle.internal.IoActions                                                   : loaded 2 times (x 71B)
Class org.jetbrains.kotlin.gradle.internal.Kapt3KotlinGradleSubpluginKt               : loaded 2 times (x 71B)
Class org.jetbrains.kotlin.gradle.dsl.KotlinJvmCompile                                : loaded 2 times (x 70B)
Class com.google.common.collect.ImmutableRangeSet$ComplementRanges                    : loaded 2 times (x 207B)
Class org.jetbrains.kotlin.gradle.internal.Kapt3GradleSubplugin                       : loaded 2 times (x 83B)
Class org.jetbrains.kotlin.statistics.metrics.BooleanOverridePolicy$OR                : loaded 2 times (x 85B)
Class org.jetbrains.kotlin.gradle.plugin.UsesVariantImplementationFactories           : loaded 2 times (x 70B)
Class org.objectweb.asm.SymbolTable                                                   : loaded 2 times (x 72B)
Class com.google.common.cache.CacheLoader$InvalidCacheLoadException                   : loaded 2 times (x 82B)
Class com.google.common.collect.ImmutableSet$RegularSetBuilderImpl                    : loaded 2 times (x 77B)
Class com.google.common.base.CharMatcher$SingleWidth                                  : loaded 2 times (x 112B)
Class org.gradle.internal.classloader.SystemClassLoaderSpec                           : loaded 2 times (x 71B)
Class kotlin.jvm.internal.Intrinsics                                                  : loaded 2 times (x 71B)
Class com.google.common.collect.FluentIterable                                        : loaded 2 times (x 81B)
Class org.jetbrains.kotlin.gradle.tasks.CacheableTasksKt$cacheOnlyIfEnabledForKotlin$1$1: loaded 2 times (x 74B)
Class org.jetbrains.kotlin.gradle.tasks.configuration.BaseKotlinCompileConfig$1$1     : loaded 2 times (x 74B)
Class org.jetbrains.kotlin.gradle.plugin.mpp.compilationImpl.factory.KotlinCompilationImplFactory$PostConfigure: loaded 2 times (x 70B)
Class org.jetbrains.kotlin.gradle.plugin.diagnostics.checkers.NoKotlinTargetsDeclaredChecker$runChecks$1: loaded 2 times (x 88B)
Class org.jetbrains.kotlin.gradle.plugin.mpp.AbstractKotlinTarget$kotlinComponents$2  : loaded 2 times (x 79B)
Class org.jetbrains.kotlin.gradle.plugin.KotlinPlatformType$CompatibilityRule         : loaded 2 times (x 76B)
Class org.jetbrains.kotlin.gradle.plugin.BuildEventsListenerRegistryHolder            : loaded 2 times (x 72B)
Class [Lorg.jetbrains.kotlin.statistics.metrics.BooleanOverridePolicy;                : loaded 2 times (x 69B)
Class org.jetbrains.kotlin.gradle.plugin.internal.CustomPropertiesFileValueSource$Parameters$Inject: loaded 2 times (x 106B)
Class com.google.common.cache.LocalCache$StrongEntry                                  : loaded 2 times (x 108B)
Class com.google.common.util.concurrent.AbstractFuture$TrustedFuture                  : loaded 2 times (x 114B)
Class com.google.common.cache.LoadingCache                                            : loaded 2 times (x 70B)
Class kotlin.collections.MapsKt                                                       : loaded 2 times (x 71B)
Class kotlin.collections.CollectionsKt__IterablesKt                                   : loaded 2 times (x 71B)
Class com.google.common.base.Suppliers$NonSerializableMemoizingSupplier               : loaded 2 times (x 79B)
Class com.google.common.io.ByteStreams$LimitedInputStream                             : loaded 2 times (x 92B)
Class org.jetbrains.kotlin.gradle.tasks.GradleCompileTaskProvider                     : loaded 2 times (x 72B)
Class org.jetbrains.kotlin.gradle.plugin.mpp.KotlinTargetSoftwareComponentImplKt$KotlinTargetSoftwareComponent$1: loaded 2 times (x 95B)
Class org.jetbrains.kotlin.gradle.plugin.internal.BuildIdService                      : loaded 2 times (x 76B)
Class org.jetbrains.kotlin.gradle.plugin.mpp.compilationImpl.factory.KotlinCompilationDependencyConfigurationsFactoriesKt: loaded 2 times (x 71B)
Class org.jetbrains.kotlin.gradle.plugin.mpp.compilationImpl.DefaultKotlinCompilationFriendPathsResolver: loaded 2 times (x 75B)
Class org.jetbrains.kotlin.gradle.plugin.diagnostics.checkers.WasmSourceSetsNotFoundChecker$runChecks$1: loaded 2 times (x 88B)
Class org.jetbrains.kotlin.gradle.dsl.KotlinVersion                                   : loaded 2 times (x 79B)
Class org.objectweb.asm.MethodWriter                                                  : loaded 2 times (x 106B)
Class [Lcom.google.common.cache.Weigher;                                              : loaded 2 times (x 69B)
Class com.google.common.collect.RegularImmutableMap$BucketOverflowException           : loaded 2 times (x 82B)
Class kotlin.KotlinNullPointerException                                               : loaded 2 times (x 83B)
Class com.google.common.collect.AbstractMapBasedMultimap$RandomAccessWrappedList      : loaded 2 times (x 205B)
Class org.jetbrains.kotlin.gradle.plugin.sources.KotlinDependencyScope$Companion      : loaded 2 times (x 71B)
Class org.jetbrains.kotlin.gradle.plugin.KotlinPluginLifecycleKt$launchInStage$1      : loaded 2 times (x 95B)
Class org.jetbrains.kotlin.gradle.tasks.configuration.BaseKotlinCompileConfig$1$3     : loaded 2 times (x 75B)
Class org.jetbrains.kotlin.gradle.tasks.KotlinJvmCompile                              : loaded 2 times (x 70B)
Class org.jetbrains.kotlin.gradle.plugin.mpp.compilationImpl.KotlinCompilationSourceSetsContainerKt: loaded 2 times (x 71B)
Class org.jetbrains.kotlin.gradle.report.BuildReportMode                              : loaded 2 times (x 79B)
Class org.jetbrains.kotlin.statistics.metrics.StringAnonymizationPolicy$RegexControlled: loaded 2 times (x 79B)
Class org.jetbrains.kotlin.statistics.ValueAnonymizer                                 : loaded 2 times (x 70B)
Class org.jetbrains.kotlin.gradle.plugin.VariantImplementationFactories$Companion$getProvider$2$1$1: loaded 2 times (x 75B)
Class org.jetbrains.kotlin.gradle.plugin.internal.ProjectIsolationStartParameterAccessor$Factory: loaded 2 times (x 70B)
Class kotlin.ranges.RangesKt___RangesKt                                               : loaded 2 times (x 71B)
Class com.google.common.collect.AbstractIterator$State                                : loaded 2 times (x 79B)
Class org.jetbrains.kotlin.gradle.tasks.KotlinCompile$disableMultiModuleIC$2$1        : loaded 2 times (x 75B)
Class org.jetbrains.kotlin.gradle.tasks.DefaultKotlinJavaToolchain$javaExecutable$1   : loaded 2 times (x 75B)
Class org.jetbrains.kotlin.build.report.metrics.BuildAttribute                        : loaded 2 times (x 79B)
Class org.jetbrains.kotlin.gradle.plugin.mpp.compilationImpl.KotlinCompilationRegisterInSourceSetsConfigurator: loaded 2 times (x 74B)
Class org.jetbrains.kotlin.gradle.plugin.mpp.compilationImpl.factory.DefaultKotlinCompilationTaskNamesContainerFactory: loaded 2 times (x 74B)
Class [Lorg.jetbrains.kotlin.gradle.targets.js.npm.NpmDependency$Scope;               : loaded 2 times (x 69B)
Class org.jetbrains.kotlin.gradle.plugin.KotlinCompilerPluginSupportPlugin            : loaded 2 times (x 70B)
Class org.jetbrains.kotlin.gradle.plugin.mpp.AbstractKotlinTarget$components$2        : loaded 2 times (x 79B)
Class org.jetbrains.kotlin.gradle.plugin.mpp.KotlinUsages$setupAttributesMatchingStrategy$1: loaded 2 times (x 74B)
Class org.jetbrains.kotlin.gradle.utils.AndroidPluginIdsKt                            : loaded 2 times (x 71B)
Class com.google.common.collect.RegularImmutableBiMap                                 : loaded 2 times (x 148B)
Class com.google.common.cache.LocalCache$ValueReference                               : loaded 2 times (x 70B)
Class com.google.common.base.CharMatcher$Negated                                      : loaded 2 times (x 113B)
Class com.google.common.base.CharMatcher$Is                                           : loaded 2 times (x 111B)
Class org.jetbrains.kotlin.gradle.plugin.KotlinBasePlugin                             : loaded 2 times (x 70B)
Class kotlin.collections.ArraysKt                                                     : loaded 2 times (x 71B)
Class com.google.common.hash.PrimitiveSink                                            : loaded 2 times (x 70B)
Class org.jetbrains.kotlin.gradle.tasks.internal.KotlinJvmOptionsCompat               : loaded 2 times (x 103B)
Class org.jetbrains.kotlin.cli.common.arguments.CommonToolArguments                   : loaded 2 times (x 73B)
Class org.jetbrains.kotlin.gradle.utils.FutureKt                                      : loaded 2 times (x 71B)
Class org.jetbrains.kotlin.gradle.logging.GradleLoggingUtilsKt                        : loaded 2 times (x 71B)
Class com.google.common.util.concurrent.AbstractFuture$Failure                        : loaded 2 times (x 72B)
Class com.google.common.base.Equivalence$Equals                                       : loaded 2 times (x 82B)
Class com.google.common.collect.Hashing                                               : loaded 2 times (x 71B)
Class com.google.common.base.PatternCompiler                                          : loaded 2 times (x 70B)
Class com.google.common.base.Preconditions                                            : loaded 2 times (x 71B)
Class kotlin.collections.SetsKt__SetsKt                                               : loaded 2 times (x 71B)
Class kotlin.LazyKt                                                                   : loaded 2 times (x 71B)
Class com.google.common.collect.ImmutableSetMultimap                                  : loaded 2 times (x 180B)
Class com.google.common.io.CharSink                                                   : loaded 2 times (x 79B)
Class com.google.common.collect.ByFunctionOrdering                                    : loaded 2 times (x 115B)
Class org.jetbrains.kotlin.compilerRunner.GradleCompilerRunner$Companion              : loaded 2 times (x 71B)
Class [Lorg.jetbrains.kotlin.gradle.dsl.PlatformSourceSetConventionsChecker$CheckedPlatformInfo;: loaded 2 times (x 69B)
Class org.jetbrains.kotlin.gradle.plugin.diagnostics.KotlinGradleProjectCheckerContext: loaded 2 times (x 72B)
Class org.jetbrains.kotlin.gradle.plugin.diagnostics.checkers.DuplicateSourceSetChecker: loaded 2 times (x 74B)
Class org.jetbrains.kotlin.gradle.dsl.KotlinTargetContainerWithNativeShortcuts        : loaded 2 times (x 70B)
Class org.jetbrains.kotlin.gradle.plugin.DefaultKotlinBasePlugin$setupAttributeMatchingStrategy$1$1: loaded 2 times (x 79B)
Class org.jetbrains.kotlin.statistics.metrics.NumericalMetrics$Companion              : loaded 2 times (x 71B)
Class [Lorg.jetbrains.kotlin.statistics.metrics.NumberAnonymizationPolicy;            : loaded 2 times (x 69B)
Class org.jetbrains.kotlin.statistics.metrics.NumberOverridePolicy$OVERRIDE           : loaded 2 times (x 85B)
Class com.google.common.base.Joiner$1                                                 : loaded 2 times (x 80B)
Class org.objectweb.asm.Label                                                         : loaded 2 times (x 73B)
Class org.objectweb.asm.CurrentFrame                                                  : loaded 2 times (x 73B)
Class org.objectweb.asm.ClassTooLargeException                                        : loaded 2 times (x 83B)
Class com.google.common.collect.PeekingIterator                                       : loaded 2 times (x 70B)
Class com.google.common.base.CharMatcher                                              : loaded 2 times (x 111B)
Class kotlin.collections.ArraysKt__ArraysJVMKt                                        : loaded 2 times (x 71B)
Class com.google.common.collect.Maps$IteratorBasedAbstractMap                         : loaded 2 times (x 125B)
Class com.google.common.io.ByteSource$AsCharSource                                    : loaded 2 times (x 86B)
Class org.jetbrains.kotlin.gradle.tasks.configuration.AbstractKotlinCompileConfig$2$2$1: loaded 2 times (x 75B)
Class org.jetbrains.kotlin.build.report.metrics.BuildAttributes$Companion             : loaded 2 times (x 71B)
Class org.jetbrains.kotlin.gradle.tasks.KotlinCompilationTask                         : loaded 2 times (x 70B)
Class org.jetbrains.kotlin.gradle.plugin.mpp.compilationImpl.factory.KotlinCompilationImplFactory$ProcessResourcesTaskNameFactory: loaded 2 times (x 70B)
Class com.google.common.collect.RangeGwtSerializationDependencies                     : loaded 2 times (x 71B)
Class org.jetbrains.kotlin.gradle.internal.KotlinDependenciesManagementKt             : loaded 2 times (x 71B)
Class org.jetbrains.kotlin.gradle.plugin.DefaultKotlinBasePlugin$setupAttributeMatchingStrategy$1$2: loaded 2 times (x 79B)
Class org.jetbrains.kotlin.gradle.plugin.internal.CustomPropertiesFileValueSource$Inject: loaded 2 times (x 113B)
Class com.google.common.base.Joiner$2                                                 : loaded 2 times (x 79B)
Class org.objectweb.asm.Frame                                                         : loaded 2 times (x 73B)
Class org.objectweb.asm.MethodVisitor                                                 : loaded 2 times (x 105B)
Class com.google.common.cache.LocalCache$EntryFactory$1                               : loaded 2 times (x 83B)
Class [Lcom.google.common.cache.RemovalListener;                                      : loaded 2 times (x 69B)
Class com.google.common.base.CharMatcher$1                                            : loaded 2 times (x 113B)
Class com.google.common.base.CharMatcher$NamedFastMatcher                             : loaded 2 times (x 112B)
Class kotlin.text.StringsKt__StringBuilderKt                                          : loaded 2 times (x 71B)
Class org.jetbrains.kotlin.compilerRunner.UsesCompilerSystemPropertiesService         : loaded 2 times (x 70B)
Class org.jetbrains.kotlin.gradle.plugin.mpp.compilationImpl.KotlinCompilationSourceSetInclusion$Companion: loaded 2 times (x 71B)
Class com.google.common.collect.RangeSet                                              : loaded 2 times (x 70B)
Class org.jetbrains.kotlin.gradle.plugin.diagnostics.checkers.MissingNativeStdlibChecker$runChecks$1: loaded 2 times (x 88B)
Class [Lorg.jetbrains.kotlin.gradle.plugin.sources.android.AndroidVariantType;        : loaded 2 times (x 69B)
Class org.jetbrains.kotlin.gradle.plugin.sources.android.AndroidVariantType           : loaded 2 times (x 79B)
Class org.jetbrains.kotlin.gradle.plugin.mpp.KotlinTargetSoftwareComponent            : loaded 2 times (x 89B)
Class org.jetbrains.kotlin.gradle.plugin.mpp.KotlinVariant                            : loaded 2 times (x 101B)
Class org.jetbrains.kotlin.gradle.utils.WhenPluginEnabledKt                           : loaded 2 times (x 71B)
Class org.jetbrains.kotlin.tooling.core.ExtrasProperty                                : loaded 2 times (x 70B)
Class org.jetbrains.kotlin.gradle.plugin.VariantImplementationFactories               : loaded 2 times (x 75B)
Class com.google.common.cache.LocalCache$EntryFactory$2                               : loaded 2 times (x 83B)
Class kotlin.Lazy                                                                     : loaded 2 times (x 70B)
Class kotlin.NoWhenBranchMatchedException                                             : loaded 2 times (x 82B)
Class build_bd0g1wr7vh14bk9g7h3c9wiko                                                 : loaded 2 times (x 180B)
Class build_4ieuykrdkdp5yukqfogmxybsc$_run_closure1                                   : loaded 2 times (x 139B)
Class com.google.common.collect.Multimaps                                             : loaded 2 times (x 71B)
Class org.jetbrains.kotlin.tooling.core.Extras$Entry$Companion                        : loaded 2 times (x 71B)
Class com.google.common.collect.CollectCollectors                                     : loaded 2 times (x 71B)
Class org.jetbrains.kotlin.gradle.targets.js.dsl.KotlinWasmWasiTargetDsl              : loaded 2 times (x 70B)
Class org.jetbrains.kotlin.gradle.plugin.diagnostics.checkers.DisabledNativeTargetsChecker: loaded 2 times (x 74B)
Class org.jetbrains.kotlin.gradle.internal.CompilerArgumentAware                      : loaded 2 times (x 70B)
Class org.objectweb.asm.ModuleWriter                                                  : loaded 2 times (x 82B)
Class com.google.common.cache.LocalCache$EntryFactory$3                               : loaded 2 times (x 83B)
Class com.google.common.base.Ticker$1                                                 : loaded 2 times (x 72B)
Class com.google.common.collect.ImmutableMapEntrySet$RegularEntrySet                  : loaded 2 times (x 151B)
Class com.google.common.collect.Maps$BiMapConverter                                   : loaded 2 times (x 90B)
Class Native_plugin_loader_gradle$NativePluginLoader                                  : loaded 2 times (x 72B)
Class org.jetbrains.kotlin.gradle.tasks.K2MultiplatformStructure_Decorated            : loaded 2 times (x 135B)
Class org.jetbrains.kotlin.compilerRunner.GradleCompilerRunner                        : loaded 2 times (x 73B)
Class com.google.common.collect.SetMultimap                                           : loaded 2 times (x 70B)
Class org.jetbrains.kotlin.gradle.dsl.AndroidMainSourceSetConventionsChecker$runChecks$1: loaded 2 times (x 88B)
Class org.jetbrains.kotlin.gradle.plugin.sources.FragmentConsistencyChecks            : loaded 2 times (x 72B)
Class org.jetbrains.kotlin.gradle.plugin.mpp.InternalKotlinTargetComponent            : loaded 2 times (x 93B)
Class org.jetbrains.kotlin.gradle.utils.ProviderApiUtilsKt                            : loaded 2 times (x 71B)
Class org.jetbrains.kotlin.gradle.internal.tasks.TaskWithLocalState                   : loaded 2 times (x 70B)
Class org.jetbrains.kotlin.statistics.metrics.BooleanMetrics                          : loaded 2 times (x 80B)
Class com.google.common.cache.LocalCache$EntryFactory$4                               : loaded 2 times (x 83B)
Class com.google.common.collect.ImmutableSet$Builder                                  : loaded 2 times (x 85B)
Class com.google.common.base.CharMatcher$InRange                                      : loaded 2 times (x 111B)
Class kotlin.sequences.ConstrainedOnceSequence                                        : loaded 2 times (x 75B)
Class build_a4x7tvv1bvly0grvbfjty46yj$_run_closure1                                   : loaded 2 times (x 139B)
Class com.google.common.io.ByteStreams$1                                              : loaded 2 times (x 85B)
Class com.google.common.collect.ReverseOrdering                                       : loaded 2 times (x 115B)
Class org.jetbrains.kotlin.gradle.plugin.sources.KotlinDependencyScopeKt$WhenMappings : loaded 2 times (x 71B)
Class org.jetbrains.kotlin.gradle.tasks.K2MultiplatformCompilationTask                : loaded 2 times (x 70B)
Class org.jetbrains.kotlin.gradle.plugin.sources.FragmentConsistencyChecks$languageVersionCheck$1: loaded 2 times (x 79B)
Class org.jetbrains.kotlin.gradle.plugin.mpp.DecoratedKotlinCompilation               : loaded 2 times (x 191B)
Class [Lorg.jetbrains.kotlin.gradle.plugin.KotlinPlatformType;                        : loaded 2 times (x 69B)
Class org.jetbrains.kotlin.statistics.metrics.NumberOverridePolicy$AVERAGE            : loaded 2 times (x 85B)
Class org.jetbrains.kotlin.gradle.plugin.VariantImplementationFactories$Parameters$Inject: loaded 2 times (x 106B)
Class com.google.common.cache.LocalCache$EntryFactory$5                               : loaded 2 times (x 83B)
Class kotlin.jvm.internal.markers.KMappedMarker                                       : loaded 2 times (x 70B)
Class build_4ieuykrdkdp5yukqfogmxybsc                                                 : loaded 2 times (x 180B)
Class com.google.common.collect.HashMultimap                                          : loaded 2 times (x 174B)
Class org.jetbrains.kotlin.gradle.plugin.mpp.MppSourcesJarKt$sourcesJarTaskNamed$result$1: loaded 2 times (x 79B)
Class org.jetbrains.kotlin.gradle.tasks.configuration.BaseKotlinCompileConfig$1       : loaded 2 times (x 79B)
Class org.jetbrains.kotlin.gradle.plugin.UsesBuildFinishedListenerService             : loaded 2 times (x 70B)
Class org.jetbrains.kotlin.gradle.plugin.mpp.compilationImpl.factory.ConfigurationNaming$Default: loaded 2 times (x 75B)
Class org.jetbrains.kotlin.gradle.plugin.mpp.compilationImpl.KotlinCompilationSourceSetInclusion: loaded 2 times (x 72B)
Class org.jetbrains.kotlin.gradle.targets.jvm.KotlinJvmTarget                         : loaded 2 times (x 172B)
Class org.jetbrains.kotlin.gradle.targets.js.dsl.KotlinWasmJsTargetDsl                : loaded 2 times (x 70B)
Class org.jetbrains.kotlin.gradle.plugin.diagnostics.checkers.DisabledNativeTargetsChecker$runChecks$1: loaded 2 times (x 88B)
Class org.jetbrains.kotlin.gradle.plugin.KotlinPluginLifecycleImpl$await$2$1          : loaded 2 times (x 79B)
Class org.jetbrains.kotlin.gradle.plugin.sources.DefaultLanguageSettingsBuilder       : loaded 2 times (x 100B)
Class org.jetbrains.kotlin.gradle.plugin.sources.FragmentConsistencyChecks$languageVersionCheck$2: loaded 2 times (x 78B)
Class org.jetbrains.kotlin.gradle.dsl.KotlinTargetContainerWithPresetFunctions        : loaded 2 times (x 70B)
Class org.jetbrains.kotlin.gradle.utils.GradleConfigurationUtilsKt                    : loaded 2 times (x 71B)
Class org.jetbrains.kotlin.gradle.plugin.StatisticsBuildFlowManager$subscribeForBuildResult$1: loaded 2 times (x 75B)
Class org.jetbrains.kotlin.gradle.plugin.internal.CustomPropertiesFileValueSource$Parameters: loaded 2 times (x 70B)
Class com.google.common.cache.LocalCache$EntryFactory$6                               : loaded 2 times (x 83B)
Class Build_gradle                                                                    : loaded 2 times (x 130B)
Class org.gradle.internal.installation.CurrentGradleInstallationLocator               : loaded 2 times (x 71B)
Class org.objectweb.asm.ClassReader                                                   : loaded 2 times (x 93B)
Class com.google.common.io.ByteSource$SlicedByteSource                                : loaded 2 times (x 85B)
Class org.jetbrains.kotlin.gradle.tasks.DefaultKotlinJavaToolchain$getToolsJarFromJvm$1: loaded 2 times (x 75B)
Class org.jetbrains.kotlin.build.report.metrics.GcMetrics                             : loaded 2 times (x 72B)
Class org.jetbrains.kotlin.gradle.tasks.configuration.BaseKotlinCompileConfig$2       : loaded 2 times (x 79B)
Class org.jetbrains.kotlin.gradle.plugin.BuildFinishedListenerService$Companion$registerIfAbsent$2$1$1: loaded 2 times (x 75B)
Class com.google.common.collect.Maps$KeySet                                           : loaded 2 times (x 137B)
Class org.jetbrains.kotlin.gradle.plugin.mpp.InternalKotlinCompilation                : loaded 2 times (x 70B)
Class org.jetbrains.kotlin.gradle.plugin.AbstractKotlinJsPluginWrapper                : loaded 2 times (x 86B)
Class org.jetbrains.kotlin.gradle.plugin.KotlinPluginWrapperKt                        : loaded 2 times (x 71B)
Class com.google.common.cache.LocalCache$EntryFactory$7                               : loaded 2 times (x 83B)
Class com.google.common.collect.ImmutableSet$EmptySetBuilderImpl                      : loaded 2 times (x 76B)
Class com.google.common.collect.ImmutableList                                         : loaded 2 times (x 206B)
Class org.gradle.internal.service.DefaultServiceLocator                               : loaded 2 times (x 83B)
Class com.google.common.collect.Maps$EntrySet                                         : loaded 2 times (x 136B)
Class org.jetbrains.kotlin.gradle.tasks.KotlinCompile$scriptExtensions$1              : loaded 2 times (x 79B)
Class org.jetbrains.kotlin.gradle.tasks.K2MultiplatformStructure$Fragment             : loaded 2 times (x 72B)
Class org.jetbrains.kotlin.compilerRunner.CompilerSystemPropertiesService$Companion$registerIfAbsent$1: loaded 2 times (x 75B)
Class org.jetbrains.kotlin.util.capitalizeDecapitalize.CapitalizeDecapitalizeKt       : loaded 2 times (x 71B)
Class org.jetbrains.kotlin.gradle.plugin.diagnostics.checkers.AndroidPluginWithoutAndroidTargetChecker: loaded 2 times (x 74B)
Class org.jetbrains.kotlin.statistics.metrics.NumberOverridePolicy                    : loaded 2 times (x 85B)
Class org.jetbrains.kotlin.statistics.metrics.StringAnonymizationPolicy$AllowedListAnonymizer$Companion: loaded 2 times (x 71B)
Class org.jetbrains.kotlin.gradle.plugin.internal.ProjectIsolationStartParameterAccessorKt: loaded 2 times (x 71B)
Class org.jetbrains.kotlin.gradle.testing.internal.KotlinTestsRegistry                : loaded 2 times (x 72B)
Class com.google.common.cache.LocalCache$EntryFactory$8                               : loaded 2 times (x 83B)
Class com.google.common.collect.ImmutableSet$SetBuilderImpl                           : loaded 2 times (x 76B)
Class org.gradle.internal.installation.CurrentGradleInstallation                      : loaded 2 times (x 73B)
Class build_7pmvorfh50k4gqxfdnp95v1li$_run_closure1                                   : loaded 2 times (x 139B)
Class com.google.common.collect.ForwardingObject                                      : loaded 2 times (x 72B)
Class org.jetbrains.kotlin.gradle.tasks.KotlinCompilerExecutionStrategy               : loaded 2 times (x 79B)
Class org.jetbrains.kotlin.gradle.plugin.mpp.InternalKotlinCompilationKt$awaitAllKotlinSourceSets$1: loaded 2 times (x 88B)
Class org.jetbrains.kotlin.gradle.plugin.sources.DefaultKotlinSourceSet$special$$inlined$Iterable$1: loaded 2 times (x 79B)
Class org.jetbrains.kotlin.gradle.plugin.mpp.compilationImpl.factory.KotlinCompilationImplFactory$KotlinCompilerOptionsFactory$Options: loaded 2 times (x 72B)
Class org.jetbrains.kotlin.gradle.plugin.KotlinCompilation                            : loaded 2 times (x 70B)
Class org.jetbrains.kotlin.gradle.plugin.KotlinTargetConfiguratorKt                   : loaded 2 times (x 71B)
Class org.jetbrains.kotlin.tooling.core.Extras$Type$Companion                         : loaded 2 times (x 71B)
Class com.google.common.cache.CacheLoader$1                                           : loaded 2 times (x 75B)
Class com.google.common.collect.ImmutableList$SubList                                 : loaded 2 times (x 208B)
Class org.gradle.util.internal.GUtil                                                  : loaded 2 times (x 71B)
Class kotlin.collections.CollectionsKt                                                : loaded 2 times (x 71B)
Class com.google.common.io.ByteSource                                                 : loaded 2 times (x 84B)
Class org.jetbrains.kotlin.gradle.plugin.mpp.InternalKotlinTargetKt$isSourcesPublishableFuture$2: loaded 2 times (x 95B)
Class org.jetbrains.kotlin.gradle.plugin.mpp.KotlinCompilationFactory                 : loaded 2 times (x 70B)
Class org.jetbrains.kotlin.gradle.dsl.IosSourceSetConventionChecker$runChecks$1       : loaded 2 times (x 88B)
Class org.jetbrains.kotlin.gradle.plugin.mpp.AbstractKotlinCompilation                : loaded 2 times (x 191B)
Class org.jetbrains.kotlin.gradle.plugin.diagnostics.checkers.UnusedSourceSetsChecker : loaded 2 times (x 74B)
Class org.jetbrains.kotlin.gradle.utils.Future                                        : loaded 2 times (x 70B)
Class org.jetbrains.kotlin.gradle.plugin.BuildFinishFlowAction$Parameters             : loaded 2 times (x 70B)
Class com.google.common.util.concurrent.AbstractFuture$SetFuture                      : loaded 2 times (x 75B)
Class com.google.common.cache.AbstractCache$StatsCounter                              : loaded 2 times (x 70B)
Class build_8pyaeahg9nc3hck27xi8fyy8m$_run_closure1                                   : loaded 2 times (x 139B)
Class build_6tfulbst8r69nx0oui8jnpjj8                                                 : loaded 2 times (x 180B)
Class org.objectweb.asm.Context                                                       : loaded 2 times (x 72B)
Class org.jetbrains.kotlin.gradle.plugin.mpp.KotlinTargetSoftwareComponentImplKt      : loaded 2 times (x 71B)
Class org.jetbrains.kotlin.gradle.targets.js.dsl.KotlinJsSubTargetContainerDsl        : loaded 2 times (x 70B)
Class org.jetbrains.kotlin.tooling.core.MutableExtrasImpl$Companion                   : loaded 2 times (x 71B)
Class org.jetbrains.kotlin.gradle.plugin.KotlinGradleBuildServices$Companion$registerIfAbsent$1: loaded 2 times (x 75B)
Class org.jetbrains.kotlin.statistics.fileloggers.MetricsContainer                    : loaded 2 times (x 77B)
Class org.jetbrains.kotlin.gradle.plugin.internal.ProjectIsolationStartParameterAccessor: loaded 2 times (x 70B)
Class com.google.common.collect.Iterators$MergingIterator                             : loaded 2 times (x 81B)
Class com.google.common.collect.RegularImmutableSet                                   : loaded 2 times (x 148B)
Class org.gradle.internal.installation.GradleInstallation                             : loaded 2 times (x 75B)
Class com.google.common.collect.ForwardingCollection                                  : loaded 2 times (x 130B)
Class com.google.common.collect.LexicographicalOrdering                               : loaded 2 times (x 115B)
Class org.jetbrains.kotlin.gradle.dsl.KotlinJvmCompile$DefaultImpls                   : loaded 2 times (x 71B)
Class org.jetbrains.kotlin.gradle.plugin.mpp.compilationImpl.factory.KotlinCompilationImplFactory$create$1: loaded 2 times (x 75B)
Class com.google.common.collect.ElementTypesAreNonnullByDefault                       : loaded 2 times (x 70B)
Class org.jetbrains.kotlin.gradle.tasks.KotlinJavaToolchain                           : loaded 2 times (x 70B)
Class org.jetbrains.kotlin.gradle.plugin.BuildFinishFlowAction                        : loaded 2 times (x 74B)
Class org.jetbrains.kotlin.statistics.metrics.BooleanMetrics$Companion                : loaded 2 times (x 71B)
Class org.jetbrains.kotlin.gradle.plugin.internal.CompatibilityConventionRegistrar    : loaded 2 times (x 70B)
Class com.google.common.collect.Iterables                                             : loaded 2 times (x 71B)
Class com.google.common.base.Splitter$Strategy                                        : loaded 2 times (x 70B)
Class org.jetbrains.kotlin.gradle.plugin.mpp.KotlinJvmCompilation                     : loaded 2 times (x 200B)
Class org.jetbrains.kotlin.gradle.plugin.KotlinCompilation$Companion                  : loaded 2 times (x 71B)
Class org.jetbrains.kotlin.gradle.dsl.ToolchainSupport$Companion                      : loaded 2 times (x 71B)
Class org.jetbrains.kotlin.gradle.plugin.KotlinSourceSet                              : loaded 2 times (x 70B)

---------------  S Y S T E M  ---------------

OS:
 Windows 11 , 64 bit Build 26100 (10.0.26100.8246)
OS uptime: 8 days 3:55 hours

CPU: total 8 (initial active 8) (4 cores per cpu, 2 threads per core) family 6 model 140 stepping 2 microcode 0x38, cx8, cmov, fxsr, ht, mmx, 3dnowpref, sse, sse2, sse3, ssse3, sse4.1, sse4.2, popcnt, lzcnt, tsc, tscinvbit, avx, avx2, aes, erms, clmul, bmi1, bmi2, adx, avx512f, avx512dq, avx512cd, avx512bw, avx512vl, sha, fma, vzeroupper, avx512_vpopcntdq, avx512_vpclmulqdq, avx512_vaes, avx512_vnni, clflush, clflushopt, clwb, avx512_vbmi2, avx512_vbmi, rdtscp, rdpid, fsrm, gfni, avx512_bitalg, f16c, pku, cet_ibt, cet_ss, avx512_ifma
Processor Information for the first 8 processors :
  Max Mhz: 1498, Current Mhz: 1498, Mhz Limit: 1498

Memory: 4k page, system-wide physical 7930M (470M free)
TotalPageFile size 32506M (AvailPageFile size 116M)
current process WorkingSet (physical memory assigned to process): 2319M, peak: 2391M
current process commit charge ("private bytes"): 2827M, peak: 3188M

vm_info: OpenJDK 64-Bit Server VM (21.0.8+-14196175-b1038.72) for windows-amd64 JRE (21.0.8+-14196175-b1038.72), built on 2025-10-01T10:24:33Z by "builder" with MS VC++ 16.10 / 16.11 (VS2019)

END.
