#
# There is insufficient memory for the Java Runtime Environment to continue.
# Native memory allocation (malloc) failed to allocate 1223856 bytes. Error detail: Chunk::new
# Possible reasons:
#   The system is out of physical RAM or swap space
#   This process is running with CompressedOops enabled, and the Java Heap may be blocking the growth of the native heap
# Possible solutions:
#   Reduce memory load on the system
#   Increase physical memory or swap space
#   Check if swap backing store is full
#   Decrease Java heap size (-Xmx/-Xms)
#   Decrease number of Java threads
#   Decrease Java thread stack sizes (-Xss)
#   Set larger code cache with -XX:ReservedCodeCacheSize=
#   JVM is running with Unscaled Compressed Oops mode in which the Java heap is
#     placed in the first 4GB address space. The Java Heap base address is the
#     maximum limit for the native heap growth. Please use -XX:HeapBaseMinAddress
#     to set the Java Heap base and to place the Java Heap above 4GB virtual address.
# This output file may be truncated or incomplete.
#
#  Out of Memory Error (arena.cpp:168), pid=4440, tid=40880
#
# JRE version: OpenJDK Runtime Environment (21.0.8) (build 21.0.8+-14196175-b1038.72)
# Java VM: OpenJDK 64-Bit Server VM (21.0.8+-14196175-b1038.72, mixed mode, tiered, compressed oops, compressed class ptrs, g1 gc, windows-amd64)
# No core dump will be written. Minidumps are not enabled by default on client versions of Windows
#

---------------  S U M M A R Y ------------

Command Line: -XX:MaxMetaspaceSize=256m -XX:+UseG1GC -XX:ReservedCodeCacheSize=192m --add-opens=java.base/java.util=ALL-UNNAMED --add-opens=java.base/java.lang=ALL-UNNAMED --add-opens=java.base/java.lang.invoke=ALL-UNNAMED --add-opens=java.prefs/java.util.prefs=ALL-UNNAMED --add-exports=jdk.compiler/com.sun.tools.javac.api=ALL-UNNAMED --add-exports=jdk.compiler/com.sun.tools.javac.util=ALL-UNNAMED --add-opens=java.base/java.nio.charset=ALL-UNNAMED --add-opens=java.base/java.net=ALL-UNNAMED --add-opens=java.base/java.util.concurrent.atomic=ALL-UNNAMED -Xmx1536m -Dfile.encoding=UTF-8 -Duser.country=IN -Duser.language=en -Duser.variant -javaagent:C:\Users\kiran\.gradle\wrapper\dists\gradle-8.9-bin\90cnw93cvbtalezasaz0blq0a\gradle-8.9\lib\agents\gradle-instrumentation-agent-8.9.jar org.gradle.launcher.daemon.bootstrap.GradleDaemon 8.9

Host: 11th Gen Intel(R) Core(TM) i5-1155G7 @ 2.50GHz, 8 cores, 7G,  Windows 11 , 64 bit Build 26100 (10.0.26100.8246)
Time: Fri Apr 24 22:19:26 2026 India Standard Time elapsed time: 44.126908 seconds (0d 0h 0m 44s)

---------------  T H R E A D  ---------------

Current thread (0x00000248657317f0):  JavaThread "C2 CompilerThread0" daemon [_thread_in_native, id=40880, stack(0x0000006669800000,0x0000006669900000) (1024K)]


Current CompileTask:
C2:44127 10733   !   4       java.net.URLClassLoader$1::run (81 bytes)

Stack: [0x0000006669800000,0x0000006669900000]
Native frames: (J=compiled Java code, j=interpreted, Vv=VM code, C=native code)
V  [jvm.dll+0x6d68d9]
V  [jvm.dll+0x866693]
V  [jvm.dll+0x868c4e]
V  [jvm.dll+0x869333]
V  [jvm.dll+0x280566]
V  [jvm.dll+0xc07cd]
V  [jvm.dll+0xc0d03]
V  [jvm.dll+0x3b95e1]
V  [jvm.dll+0x1dfb24]
V  [jvm.dll+0x2493a4]
V  [jvm.dll+0x248821]
V  [jvm.dll+0x1c73a4]
V  [jvm.dll+0x257f9e]
V  [jvm.dll+0x2564e6]
V  [jvm.dll+0x3f4696]
V  [jvm.dll+0x80eac8]
V  [jvm.dll+0x6d512d]
C  [ucrtbase.dll+0x37b0]
C  [KERNEL32.DLL+0x2e8d7]
C  [ntdll.dll+0x8c3fc]


---------------  P R O C E S S  ---------------

Threads class SMR info:
_java_thread_list=0x000002486f331d40, length=54, elements={
0x0000024851970d90, 0x00000248657015e0, 0x0000024865705930, 0x0000024865706390,
0x0000024865745450, 0x0000024865745eb0, 0x000002486572cee0, 0x0000024865748330,
0x00000248657317f0, 0x0000024865751c00, 0x000002486574a400, 0x0000024865747ca0,
0x00000248657489c0, 0x0000024865747610, 0x0000024865749050, 0x00000248657496e0,
0x0000024865749d70, 0x000002486b87ae30, 0x000002486b87bb50, 0x000002486b87d590,
0x000002486b87b4c0, 0x000002486b87a110, 0x000002486b87cf00, 0x000002486b87a7a0,
0x000002486b87c1e0, 0x000002486ea35290, 0x000002486ea34c00, 0x000002486ea33850,
0x000002486ea35920, 0x000002486ea33ee0, 0x000002486ea35fb0, 0x000002486ea32b30,
0x000002486ea34570, 0x000002486ea331c0, 0x000002486ea38080, 0x000002486ea38710,
0x000002486ea38da0, 0x000002486ea39430, 0x000002486e38a4b0, 0x000002486e38ab40,
0x000002486e38b1d0, 0x000002486e38b860, 0x000002486e3883e0, 0x000002486e38bef0,
0x000002486e388a70, 0x000002486e38f370, 0x000002486e38dfc0, 0x000002486e38c580,
0x000002486ab95ce0, 0x000002486ab97090, 0x000002486ab96370, 0x000002486ab97720,
0x000002486ade36e0, 0x000002486ade1ba0
}

Java Threads: ( => current thread )
  0x0000024851970d90 JavaThread "main"                              [_thread_blocked, id=18116, stack(0x0000006668900000,0x0000006668a00000) (1024K)]
  0x00000248657015e0 JavaThread "Common-Cleaner"             daemon [_thread_blocked, id=43544, stack(0x0000006669100000,0x0000006669200000) (1024K)]
  0x0000024865705930 JavaThread "Reference Handler"          daemon [_thread_blocked, id=1616, stack(0x0000006669200000,0x0000006669300000) (1024K)]
  0x0000024865706390 JavaThread "Finalizer"                  daemon [_thread_blocked, id=25956, stack(0x0000006669300000,0x0000006669400000) (1024K)]
  0x0000024865745450 JavaThread "Signal Dispatcher"          daemon [_thread_blocked, id=7756, stack(0x0000006669400000,0x0000006669500000) (1024K)]
  0x0000024865745eb0 JavaThread "Attach Listener"            daemon [_thread_blocked, id=8676, stack(0x0000006669500000,0x0000006669600000) (1024K)]
  0x000002486572cee0 JavaThread "Service Thread"             daemon [_thread_blocked, id=29500, stack(0x0000006669600000,0x0000006669700000) (1024K)]
  0x0000024865748330 JavaThread "Monitor Deflation Thread"   daemon [_thread_blocked, id=12184, stack(0x0000006669700000,0x0000006669800000) (1024K)]
=>0x00000248657317f0 JavaThread "C2 CompilerThread0"         daemon [_thread_in_native, id=40880, stack(0x0000006669800000,0x0000006669900000) (1024K)]
  0x0000024865751c00 JavaThread "C1 CompilerThread0"         daemon [_thread_blocked, id=14728, stack(0x0000006669900000,0x0000006669a00000) (1024K)]
  0x000002486574a400 JavaThread "Notification Thread"        daemon [_thread_blocked, id=41688, stack(0x0000006669a00000,0x0000006669b00000) (1024K)]
  0x0000024865747ca0 JavaThread "Daemon health stats"               [_thread_blocked, id=17908, stack(0x0000006669b00000,0x0000006669c00000) (1024K)]
  0x00000248657489c0 JavaThread "Incoming local TCP Connector on port 49184"        [_thread_in_native, id=7340, stack(0x000000666a000000,0x000000666a100000) (1024K)]
  0x0000024865747610 JavaThread "Daemon periodic checks"            [_thread_blocked, id=42100, stack(0x000000666a200000,0x000000666a300000) (1024K)]
  0x0000024865749050 JavaThread "Daemon"                            [_thread_blocked, id=29192, stack(0x000000666a300000,0x000000666a400000) (1024K)]
  0x00000248657496e0 JavaThread "Handler for socket connection from /127.0.0.1:49184 to /127.0.0.1:49186"        [_thread_in_native, id=17776, stack(0x000000666a400000,0x000000666a500000) (1024K)]
  0x0000024865749d70 JavaThread "Cancel handler"                    [_thread_blocked, id=26472, stack(0x000000666a100000,0x000000666a200000) (1024K)]
  0x000002486b87ae30 JavaThread "Daemon worker"                     [_thread_in_native, id=11240, stack(0x000000666a500000,0x000000666a600000) (1024K)]
  0x000002486b87bb50 JavaThread "Asynchronous log dispatcher for DefaultDaemonConnection: socket connection from /127.0.0.1:49184 to /127.0.0.1:49186"        [_thread_blocked, id=35280, stack(0x000000666a600000,0x000000666a700000) (1024K)]
  0x000002486b87d590 JavaThread "Stdin handler"                     [_thread_blocked, id=12584, stack(0x000000666a700000,0x000000666a800000) (1024K)]
  0x000002486b87b4c0 JavaThread "Daemon client event forwarder"        [_thread_blocked, id=41396, stack(0x000000666a800000,0x000000666a900000) (1024K)]
  0x000002486b87a110 JavaThread "Cache worker for journal cache (C:\Users\kiran\.gradle\caches\journal-1)"        [_thread_blocked, id=12452, stack(0x000000666ad00000,0x000000666ae00000) (1024K)]
  0x000002486b87cf00 JavaThread "File lock request listener"        [_thread_in_native, id=16400, stack(0x000000666ae00000,0x000000666af00000) (1024K)]
  0x000002486b87a7a0 JavaThread "Cache worker for file hash cache (C:\Users\kiran\.gradle\caches\8.9\fileHashes)"        [_thread_blocked, id=21128, stack(0x000000666af00000,0x000000666b000000) (1024K)]
  0x000002486b87c1e0 JavaThread "Cache worker for file hash cache (C:\Users\kiran\Downloads\jago-Updates-23-04-jago\jago-Updates-23-04-jago\jago_app-main\flutter_apps\customer_app\android\.gradle\8.9\fileHashes)"        [_thread_blocked, id=24596, stack(0x000000666b100000,0x000000666b200000) (1024K)]
  0x000002486ea35290 JavaThread "Cache worker for Build Output Cleanup Cache (C:\Users\kiran\Downloads\jago-Updates-23-04-jago\jago-Updates-23-04-jago\jago_app-main\flutter_apps\customer_app\android\.gradle\buildOutputCleanup)"        [_thread_blocked, id=38048, stack(0x000000666b200000,0x000000666b300000) (1024K)]
  0x000002486ea34c00 JavaThread "File watcher server"        daemon [_thread_in_native, id=43492, stack(0x000000666b300000,0x000000666b400000) (1024K)]
  0x000002486ea33850 JavaThread "File watcher consumer"      daemon [_thread_blocked, id=8544, stack(0x000000666b400000,0x000000666b500000) (1024K)]
  0x000002486ea35920 JavaThread "Cache worker for checksums cache (C:\Users\kiran\Downloads\jago-Updates-23-04-jago\jago-Updates-23-04-jago\jago_app-main\flutter_apps\customer_app\android\.gradle\8.9\checksums)"        [_thread_blocked, id=27000, stack(0x000000666b500000,0x000000666b600000) (1024K)]
  0x000002486ea33ee0 JavaThread "Cache worker for file content cache (C:\Users\kiran\.gradle\caches\8.9\fileContent)"        [_thread_blocked, id=42656, stack(0x000000666b600000,0x000000666b700000) (1024K)]
  0x000002486ea35fb0 JavaThread "Cache worker for cache directory md-rule (C:\Users\kiran\.gradle\caches\8.9\md-rule)"        [_thread_blocked, id=19280, stack(0x000000666b700000,0x000000666b800000) (1024K)]
  0x000002486ea32b30 JavaThread "Cache worker for cache directory md-supplier (C:\Users\kiran\.gradle\caches\8.9\md-supplier)"        [_thread_blocked, id=28736, stack(0x000000666b800000,0x000000666b900000) (1024K)]
  0x000002486ea34570 JavaThread "jar transforms"                    [_thread_blocked, id=25820, stack(0x000000666b900000,0x000000666ba00000) (1024K)]
  0x000002486ea331c0 JavaThread "Cache worker for Build Output Cleanup Cache (C:\flutter\packages\flutter_tools\gradle\.gradle\buildOutputCleanup)"        [_thread_blocked, id=17800, stack(0x000000666ba00000,0x000000666bb00000) (1024K)]
  0x000002486ea38080 JavaThread "Unconstrained build operations"        [_thread_blocked, id=42900, stack(0x000000666bb00000,0x000000666bc00000) (1024K)]
  0x000002486ea38710 JavaThread "Unconstrained build operations Thread 2"        [_thread_blocked, id=33136, stack(0x000000666bc00000,0x000000666bd00000) (1024K)]
  0x000002486ea38da0 JavaThread "Unconstrained build operations Thread 3"        [_thread_blocked, id=40260, stack(0x000000666bd00000,0x000000666be00000) (1024K)]
  0x000002486ea39430 JavaThread "Memory manager"                    [_thread_blocked, id=22748, stack(0x000000666be00000,0x000000666bf00000) (1024K)]
  0x000002486e38a4b0 JavaThread "build event listener"              [_thread_blocked, id=2776, stack(0x000000666b000000,0x000000666b100000) (1024K)]
  0x000002486e38ab40 JavaThread "included builds"                   [_thread_blocked, id=29764, stack(0x000000666bf00000,0x000000666c000000) (1024K)]
  0x000002486e38b1d0 JavaThread "Cache worker for execution history cache (C:\flutter\packages\flutter_tools\gradle\.gradle\8.9\executionHistory)"        [_thread_blocked, id=30900, stack(0x000000666c000000,0x000000666c100000) (1024K)]
  0x000002486e38b860 JavaThread "Unconstrained build operations Thread 4"        [_thread_blocked, id=40532, stack(0x000000666c100000,0x000000666c200000) (1024K)]
  0x000002486e3883e0 JavaThread "Unconstrained build operations Thread 5"        [_thread_blocked, id=2740, stack(0x000000666c200000,0x000000666c300000) (1024K)]
  0x000002486e38bef0 JavaThread "Unconstrained build operations Thread 6"        [_thread_blocked, id=39820, stack(0x000000666c300000,0x000000666c400000) (1024K)]
  0x000002486e388a70 JavaThread "Unconstrained build operations Thread 7"        [_thread_blocked, id=24692, stack(0x000000666c400000,0x000000666c500000) (1024K)]
  0x000002486e38f370 JavaThread "Unconstrained build operations Thread 8"        [_thread_blocked, id=25816, stack(0x000000666c500000,0x000000666c600000) (1024K)]
  0x000002486e38dfc0 JavaThread "Unconstrained build operations Thread 9"        [_thread_blocked, id=13508, stack(0x000000666c600000,0x000000666c700000) (1024K)]
  0x000002486e38c580 JavaThread "Unconstrained build operations Thread 10"        [_thread_blocked, id=43844, stack(0x000000666c800000,0x000000666c900000) (1024K)]
  0x000002486ab95ce0 JavaThread "jar transforms Thread 2"           [_thread_blocked, id=39384, stack(0x000000666c900000,0x000000666ca00000) (1024K)]
  0x000002486ab97090 JavaThread "jar transforms Thread 3"           [_thread_blocked, id=15300, stack(0x000000666ca00000,0x000000666cb00000) (1024K)]
  0x000002486ab96370 JavaThread "jar transforms Thread 4"           [_thread_blocked, id=35660, stack(0x000000666cb00000,0x000000666cc00000) (1024K)]
  0x000002486ab97720 JavaThread "jar transforms Thread 5"           [_thread_blocked, id=30504, stack(0x000000666cc00000,0x000000666cd00000) (1024K)]
  0x000002486ade36e0 JavaThread "C2 CompilerThread1"         daemon [_thread_in_native, id=14788, stack(0x000000666c700000,0x000000666c800000) (1024K)]
  0x000002486ade1ba0 JavaThread "C2 CompilerThread2"         daemon [_thread_blocked, id=29148, stack(0x000000666cd00000,0x000000666ce00000) (1024K)]
Total: 54

Other Threads:
  0x00000248655052f0 VMThread "VM Thread"                           [id=42684, stack(0x0000006669000000,0x0000006669100000) (1024K)]
  0x00000248654f8b40 WatcherThread "VM Periodic Task Thread"        [id=42576, stack(0x0000006668f00000,0x0000006669000000) (1024K)]
  0x00000248519b8b10 WorkerThread "GC Thread#0"                     [id=5556, stack(0x0000006668a00000,0x0000006668b00000) (1024K)]
  0x0000024865504470 WorkerThread "GC Thread#1"                     [id=4508, stack(0x0000006669c00000,0x0000006669d00000) (1024K)]
  0x00000248655040d0 WorkerThread "GC Thread#2"                     [id=36088, stack(0x0000006669d00000,0x0000006669e00000) (1024K)]
  0x0000024865505690 WorkerThread "GC Thread#3"                     [id=16376, stack(0x0000006669e00000,0x0000006669f00000) (1024K)]
  0x0000024865505a30 WorkerThread "GC Thread#4"                     [id=3796, stack(0x0000006669f00000,0x000000666a000000) (1024K)]
  0x000002486bc6cf60 WorkerThread "GC Thread#5"                     [id=12284, stack(0x000000666a900000,0x000000666aa00000) (1024K)]
  0x000002486bc6c480 WorkerThread "GC Thread#6"                     [id=30912, stack(0x000000666aa00000,0x000000666ab00000) (1024K)]
  0x000002486bc6c820 WorkerThread "GC Thread#7"                     [id=38920, stack(0x000000666ab00000,0x000000666ac00000) (1024K)]
  0x00000248519c5cd0 ConcurrentGCThread "G1 Main Marker"            [id=40684, stack(0x0000006668b00000,0x0000006668c00000) (1024K)]
  0x00000248519c88a0 WorkerThread "G1 Conc#0"                       [id=33888, stack(0x0000006668c00000,0x0000006668d00000) (1024K)]
  0x000002486bc6b9a0 WorkerThread "G1 Conc#1"                       [id=2864, stack(0x000000666ac00000,0x000000666ad00000) (1024K)]
  0x00000248653cc0b0 ConcurrentGCThread "G1 Refine#0"               [id=13224, stack(0x0000006668d00000,0x0000006668e00000) (1024K)]
  0x00000248653cc8d0 ConcurrentGCThread "G1 Service"                [id=6476, stack(0x0000006668e00000,0x0000006668f00000) (1024K)]
Total: 15

Threads with active compile tasks:
C2 CompilerThread0  46162 10733   !   4       java.net.URLClassLoader$1::run (81 bytes)
C2 CompilerThread1  46162 10746       4       org.gradle.internal.instantiation.generator.AbstractClassGenerator::inspectType (560 bytes)
Total: 2

VM state: not at safepoint (normal execution)

VM Mutex/Monitor currently owned by a thread: None

Heap address: 0x00000000a0000000, size: 1536 MB, Compressed Oops mode: 32-bit

CDS archive(s) not mapped
Compressed class space mapped at: 0x0000000100000000-0x000000010d000000, reserved size: 218103808
Narrow klass base: 0x0000000000000000, Narrow klass shift: 3, Narrow klass range: 0x10d000000

GC Precious Log:
 CardTable entry size: 512
 Card Set container configuration: InlinePtr #cards 5 size 8 Array Of Cards #cards 12 size 40 Howl #buckets 4 coarsen threshold 1843 Howl Bitmap #cards 512 size 80 coarsen threshold 460 Card regions per heap region 1 cards per card region 2048
 CPUs: 8 total, 8 available
 Memory: 7930M
 Large Page Support: Disabled
 NUMA Support: Disabled
 Compressed Oops: Enabled (32-bit)
 Heap Region Size: 1M
 Heap Min Capacity: 8M
 Heap Initial Capacity: 124M
 Heap Max Capacity: 1536M
 Pre-touch: Disabled
 Parallel Workers: 8
 Concurrent Workers: 2
 Concurrent Refinement Workers: 8
 Periodic GC: Disabled

Heap:
 garbage-first heap   total 179200K, used 144104K [0x00000000a0000000, 0x0000000100000000)
  region size 1024K, 38 young (38912K), 2 survivors (2048K)
 Metaspace       used 91552K, committed 93440K, reserved 344064K
  class space    used 12925K, committed 13824K, reserved 212992K

Heap Regions: E=young(eden), S=young(survivor), O=old, HS=humongous(starts), HC=humongous(continues), CS=collection set, F=free, TAMS=top-at-mark-start, PB=parsable bottom
|   0|0x00000000a0000000, 0x00000000a0100000, 0x00000000a0100000|100%|HS|  |TAMS 0x00000000a0000000| PB 0x00000000a0000000| Complete 
|   1|0x00000000a0100000, 0x00000000a0200000, 0x00000000a0200000|100%|HC|  |TAMS 0x00000000a0100000| PB 0x00000000a0100000| Complete 
|   2|0x00000000a0200000, 0x00000000a0300000, 0x00000000a0300000|100%|HC|  |TAMS 0x00000000a0200000| PB 0x00000000a0200000| Complete 
|   3|0x00000000a0300000, 0x00000000a0400000, 0x00000000a0400000|100%|HC|  |TAMS 0x00000000a0300000| PB 0x00000000a0300000| Complete 
|   4|0x00000000a0400000, 0x00000000a0500000, 0x00000000a0500000|100%| O|  |TAMS 0x00000000a0400000| PB 0x00000000a0400000| Untracked 
|   5|0x00000000a0500000, 0x00000000a0600000, 0x00000000a0600000|100%| O|  |TAMS 0x00000000a0500000| PB 0x00000000a0500000| Untracked 
|   6|0x00000000a0600000, 0x00000000a0700000, 0x00000000a0700000|100%| O|  |TAMS 0x00000000a0600000| PB 0x00000000a0600000| Untracked 
|   7|0x00000000a0700000, 0x00000000a0800000, 0x00000000a0800000|100%| O|  |TAMS 0x00000000a0700000| PB 0x00000000a0700000| Untracked 
|   8|0x00000000a0800000, 0x00000000a0900000, 0x00000000a0900000|100%| O|  |TAMS 0x00000000a0800000| PB 0x00000000a0800000| Untracked 
|   9|0x00000000a0900000, 0x00000000a0a00000, 0x00000000a0a00000|100%| O|  |TAMS 0x00000000a0900000| PB 0x00000000a0900000| Untracked 
|  10|0x00000000a0a00000, 0x00000000a0b00000, 0x00000000a0b00000|100%| O|  |TAMS 0x00000000a0a00000| PB 0x00000000a0a00000| Untracked 
|  11|0x00000000a0b00000, 0x00000000a0c00000, 0x00000000a0c00000|100%|HS|  |TAMS 0x00000000a0b00000| PB 0x00000000a0b00000| Complete 
|  12|0x00000000a0c00000, 0x00000000a0d00000, 0x00000000a0d00000|100%| O|  |TAMS 0x00000000a0c00000| PB 0x00000000a0c00000| Untracked 
|  13|0x00000000a0d00000, 0x00000000a0e00000, 0x00000000a0e00000|100%| O|  |TAMS 0x00000000a0d00000| PB 0x00000000a0d00000| Untracked 
|  14|0x00000000a0e00000, 0x00000000a0f00000, 0x00000000a0f00000|100%| O|  |TAMS 0x00000000a0e00000| PB 0x00000000a0e00000| Untracked 
|  15|0x00000000a0f00000, 0x00000000a1000000, 0x00000000a1000000|100%| O|  |TAMS 0x00000000a0f00000| PB 0x00000000a0f00000| Untracked 
|  16|0x00000000a1000000, 0x00000000a1100000, 0x00000000a1100000|100%| O|  |TAMS 0x00000000a1000000| PB 0x00000000a1000000| Untracked 
|  17|0x00000000a1100000, 0x00000000a1200000, 0x00000000a1200000|100%| O|  |TAMS 0x00000000a1100000| PB 0x00000000a1100000| Untracked 
|  18|0x00000000a1200000, 0x00000000a1300000, 0x00000000a1300000|100%| O|  |TAMS 0x00000000a1200000| PB 0x00000000a1200000| Untracked 
|  19|0x00000000a1300000, 0x00000000a1400000, 0x00000000a1400000|100%| O|  |TAMS 0x00000000a1300000| PB 0x00000000a1300000| Untracked 
|  20|0x00000000a1400000, 0x00000000a1500000, 0x00000000a1500000|100%| O|  |TAMS 0x00000000a1400000| PB 0x00000000a1400000| Untracked 
|  21|0x00000000a1500000, 0x00000000a1600000, 0x00000000a1600000|100%| O|  |TAMS 0x00000000a1500000| PB 0x00000000a1500000| Untracked 
|  22|0x00000000a1600000, 0x00000000a1700000, 0x00000000a1700000|100%| O|  |TAMS 0x00000000a1600000| PB 0x00000000a1600000| Untracked 
|  23|0x00000000a1700000, 0x00000000a1800000, 0x00000000a1800000|100%| O|  |TAMS 0x00000000a1700000| PB 0x00000000a1700000| Untracked 
|  24|0x00000000a1800000, 0x00000000a1900000, 0x00000000a1900000|100%| O|  |TAMS 0x00000000a1800000| PB 0x00000000a1800000| Untracked 
|  25|0x00000000a1900000, 0x00000000a1a00000, 0x00000000a1a00000|100%| O|  |TAMS 0x00000000a1900000| PB 0x00000000a1900000| Untracked 
|  26|0x00000000a1a00000, 0x00000000a1b00000, 0x00000000a1b00000|100%| O|  |TAMS 0x00000000a1a00000| PB 0x00000000a1a00000| Untracked 
|  27|0x00000000a1b00000, 0x00000000a1c00000, 0x00000000a1c00000|100%| O|  |TAMS 0x00000000a1b00000| PB 0x00000000a1b00000| Untracked 
|  28|0x00000000a1c00000, 0x00000000a1d00000, 0x00000000a1d00000|100%| O|  |TAMS 0x00000000a1c00000| PB 0x00000000a1c00000| Untracked 
|  29|0x00000000a1d00000, 0x00000000a1e00000, 0x00000000a1e00000|100%| O|  |TAMS 0x00000000a1d00000| PB 0x00000000a1d00000| Untracked 
|  30|0x00000000a1e00000, 0x00000000a1f00000, 0x00000000a1f00000|100%| O|  |TAMS 0x00000000a1e00000| PB 0x00000000a1e00000| Untracked 
|  31|0x00000000a1f00000, 0x00000000a2000000, 0x00000000a2000000|100%| O|  |TAMS 0x00000000a1f00000| PB 0x00000000a1f00000| Untracked 
|  32|0x00000000a2000000, 0x00000000a2100000, 0x00000000a2100000|100%| O|  |TAMS 0x00000000a2000000| PB 0x00000000a2000000| Untracked 
|  33|0x00000000a2100000, 0x00000000a2200000, 0x00000000a2200000|100%| O|  |TAMS 0x00000000a2100000| PB 0x00000000a2100000| Untracked 
|  34|0x00000000a2200000, 0x00000000a2300000, 0x00000000a2300000|100%| O|  |TAMS 0x00000000a2200000| PB 0x00000000a2200000| Untracked 
|  35|0x00000000a2300000, 0x00000000a2400000, 0x00000000a2400000|100%| O|  |TAMS 0x00000000a2300000| PB 0x00000000a2300000| Untracked 
|  36|0x00000000a2400000, 0x00000000a2500000, 0x00000000a2500000|100%| O|  |TAMS 0x00000000a2400000| PB 0x00000000a2400000| Untracked 
|  37|0x00000000a2500000, 0x00000000a2600000, 0x00000000a2600000|100%| O|  |TAMS 0x00000000a2500000| PB 0x00000000a2500000| Untracked 
|  38|0x00000000a2600000, 0x00000000a2700000, 0x00000000a2700000|100%| O|  |TAMS 0x00000000a2600000| PB 0x00000000a2600000| Untracked 
|  39|0x00000000a2700000, 0x00000000a2800000, 0x00000000a2800000|100%| O|  |TAMS 0x00000000a2700000| PB 0x00000000a2700000| Untracked 
|  40|0x00000000a2800000, 0x00000000a2900000, 0x00000000a2900000|100%| O|  |TAMS 0x00000000a2800000| PB 0x00000000a2800000| Untracked 
|  41|0x00000000a2900000, 0x00000000a2a00000, 0x00000000a2a00000|100%| O|Cm|TAMS 0x00000000a2900000| PB 0x00000000a2900000| Complete 
|  42|0x00000000a2a00000, 0x00000000a2b00000, 0x00000000a2b00000|100%| O|  |TAMS 0x00000000a2a00000| PB 0x00000000a2a00000| Untracked 
|  43|0x00000000a2b00000, 0x00000000a2c00000, 0x00000000a2c00000|100%| O|  |TAMS 0x00000000a2b00000| PB 0x00000000a2b00000| Untracked 
|  44|0x00000000a2c00000, 0x00000000a2d00000, 0x00000000a2d00000|100%| O|Cm|TAMS 0x00000000a2c00000| PB 0x00000000a2c00000| Complete 
|  45|0x00000000a2d00000, 0x00000000a2e00000, 0x00000000a2e00000|100%| O|  |TAMS 0x00000000a2d00000| PB 0x00000000a2d00000| Untracked 
|  46|0x00000000a2e00000, 0x00000000a2f00000, 0x00000000a2f00000|100%| O|  |TAMS 0x00000000a2e00000| PB 0x00000000a2e00000| Untracked 
|  47|0x00000000a2f00000, 0x00000000a3000000, 0x00000000a3000000|100%| O|  |TAMS 0x00000000a2f00000| PB 0x00000000a2f00000| Untracked 
|  48|0x00000000a3000000, 0x00000000a3100000, 0x00000000a3100000|100%|HS|  |TAMS 0x00000000a3000000| PB 0x00000000a3000000| Complete 
|  49|0x00000000a3100000, 0x00000000a3200000, 0x00000000a3200000|100%|HC|  |TAMS 0x00000000a3100000| PB 0x00000000a3100000| Complete 
|  50|0x00000000a3200000, 0x00000000a3300000, 0x00000000a3300000|100%|HS|  |TAMS 0x00000000a3200000| PB 0x00000000a3200000| Complete 
|  51|0x00000000a3300000, 0x00000000a3400000, 0x00000000a3400000|100%|HC|  |TAMS 0x00000000a3300000| PB 0x00000000a3300000| Complete 
|  52|0x00000000a3400000, 0x00000000a3500000, 0x00000000a3500000|100%|HS|  |TAMS 0x00000000a3400000| PB 0x00000000a3400000| Complete 
|  53|0x00000000a3500000, 0x00000000a3600000, 0x00000000a3600000|100%|HC|  |TAMS 0x00000000a3500000| PB 0x00000000a3500000| Complete 
|  54|0x00000000a3600000, 0x00000000a3700000, 0x00000000a3700000|100%|HC|  |TAMS 0x00000000a3600000| PB 0x00000000a3600000| Complete 
|  55|0x00000000a3700000, 0x00000000a3800000, 0x00000000a3800000|100%|HC|  |TAMS 0x00000000a3700000| PB 0x00000000a3700000| Complete 
|  56|0x00000000a3800000, 0x00000000a3900000, 0x00000000a3900000|100%|HS|  |TAMS 0x00000000a3800000| PB 0x00000000a3800000| Complete 
|  57|0x00000000a3900000, 0x00000000a3a00000, 0x00000000a3a00000|100%|HC|  |TAMS 0x00000000a3900000| PB 0x00000000a3900000| Complete 
|  58|0x00000000a3a00000, 0x00000000a3b00000, 0x00000000a3b00000|100%|HC|  |TAMS 0x00000000a3a00000| PB 0x00000000a3a00000| Complete 
|  59|0x00000000a3b00000, 0x00000000a3c00000, 0x00000000a3c00000|100%|HC|  |TAMS 0x00000000a3b00000| PB 0x00000000a3b00000| Complete 
|  60|0x00000000a3c00000, 0x00000000a3d00000, 0x00000000a3d00000|100%| O|  |TAMS 0x00000000a3c00000| PB 0x00000000a3c00000| Untracked 
|  61|0x00000000a3d00000, 0x00000000a3e00000, 0x00000000a3e00000|100%| O|  |TAMS 0x00000000a3d00000| PB 0x00000000a3d00000| Untracked 
|  62|0x00000000a3e00000, 0x00000000a3f00000, 0x00000000a3f00000|100%| O|  |TAMS 0x00000000a3e00000| PB 0x00000000a3e00000| Untracked 
|  63|0x00000000a3f00000, 0x00000000a4000000, 0x00000000a4000000|100%| O|  |TAMS 0x00000000a3f00000| PB 0x00000000a3f00000| Untracked 
|  64|0x00000000a4000000, 0x00000000a4100000, 0x00000000a4100000|100%| O|  |TAMS 0x00000000a4000000| PB 0x00000000a4000000| Untracked 
|  65|0x00000000a4100000, 0x00000000a4200000, 0x00000000a4200000|100%| O|  |TAMS 0x00000000a4100000| PB 0x00000000a4100000| Untracked 
|  66|0x00000000a4200000, 0x00000000a4300000, 0x00000000a4300000|100%| O|  |TAMS 0x00000000a4200000| PB 0x00000000a4200000| Untracked 
|  67|0x00000000a4300000, 0x00000000a4400000, 0x00000000a4400000|100%| O|  |TAMS 0x00000000a4300000| PB 0x00000000a4300000| Untracked 
|  68|0x00000000a4400000, 0x00000000a4500000, 0x00000000a4500000|100%| O|Cm|TAMS 0x00000000a4400000| PB 0x00000000a4400000| Complete 
|  69|0x00000000a4500000, 0x00000000a4600000, 0x00000000a4600000|100%| O|  |TAMS 0x00000000a4500000| PB 0x00000000a4500000| Untracked 
|  70|0x00000000a4600000, 0x00000000a4700000, 0x00000000a4700000|100%| O|  |TAMS 0x00000000a4600000| PB 0x00000000a4600000| Untracked 
|  71|0x00000000a4700000, 0x00000000a4800000, 0x00000000a4800000|100%| O|  |TAMS 0x00000000a4700000| PB 0x00000000a4700000| Untracked 
|  72|0x00000000a4800000, 0x00000000a4900000, 0x00000000a4900000|100%| O|  |TAMS 0x00000000a4800000| PB 0x00000000a4800000| Untracked 
|  73|0x00000000a4900000, 0x00000000a4a00000, 0x00000000a4a00000|100%| O|  |TAMS 0x00000000a4900000| PB 0x00000000a4900000| Untracked 
|  74|0x00000000a4a00000, 0x00000000a4b00000, 0x00000000a4b00000|100%| O|  |TAMS 0x00000000a4a00000| PB 0x00000000a4a00000| Untracked 
|  75|0x00000000a4b00000, 0x00000000a4c00000, 0x00000000a4c00000|100%| O|  |TAMS 0x00000000a4b00000| PB 0x00000000a4b00000| Untracked 
|  76|0x00000000a4c00000, 0x00000000a4d00000, 0x00000000a4d00000|100%| O|  |TAMS 0x00000000a4c00000| PB 0x00000000a4c00000| Untracked 
|  77|0x00000000a4d00000, 0x00000000a4e00000, 0x00000000a4e00000|100%| O|Cm|TAMS 0x00000000a4d00000| PB 0x00000000a4d00000| Complete 
|  78|0x00000000a4e00000, 0x00000000a4f00000, 0x00000000a4f00000|100%| O|  |TAMS 0x00000000a4e00000| PB 0x00000000a4e00000| Untracked 
|  79|0x00000000a4f00000, 0x00000000a5000000, 0x00000000a5000000|100%| O|  |TAMS 0x00000000a4f00000| PB 0x00000000a4f00000| Untracked 
|  80|0x00000000a5000000, 0x00000000a5100000, 0x00000000a5100000|100%|HS|  |TAMS 0x00000000a5000000| PB 0x00000000a5000000| Complete 
|  81|0x00000000a5100000, 0x00000000a5200000, 0x00000000a5200000|100%|HC|  |TAMS 0x00000000a5100000| PB 0x00000000a5100000| Complete 
|  82|0x00000000a5200000, 0x00000000a5300000, 0x00000000a5300000|100%|HS|  |TAMS 0x00000000a5200000| PB 0x00000000a5200000| Complete 
|  83|0x00000000a5300000, 0x00000000a5400000, 0x00000000a5400000|100%|HS|  |TAMS 0x00000000a5300000| PB 0x00000000a5300000| Complete 
|  84|0x00000000a5400000, 0x00000000a5500000, 0x00000000a5500000|100%|HS|  |TAMS 0x00000000a5400000| PB 0x00000000a5400000| Complete 
|  85|0x00000000a5500000, 0x00000000a5600000, 0x00000000a5600000|100%|HS|  |TAMS 0x00000000a5500000| PB 0x00000000a5500000| Complete 
|  86|0x00000000a5600000, 0x00000000a5700000, 0x00000000a5700000|100%| O|  |TAMS 0x00000000a5600000| PB 0x00000000a5600000| Untracked 
|  87|0x00000000a5700000, 0x00000000a5800000, 0x00000000a5800000|100%| O|  |TAMS 0x00000000a5700000| PB 0x00000000a5700000| Untracked 
|  88|0x00000000a5800000, 0x00000000a5900000, 0x00000000a5900000|100%|HS|  |TAMS 0x00000000a5800000| PB 0x00000000a5800000| Complete 
|  89|0x00000000a5900000, 0x00000000a5a00000, 0x00000000a5a00000|100%|HC|  |TAMS 0x00000000a5900000| PB 0x00000000a5900000| Complete 
|  90|0x00000000a5a00000, 0x00000000a5b00000, 0x00000000a5b00000|100%|HS|  |TAMS 0x00000000a5a00000| PB 0x00000000a5a00000| Complete 
|  91|0x00000000a5b00000, 0x00000000a5c00000, 0x00000000a5c00000|100%|HS|  |TAMS 0x00000000a5b00000| PB 0x00000000a5b00000| Complete 
|  92|0x00000000a5c00000, 0x00000000a5d00000, 0x00000000a5d00000|100%| O|  |TAMS 0x00000000a5c00000| PB 0x00000000a5c00000| Untracked 
|  93|0x00000000a5d00000, 0x00000000a5e00000, 0x00000000a5e00000|100%| O|  |TAMS 0x00000000a5d00000| PB 0x00000000a5d00000| Untracked 
|  94|0x00000000a5e00000, 0x00000000a5f00000, 0x00000000a5f00000|100%| O|  |TAMS 0x00000000a5e00000| PB 0x00000000a5e00000| Untracked 
|  95|0x00000000a5f00000, 0x00000000a5fd7aa8, 0x00000000a6000000| 84%| O|  |TAMS 0x00000000a5f00000| PB 0x00000000a5f00000| Untracked 
|  96|0x00000000a6000000, 0x00000000a6000000, 0x00000000a6100000|  0%| F|  |TAMS 0x00000000a6000000| PB 0x00000000a6000000| Untracked 
|  97|0x00000000a6100000, 0x00000000a6100000, 0x00000000a6200000|  0%| F|  |TAMS 0x00000000a6100000| PB 0x00000000a6100000| Untracked 
|  98|0x00000000a6200000, 0x00000000a6200000, 0x00000000a6300000|  0%| F|  |TAMS 0x00000000a6200000| PB 0x00000000a6200000| Untracked 
|  99|0x00000000a6300000, 0x00000000a6300000, 0x00000000a6400000|  0%| F|  |TAMS 0x00000000a6300000| PB 0x00000000a6300000| Untracked 
| 100|0x00000000a6400000, 0x00000000a6400000, 0x00000000a6500000|  0%| F|  |TAMS 0x00000000a6400000| PB 0x00000000a6400000| Untracked 
| 101|0x00000000a6500000, 0x00000000a6500000, 0x00000000a6600000|  0%| F|  |TAMS 0x00000000a6500000| PB 0x00000000a6500000| Untracked 
| 102|0x00000000a6600000, 0x00000000a6600000, 0x00000000a6700000|  0%| F|  |TAMS 0x00000000a6600000| PB 0x00000000a6600000| Untracked 
| 103|0x00000000a6700000, 0x00000000a6700000, 0x00000000a6800000|  0%| F|  |TAMS 0x00000000a6700000| PB 0x00000000a6700000| Untracked 
| 104|0x00000000a6800000, 0x00000000a6800000, 0x00000000a6900000|  0%| F|  |TAMS 0x00000000a6800000| PB 0x00000000a6800000| Untracked 
| 105|0x00000000a6900000, 0x00000000a6900000, 0x00000000a6a00000|  0%| F|  |TAMS 0x00000000a6900000| PB 0x00000000a6900000| Untracked 
| 106|0x00000000a6a00000, 0x00000000a6a00000, 0x00000000a6b00000|  0%| F|  |TAMS 0x00000000a6a00000| PB 0x00000000a6a00000| Untracked 
| 107|0x00000000a6b00000, 0x00000000a6b00000, 0x00000000a6c00000|  0%| F|  |TAMS 0x00000000a6b00000| PB 0x00000000a6b00000| Untracked 
| 108|0x00000000a6c00000, 0x00000000a6c00000, 0x00000000a6d00000|  0%| F|  |TAMS 0x00000000a6c00000| PB 0x00000000a6c00000| Untracked 
| 109|0x00000000a6d00000, 0x00000000a6d00000, 0x00000000a6e00000|  0%| F|  |TAMS 0x00000000a6d00000| PB 0x00000000a6d00000| Untracked 
| 110|0x00000000a6e00000, 0x00000000a6e00000, 0x00000000a6f00000|  0%| F|  |TAMS 0x00000000a6e00000| PB 0x00000000a6e00000| Untracked 
| 111|0x00000000a6f00000, 0x00000000a6f00000, 0x00000000a7000000|  0%| F|  |TAMS 0x00000000a6f00000| PB 0x00000000a6f00000| Untracked 
| 112|0x00000000a7000000, 0x00000000a7000000, 0x00000000a7100000|  0%| F|  |TAMS 0x00000000a7000000| PB 0x00000000a7000000| Untracked 
| 113|0x00000000a7100000, 0x00000000a7100000, 0x00000000a7200000|  0%| F|  |TAMS 0x00000000a7100000| PB 0x00000000a7100000| Untracked 
| 114|0x00000000a7200000, 0x00000000a7200000, 0x00000000a7300000|  0%| F|  |TAMS 0x00000000a7200000| PB 0x00000000a7200000| Untracked 
| 115|0x00000000a7300000, 0x00000000a7300000, 0x00000000a7400000|  0%| F|  |TAMS 0x00000000a7300000| PB 0x00000000a7300000| Untracked 
| 116|0x00000000a7400000, 0x00000000a7400000, 0x00000000a7500000|  0%| F|  |TAMS 0x00000000a7400000| PB 0x00000000a7400000| Untracked 
| 117|0x00000000a7500000, 0x00000000a7500000, 0x00000000a7600000|  0%| F|  |TAMS 0x00000000a7500000| PB 0x00000000a7500000| Untracked 
| 118|0x00000000a7600000, 0x00000000a7600000, 0x00000000a7700000|  0%| F|  |TAMS 0x00000000a7600000| PB 0x00000000a7600000| Untracked 
| 119|0x00000000a7700000, 0x00000000a7700000, 0x00000000a7800000|  0%| F|  |TAMS 0x00000000a7700000| PB 0x00000000a7700000| Untracked 
| 120|0x00000000a7800000, 0x00000000a7800000, 0x00000000a7900000|  0%| F|  |TAMS 0x00000000a7800000| PB 0x00000000a7800000| Untracked 
| 121|0x00000000a7900000, 0x00000000a7900000, 0x00000000a7a00000|  0%| F|  |TAMS 0x00000000a7900000| PB 0x00000000a7900000| Untracked 
| 122|0x00000000a7a00000, 0x00000000a7a00000, 0x00000000a7b00000|  0%| F|  |TAMS 0x00000000a7a00000| PB 0x00000000a7a00000| Untracked 
| 123|0x00000000a7b00000, 0x00000000a7b00000, 0x00000000a7c00000|  0%| F|  |TAMS 0x00000000a7b00000| PB 0x00000000a7b00000| Untracked 
| 124|0x00000000a7c00000, 0x00000000a7c00000, 0x00000000a7d00000|  0%| F|  |TAMS 0x00000000a7c00000| PB 0x00000000a7c00000| Untracked 
| 125|0x00000000a7d00000, 0x00000000a7d00000, 0x00000000a7e00000|  0%| F|  |TAMS 0x00000000a7d00000| PB 0x00000000a7d00000| Untracked 
| 126|0x00000000a7e00000, 0x00000000a7e00000, 0x00000000a7f00000|  0%| F|  |TAMS 0x00000000a7e00000| PB 0x00000000a7e00000| Untracked 
| 127|0x00000000a7f00000, 0x00000000a7fd5a88, 0x00000000a8000000| 83%| E|  |TAMS 0x00000000a7f00000| PB 0x00000000a7f00000| Complete 
| 128|0x00000000a8000000, 0x00000000a8100000, 0x00000000a8100000|100%| E|CS|TAMS 0x00000000a8000000| PB 0x00000000a8000000| Complete 
| 129|0x00000000a8100000, 0x00000000a8200000, 0x00000000a8200000|100%| E|CS|TAMS 0x00000000a8100000| PB 0x00000000a8100000| Complete 
| 130|0x00000000a8200000, 0x00000000a8300000, 0x00000000a8300000|100%| E|CS|TAMS 0x00000000a8200000| PB 0x00000000a8200000| Complete 
| 131|0x00000000a8300000, 0x00000000a8400000, 0x00000000a8400000|100%| E|CS|TAMS 0x00000000a8300000| PB 0x00000000a8300000| Complete 
| 132|0x00000000a8400000, 0x00000000a8500000, 0x00000000a8500000|100%| E|CS|TAMS 0x00000000a8400000| PB 0x00000000a8400000| Complete 
| 133|0x00000000a8500000, 0x00000000a8600000, 0x00000000a8600000|100%| E|CS|TAMS 0x00000000a8500000| PB 0x00000000a8500000| Complete 
| 134|0x00000000a8600000, 0x00000000a8700000, 0x00000000a8700000|100%| E|CS|TAMS 0x00000000a8600000| PB 0x00000000a8600000| Complete 
| 135|0x00000000a8700000, 0x00000000a8800000, 0x00000000a8800000|100%| E|CS|TAMS 0x00000000a8700000| PB 0x00000000a8700000| Complete 
| 136|0x00000000a8800000, 0x00000000a8900000, 0x00000000a8900000|100%| E|CS|TAMS 0x00000000a8800000| PB 0x00000000a8800000| Complete 
| 137|0x00000000a8900000, 0x00000000a8a00000, 0x00000000a8a00000|100%| E|CS|TAMS 0x00000000a8900000| PB 0x00000000a8900000| Complete 
| 138|0x00000000a8a00000, 0x00000000a8ae2900, 0x00000000a8b00000| 88%| S|CS|TAMS 0x00000000a8a00000| PB 0x00000000a8a00000| Complete 
| 139|0x00000000a8b00000, 0x00000000a8c00000, 0x00000000a8c00000|100%| E|CS|TAMS 0x00000000a8b00000| PB 0x00000000a8b00000| Complete 
| 140|0x00000000a8c00000, 0x00000000a8d00000, 0x00000000a8d00000|100%| E|CS|TAMS 0x00000000a8c00000| PB 0x00000000a8c00000| Complete 
| 141|0x00000000a8d00000, 0x00000000a8e00000, 0x00000000a8e00000|100%| E|CS|TAMS 0x00000000a8d00000| PB 0x00000000a8d00000| Complete 
| 142|0x00000000a8e00000, 0x00000000a8f00000, 0x00000000a8f00000|100%| S|CS|TAMS 0x00000000a8e00000| PB 0x00000000a8e00000| Complete 
| 143|0x00000000a8f00000, 0x00000000a9000000, 0x00000000a9000000|100%| E|CS|TAMS 0x00000000a8f00000| PB 0x00000000a8f00000| Complete 
| 144|0x00000000a9000000, 0x00000000a9100000, 0x00000000a9100000|100%| E|CS|TAMS 0x00000000a9000000| PB 0x00000000a9000000| Complete 
| 145|0x00000000a9100000, 0x00000000a9200000, 0x00000000a9200000|100%| E|CS|TAMS 0x00000000a9100000| PB 0x00000000a9100000| Complete 
| 146|0x00000000a9200000, 0x00000000a9300000, 0x00000000a9300000|100%| E|CS|TAMS 0x00000000a9200000| PB 0x00000000a9200000| Complete 
| 147|0x00000000a9300000, 0x00000000a9400000, 0x00000000a9400000|100%| E|CS|TAMS 0x00000000a9300000| PB 0x00000000a9300000| Complete 
| 148|0x00000000a9400000, 0x00000000a9500000, 0x00000000a9500000|100%| E|CS|TAMS 0x00000000a9400000| PB 0x00000000a9400000| Complete 
| 149|0x00000000a9500000, 0x00000000a9600000, 0x00000000a9600000|100%| E|CS|TAMS 0x00000000a9500000| PB 0x00000000a9500000| Complete 
| 150|0x00000000a9600000, 0x00000000a9700000, 0x00000000a9700000|100%| E|CS|TAMS 0x00000000a9600000| PB 0x00000000a9600000| Complete 
| 151|0x00000000a9700000, 0x00000000a9800000, 0x00000000a9800000|100%| E|CS|TAMS 0x00000000a9700000| PB 0x00000000a9700000| Complete 
| 152|0x00000000a9800000, 0x00000000a9900000, 0x00000000a9900000|100%| E|CS|TAMS 0x00000000a9800000| PB 0x00000000a9800000| Complete 
| 153|0x00000000a9900000, 0x00000000a9a00000, 0x00000000a9a00000|100%| E|CS|TAMS 0x00000000a9900000| PB 0x00000000a9900000| Complete 
| 154|0x00000000a9a00000, 0x00000000a9b00000, 0x00000000a9b00000|100%| E|  |TAMS 0x00000000a9a00000| PB 0x00000000a9a00000| Complete 
| 155|0x00000000a9b00000, 0x00000000a9c00000, 0x00000000a9c00000|100%| E|CS|TAMS 0x00000000a9b00000| PB 0x00000000a9b00000| Complete 
| 156|0x00000000a9c00000, 0x00000000a9d00000, 0x00000000a9d00000|100%| E|CS|TAMS 0x00000000a9c00000| PB 0x00000000a9c00000| Complete 
| 157|0x00000000a9d00000, 0x00000000a9e00000, 0x00000000a9e00000|100%| E|CS|TAMS 0x00000000a9d00000| PB 0x00000000a9d00000| Complete 
| 158|0x00000000a9e00000, 0x00000000a9f00000, 0x00000000a9f00000|100%| E|CS|TAMS 0x00000000a9e00000| PB 0x00000000a9e00000| Complete 
| 159|0x00000000a9f00000, 0x00000000aa000000, 0x00000000aa000000|100%| E|CS|TAMS 0x00000000a9f00000| PB 0x00000000a9f00000| Complete 
| 160|0x00000000aa000000, 0x00000000aa100000, 0x00000000aa100000|100%| E|CS|TAMS 0x00000000aa000000| PB 0x00000000aa000000| Complete 
| 161|0x00000000aa100000, 0x00000000aa200000, 0x00000000aa200000|100%| E|CS|TAMS 0x00000000aa100000| PB 0x00000000aa100000| Complete 
| 162|0x00000000aa200000, 0x00000000aa300000, 0x00000000aa300000|100%| E|CS|TAMS 0x00000000aa200000| PB 0x00000000aa200000| Complete 
| 163|0x00000000aa300000, 0x00000000aa400000, 0x00000000aa400000|100%| E|CS|TAMS 0x00000000aa300000| PB 0x00000000aa300000| Complete 
| 164|0x00000000aa400000, 0x00000000aa500000, 0x00000000aa500000|100%| E|CS|TAMS 0x00000000aa400000| PB 0x00000000aa400000| Complete 
| 165|0x00000000aa500000, 0x00000000aa600000, 0x00000000aa600000|100%| E|CS|TAMS 0x00000000aa500000| PB 0x00000000aa500000| Complete 
|1527|0x00000000ff700000, 0x00000000ff800000, 0x00000000ff800000|100%| O|Cm|TAMS 0x00000000ff700000| PB 0x00000000ff700000| Complete 
|1528|0x00000000ff800000, 0x00000000ff900000, 0x00000000ff900000|100%| O|  |TAMS 0x00000000ff800000| PB 0x00000000ff800000| Untracked 
|1529|0x00000000ff900000, 0x00000000ffa00000, 0x00000000ffa00000|100%| O|  |TAMS 0x00000000ff900000| PB 0x00000000ff900000| Untracked 
|1530|0x00000000ffa00000, 0x00000000ffb00000, 0x00000000ffb00000|100%| O|  |TAMS 0x00000000ffa00000| PB 0x00000000ffa00000| Untracked 
|1531|0x00000000ffb00000, 0x00000000ffc00000, 0x00000000ffc00000|100%| O|  |TAMS 0x00000000ffb00000| PB 0x00000000ffb00000| Untracked 
|1532|0x00000000ffc00000, 0x00000000ffd00000, 0x00000000ffd00000|100%| O|  |TAMS 0x00000000ffc00000| PB 0x00000000ffc00000| Untracked 
|1533|0x00000000ffd00000, 0x00000000ffe00000, 0x00000000ffe00000|100%| O|  |TAMS 0x00000000ffd00000| PB 0x00000000ffd00000| Untracked 
|1534|0x00000000ffe00000, 0x00000000fff00000, 0x00000000fff00000|100%| O|  |TAMS 0x00000000ffe00000| PB 0x00000000ffe00000| Untracked 
|1535|0x00000000fff00000, 0x0000000100000000, 0x0000000100000000|100%| O|  |TAMS 0x00000000fff00000| PB 0x00000000fff00000| Untracked 

Card table byte_map: [0x0000024860fe0000,0x00000248612e0000] _byte_map_base: 0x0000024860ae0000

Marking Bits: (CMBitMap*) 0x00000248519b9120
 Bits: [0x00000248612e0000, 0x0000024862ae0000)

Polling page: 0x000002484f750000

Metaspace:

Usage:
  Non-class:     76.84 MB used.
      Class:     12.63 MB used.
       Both:     89.46 MB used.

Virtual space:
  Non-class space:      128.00 MB reserved,      77.81 MB ( 61%) committed,  2 nodes.
      Class space:      208.00 MB reserved,      13.50 MB (  6%) committed,  1 nodes.
             Both:      336.00 MB reserved,      91.31 MB ( 27%) committed. 

Chunk freelists:
   Non-Class:  1.64 MB
       Class:  2.44 MB
        Both:  4.08 MB

MaxMetaspaceSize: 256.00 MB
CompressedClassSpaceSize: 208.00 MB
Initial GC threshold: 21.00 MB
Current GC threshold: 143.38 MB
CDS: off
 - commit_granule_bytes: 65536.
 - commit_granule_words: 8192.
 - virtual_space_node_default_size: 8388608.
 - enlarge_chunks_in_place: 1.
 - use_allocation_guard: 0.


Internal statistics:

num_allocs_failed_limit: 6.
num_arena_births: 3664.
num_arena_deaths: 0.
num_vsnodes_births: 3.
num_vsnodes_deaths: 0.
num_space_committed: 1461.
num_space_uncommitted: 0.
num_chunks_returned_to_freelist: 6.
num_chunks_taken_from_freelist: 7482.
num_chunk_merges: 6.
num_chunk_splits: 4879.
num_chunks_enlarged: 3092.
num_inconsistent_stats: 0.

CodeCache: size=196608Kb used=25617Kb max_used=25634Kb free=170990Kb
 bounds [0x0000024854ac0000, 0x00000248563d0000, 0x0000024860ac0000]
 total_blobs=10068, nmethods=9132, adapters=839, full_count=0
Compilation: enabled, stopped_count=0, restarted_count=0

Compilation events (20 events):
Event: 38.063 Thread 0x0000024865751c00 nmethod 10809 0x00000248563b0490 code [0x00000248563b06a0, 0x00000248563b0d88]
Event: 38.064 Thread 0x0000024865751c00 10810       3       org.gradle.initialization.DefaultGradlePropertiesController$SharedGradleProperties::find (11 bytes)
Event: 40.079 Thread 0x0000024865751c00 nmethod 10810 0x00000248563b0f90 code [0x00000248563b1160, 0x00000248563b1470]
Event: 40.079 Thread 0x0000024865751c00 10811       3       org.gradle.initialization.DefaultGradleProperties::find (11 bytes)
Event: 40.079 Thread 0x0000024865751c00 nmethod 10811 0x00000248563b1610 code [0x00000248563b17c0, 0x00000248563b1990]
Event: 40.079 Thread 0x0000024865751c00 10812       3       org.gradle.api.internal.provider.DefaultProviderFactory::gradleProperty (9 bytes)
Event: 40.079 Thread 0x000002486ade1ba0 10744       4       org.objectweb.asm.Type::getMethodDescriptor (66 bytes)
Event: 40.080 Thread 0x0000024865751c00 nmethod 10812 0x00000248563b1a90 code [0x00000248563b1d20, 0x00000248563b29a8]
Event: 40.556 Thread 0x0000024865751c00 10813   !   3       sun.management.Util::newObjectName (15 bytes)
Event: 41.093 Thread 0x0000024865751c00 nmethod 10813 0x00000248563b2e90 code [0x00000248563b3060, 0x00000248563b33e0]
Event: 41.554 Thread 0x0000024865751c00 10814       3       java.util.HashMap$ValueSpliterator::characteristics (28 bytes)
Event: 42.107 Thread 0x0000024865751c00 nmethod 10814 0x00000248563b3590 code [0x00000248563b3740, 0x00000248563b3900]
Event: 42.107 Thread 0x0000024865751c00 10815       3       sun.management.Util::newObjectName (11 bytes)
Event: 42.109 Thread 0x0000024865751c00 nmethod 10815 0x00000248563b3990 code [0x00000248563b3da0, 0x00000248563b5d08]
Event: 42.109 Thread 0x0000024865751c00 10816       3       java.lang.invoke.LambdaForm$BasicType::basicType (8 bytes)
Event: 42.109 Thread 0x0000024865751c00 nmethod 10816 0x00000248563b6890 code [0x00000248563b6a60, 0x00000248563b6ca0]
Event: 42.110 Thread 0x0000024865751c00 10821       3       java.lang.invoke.BoundMethodHandle$Species_LLLLL::<init> (36 bytes)
Event: 42.110 Thread 0x0000024865751c00 nmethod 10821 0x00000248563b7a10 code [0x00000248563b7be0, 0x00000248563b7f98]
Event: 43.553 Thread 0x0000024865751c00 10822       1       java.util.stream.FindOps$FindOp::getOpFlags (5 bytes)
Event: 44.123 Thread 0x0000024865751c00 nmethod 10822 0x00000248563b8090 code [0x00000248563b8220, 0x00000248563b82e8]

GC Heap History (20 events):
Event: 22.648 GC heap before
{Heap before GC invocations=30 (full 0):
 garbage-first heap   total 121856K, used 99360K [0x00000000a0000000, 0x0000000100000000)
  region size 1024K, 32 young (32768K), 5 survivors (5120K)
 Metaspace       used 81949K, committed 83712K, reserved 344064K
  class space    used 11682K, committed 12544K, reserved 212992K
}
Event: 22.657 GC heap after
{Heap after GC invocations=31 (full 0):
 garbage-first heap   total 121856K, used 74690K [0x00000000a0000000, 0x0000000100000000)
  region size 1024K, 3 young (3072K), 3 survivors (3072K)
 Metaspace       used 81949K, committed 83712K, reserved 344064K
  class space    used 11682K, committed 12544K, reserved 212992K
}
Event: 24.045 GC heap before
{Heap before GC invocations=31 (full 0):
 garbage-first heap   total 121856K, used 110530K [0x00000000a0000000, 0x0000000100000000)
  region size 1024K, 38 young (38912K), 3 survivors (3072K)
 Metaspace       used 84290K, committed 86080K, reserved 344064K
  class space    used 12122K, committed 12992K, reserved 212992K
}
Event: 24.057 GC heap after
{Heap after GC invocations=32 (full 0):
 garbage-first heap   total 121856K, used 79265K [0x00000000a0000000, 0x0000000100000000)
  region size 1024K, 5 young (5120K), 5 survivors (5120K)
 Metaspace       used 84290K, committed 86080K, reserved 344064K
  class space    used 12122K, committed 12992K, reserved 212992K
}
Event: 26.477 GC heap before
{Heap before GC invocations=32 (full 0):
 garbage-first heap   total 121856K, used 108961K [0x00000000a0000000, 0x0000000100000000)
  region size 1024K, 34 young (34816K), 5 survivors (5120K)
 Metaspace       used 84813K, committed 86720K, reserved 344064K
  class space    used 12148K, committed 13056K, reserved 212992K
}
Event: 26.488 GC heap after
{Heap after GC invocations=33 (full 0):
 garbage-first heap   total 121856K, used 84526K [0x00000000a0000000, 0x0000000100000000)
  region size 1024K, 5 young (5120K), 5 survivors (5120K)
 Metaspace       used 84813K, committed 86720K, reserved 344064K
  class space    used 12148K, committed 13056K, reserved 212992K
}
Event: 27.509 GC heap before
{Heap before GC invocations=34 (full 0):
 garbage-first heap   total 142336K, used 108078K [0x00000000a0000000, 0x0000000100000000)
  region size 1024K, 28 young (28672K), 5 survivors (5120K)
 Metaspace       used 84858K, committed 86720K, reserved 344064K
  class space    used 12149K, committed 13056K, reserved 212992K
}
Event: 27.514 GC heap after
{Heap after GC invocations=35 (full 0):
 garbage-first heap   total 142336K, used 86623K [0x00000000a0000000, 0x0000000100000000)
  region size 1024K, 4 young (4096K), 4 survivors (4096K)
 Metaspace       used 84858K, committed 86720K, reserved 344064K
  class space    used 12149K, committed 13056K, reserved 212992K
}
Event: 29.243 GC heap before
{Heap before GC invocations=35 (full 0):
 garbage-first heap   total 142336K, used 125535K [0x00000000a0000000, 0x0000000100000000)
  region size 1024K, 42 young (43008K), 4 survivors (4096K)
 Metaspace       used 84941K, committed 86784K, reserved 344064K
  class space    used 12151K, committed 13056K, reserved 212992K
}
Event: 29.249 GC heap after
{Heap after GC invocations=36 (full 0):
 garbage-first heap   total 142336K, used 86286K [0x00000000a0000000, 0x0000000100000000)
  region size 1024K, 5 young (5120K), 5 survivors (5120K)
 Metaspace       used 84941K, committed 86784K, reserved 344064K
  class space    used 12151K, committed 13056K, reserved 212992K
}
Event: 31.156 GC heap before
{Heap before GC invocations=36 (full 0):
 garbage-first heap   total 142336K, used 126222K [0x00000000a0000000, 0x0000000100000000)
  region size 1024K, 45 young (46080K), 5 survivors (5120K)
 Metaspace       used 84945K, committed 86784K, reserved 344064K
  class space    used 12151K, committed 13056K, reserved 212992K
}
Event: 31.164 GC heap after
{Heap after GC invocations=37 (full 0):
 garbage-first heap   total 142336K, used 87799K [0x00000000a0000000, 0x0000000100000000)
  region size 1024K, 5 young (5120K), 5 survivors (5120K)
 Metaspace       used 84945K, committed 86784K, reserved 344064K
  class space    used 12151K, committed 13056K, reserved 212992K
}
Event: 32.621 GC heap before
{Heap before GC invocations=38 (full 0):
 garbage-first heap   total 148480K, used 127735K [0x00000000a0000000, 0x0000000100000000)
  region size 1024K, 44 young (45056K), 5 survivors (5120K)
 Metaspace       used 84947K, committed 86784K, reserved 344064K
  class space    used 12151K, committed 13056K, reserved 212992K
}
Event: 32.628 GC heap after
{Heap after GC invocations=39 (full 0):
 garbage-first heap   total 148480K, used 89207K [0x00000000a0000000, 0x0000000100000000)
  region size 1024K, 4 young (4096K), 4 survivors (4096K)
 Metaspace       used 84947K, committed 86784K, reserved 344064K
  class space    used 12151K, committed 13056K, reserved 212992K
}
Event: 33.846 GC heap before
{Heap before GC invocations=39 (full 0):
 garbage-first heap   total 148480K, used 140407K [0x00000000a0000000, 0x0000000100000000)
  region size 1024K, 48 young (49152K), 4 survivors (4096K)
 Metaspace       used 85833K, committed 87744K, reserved 344064K
  class space    used 12261K, committed 13184K, reserved 212992K
}
Event: 33.860 GC heap after
{Heap after GC invocations=40 (full 0):
 garbage-first heap   total 154624K, used 100325K [0x00000000a0000000, 0x0000000100000000)
  region size 1024K, 6 young (6144K), 6 survivors (6144K)
 Metaspace       used 85833K, committed 87744K, reserved 344064K
  class space    used 12261K, committed 13184K, reserved 212992K
}
Event: 34.604 GC heap before
{Heap before GC invocations=40 (full 0):
 garbage-first heap   total 154624K, used 108517K [0x00000000a0000000, 0x0000000100000000)
  region size 1024K, 15 young (15360K), 6 survivors (6144K)
 Metaspace       used 86102K, committed 87936K, reserved 344064K
  class space    used 12293K, committed 13184K, reserved 212992K
}
Event: 34.615 GC heap after
{Heap after GC invocations=41 (full 0):
 garbage-first heap   total 154624K, used 103477K [0x00000000a0000000, 0x0000000100000000)
  region size 1024K, 3 young (3072K), 3 survivors (3072K)
 Metaspace       used 86102K, committed 87936K, reserved 344064K
  class space    used 12293K, committed 13184K, reserved 212992K
}
Event: 37.486 GC heap before
{Heap before GC invocations=42 (full 0):
 garbage-first heap   total 179200K, used 133173K [0x00000000a0000000, 0x0000000100000000)
  region size 1024K, 29 young (29696K), 3 survivors (3072K)
 Metaspace       used 88099K, committed 89920K, reserved 344064K
  class space    used 12542K, committed 13440K, reserved 212992K
}
Event: 37.491 GC heap after
{Heap after GC invocations=43 (full 0):
 garbage-first heap   total 179200K, used 109288K [0x00000000a0000000, 0x0000000100000000)
  region size 1024K, 2 young (2048K), 2 survivors (2048K)
 Metaspace       used 88099K, committed 89920K, reserved 344064K
  class space    used 12542K, committed 13440K, reserved 212992K
}

Dll operation events (3 events):
Event: 0.019 Loaded shared library C:\Program Files\Android\Android Studio\jbr\bin\java.dll
Event: 0.027 Loaded shared library C:\Program Files\Android\Android Studio\jbr\bin\zip.dll
Event: 0.826 Loaded shared library C:\Program Files\Android\Android Studio\jbr\bin\verify.dll

Deoptimization events (20 events):
Event: 35.397 Thread 0x000002486b87ae30 DEOPT PACKING pc=0x0000024855fb8298 sp=0x000000666a5f3d10
Event: 35.397 Thread 0x000002486b87ae30 DEOPT UNPACKING pc=0x0000024854b17da2 sp=0x000000666a5f3cc0 mode 2
Event: 37.662 Thread 0x000002486b87ae30 Uncommon trap: trap_request=0xffffffde fr.pc=0x00000248558fa950 relative=0x0000000000007770
Event: 37.662 Thread 0x000002486b87ae30 Uncommon trap: reason=class_check action=maybe_recompile pc=0x00000248558fa950 method=java.util.jar.JarFile.getManifestFromReference()Ljava/util/jar/Manifest; @ 152 c2
Event: 37.662 Thread 0x000002486b87ae30 DEOPT PACKING pc=0x00000248558fa950 sp=0x000000666a5f3670
Event: 37.662 Thread 0x000002486b87ae30 DEOPT UNPACKING pc=0x0000024854b17da2 sp=0x000000666a5f34d8 mode 2
Event: 37.682 Thread 0x000002486b87ae30 Uncommon trap: trap_request=0xffffff45 fr.pc=0x000002485528a7d8 relative=0x0000000000001f38
Event: 37.682 Thread 0x000002486b87ae30 Uncommon trap: reason=unstable_if action=reinterpret pc=0x000002485528a7d8 method=java.util.zip.InflaterInputStream.read([BII)I @ 94 c2
Event: 37.682 Thread 0x000002486b87ae30 DEOPT PACKING pc=0x000002485528a7d8 sp=0x000000666a5f1c40
Event: 37.682 Thread 0x000002486b87ae30 DEOPT UNPACKING pc=0x0000024854b17da2 sp=0x000000666a5f1ca0 mode 2
Event: 37.983 Thread 0x000002486b87ae30 DEOPT PACKING pc=0x0000024854da033d sp=0x000000666a5f2fd0
Event: 37.983 Thread 0x000002486b87ae30 DEOPT UNPACKING pc=0x0000024854b188e2 sp=0x000000666a5f2580 mode 0
Event: 37.996 Thread 0x000002486b87ae30 Uncommon trap: trap_request=0xffffff3d fr.pc=0x00000248561c66dc relative=0x000000000000131c
Event: 37.996 Thread 0x000002486b87ae30 Uncommon trap: reason=unstable_fused_if action=reinterpret pc=0x00000248561c66dc method=sun.nio.fs.WindowsPathParser.isLetter(C)Z @ 15 c2
Event: 37.996 Thread 0x000002486b87ae30 DEOPT PACKING pc=0x00000248561c66dc sp=0x000000666a5f3df0
Event: 37.996 Thread 0x000002486b87ae30 DEOPT UNPACKING pc=0x0000024854b17da2 sp=0x000000666a5f3d38 mode 2
Event: 42.110 Thread 0x000002486b87ae30 Uncommon trap: trap_request=0xffffffde fr.pc=0x0000024855fb7294 relative=0x0000000000000074
Event: 42.110 Thread 0x000002486b87ae30 Uncommon trap: reason=class_check action=maybe_recompile pc=0x0000024855fb7294 method=java.lang.invoke.Invokers$Holder.linkToTargetMethod(Ljava/lang/Object;Ljava/lang/Object;Ljava/lang/Object;Ljava/lang/Object;)Ljava/lang/Object; @ 1 c2
Event: 42.110 Thread 0x000002486b87ae30 DEOPT PACKING pc=0x0000024855fb7294 sp=0x000000666a5f4820
Event: 42.110 Thread 0x000002486b87ae30 DEOPT UNPACKING pc=0x0000024854b17da2 sp=0x000000666a5f47d0 mode 2

Classes loaded (20 events):
Event: 23.968 Loading class java/util/concurrent/ConcurrentLinkedQueue$Itr
Event: 23.969 Loading class java/util/concurrent/ConcurrentLinkedQueue$Itr done
Event: 24.372 Loading class java/util/Collections$ReverseComparator
Event: 24.372 Loading class java/util/Collections$ReverseComparator done
Event: 24.372 Loading class java/util/Collections$ReverseComparator2
Event: 24.373 Loading class java/util/Collections$ReverseComparator2 done
Event: 33.373 Loading class java/io/NotSerializableException
Event: 33.373 Loading class java/io/NotSerializableException done
Event: 34.177 Loading class org/xml/sax/Locator
Event: 34.179 Loading class org/xml/sax/Locator done
Event: 34.185 Loading class org/xml/sax/SAXParseException
Event: 34.186 Loading class org/xml/sax/SAXParseException done
Event: 34.191 Loading class org/xml/sax/Attributes
Event: 34.192 Loading class org/xml/sax/Attributes done
Event: 35.394 Loading class java/lang/invoke/BoundMethodHandle$Species_LLLJ
Event: 35.395 Loading class java/lang/invoke/BoundMethodHandle$Species_LLLJ done
Event: 37.702 Loading class sun/text/resources/cldr/FormatData_en_US
Event: 37.702 Loading class sun/text/resources/cldr/FormatData_en_US done
Event: 37.916 Loading class java/util/concurrent/Executors$DefaultThreadFactory
Event: 37.917 Loading class java/util/concurrent/Executors$DefaultThreadFactory done

Classes unloaded (0 events):
No events

Classes redefined (0 events):
No events

Internal exceptions (20 events):
Event: 23.890 Thread 0x000002486e38ab40 Exception <a 'sun/nio/fs/WindowsException'{0x00000000a4fd6418}> (0x00000000a4fd6418) 
thrown [s\src\hotspot\share\prims\jni.cpp, line 537]
Event: 23.901 Thread 0x000002486e38ab40 Exception <a 'sun/nio/fs/WindowsException'{0x00000000a4e0a018}> (0x00000000a4e0a018) 
thrown [s\src\hotspot\share\prims\jni.cpp, line 537]
Event: 27.501 Thread 0x000002486b87ae30 Implicit null exception at 0x0000024855b985e9 to 0x0000024855b98694
Event: 30.481 Thread 0x000002486b87ae30 Implicit null exception at 0x0000024856289a16 to 0x000002485628a2a8
Event: 33.419 Thread 0x000002486b87ae30 Exception <a 'java/lang/NoSuchMethodError'{0x00000000a6a8f008}: 'java.lang.Object java.lang.invoke.Invokers$Holder.invokeExact_MT(java.lang.Object, java.lang.Object, java.lang.Object, int, java.lang.Object, java.lang.Object)'> (0x00000000a6a8f008) 
thrown [s\src\hotspot\share\interpreter\linkResolver.cpp, line 784]
Event: 33.804 Thread 0x000002486b87ae30 Exception <a 'java/lang/ClassNotFoundException'{0x00000000a5d96500}: settings_bghoe7vvrv91np2m8clbuha76BeanInfo> (0x00000000a5d96500) 
thrown [s\src\hotspot\share\classfile\systemDictionary.cpp, line 312]
Event: 33.805 Thread 0x000002486b87ae30 Exception <a 'java/lang/ClassNotFoundException'{0x00000000a5d9c148}: settings_bghoe7vvrv91np2m8clbuha76Customizer> (0x00000000a5d9c148) 
thrown [s\src\hotspot\share\classfile\systemDictionary.cpp, line 312]
Event: 33.814 Thread 0x000002486b87ae30 Exception <a 'java/lang/IncompatibleClassChangeError'{0x00000000a5daf3c8}: Found class java.lang.Object, but interface was expected> (0x00000000a5daf3c8) 
thrown [s\src\hotspot\share\interpreter\linkResolver.cpp, line 851]
Event: 34.082 Thread 0x000002486b87ae30 Exception <a 'java/lang/ClassNotFoundException'{0x00000000a8993ea8}: build_92ny10n6db40si7da8tjctu3kBeanInfo> (0x00000000a8993ea8) 
thrown [s\src\hotspot\share\classfile\systemDictionary.cpp, line 312]
Event: 34.082 Thread 0x000002486b87ae30 Exception <a 'java/lang/ClassNotFoundException'{0x00000000a899d480}: org/gradle/api/internal/project/ProjectScriptBeanInfo> (0x00000000a899d480) 
thrown [s\src\hotspot\share\classfile\systemDictionary.cpp, line 312]
Event: 34.083 Thread 0x000002486b87ae30 Exception <a 'java/lang/ClassNotFoundException'{0x00000000a89a6b18}: org/gradle/api/internal/project/ProjectScriptCustomizer> (0x00000000a89a6b18) 
thrown [s\src\hotspot\share\classfile\systemDictionary.cpp, line 312]
Event: 34.085 Thread 0x000002486b87ae30 Exception <a 'java/lang/ClassNotFoundException'{0x00000000a89be000}: build_92ny10n6db40si7da8tjctu3kCustomizer> (0x00000000a89be000) 
thrown [s\src\hotspot\share\classfile\systemDictionary.cpp, line 312]
Event: 34.130 Thread 0x000002486b87ae30 Exception <a 'java/lang/ClassNotFoundException'{0x00000000a88d3178}: org/gradle/api/internal/project/DefaultProject_DecoratedBeanInfo> (0x00000000a88d3178) 
thrown [s\src\hotspot\share\classfile\systemDictionary.cpp, line 312]
Event: 34.132 Thread 0x000002486b87ae30 Exception <a 'java/lang/ClassNotFoundException'{0x00000000a88e99c0}: org/gradle/api/internal/project/DefaultProjectBeanInfo> (0x00000000a88e99c0) 
thrown [s\src\hotspot\share\classfile\systemDictionary.cpp, line 312]
Event: 34.134 Thread 0x000002486b87ae30 Exception <a 'java/lang/ClassNotFoundException'{0x00000000a88fa708}: org/gradle/api/internal/project/DefaultProjectCustomizer> (0x00000000a88fa708) 
thrown [s\src\hotspot\share\classfile\systemDictionary.cpp, line 312]
Event: 34.150 Thread 0x000002486b87ae30 Exception <a 'java/lang/ClassNotFoundException'{0x00000000a87b5b10}: org/gradle/api/internal/project/DefaultProject_DecoratedCustomizer> (0x00000000a87b5b10) 
thrown [s\src\hotspot\share\classfile\systemDictionary.cpp, line 312]
Event: 34.561 Thread 0x000002486b87ae30 Exception <a 'java/lang/ClassNotFoundException'{0x00000000a84529a0}: build_3bwuobcoub7k7uod6hivxolopBeanInfo> (0x00000000a84529a0) 
thrown [s\src\hotspot\share\classfile\systemDictionary.cpp, line 312]
Event: 34.562 Thread 0x000002486b87ae30 Exception <a 'java/lang/ClassNotFoundException'{0x00000000a845d980}: build_3bwuobcoub7k7uod6hivxolopCustomizer> (0x00000000a845d980) 
thrown [s\src\hotspot\share\classfile\systemDictionary.cpp, line 312]
Event: 34.702 Thread 0x000002486b87ae30 Exception <a 'java/lang/ClassNotFoundException'{0x00000000a8c60060}: org/gradle/api/internal/plugins/DefaultObjectConfigurationActionBeanInfo> (0x00000000a8c60060) 
thrown [s\src\hotspot\share\classfile\systemDictionary.cpp, line 312]
Event: 34.704 Thread 0x000002486b87ae30 Exception <a 'java/lang/ClassNotFoundException'{0x00000000a8c78e98}: org/gradle/api/internal/plugins/DefaultObjectConfigurationActionCustomizer> (0x00000000a8c78e98) 
thrown [s\src\hotspot\share\classfile\systemDictionary.cpp, line 312]

ZGC Phase Switch (0 events):
No events

VM Operations (20 events):
Event: 32.621 Executing VM operation: G1CollectForAllocation (G1 Evacuation Pause)
Event: 32.628 Executing VM operation: G1CollectForAllocation (G1 Evacuation Pause) done
Event: 33.510 Executing VM operation: HandshakeAllThreads (Deoptimize)
Event: 33.510 Executing VM operation: HandshakeAllThreads (Deoptimize) done
Event: 33.845 Executing VM operation: G1CollectForAllocation (G1 Evacuation Pause)
Event: 33.860 Executing VM operation: G1CollectForAllocation (G1 Evacuation Pause) done
Event: 34.604 Executing VM operation: G1TryInitiateConcMark (G1 Humongous Allocation)
Event: 34.615 Executing VM operation: G1TryInitiateConcMark (G1 Humongous Allocation) done
Event: 34.767 Executing VM operation: G1PauseRemark
Event: 34.778 Executing VM operation: G1PauseRemark done
Event: 34.858 Executing VM operation: G1PauseCleanup
Event: 34.858 Executing VM operation: G1PauseCleanup done
Event: 35.870 Executing VM operation: Cleanup
Event: 36.486 Executing VM operation: Cleanup done
Event: 37.486 Executing VM operation: G1CollectForAllocation (G1 Evacuation Pause)
Event: 37.491 Executing VM operation: G1CollectForAllocation (G1 Evacuation Pause) done
Event: 38.494 Executing VM operation: Cleanup
Event: 39.080 Executing VM operation: Cleanup done
Event: 41.108 Executing VM operation: Cleanup
Event: 41.108 Executing VM operation: Cleanup done

Memory protections (0 events):
No events

Nmethod flushes (20 events):
Event: 34.776 Thread 0x00000248655052f0 flushing  nmethod 0x00000248555ec890
Event: 34.776 Thread 0x00000248655052f0 flushing  nmethod 0x000002485567c890
Event: 34.776 Thread 0x00000248655052f0 flushing  nmethod 0x00000248559b5b90
Event: 34.776 Thread 0x00000248655052f0 flushing  nmethod 0x00000248559bb290
Event: 34.776 Thread 0x00000248655052f0 flushing  nmethod 0x00000248559bb790
Event: 34.776 Thread 0x00000248655052f0 flushing  nmethod 0x0000024855a11d90
Event: 34.776 Thread 0x00000248655052f0 flushing  nmethod 0x0000024855a12110
Event: 34.776 Thread 0x00000248655052f0 flushing  nmethod 0x0000024855a12910
Event: 34.776 Thread 0x00000248655052f0 flushing  nmethod 0x0000024855acaf10
Event: 34.776 Thread 0x00000248655052f0 flushing  nmethod 0x0000024855acbc10
Event: 34.776 Thread 0x00000248655052f0 flushing  nmethod 0x0000024855ad2a90
Event: 34.776 Thread 0x00000248655052f0 flushing  nmethod 0x0000024855b0ea90
Event: 34.776 Thread 0x00000248655052f0 flushing  nmethod 0x0000024855b0f890
Event: 34.776 Thread 0x00000248655052f0 flushing  nmethod 0x0000024855b11110
Event: 34.776 Thread 0x00000248655052f0 flushing  nmethod 0x0000024855b12010
Event: 34.776 Thread 0x00000248655052f0 flushing  nmethod 0x0000024855b5a090
Event: 34.776 Thread 0x00000248655052f0 flushing  nmethod 0x0000024855b72210
Event: 34.776 Thread 0x00000248655052f0 flushing  nmethod 0x0000024855b94510
Event: 34.776 Thread 0x00000248655052f0 flushing  nmethod 0x0000024855c5e590
Event: 34.776 Thread 0x00000248655052f0 flushing  nmethod 0x0000024856101890

Events (20 events):
Event: 22.844 Thread 0x000002486e38ab40 Thread added: 0x000002486e38b1d0
Event: 23.302 Thread 0x000002486e38ab40 Thread added: 0x000002486e38b860
Event: 23.392 Thread 0x000002486e38ab40 Thread added: 0x000002486e3883e0
Event: 23.744 Thread 0x000002486e38ab40 Thread added: 0x000002486e38bef0
Event: 23.790 Thread 0x000002486e38ab40 Thread added: 0x000002486e388a70
Event: 24.890 Thread 0x000002486b87ae30 Thread added: 0x000002486e38f370
Event: 25.673 Thread 0x000002486b87ae30 Thread added: 0x000002486e38dfc0
Event: 27.540 Thread 0x0000024865751c00 Thread added: 0x000002486b803d90
Event: 27.544 Thread 0x000002486b87ae30 Thread added: 0x000002486e38c580
Event: 28.618 Thread 0x000002486b803d90 Thread exited: 0x000002486b803d90
Event: 31.999 Thread 0x00000248657317f0 Thread added: 0x000002486b803d90
Event: 32.299 Thread 0x000002486b803d90 Thread exited: 0x000002486b803d90
Event: 33.016 Thread 0x0000024865751c00 Thread added: 0x000002486b803d90
Event: 33.785 Thread 0x000002486b87ae30 Thread added: 0x000002486ab95ce0
Event: 33.998 Thread 0x000002486b87ae30 Thread added: 0x000002486ab97090
Event: 34.034 Thread 0x000002486b87ae30 Thread added: 0x000002486ab96370
Event: 34.536 Thread 0x000002486b87ae30 Thread added: 0x000002486ab97720
Event: 34.672 Thread 0x000002486b803d90 Thread exited: 0x000002486b803d90
Event: 38.021 Thread 0x0000024865751c00 Thread added: 0x000002486ade36e0
Event: 40.079 Thread 0x0000024865751c00 Thread added: 0x000002486ade1ba0


Dynamic libraries:
0x00007ff7f7170000 - 0x00007ff7f717a000 	C:\Program Files\Android\Android Studio\jbr\bin\java.exe
0x00007ffecfc60000 - 0x00007ffecfec7000 	C:\WINDOWS\SYSTEM32\ntdll.dll
0x00007ffecede0000 - 0x00007ffeceea9000 	C:\WINDOWS\System32\KERNEL32.DLL
0x00007ffecc9e0000 - 0x00007ffeccdd4000 	C:\WINDOWS\System32\KERNELBASE.dll
0x00007ffecc7d0000 - 0x00007ffecc91b000 	C:\WINDOWS\System32\ucrtbase.dll
0x00007ffeb7e40000 - 0x00007ffeb7e5b000 	C:\Program Files\Android\Android Studio\jbr\bin\VCRUNTIME140.dll
0x00007ffeb7370000 - 0x00007ffeb7388000 	C:\Program Files\Android\Android Studio\jbr\bin\jli.dll
0x00007ffecf920000 - 0x00007ffecfae5000 	C:\WINDOWS\System32\USER32.dll
0x00007ffeb41e0000 - 0x00007ffeb4473000 	C:\WINDOWS\WinSxS\amd64_microsoft.windows.common-controls_6595b64144ccf1df_6.0.26100.8115_none_3e075c82e3354f9c\COMCTL32.dll
0x00007ffecf790000 - 0x00007ffecf839000 	C:\WINDOWS\System32\msvcrt.dll
0x00007ffecc530000 - 0x00007ffecc557000 	C:\WINDOWS\System32\win32u.dll
0x00007ffece320000 - 0x00007ffece34b000 	C:\WINDOWS\System32\GDI32.dll
0x00007ffecc560000 - 0x00007ffecc68b000 	C:\WINDOWS\System32\gdi32full.dll
0x00007ffecc690000 - 0x00007ffecc733000 	C:\WINDOWS\System32\msvcp_win.dll
0x00007ffece2d0000 - 0x00007ffece302000 	C:\WINDOWS\System32\IMM32.DLL
0x00007ffec9340000 - 0x00007ffec934c000 	C:\Program Files\Android\Android Studio\jbr\bin\vcruntime140_1.dll
0x00007ffe9c440000 - 0x00007ffe9c4cd000 	C:\Program Files\Android\Android Studio\jbr\bin\msvcp140.dll
0x00007ffe3dbb0000 - 0x00007ffe3e846000 	C:\Program Files\Android\Android Studio\jbr\bin\server\jvm.dll
0x00007ffecf840000 - 0x00007ffecf8f6000 	C:\WINDOWS\System32\ADVAPI32.dll
0x00007ffecf080000 - 0x00007ffecf127000 	C:\WINDOWS\System32\sechost.dll
0x00007ffecfb00000 - 0x00007ffecfc18000 	C:\WINDOWS\System32\RPCRT4.dll
0x00007ffeceeb0000 - 0x00007ffecef30000 	C:\WINDOWS\System32\WS2_32.dll
0x00007ffecc390000 - 0x00007ffecc3ee000 	C:\WINDOWS\SYSTEM32\POWRPROF.dll
0x00007ffebb130000 - 0x00007ffebb13b000 	C:\WINDOWS\SYSTEM32\VERSION.dll
0x00007ffec7630000 - 0x00007ffec7666000 	C:\WINDOWS\SYSTEM32\WINMM.dll
0x00007ffecc370000 - 0x00007ffecc384000 	C:\WINDOWS\SYSTEM32\UMPDC.dll
0x00007ffecb2c0000 - 0x00007ffecb2db000 	C:\WINDOWS\SYSTEM32\kernel.appcore.dll
0x00007ffec9170000 - 0x00007ffec917a000 	C:\Program Files\Android\Android Studio\jbr\bin\jimage.dll
0x00007ffeca410000 - 0x00007ffeca652000 	C:\WINDOWS\SYSTEM32\DBGHELP.DLL
0x00007ffece670000 - 0x00007ffece9f2000 	C:\WINDOWS\System32\combase.dll
0x00007ffecf1a0000 - 0x00007ffecf278000 	C:\WINDOWS\System32\OLEAUT32.dll
0x00007ffec75b0000 - 0x00007ffec75eb000 	C:\WINDOWS\SYSTEM32\dbgcore.DLL
0x00007ffeccde0000 - 0x00007ffecce85000 	C:\WINDOWS\System32\bcryptPrimitives.dll
0x00007ffebd020000 - 0x00007ffebd02e000 	C:\Program Files\Android\Android Studio\jbr\bin\instrument.dll
0x00007ffeae8a0000 - 0x00007ffeae8c0000 	C:\Program Files\Android\Android Studio\jbr\bin\java.dll
0x00007ffea6ea0000 - 0x00007ffea6eb8000 	C:\Program Files\Android\Android Studio\jbr\bin\zip.dll
0x00007ffecdb60000 - 0x00007ffece2c7000 	C:\WINDOWS\System32\SHELL32.dll
0x00007ffecd700000 - 0x00007ffecd86a000 	C:\WINDOWS\System32\wintypes.dll
0x00007ffecce90000 - 0x00007ffecd6f8000 	C:\WINDOWS\System32\windows.storage.dll
0x00007ffece4f0000 - 0x00007ffece5e8000 	C:\WINDOWS\System32\SHCORE.dll
0x00007ffecf130000 - 0x00007ffecf196000 	C:\WINDOWS\System32\shlwapi.dll
0x00007ffecc450000 - 0x00007ffecc479000 	C:\WINDOWS\SYSTEM32\profapi.dll
0x00007ffec9010000 - 0x00007ffec9020000 	C:\Program Files\Android\Android Studio\jbr\bin\net.dll
0x00007ffebc160000 - 0x00007ffebc28d000 	C:\WINDOWS\SYSTEM32\WINHTTP.dll
0x00007ffecb830000 - 0x00007ffecb89c000 	C:\WINDOWS\system32\mswsock.dll
0x00007ffea68c0000 - 0x00007ffea68d6000 	C:\Program Files\Android\Android Studio\jbr\bin\nio.dll
0x00007ffebd1b0000 - 0x00007ffebd1c0000 	C:\Program Files\Android\Android Studio\jbr\bin\verify.dll
0x00007ffe9bd40000 - 0x00007ffe9bd67000 	C:\Users\kiran\.gradle\native\c067742578af261105cb4f569cf0c3c89f3d7b1fecec35dd04571415982c5e48\windows-amd64\native-platform.dll
0x00007ffe8e3f0000 - 0x00007ffe8e534000 	C:\Users\kiran\.gradle\native\100fb08df4bc3b14c8652ba06237920a3bd2aa13389f12d3474272988ae205f9\windows-amd64\native-platform-file-events.dll
0x00007ffebd190000 - 0x00007ffebd199000 	C:\Program Files\Android\Android Studio\jbr\bin\management.dll
0x00007ffebd0d0000 - 0x00007ffebd0db000 	C:\Program Files\Android\Android Studio\jbr\bin\management_ext.dll
0x00007ffecfaf0000 - 0x00007ffecfaf8000 	C:\WINDOWS\System32\PSAPI.DLL
0x00007ffecbb10000 - 0x00007ffecbb2b000 	C:\WINDOWS\SYSTEM32\CRYPTSP.dll
0x00007ffecb220000 - 0x00007ffecb259000 	C:\WINDOWS\system32\rsaenh.dll
0x00007ffecb8e0000 - 0x00007ffecb913000 	C:\WINDOWS\SYSTEM32\USERENV.dll
0x00007ffecc420000 - 0x00007ffecc44a000 	C:\WINDOWS\SYSTEM32\bcrypt.dll
0x00007ffecbb30000 - 0x00007ffecbb3c000 	C:\WINDOWS\SYSTEM32\CRYPTBASE.dll
0x00007ffecad70000 - 0x00007ffecada2000 	C:\WINDOWS\SYSTEM32\IPHLPAPI.DLL
0x00007ffece310000 - 0x00007ffece31a000 	C:\WINDOWS\System32\NSI.dll
0x00007ffebcf10000 - 0x00007ffebcf19000 	C:\Program Files\Android\Android Studio\jbr\bin\extnet.dll
0x00007ffea1a10000 - 0x00007ffea1a18000 	C:\WINDOWS\system32\wshunix.dll
0x00007ffea1a90000 - 0x00007ffea1aa8000 	C:\WINDOWS\system32\napinsp.dll
0x00007ffecadb0000 - 0x00007ffecaee2000 	C:\WINDOWS\SYSTEM32\DNSAPI.dll
0x00007ffea1a70000 - 0x00007ffea1a83000 	C:\WINDOWS\System32\winrnr.dll
0x00007ffea1a40000 - 0x00007ffea1a62000 	C:\WINDOWS\system32\nlansp_c.dll
0x00007ffea1a20000 - 0x00007ffea1a36000 	C:\WINDOWS\system32\wshbth.dll
0x00007ffec4230000 - 0x00007ffec423b000 	C:\Windows\System32\rasadhlp.dll
0x00007ffec63c0000 - 0x00007ffec6446000 	C:\WINDOWS\System32\fwpuclnt.dll

JVMTI agents:
C:\Users\kiran\.gradle\wrapper\dists\gradle-8.9-bin\90cnw93cvbtalezasaz0blq0a\gradle-8.9\lib\agents\gradle-instrumentation-agent-8.9.jar path:C:\Program Files\Android\Android Studio\jbr\bin\instrument.dll, loaded, initialized, instrumentlib options:none

dbghelp: loaded successfully - version: 4.0.5 - missing functions: none
symbol engine: initialized successfully - sym options: 0x614 - pdb path: .;C:\Program Files\Android\Android Studio\jbr\bin;C:\WINDOWS\SYSTEM32;C:\WINDOWS\WinSxS\amd64_microsoft.windows.common-controls_6595b64144ccf1df_6.0.26100.8115_none_3e075c82e3354f9c;C:\Program Files\Android\Android Studio\jbr\bin\server;C:\Users\kiran\.gradle\native\c067742578af261105cb4f569cf0c3c89f3d7b1fecec35dd04571415982c5e48\windows-amd64;C:\Users\kiran\.gradle\native\100fb08df4bc3b14c8652ba06237920a3bd2aa13389f12d3474272988ae205f9\windows-amd64

VM Arguments:
jvm_args: -XX:MaxMetaspaceSize=256m -XX:+UseG1GC -XX:ReservedCodeCacheSize=192m --add-opens=java.base/java.util=ALL-UNNAMED --add-opens=java.base/java.lang=ALL-UNNAMED --add-opens=java.base/java.lang.invoke=ALL-UNNAMED --add-opens=java.prefs/java.util.prefs=ALL-UNNAMED --add-exports=jdk.compiler/com.sun.tools.javac.api=ALL-UNNAMED --add-exports=jdk.compiler/com.sun.tools.javac.util=ALL-UNNAMED --add-opens=java.base/java.nio.charset=ALL-UNNAMED --add-opens=java.base/java.net=ALL-UNNAMED --add-opens=java.base/java.util.concurrent.atomic=ALL-UNNAMED -Xmx1536m -Dfile.encoding=UTF-8 -Duser.country=IN -Duser.language=en -Duser.variant -javaagent:C:\Users\kiran\.gradle\wrapper\dists\gradle-8.9-bin\90cnw93cvbtalezasaz0blq0a\gradle-8.9\lib\agents\gradle-instrumentation-agent-8.9.jar 
java_command: org.gradle.launcher.daemon.bootstrap.GradleDaemon 8.9
java_class_path (initial): C:\Users\kiran\.gradle\wrapper\dists\gradle-8.9-bin\90cnw93cvbtalezasaz0blq0a\gradle-8.9\lib\gradle-daemon-main-8.9.jar
Launcher Type: SUN_STANDARD

[Global flags]
     intx CICompilerCount                          = 4                                         {product} {ergonomic}
   size_t CompressedClassSpaceSize                 = 218103808                                 {product} {ergonomic}
     uint ConcGCThreads                            = 2                                         {product} {ergonomic}
     uint G1ConcRefinementThreads                  = 8                                         {product} {ergonomic}
   size_t G1HeapRegionSize                         = 1048576                                   {product} {ergonomic}
    uintx GCDrainStackTargetSize                   = 64                                        {product} {ergonomic}
   size_t InitialHeapSize                          = 130023424                                 {product} {ergonomic}
   size_t MarkStackSize                            = 4194304                                   {product} {ergonomic}
   size_t MaxHeapSize                              = 1610612736                                {product} {command line}
   size_t MaxMetaspaceSize                         = 268435456                                 {product} {command line}
   size_t MaxNewSize                               = 965738496                                 {product} {ergonomic}
   size_t MinHeapDeltaBytes                        = 1048576                                   {product} {ergonomic}
   size_t MinHeapSize                              = 8388608                                   {product} {ergonomic}
    uintx NonNMethodCodeHeapSize                   = 4096                                   {pd product} {ergonomic}
    uintx NonProfiledCodeHeapSize                  = 0                                      {pd product} {ergonomic}
    uintx ProfiledCodeHeapSize                     = 0                                      {pd product} {ergonomic}
    uintx ReservedCodeCacheSize                    = 201326592                              {pd product} {command line}
   size_t SoftMaxHeapSize                          = 1610612736                             {manageable} {ergonomic}
     bool UseCompressedOops                        = true                           {product lp64_product} {ergonomic}
     bool UseG1GC                                  = true                                      {product} {command line}
     bool UseLargePagesIndividualAllocation        = false                                  {pd product} {ergonomic}

Logging:
Log output configuration:
 #0: stdout all=warning uptime,level,tags foldmultilines=false
 #1: stderr all=off uptime,level,tags foldmultilines=false

Environment Variables:
JAVA_HOME=C:\Program Files\Android\Android Studio\jbr
CLASSPATH=C:\Users\kiran\Downloads\jago-Updates-23-04-jago\jago-Updates-23-04-jago\jago_app-main\flutter_apps\customer_app\android\\gradle\wrapper\gradle-wrapper.jar
PATH=C:\Program Files\Android\Android Studio\jbr\bin;C:\Users\kiran\.codex\tmp\arg0\codex-arg0Iu9rfk;C:\Users\kiran\AppData\Local\Programs\Microsoft VS Code;C:\WINDOWS\system32;C:\WINDOWS;C:\WINDOWS\System32\Wbem;C:\WINDOWS\System32\WindowsPowerShell\v1.0\;C:\WINDOWS\System32\OpenSSH\;C:\Program Files\dotnet\;C:\xampp\php;C:\ProgramData\ComposerSetup\bin;C:\Program Files\PuTTY\;C:\Program Files\Git\cmd;C:\Program Files\GitHub CLI\;C:\flutter\bin;C:\Program Files\k6\;C:\Program Files (x86)\cloudflared\;C:\Users\kiran\AppData\Local\Programs\Eclipse Adoptium\jdk-17.0.18.8-hotspot\bin;C:\Users\kiran\.local\bin;C:\Users\kiran\AppData\Local\Microsoft\WindowsApps;C:\Users\kiran\AppData\Roaming\Composer\vendor\bin;C:\Users\kiran\AppData\Local\Programs\Ollama;C:\Users\kiran\AppData\Local\GitHubDesktop\bin;C:\Users\kiran\AppData\Local\Programs\Antigravity\bin;C:\Users\kiran\AppData\Local\Programs\Microsoft VS Code\bin;C:\Users\kiran\AppData\Local\Microsoft\WinGet\Packages\Anthropic.ClaudeCode_Microsoft.Winget.Source_8wekyb3d8bbwe;C:\Users\kiran\AppData\Local\Programs\cursor\resources\app\bin;C:\Users\kiran\AppData\Local\Microsoft\WinGet\Packages\OpenJS.NodeJS.LTS_Microsoft.Winget.Source_8wekyb3d8bbwe\node-v24.14.0-win-x64;C:\Users\kiran\AppData\Local\Microsoft\WinGet\Packages\DigitalOcean.Doctl_Microsoft.Winget.Source_8wekyb3d8bbwe;C:\Users\kiran\AppData\Local\Microsoft\WinGet\Packages\Gyan.FFmpeg_Microsoft.Winget.Source_8wekyb3d8bbwe\ffmpeg-8.1-full_build\bin;;c:\Users\kiran\.vscode\extensions\openai.chatgpt-26.5422.21459-win32-x64\bin\windows-x86_64;C:\flutter\bin\mingit\cmd
USERNAME=kiran
OS=Windows_NT
PROCESSOR_IDENTIFIER=Intel64 Family 6 Model 140 Stepping 2, GenuineIntel
TMP=C:\Users\kiran\AppData\Local\Temp
TEMP=C:\Users\kiran\AppData\Local\Temp




Periodic native trim disabled

JNI global refs:
JNI global refs: 28, weak refs: 0

JNI global refs memory usage: 835, weak refs: 201

Process memory usage:
Resident Set Size: 342328K (4% of 8121124K total physical memory with 940176K free physical memory)

OOME stack traces (most recent first):
Classloader memory used:
Loader org.gradle.internal.classloader.VisitableURLClassLoader                         : 41672K
Loader bootstrap                                                                       : 26093K
Loader org.gradle.initialization.MixInLegacyTypesClassLoader                           : 12287K
Loader org.gradle.internal.classloader.VisitableURLClassLoader$InstrumentingVisitableURLClassLoader: 10559K
Loader jdk.internal.loader.ClassLoaders$PlatformClassLoader                            : 523K
Loader jdk.internal.loader.ClassLoaders$AppClassLoader                                 : 230K
Loader org.gradle.groovy.scripts.internal.DefaultScriptCompilationHandler$ScriptClassLoader: 124K
Loader jdk.internal.reflect.DelegatingClassLoader                                      : 101224B
Loader org.gradle.internal.classloader.VisitableURLClassLoader                         : 90384B
Loader org.codehaus.groovy.runtime.callsite.CallSiteClassLoader                        : 19896B
Loader sun.reflect.misc.MethodUtil                                                     : 2984B

Classes loaded by more than one classloader:
Class Program                                                                         : loaded 4 times (x 72B)
Class com.google.common.base.Equivalence$Identity                                     : loaded 2 times (x 82B)
Class com.google.common.collect.RegularImmutableMap$KeySet                            : loaded 2 times (x 150B)
Class org.gradle.internal.classloader.FilteringClassLoader                            : loaded 2 times (x 105B)
Class [Lcom.google.common.base.AbstractIterator$State;                                : loaded 2 times (x 69B)
Class com.google.common.base.CharMatcher$IsEither                                     : loaded 2 times (x 111B)
Class org.gradle.internal.classloader.ClassLoaderHierarchy                            : loaded 2 times (x 70B)
Class com.google.common.util.concurrent.ExecutionError                                : loaded 2 times (x 82B)
Class com.google.common.collect.ImmutableList$1                                       : loaded 2 times (x 97B)
Class org.gradle.api.internal.classpath.ManifestUtil                                  : loaded 2 times (x 71B)
Class com.google.common.collect.RegularImmutableMap                                   : loaded 2 times (x 121B)
Class com.google.common.collect.ImmutableMap$MapViewOfValuesAsSingletonSets           : loaded 2 times (x 125B)
Class com.google.common.collect.UnmodifiableListIterator                              : loaded 2 times (x 95B)
Class [Lcom.google.common.cache.CacheBuilder$OneWeigher;                              : loaded 2 times (x 69B)
Class com.google.common.base.Suppliers                                                : loaded 2 times (x 71B)
Class com.google.common.base.Platform$JdkPatternCompiler                              : loaded 2 times (x 75B)
Class org.gradle.internal.classloader.DefaultClassLoaderFactory                       : loaded 2 times (x 82B)
Class com.google.common.base.CharMatcher$None                                         : loaded 2 times (x 112B)
Class org.gradle.internal.classloader.ClassLoaderVisitor                              : loaded 2 times (x 76B)
Class [Lcom.google.common.collect.ImmutableMapEntry;                                  : loaded 2 times (x 69B)
Class org.gradle.api.internal.classpath.EffectiveClassPath                            : loaded 2 times (x 90B)
Class com.google.common.collect.ImmutableEnumMap                                      : loaded 2 times (x 125B)
Class com.google.common.collect.ListMultimap                                          : loaded 2 times (x 70B)
Class com.google.common.base.Splitter                                                 : loaded 2 times (x 72B)
Class org.gradle.api.internal.DefaultClassPathProvider                                : loaded 2 times (x 76B)
Class [Lorg.gradle.api.internal.ClassPathProvider;                                    : loaded 2 times (x 69B)
Class org.gradle.api.internal.ClassPathProvider                                       : loaded 2 times (x 70B)
Class com.google.common.cache.LocalCache$LocalLoadingCache                            : loaded 2 times (x 134B)
Class com.google.common.base.AbstractIterator$State                                   : loaded 2 times (x 79B)
Class org.gradle.internal.service.UnknownServiceException                             : loaded 2 times (x 83B)
Class com.google.common.cache.LocalCache$Strength$1                                   : loaded 2 times (x 81B)
Class com.google.common.cache.LocalCache$Strength$2                                   : loaded 2 times (x 81B)
Class com.google.common.cache.LocalCache$Strength$3                                   : loaded 2 times (x 81B)
Class com.google.common.collect.MapDifference                                         : loaded 2 times (x 70B)
Class com.google.common.base.Splitter$1                                               : loaded 2 times (x 77B)
Class com.google.common.cache.CacheBuilder$NullListener                               : loaded 2 times (x 82B)
Class org.gradle.internal.classpath.TransformedClassPath                              : loaded 2 times (x 96B)
Class com.google.common.cache.CacheLoader$FunctionToCacheLoader                       : loaded 2 times (x 75B)
Class com.google.common.collect.Iterators$ArrayItr                                    : loaded 2 times (x 97B)
Class com.google.common.collect.ImmutableCollection$Builder                           : loaded 2 times (x 76B)
Class com.google.common.base.MoreObjects                                              : loaded 2 times (x 71B)
Class com.google.common.collect.Platform                                              : loaded 2 times (x 71B)
Class com.google.common.collect.UnmodifiableIterator                                  : loaded 2 times (x 80B)
Class org.gradle.internal.service.ServiceLocator                                      : loaded 2 times (x 70B)
Class com.google.common.collect.SingletonImmutableBiMap                               : loaded 2 times (x 143B)
Class com.google.common.cache.LocalCache$1                                            : loaded 2 times (x 89B)
Class com.google.common.collect.AbstractMapEntry                                      : loaded 2 times (x 81B)
Class com.google.common.cache.LocalCache$2                                            : loaded 2 times (x 142B)
Class com.google.common.collect.AbstractMultimap                                      : loaded 2 times (x 123B)
Class com.google.common.collect.RegularImmutableAsList                                : loaded 2 times (x 216B)
Class com.google.common.collect.Iterators                                             : loaded 2 times (x 71B)
Class com.google.common.base.CharMatcher$RangesMatcher                                : loaded 2 times (x 112B)
Class com.google.common.util.concurrent.UncheckedExecutionException                   : loaded 2 times (x 82B)
Class com.google.common.collect.Lists$StringAsImmutableList                           : loaded 2 times (x 207B)
Class com.google.common.base.CharMatcher$JavaLetterOrDigit                            : loaded 2 times (x 111B)
Class org.gradle.internal.InternalTransformer                                         : loaded 2 times (x 70B)
Class com.google.common.cache.CacheLoader$UnsupportedLoadingOperationException        : loaded 2 times (x 82B)
Class com.google.common.base.CharMatcher$And                                          : loaded 2 times (x 112B)
Class org.gradle.internal.classloader.ClasspathUtil$1                                 : loaded 2 times (x 76B)
Class com.google.common.collect.IndexedImmutableSet                                   : loaded 2 times (x 150B)
Class com.google.common.collect.ImmutableMap$1                                        : loaded 2 times (x 81B)
Class com.google.common.collect.BiMap                                                 : loaded 2 times (x 70B)
Class org.gradle.api.internal.classpath.DefaultModuleRegistry$DefaultModule           : loaded 2 times (x 86B)
Class com.google.common.collect.AbstractIterator                                      : loaded 2 times (x 82B)
Class com.google.common.math.MathPreconditions                                        : loaded 2 times (x 71B)
Class com.google.common.collect.Multiset                                              : loaded 2 times (x 70B)
Class com.google.common.collect.ArrayListMultimapGwtSerializationDependencies         : loaded 2 times (x 172B)
Class com.google.common.collect.ObjectArrays                                          : loaded 2 times (x 71B)
Class com.google.common.collect.AbstractIndexedListIterator                           : loaded 2 times (x 96B)
Class com.google.common.collect.ImmutableMapEntrySet                                  : loaded 2 times (x 151B)
Class org.gradle.api.internal.classpath.Module                                        : loaded 2 times (x 70B)
Class com.google.common.cache.Weigher                                                 : loaded 2 times (x 70B)
Class org.gradle.api.internal.classpath.UnknownModuleException                        : loaded 2 times (x 82B)
Class com.google.common.cache.LocalCache$Strength                                     : loaded 2 times (x 81B)
Class com.google.common.cache.Cache                                                   : loaded 2 times (x 70B)
Class com.google.common.collect.ImmutableMap$Builder                                  : loaded 2 times (x 82B)
Class com.google.common.base.NullnessCasts                                            : loaded 2 times (x 71B)
Class settings_bghoe7vvrv91np2m8clbuha76                                              : loaded 2 times (x 179B)
Class com.google.common.cache.RemovalListener                                         : loaded 2 times (x 70B)
Class org.gradle.api.internal.DefaultClassPathRegistry                                : loaded 2 times (x 76B)
Class com.google.common.collect.Multimap                                              : loaded 2 times (x 70B)
Class org.gradle.api.internal.ClassPathRegistry                                       : loaded 2 times (x 70B)
Class org.gradle.internal.classpath.DefaultClassPath$ImmutableUniqueList              : loaded 2 times (x 199B)
Class com.google.common.base.PairwiseEquivalence                                      : loaded 2 times (x 83B)
Class com.google.common.cache.CacheBuilder                                            : loaded 2 times (x 72B)
Class com.google.common.collect.SingletonImmutableList                                : loaded 2 times (x 207B)
Class org.gradle.internal.classpath.ClassPath                                         : loaded 2 times (x 70B)
Class org.gradle.api.UncheckedIOException                                             : loaded 2 times (x 82B)
Class com.google.common.collect.ImmutableList$ReverseImmutableList                    : loaded 2 times (x 208B)
Class com.google.common.base.JdkPattern                                               : loaded 2 times (x 75B)
Class com.google.common.base.Suppliers$SupplierOfInstance                             : loaded 2 times (x 79B)
Class com.google.common.collect.Iterators$1                                           : loaded 2 times (x 81B)
Class com.google.common.cache.LocalCache$ComputingValueReference                      : loaded 2 times (x 96B)
Class com.google.common.collect.SingletonImmutableSet                                 : loaded 2 times (x 146B)
Class com.google.common.collect.ImmutableMap$IteratorBasedImmutableMap                : loaded 2 times (x 125B)
Class com.google.common.cache.LocalCache$Segment                                      : loaded 2 times (x 154B)
Class com.google.common.cache.CacheLoader                                             : loaded 2 times (x 74B)
Class com.google.common.collect.Iterators$4                                           : loaded 2 times (x 82B)
Class com.google.common.collect.ImmutableBiMap                                        : loaded 2 times (x 143B)
Class com.google.common.collect.AbstractListMultimap                                  : loaded 2 times (x 172B)
Class org.gradle.internal.installation.GradleInstallation$1                           : loaded 2 times (x 75B)
Class org.gradle.api.internal.classpath.ModuleRegistry                                : loaded 2 times (x 70B)
Class com.google.common.collect.Iterators$5                                           : loaded 2 times (x 82B)
Class com.google.common.collect.ImmutableSet$JdkBackedSetBuilderImpl                  : loaded 2 times (x 76B)
Class com.google.common.base.Splitter$SplittingIterator                               : loaded 2 times (x 84B)
Class com.google.common.cache.LocalCache$LocalManualCache$1                           : loaded 2 times (x 75B)
Class com.google.common.base.CharMatcher$ForPredicate                                 : loaded 2 times (x 112B)
Class com.google.common.collect.ImmutableCollection                                   : loaded 2 times (x 125B)
Class com.google.common.base.CharMatcher$AnyOf                                        : loaded 2 times (x 112B)
Class org.gradle.api.internal.classpath.DefaultModuleRegistry                         : loaded 2 times (x 83B)
Class com.google.common.cache.ReferenceEntry                                          : loaded 2 times (x 70B)
Class com.google.common.collect.ImmutableSet$CachingAsList                            : loaded 2 times (x 147B)
Class com.google.common.base.Converter                                                : loaded 2 times (x 90B)
Class com.google.common.collect.Lists                                                 : loaded 2 times (x 71B)
Class com.google.common.base.CharMatcher$Any                                          : loaded 2 times (x 112B)
Class com.google.common.base.FunctionalEquivalence                                    : loaded 2 times (x 83B)
Class com.google.common.collect.Iterators$9                                           : loaded 2 times (x 81B)
Class com.google.common.collect.AbstractMapBasedMultimap                              : loaded 2 times (x 139B)
Class com.google.common.collect.ImmutableAsList                                       : loaded 2 times (x 209B)
Class com.google.common.cache.CacheLoader$SupplierToCacheLoader                       : loaded 2 times (x 75B)
Class com.google.common.collect.Maps$EntryTransformer                                 : loaded 2 times (x 70B)
Class org.gradle.internal.service.ServiceLookupException                              : loaded 2 times (x 82B)
Class [Lcom.google.common.cache.LocalCache$EntryFactory;                              : loaded 2 times (x 69B)
Class com.google.common.base.CharMatcher$JavaLetter                                   : loaded 2 times (x 111B)
Class org.gradle.internal.classloader.ClassLoaderFactory                              : loaded 2 times (x 70B)
Class com.google.common.cache.LocalCache$LocalManualCache                             : loaded 2 times (x 99B)
Class com.google.common.base.CharMatcher$IsNot                                        : loaded 2 times (x 111B)
Class com.google.common.base.CommonPattern                                            : loaded 2 times (x 74B)
Class org.gradle.internal.service.CachingServiceLocator                               : loaded 2 times (x 82B)
Class com.google.common.math.IntMath                                                  : loaded 2 times (x 71B)
Class com.google.common.collect.Iterators$10                                          : loaded 2 times (x 81B)
Class com.google.common.collect.ImmutableMapEntry                                     : loaded 2 times (x 85B)
Class com.google.common.base.CharMatcher$JavaDigit                                    : loaded 2 times (x 111B)
Class com.google.common.base.Equivalence                                              : loaded 2 times (x 82B)
Class com.google.common.collect.ImmutableMapEntry$NonTerminalImmutableMapEntry        : loaded 2 times (x 85B)
Class com.google.common.base.Function                                                 : loaded 2 times (x 70B)
Class com.google.common.cache.CacheBuilder$OneWeigher                                 : loaded 2 times (x 82B)
Class com.google.common.collect.RegularImmutableList                                  : loaded 2 times (x 212B)
Class com.google.common.collect.ImmutableBiMapFauxverideShim                          : loaded 2 times (x 120B)
Class org.gradle.internal.classloader.ClasspathUtil                                   : loaded 2 times (x 71B)
Class com.google.common.collect.Maps                                                  : loaded 2 times (x 71B)
Class com.google.common.base.CharMatcher$JavaUpperCase                                : loaded 2 times (x 111B)
Class org.gradle.api.specs.Spec                                                       : loaded 2 times (x 70B)
Class [Lcom.google.common.collect.ImmutableEntry;                                     : loaded 2 times (x 69B)
Class com.google.common.cache.LocalCache$LoadingValueReference                        : loaded 2 times (x 96B)
Class com.google.common.base.Platform                                                 : loaded 2 times (x 71B)
Class Build_gradle$1                                                                  : loaded 2 times (x 78B)
Class com.google.common.collect.Maps$8                                                : loaded 2 times (x 82B)
Class com.google.common.base.CharMatcher$Invisible                                    : loaded 2 times (x 112B)
Class org.gradle.internal.classloader.VisitableURLClassLoader$InstrumentingVisitableURLClassLoader: loaded 2 times (x 123B)
Class [Lcom.google.common.cache.CacheBuilder$NullListener;                            : loaded 2 times (x 69B)
Class com.google.common.math.IntMath$1                                                : loaded 2 times (x 71B)
Class org.gradle.internal.classloader.VisitableURLClassLoader$Spec                    : loaded 2 times (x 74B)
Class org.gradle.internal.classpath.DefaultClassPath                                  : loaded 2 times (x 90B)
Class com.google.common.base.AbstractIterator                                         : loaded 2 times (x 80B)
Class com.google.common.collect.RegularImmutableMap$Values                            : loaded 2 times (x 207B)
Class com.google.common.collect.ImmutableSet                                          : loaded 2 times (x 145B)
Class com.google.common.base.CharMatcher$BitSetMatcher                                : loaded 2 times (x 112B)
Class com.google.common.base.CharMatcher$Ascii                                        : loaded 2 times (x 112B)
Class org.gradle.internal.classloader.ClassLoaderSpec                                 : loaded 2 times (x 71B)
Class com.google.common.cache.CacheStats                                              : loaded 2 times (x 71B)
Class com.google.common.base.CharMatcher$Or                                           : loaded 2 times (x 112B)
Class com.google.common.base.Supplier                                                 : loaded 2 times (x 70B)
Class org.gradle.internal.classloader.VisitableURLClassLoader                         : loaded 2 times (x 117B)
Class org.jetbrains.kotlin.gradle.plugin.DefaultKotlinBasePlugin                      : loaded 2 times (x 82B)
Class org.gradle.internal.Cast                                                        : loaded 2 times (x 71B)
Class org.gradle.api.Action                                                           : loaded 2 times (x 70B)
Class com.google.common.base.Ticker                                                   : loaded 2 times (x 72B)
Class com.google.common.base.Strings                                                  : loaded 2 times (x 71B)
Class com.google.common.base.CharMatcher$FastMatcher                                  : loaded 2 times (x 111B)
Class org.gradle.internal.agents.InstrumentingClassLoader                             : loaded 2 times (x 70B)
Class [Lcom.google.common.cache.LocalCache$Segment;                                   : loaded 2 times (x 69B)
Class [Lcom.google.common.cache.LocalCache$Strength;                                  : loaded 2 times (x 69B)
Class com.google.common.cache.CacheBuilder$1                                          : loaded 2 times (x 85B)
Class com.google.common.collect.ImmutableMap                                          : loaded 2 times (x 120B)
Class com.google.common.base.Predicate                                                : loaded 2 times (x 70B)
Class org.gradle.internal.classpath.DefaultClassPath$ImmutableUniqueList$Builder      : loaded 2 times (x 75B)
Class com.google.common.cache.LocalCache                                              : loaded 2 times (x 187B)
Class com.google.common.cache.CacheBuilder$2                                          : loaded 2 times (x 72B)
Class com.google.common.base.CharMatcher$NegatedFastMatcher                           : loaded 2 times (x 113B)
Class [Lcom.google.common.collect.AbstractMapEntry;                                   : loaded 2 times (x 69B)
Class com.google.common.collect.ImmutableEntry                                        : loaded 2 times (x 82B)
Class com.google.common.collect.ArrayListMultimap                                     : loaded 2 times (x 172B)
Class com.google.common.base.AbstractIterator$1                                       : loaded 2 times (x 71B)
Class com.google.common.base.CharMatcher$Digit                                        : loaded 2 times (x 112B)
Class org.jetbrains.kotlin.gradle.plugin.KotlinBasePluginWrapper                      : loaded 2 times (x 86B)
Class org.gradle.api.GradleException                                                  : loaded 2 times (x 82B)
Class com.google.common.collect.CollectPreconditions                                  : loaded 2 times (x 71B)
Class com.google.common.base.CharMatcher$JavaIsoControl                               : loaded 2 times (x 112B)
Class com.google.common.collect.SortedMapDifference                                   : loaded 2 times (x 70B)
Class com.google.common.base.CharMatcher$JavaLowerCase                                : loaded 2 times (x 111B)
Class com.google.common.cache.LocalCache$EntryFactory                                 : loaded 2 times (x 83B)
Class com.google.common.base.Splitter$1$1                                             : loaded 2 times (x 86B)
Class com.google.common.base.CharMatcher$Whitespace                                   : loaded 2 times (x 112B)
Class org.gradle.internal.IoActions                                                   : loaded 2 times (x 71B)
Class com.google.common.cache.CacheLoader$InvalidCacheLoadException                   : loaded 2 times (x 82B)
Class com.google.common.collect.ImmutableSet$RegularSetBuilderImpl                    : loaded 2 times (x 77B)
Class com.google.common.base.CharMatcher$SingleWidth                                  : loaded 2 times (x 112B)
Class org.gradle.internal.classloader.SystemClassLoaderSpec                           : loaded 2 times (x 71B)
Class com.google.common.cache.LoadingCache                                            : loaded 2 times (x 70B)
Class [Lcom.google.common.cache.Weigher;                                              : loaded 2 times (x 69B)
Class com.google.common.collect.RegularImmutableMap$BucketOverflowException           : loaded 2 times (x 82B)
Class com.google.common.collect.RegularImmutableBiMap                                 : loaded 2 times (x 148B)
Class com.google.common.cache.LocalCache$ValueReference                               : loaded 2 times (x 70B)
Class com.google.common.base.CharMatcher$Negated                                      : loaded 2 times (x 113B)
Class com.google.common.base.CharMatcher$Is                                           : loaded 2 times (x 111B)
Class org.jetbrains.kotlin.gradle.plugin.KotlinBasePlugin                             : loaded 2 times (x 70B)
Class com.google.common.base.Equivalence$Equals                                       : loaded 2 times (x 82B)
Class com.google.common.collect.Hashing                                               : loaded 2 times (x 71B)
Class com.google.common.base.PatternCompiler                                          : loaded 2 times (x 70B)
Class com.google.common.base.Preconditions                                            : loaded 2 times (x 71B)
Class com.google.common.collect.PeekingIterator                                       : loaded 2 times (x 70B)
Class com.google.common.base.CharMatcher                                              : loaded 2 times (x 111B)
Class com.google.common.cache.LocalCache$EntryFactory$1                               : loaded 2 times (x 83B)
Class [Lcom.google.common.cache.RemovalListener;                                      : loaded 2 times (x 69B)
Class com.google.common.base.CharMatcher$1                                            : loaded 2 times (x 113B)
Class com.google.common.base.CharMatcher$NamedFastMatcher                             : loaded 2 times (x 112B)
Class com.google.common.cache.LocalCache$EntryFactory$2                               : loaded 2 times (x 83B)
Class com.google.common.cache.LocalCache$EntryFactory$3                               : loaded 2 times (x 83B)
Class com.google.common.base.Ticker$1                                                 : loaded 2 times (x 72B)
Class com.google.common.collect.ImmutableMapEntrySet$RegularEntrySet                  : loaded 2 times (x 151B)
Class com.google.common.collect.Maps$BiMapConverter                                   : loaded 2 times (x 90B)
Class com.google.common.cache.LocalCache$EntryFactory$4                               : loaded 2 times (x 83B)
Class com.google.common.collect.ImmutableSet$Builder                                  : loaded 2 times (x 85B)
Class com.google.common.base.CharMatcher$InRange                                      : loaded 2 times (x 111B)
Class com.google.common.cache.LocalCache$EntryFactory$5                               : loaded 2 times (x 83B)
Class com.google.common.cache.LocalCache$EntryFactory$6                               : loaded 2 times (x 83B)
Class Build_gradle                                                                    : loaded 2 times (x 130B)
Class org.gradle.internal.installation.CurrentGradleInstallationLocator               : loaded 2 times (x 71B)
Class com.google.common.cache.LocalCache$EntryFactory$7                               : loaded 2 times (x 83B)
Class com.google.common.collect.ImmutableSet$EmptySetBuilderImpl                      : loaded 2 times (x 76B)
Class com.google.common.collect.ImmutableList                                         : loaded 2 times (x 206B)
Class org.gradle.internal.service.DefaultServiceLocator                               : loaded 2 times (x 83B)
Class com.google.common.cache.LocalCache$EntryFactory$8                               : loaded 2 times (x 83B)
Class com.google.common.collect.ImmutableSet$SetBuilderImpl                           : loaded 2 times (x 76B)
Class org.gradle.internal.installation.CurrentGradleInstallation                      : loaded 2 times (x 73B)
Class com.google.common.cache.CacheLoader$1                                           : loaded 2 times (x 75B)
Class com.google.common.collect.ImmutableList$SubList                                 : loaded 2 times (x 208B)
Class org.gradle.util.internal.GUtil                                                  : loaded 2 times (x 71B)
Class com.google.common.cache.AbstractCache$StatsCounter                              : loaded 2 times (x 70B)
Class com.google.common.collect.Iterators$MergingIterator                             : loaded 2 times (x 81B)
Class com.google.common.collect.RegularImmutableSet                                   : loaded 2 times (x 148B)
Class org.gradle.internal.installation.GradleInstallation                             : loaded 2 times (x 75B)
Class com.google.common.collect.Iterables                                             : loaded 2 times (x 71B)
Class com.google.common.base.Splitter$Strategy                                        : loaded 2 times (x 70B)

---------------  S Y S T E M  ---------------

OS:
 Windows 11 , 64 bit Build 26100 (10.0.26100.8246)
OS uptime: 8 days 8:34 hours

CPU: total 8 (initial active 8) (4 cores per cpu, 2 threads per core) family 6 model 140 stepping 2 microcode 0x38, cx8, cmov, fxsr, ht, mmx, 3dnowpref, sse, sse2, sse3, ssse3, sse4.1, sse4.2, popcnt, lzcnt, tsc, tscinvbit, avx, avx2, aes, erms, clmul, bmi1, bmi2, adx, avx512f, avx512dq, avx512cd, avx512bw, avx512vl, sha, fma, vzeroupper, avx512_vpopcntdq, avx512_vpclmulqdq, avx512_vaes, avx512_vnni, clflush, clflushopt, clwb, avx512_vbmi2, avx512_vbmi, rdtscp, rdpid, fsrm, gfni, avx512_bitalg, f16c, pku, cet_ibt, cet_ss, avx512_ifma
Processor Information for the first 8 processors :
  Max Mhz: 1498, Current Mhz: 1498, Mhz Limit: 1498

Memory: 4k page, system-wide physical 7930M (768M free)
TotalPageFile size 32506M (AvailPageFile size 1M)
current process WorkingSet (physical memory assigned to process): 339M, peak: 340M
current process commit charge ("private bytes"): 472M, peak: 474M

vm_info: OpenJDK 64-Bit Server VM (21.0.8+-14196175-b1038.72) for windows-amd64 JRE (21.0.8+-14196175-b1038.72), built on 2025-10-01T10:24:33Z by "builder" with MS VC++ 16.10 / 16.11 (VS2019)

END.
