#
# There is insufficient memory for the Java Runtime Environment to continue.
# Native memory allocation (malloc) failed to allocate 1890080 bytes. Error detail: Chunk::new
# Possible reasons:
#   The system is out of physical RAM or swap space
#   This process is running with CompressedOops enabled, and the Java Heap may be blocking the growth of the native heap
# Possible solutions:
#   Reduce memory load on the system
#   Increase physical memory or swap space
#   Check if swap backing store is full
#   Decrease Java heap size (-Xmx/-Xms)
#   Decrease number of Java threads
#   Decrease Java thread stack sizes (-Xss)
#   Set larger code cache with -XX:ReservedCodeCacheSize=
#   JVM is running with Zero Based Compressed Oops mode in which the Java heap is
#     placed in the first 32GB address space. The Java Heap base address is the
#     maximum limit for the native heap growth. Please use -XX:HeapBaseMinAddress
#     to set the Java Heap base and to place the Java Heap above 32GB virtual address.
# This output file may be truncated or incomplete.
#
#  Out of Memory Error (arena.cpp:168), pid=11320, tid=18644
#
# JRE version: OpenJDK Runtime Environment (21.0.8) (build 21.0.8+-14196175-b1038.72)
# Java VM: OpenJDK 64-Bit Server VM (21.0.8+-14196175-b1038.72, mixed mode, tiered, compressed oops, compressed class ptrs, g1 gc, windows-amd64)
# No core dump will be written. Minidumps are not enabled by default on client versions of Windows
#

---------------  S U M M A R Y ------------

Command Line: -XX:MaxMetaspaceSize=1024m -XX:+UseG1GC -XX:ReservedCodeCacheSize=512m --add-opens=java.base/java.util=ALL-UNNAMED --add-opens=java.base/java.lang=ALL-UNNAMED --add-opens=java.base/java.lang.invoke=ALL-UNNAMED --add-opens=java.prefs/java.util.prefs=ALL-UNNAMED --add-exports=jdk.compiler/com.sun.tools.javac.api=ALL-UNNAMED --add-exports=jdk.compiler/com.sun.tools.javac.util=ALL-UNNAMED --add-opens=java.base/java.nio.charset=ALL-UNNAMED --add-opens=java.base/java.net=ALL-UNNAMED --add-opens=java.base/java.util.concurrent.atomic=ALL-UNNAMED -Xmx4096m -Dfile.encoding=UTF-8 -Duser.country=IN -Duser.language=en -Duser.variant -javaagent:C:\Users\kiran\.gradle\wrapper\dists\gradle-8.9-bin\90cnw93cvbtalezasaz0blq0a\gradle-8.9\lib\agents\gradle-instrumentation-agent-8.9.jar org.gradle.launcher.daemon.bootstrap.GradleDaemon 8.9

Host: 11th Gen Intel(R) Core(TM) i5-1155G7 @ 2.50GHz, 8 cores, 7G,  Windows 11 , 64 bit Build 26100 (10.0.26100.8328)
Time: Tue May 12 22:03:24 2026 India Standard Time elapsed time: 200.195665 seconds (0d 0h 3m 20s)

---------------  T H R E A D  ---------------

Current thread (0x0000021684774760):  JavaThread "C2 CompilerThread1" daemon [_thread_in_native, id=18644, stack(0x00000067b8b00000,0x00000067b8c00000) (1024K)]


Current CompileTask:
C2:200197 43196 %     4       com.android.tools.r8.ir.optimize.W::a @ 135 (1448 bytes)

Stack: [0x00000067b8b00000,0x00000067b8c00000]
Native frames: (J=compiled Java code, j=interpreted, Vv=VM code, C=native code)
V  [jvm.dll+0x6d68d9]
V  [jvm.dll+0x866693]
V  [jvm.dll+0x868c4e]
V  [jvm.dll+0x869333]
V  [jvm.dll+0x280566]
V  [jvm.dll+0xc07cd]
V  [jvm.dll+0xc0d03]
V  [jvm.dll+0x3b961b]
V  [jvm.dll+0x1dfb24]
V  [jvm.dll+0x2493a4]
V  [jvm.dll+0x248821]
V  [jvm.dll+0x1c73a4]
V  [jvm.dll+0x257f9e]
V  [jvm.dll+0x2564e6]
V  [jvm.dll+0x3f4696]
V  [jvm.dll+0x80eac8]
V  [jvm.dll+0x6d512d]
C  [ucrtbase.dll+0x37b0]
C  [KERNEL32.DLL+0x2e957]
C  [ntdll.dll+0x427c]


---------------  P R O C E S S  ---------------

Threads class SMR info:
_java_thread_list=0x0000021684831e10, length=63, elements={
0x00000216c7371940, 0x00000216f25fddf0, 0x00000216f260c960, 0x00000216f260d3c0,
0x00000216f26519e0, 0x00000216f2652050, 0x00000216f2664670, 0x00000216f266dc50,
0x00000216f261c6d0, 0x00000216f2620280, 0x00000216f2965520, 0x00000216f8904a10,
0x00000216f89022b0, 0x00000216f8901c20, 0x00000216f8901590, 0x00000216f8903660,
0x00000216f8902940, 0x00000216f8903cf0, 0x00000216f8904380, 0x00000216f8de6720,
0x00000216f8de3fc0, 0x00000216f8de4650, 0x00000216f8de6090, 0x00000216f8de4ce0,
0x00000216f8de5a00, 0x00000216f8de6db0, 0x00000216f8de3930, 0x00000216f8de7ad0,
0x00000216f8de87f0, 0x00000216f8dea8c0, 0x00000216f8de8160, 0x00000216f8de9510,
0x00000216f8dea230, 0x00000216fae653f0, 0x00000216fae62c90, 0x00000216fae639b0,
0x00000216fae4ccb0, 0x00000216fae4d340, 0x00000216fae4bf90, 0x00000216fae50e50,
0x00000216fae507c0, 0x00000216fca54be0, 0x00000216fca53ec0, 0x00000216fca54550,
0x00000216fca55270, 0x00000216fca55f90, 0x00000216fca55900, 0x00000216fca56620,
0x00000216fca5a7c0, 0x00000216fca58d80, 0x00000216fca5ae50, 0x00000216fbd2e230,
0x00000216fca56cb0, 0x00000216fae4c620, 0x00000216fbd31d40, 0x00000216fae4f410,
0x0000021684020de0, 0x0000021685be3930, 0x0000021685be87f0, 0x0000021685be8160,
0x0000021685be8e80, 0x0000021685be5a00, 0x0000021684774760
}

Java Threads: ( => current thread )
  0x00000216c7371940 JavaThread "main"                              [_thread_blocked, id=7244, stack(0x00000067b4500000,0x00000067b4600000) (1024K)]
  0x00000216f25fddf0 JavaThread "Common-Cleaner"             daemon [_thread_blocked, id=24528, stack(0x00000067b4d00000,0x00000067b4e00000) (1024K)]
  0x00000216f260c960 JavaThread "Reference Handler"          daemon [_thread_blocked, id=26904, stack(0x00000067b4e00000,0x00000067b4f00000) (1024K)]
  0x00000216f260d3c0 JavaThread "Finalizer"                  daemon [_thread_blocked, id=28060, stack(0x00000067b4f00000,0x00000067b5000000) (1024K)]
  0x00000216f26519e0 JavaThread "Signal Dispatcher"          daemon [_thread_blocked, id=17036, stack(0x00000067b5000000,0x00000067b5100000) (1024K)]
  0x00000216f2652050 JavaThread "Attach Listener"            daemon [_thread_blocked, id=14432, stack(0x00000067b5100000,0x00000067b5200000) (1024K)]
  0x00000216f2664670 JavaThread "Service Thread"             daemon [_thread_blocked, id=24644, stack(0x00000067b5200000,0x00000067b5300000) (1024K)]
  0x00000216f266dc50 JavaThread "Monitor Deflation Thread"   daemon [_thread_blocked, id=28496, stack(0x00000067b5300000,0x00000067b5400000) (1024K)]
  0x00000216f261c6d0 JavaThread "C2 CompilerThread0"         daemon [_thread_blocked, id=30656, stack(0x00000067b5400000,0x00000067b5500000) (1024K)]
  0x00000216f2620280 JavaThread "C1 CompilerThread0"         daemon [_thread_blocked, id=13424, stack(0x00000067b5500000,0x00000067b5600000) (1024K)]
  0x00000216f2965520 JavaThread "Notification Thread"        daemon [_thread_blocked, id=7280, stack(0x00000067b5600000,0x00000067b5700000) (1024K)]
  0x00000216f8904a10 JavaThread "Daemon health stats"               [_thread_blocked, id=26448, stack(0x00000067b5c00000,0x00000067b5d00000) (1024K)]
  0x00000216f89022b0 JavaThread "Incoming local TCP Connector on port 52188"        [_thread_in_native, id=620, stack(0x00000067b5d00000,0x00000067b5e00000) (1024K)]
  0x00000216f8901c20 JavaThread "Daemon periodic checks"            [_thread_blocked, id=26604, stack(0x00000067b6100000,0x00000067b6200000) (1024K)]
  0x00000216f8901590 JavaThread "Daemon"                            [_thread_blocked, id=34496, stack(0x00000067b5700000,0x00000067b5800000) (1024K)]
  0x00000216f8903660 JavaThread "Handler for socket connection from /127.0.0.1:52188 to /127.0.0.1:52189"        [_thread_in_native, id=14084, stack(0x00000067b6200000,0x00000067b6300000) (1024K)]
  0x00000216f8902940 JavaThread "Cancel handler"                    [_thread_blocked, id=28376, stack(0x00000067b6300000,0x00000067b6400000) (1024K)]
  0x00000216f8903cf0 JavaThread "Daemon worker"                     [_thread_blocked, id=11252, stack(0x00000067b6500000,0x00000067b6600000) (1024K)]
  0x00000216f8904380 JavaThread "Asynchronous log dispatcher for DefaultDaemonConnection: socket connection from /127.0.0.1:52188 to /127.0.0.1:52189"        [_thread_blocked, id=6656, stack(0x00000067b6600000,0x00000067b6700000) (1024K)]
  0x00000216f8de6720 JavaThread "Stdin handler"                     [_thread_blocked, id=2388, stack(0x00000067b6700000,0x00000067b6800000) (1024K)]
  0x00000216f8de3fc0 JavaThread "Daemon client event forwarder"        [_thread_blocked, id=7812, stack(0x00000067b6800000,0x00000067b6900000) (1024K)]
  0x00000216f8de4650 JavaThread "Cache worker for journal cache (C:\Users\kiran\.gradle\caches\journal-1)"        [_thread_blocked, id=4544, stack(0x00000067b6a00000,0x00000067b6b00000) (1024K)]
  0x00000216f8de6090 JavaThread "File lock request listener"        [_thread_in_native, id=27720, stack(0x00000067b6b00000,0x00000067b6c00000) (1024K)]
  0x00000216f8de4ce0 JavaThread "Cache worker for file hash cache (C:\Users\kiran\.gradle\caches\8.9\fileHashes)"        [_thread_blocked, id=28120, stack(0x00000067b6c00000,0x00000067b6d00000) (1024K)]
  0x00000216f8de5a00 JavaThread "Cache worker for file hash cache (C:\Users\kiran\Downloads\jago-Updates-23-04-jago\jago-Updates-23-04-jago\jago_app-main\flutter_apps\customer_app\android\.gradle\8.9\fileHashes)"        [_thread_blocked, id=21596, stack(0x00000067b6400000,0x00000067b6500000) (1024K)]
  0x00000216f8de6db0 JavaThread "Cache worker for Build Output Cleanup Cache (C:\Users\kiran\Downloads\jago-Updates-23-04-jago\jago-Updates-23-04-jago\jago_app-main\flutter_apps\customer_app\android\.gradle\buildOutputCleanup)"        [_thread_blocked, id=9248, stack(0x00000067b6d00000,0x00000067b6e00000) (1024K)]
  0x00000216f8de3930 JavaThread "File watcher server"        daemon [_thread_blocked, id=25240, stack(0x00000067b6e00000,0x00000067b6f00000) (1024K)]
  0x00000216f8de7ad0 JavaThread "File watcher consumer"      daemon [_thread_blocked, id=28068, stack(0x00000067b6f00000,0x00000067b7000000) (1024K)]
  0x00000216f8de87f0 JavaThread "Cache worker for checksums cache (C:\Users\kiran\Downloads\jago-Updates-23-04-jago\jago-Updates-23-04-jago\jago_app-main\flutter_apps\customer_app\android\.gradle\8.9\checksums)"        [_thread_blocked, id=31724, stack(0x00000067b7000000,0x00000067b7100000) (1024K)]
  0x00000216f8dea8c0 JavaThread "Cache worker for file content cache (C:\Users\kiran\.gradle\caches\8.9\fileContent)"        [_thread_blocked, id=31636, stack(0x00000067b7100000,0x00000067b7200000) (1024K)]
  0x00000216f8de8160 JavaThread "Cache worker for cache directory md-rule (C:\Users\kiran\.gradle\caches\8.9\md-rule)"        [_thread_blocked, id=29500, stack(0x00000067b7200000,0x00000067b7300000) (1024K)]
  0x00000216f8de9510 JavaThread "Cache worker for cache directory md-supplier (C:\Users\kiran\.gradle\caches\8.9\md-supplier)"        [_thread_blocked, id=16000, stack(0x00000067b7300000,0x00000067b7400000) (1024K)]
  0x00000216f8dea230 JavaThread "jar transforms"                    [_thread_blocked, id=23816, stack(0x00000067b7500000,0x00000067b7600000) (1024K)]
  0x00000216fae653f0 JavaThread "Cache worker for Build Output Cleanup Cache (C:\flutter\packages\flutter_tools\gradle\.gradle\buildOutputCleanup)"        [_thread_blocked, id=23112, stack(0x00000067b7600000,0x00000067b7700000) (1024K)]
  0x00000216fae62c90 JavaThread "Unconstrained build operations"        [_thread_blocked, id=27268, stack(0x00000067b7700000,0x00000067b7800000) (1024K)]
  0x00000216fae639b0 JavaThread "Unconstrained build operations Thread 2"        [_thread_blocked, id=5856, stack(0x00000067b7800000,0x00000067b7900000) (1024K)]
  0x00000216fae4ccb0 JavaThread "Unconstrained build operations Thread 3"        [_thread_blocked, id=33420, stack(0x00000067b7400000,0x00000067b7500000) (1024K)]
  0x00000216fae4d340 JavaThread "Memory manager"                    [_thread_blocked, id=31240, stack(0x00000067b7900000,0x00000067b7a00000) (1024K)]
  0x00000216fae4bf90 JavaThread "build event listener"              [_thread_blocked, id=14552, stack(0x00000067b7b00000,0x00000067b7c00000) (1024K)]
  0x00000216fae50e50 JavaThread "included builds"                   [_thread_blocked, id=17808, stack(0x00000067b7c00000,0x00000067b7d00000) (1024K)]
  0x00000216fae507c0 JavaThread "Cache worker for execution history cache (C:\flutter\packages\flutter_tools\gradle\.gradle\8.9\executionHistory)"        [_thread_blocked, id=30792, stack(0x00000067b7d00000,0x00000067b7e00000) (1024K)]
  0x00000216fca54be0 JavaThread "Unconstrained build operations Thread 4"        [_thread_blocked, id=17804, stack(0x00000067b7e00000,0x00000067b7f00000) (1024K)]
  0x00000216fca53ec0 JavaThread "Unconstrained build operations Thread 5"        [_thread_blocked, id=27124, stack(0x00000067b7f00000,0x00000067b8000000) (1024K)]
  0x00000216fca54550 JavaThread "Unconstrained build operations Thread 6"        [_thread_blocked, id=28792, stack(0x00000067b8000000,0x00000067b8100000) (1024K)]
  0x00000216fca55270 JavaThread "Unconstrained build operations Thread 7"        [_thread_blocked, id=15744, stack(0x00000067b8100000,0x00000067b8200000) (1024K)]
  0x00000216fca55f90 JavaThread "Unconstrained build operations Thread 8"        [_thread_blocked, id=8704, stack(0x00000067b8200000,0x00000067b8300000) (1024K)]
  0x00000216fca55900 JavaThread "Unconstrained build operations Thread 9"        [_thread_blocked, id=4700, stack(0x00000067b8300000,0x00000067b8400000) (1024K)]
  0x00000216fca56620 JavaThread "Unconstrained build operations Thread 10"        [_thread_blocked, id=30044, stack(0x00000067b7a00000,0x00000067b7b00000) (1024K)]
  0x00000216fca5a7c0 JavaThread "jar transforms Thread 2"           [_thread_blocked, id=3300, stack(0x00000067b8500000,0x00000067b8600000) (1024K)]
  0x00000216fca58d80 JavaThread "jar transforms Thread 3"           [_thread_blocked, id=25740, stack(0x00000067b8600000,0x00000067b8700000) (1024K)]
  0x00000216fca5ae50 JavaThread "jar transforms Thread 4"           [_thread_blocked, id=28656, stack(0x00000067b8700000,0x00000067b8800000) (1024K)]
  0x00000216fbd2e230 JavaThread "jar transforms Thread 5"           [_thread_blocked, id=30016, stack(0x00000067b8800000,0x00000067b8900000) (1024K)]
  0x00000216fca56cb0 JavaThread "build event listener"              [_thread_blocked, id=19176, stack(0x00000067b4200000,0x00000067b4300000) (1024K)]
  0x00000216fae4c620 JavaThread "jar transforms Thread 6"           [_thread_blocked, id=21384, stack(0x00000067b8400000,0x00000067b8500000) (1024K)]
  0x00000216fbd31d40 JavaThread "jar transforms Thread 7"           [_thread_blocked, id=4132, stack(0x00000067b8900000,0x00000067b8a00000) (1024K)]
  0x00000216fae4f410 JavaThread "jar transforms Thread 8"           [_thread_blocked, id=10728, stack(0x00000067b8a00000,0x00000067b8b00000) (1024K)]
  0x0000021684020de0 JavaThread "Cache worker for execution history cache (C:\Users\kiran\Downloads\jago-Updates-23-04-jago\jago-Updates-23-04-jago\jago_app-main\flutter_apps\customer_app\android\.gradle\8.9\executionHistory)"        [_thread_blocked, id=26112, stack(0x00000067b8d00000,0x00000067b8e00000) (1024K)]
  0x0000021685be3930 JavaThread "WorkerExecutor Queue"              [_thread_blocked, id=8288, stack(0x00000067b4300000,0x00000067b4400000) (1024K)]
  0x0000021685be87f0 JavaThread "ForkJoinPool-1-worker-1"    daemon [_thread_blocked, id=19684, stack(0x00000067b4400000,0x00000067b4500000) (1024K)]
  0x0000021685be8160 JavaThread "ForkJoinPool-1-worker-2"    daemon [_thread_blocked, id=28548, stack(0x00000067b8e00000,0x00000067b8f00000) (1024K)]
  0x0000021685be8e80 JavaThread "ForkJoinPool-1-worker-3"    daemon [_thread_blocked, id=20536, stack(0x00000067b8f00000,0x00000067b9000000) (1024K)]
  0x0000021685be5a00 JavaThread "ForkJoinPool-1-worker-4"    daemon [_thread_blocked, id=27052, stack(0x00000067b9000000,0x00000067b9100000) (1024K)]
=>0x0000021684774760 JavaThread "C2 CompilerThread1"         daemon [_thread_in_native, id=18644, stack(0x00000067b8b00000,0x00000067b8c00000) (1024K)]
Total: 63

Other Threads:
  0x00000216c50b2080 VMThread "VM Thread"                           [id=34588, stack(0x00000067b4c00000,0x00000067b4d00000) (1024K)]
  0x00000216f23eae80 WatcherThread "VM Periodic Task Thread"        [id=33296, stack(0x00000067b4b00000,0x00000067b4c00000) (1024K)]
  0x00000216c50b1ce0 WorkerThread "GC Thread#0"                     [id=26692, stack(0x00000067b4600000,0x00000067b4700000) (1024K)]
  0x00000216c50b3640 WorkerThread "GC Thread#1"                     [id=18996, stack(0x00000067b5800000,0x00000067b5900000) (1024K)]
  0x00000216c50b2420 WorkerThread "GC Thread#2"                     [id=12960, stack(0x00000067b5900000,0x00000067b5a00000) (1024K)]
  0x00000216f7da87c0 WorkerThread "GC Thread#3"                     [id=12020, stack(0x00000067b5a00000,0x00000067b5b00000) (1024K)]
  0x00000216f7da8420 WorkerThread "GC Thread#4"                     [id=30632, stack(0x00000067b5b00000,0x00000067b5c00000) (1024K)]
  0x00000216f7da99e0 WorkerThread "GC Thread#5"                     [id=31708, stack(0x00000067b5e00000,0x00000067b5f00000) (1024K)]
  0x00000216f7da9d80 WorkerThread "GC Thread#6"                     [id=33076, stack(0x00000067b5f00000,0x00000067b6000000) (1024K)]
  0x00000216f7daafa0 WorkerThread "GC Thread#7"                     [id=20324, stack(0x00000067b6000000,0x00000067b6100000) (1024K)]
  0x00000216c73eb4f0 ConcurrentGCThread "G1 Main Marker"            [id=20100, stack(0x00000067b4700000,0x00000067b4800000) (1024K)]
  0x00000216c50b27c0 WorkerThread "G1 Conc#0"                       [id=33908, stack(0x00000067b4800000,0x00000067b4900000) (1024K)]
  0x00000216f7dab6e0 WorkerThread "G1 Conc#1"                       [id=8076, stack(0x00000067b6900000,0x00000067b6a00000) (1024K)]
  0x00000216f22be100 ConcurrentGCThread "G1 Refine#0"               [id=26036, stack(0x00000067b4900000,0x00000067b4a00000) (1024K)]
  0x000002168ca186c0 ConcurrentGCThread "G1 Refine#1"               [id=4980, stack(0x00000067b9200000,0x00000067b9300000) (1024K)]
  0x00000216f22bf930 ConcurrentGCThread "G1 Service"                [id=32124, stack(0x00000067b4a00000,0x00000067b4b00000) (1024K)]
Total: 16

Threads with active compile tasks:
C2 CompilerThread0  200274 42923 %     4       com.android.tools.r8.internal.Nj0::b @ 83 (1870 bytes)
C2 CompilerThread1  200274 43196 %     4       com.android.tools.r8.ir.optimize.W::a @ 135 (1448 bytes)
Total: 2

VM state: at safepoint (normal execution)

VM Mutex/Monitor currently owned by a thread:  ([mutex/lock_event])
[0x00007ffc4ca16438] Metaspace_lock - owner thread: 0x00000216c50b2080
[0x00007ffc4ca185b8] Threads_lock - owner thread: 0x00000216c50b2080
[0x00007ffc4ca186b8] Heap_lock - owner thread: 0x00000216c73eb4f0

Heap address: 0x0000000700000000, size: 4096 MB, Compressed Oops mode: Zero based, Oop shift amount: 3

CDS archive(s) not mapped
Compressed class space mapped at: 0x0000000800000000-0x0000000834000000, reserved size: 872415232
Narrow klass base: 0x0000000800000000, Narrow klass shift: 0, Narrow klass range: 0x34000000

GC Precious Log:
 CardTable entry size: 512
 Card Set container configuration: InlinePtr #cards 4 size 8 Array Of Cards #cards 16 size 48 Howl #buckets 8 coarsen threshold 3686 Howl Bitmap #cards 512 size 80 coarsen threshold 460 Card regions per heap region 1 cards per card region 4096
 CPUs: 8 total, 8 available
 Memory: 7930M
 Large Page Support: Disabled
 NUMA Support: Disabled
 Compressed Oops: Enabled (Zero based)
 Heap Region Size: 2M
 Heap Min Capacity: 8M
 Heap Initial Capacity: 124M
 Heap Max Capacity: 4G
 Pre-touch: Disabled
 Parallel Workers: 8
 Concurrent Workers: 2
 Concurrent Refinement Workers: 8
 Periodic GC: Disabled

Heap:
 garbage-first heap   total 2244608K, used 1609728K [0x0000000700000000, 0x0000000800000000)
  region size 2048K, 342 young (700416K), 5 survivors (10240K)
 Metaspace       used 176461K, committed 179200K, reserved 1048576K
  class space    used 24493K, committed 25728K, reserved 851968K

Heap Regions: E=young(eden), S=young(survivor), O=old, HS=humongous(starts), HC=humongous(continues), CS=collection set, F=free, TAMS=top-at-mark-start, PB=parsable bottom
|   0|0x0000000700000000, 0x0000000700200000, 0x0000000700200000|100%| O|  |TAMS 0x0000000700200000| PB 0x0000000700000000| Untracked 
|   1|0x0000000700200000, 0x0000000700400000, 0x0000000700400000|100%|HS|  |TAMS 0x0000000700400000| PB 0x0000000700200000| Complete 
|   2|0x0000000700400000, 0x0000000700600000, 0x0000000700600000|100%|HC|  |TAMS 0x0000000700600000| PB 0x0000000700400000| Complete 
|   3|0x0000000700600000, 0x0000000700800000, 0x0000000700800000|100%| O|  |TAMS 0x0000000700800000| PB 0x0000000700600000| Untracked 
|   4|0x0000000700800000, 0x0000000700a00000, 0x0000000700a00000|100%| O|  |TAMS 0x0000000700a00000| PB 0x0000000700800000| Untracked 
|   5|0x0000000700a00000, 0x0000000700c00000, 0x0000000700c00000|100%| O|  |TAMS 0x0000000700c00000| PB 0x0000000700a00000| Untracked 
|   6|0x0000000700c00000, 0x0000000700e00000, 0x0000000700e00000|100%| O|  |TAMS 0x0000000700e00000| PB 0x0000000700c00000| Untracked 
|   7|0x0000000700e00000, 0x0000000701000000, 0x0000000701000000|100%| O|  |TAMS 0x0000000701000000| PB 0x0000000700e00000| Untracked 
|   8|0x0000000701000000, 0x0000000701200000, 0x0000000701200000|100%| O|  |TAMS 0x0000000701200000| PB 0x0000000701000000| Untracked 
|   9|0x0000000701200000, 0x0000000701400000, 0x0000000701400000|100%| O|  |TAMS 0x0000000701400000| PB 0x0000000701200000| Untracked 
|  10|0x0000000701400000, 0x0000000701600000, 0x0000000701600000|100%| O|  |TAMS 0x0000000701600000| PB 0x0000000701400000| Untracked 
|  11|0x0000000701600000, 0x0000000701800000, 0x0000000701800000|100%| O|  |TAMS 0x0000000701800000| PB 0x0000000701600000| Untracked 
|  12|0x0000000701800000, 0x0000000701a00000, 0x0000000701a00000|100%| O|  |TAMS 0x0000000701a00000| PB 0x0000000701800000| Untracked 
|  13|0x0000000701a00000, 0x0000000701c00000, 0x0000000701c00000|100%| O|  |TAMS 0x0000000701c00000| PB 0x0000000701a00000| Untracked 
|  14|0x0000000701c00000, 0x0000000701e00000, 0x0000000701e00000|100%| O|  |TAMS 0x0000000701e00000| PB 0x0000000701c00000| Untracked 
|  15|0x0000000701e00000, 0x0000000702000000, 0x0000000702000000|100%| O|  |TAMS 0x0000000702000000| PB 0x0000000701e00000| Untracked 
|  16|0x0000000702000000, 0x0000000702200000, 0x0000000702200000|100%| O|  |TAMS 0x0000000702200000| PB 0x0000000702000000| Untracked 
|  17|0x0000000702200000, 0x0000000702400000, 0x0000000702400000|100%| O|  |TAMS 0x0000000702400000| PB 0x0000000702200000| Untracked 
|  18|0x0000000702400000, 0x0000000702600000, 0x0000000702600000|100%| O|  |TAMS 0x0000000702600000| PB 0x0000000702400000| Untracked 
|  19|0x0000000702600000, 0x0000000702800000, 0x0000000702800000|100%| O|  |TAMS 0x0000000702800000| PB 0x0000000702600000| Untracked 
|  20|0x0000000702800000, 0x0000000702a00000, 0x0000000702a00000|100%|HS|  |TAMS 0x0000000702a00000| PB 0x0000000702800000| Complete 
|  21|0x0000000702a00000, 0x0000000702c00000, 0x0000000702c00000|100%|HS|  |TAMS 0x0000000702c00000| PB 0x0000000702a00000| Complete 
|  22|0x0000000702c00000, 0x0000000702e00000, 0x0000000702e00000|100%| O|  |TAMS 0x0000000702e00000| PB 0x0000000702c00000| Untracked 
|  23|0x0000000702e00000, 0x0000000703000000, 0x0000000703000000|100%| O|  |TAMS 0x0000000703000000| PB 0x0000000702e00000| Untracked 
|  24|0x0000000703000000, 0x0000000703200000, 0x0000000703200000|100%| O|  |TAMS 0x0000000703200000| PB 0x0000000703000000| Untracked 
|  25|0x0000000703200000, 0x0000000703400000, 0x0000000703400000|100%| O|  |TAMS 0x0000000703400000| PB 0x0000000703200000| Untracked 
|  26|0x0000000703400000, 0x0000000703600000, 0x0000000703600000|100%|HS|  |TAMS 0x0000000703600000| PB 0x0000000703400000| Complete 
|  27|0x0000000703600000, 0x0000000703800000, 0x0000000703800000|100%|HC|  |TAMS 0x0000000703800000| PB 0x0000000703600000| Complete 
|  28|0x0000000703800000, 0x0000000703a00000, 0x0000000703a00000|100%|HS|  |TAMS 0x0000000703a00000| PB 0x0000000703800000| Complete 
|  29|0x0000000703a00000, 0x0000000703c00000, 0x0000000703c00000|100%|HC|  |TAMS 0x0000000703c00000| PB 0x0000000703a00000| Complete 
|  30|0x0000000703c00000, 0x0000000703e00000, 0x0000000703e00000|100%| O|  |TAMS 0x0000000703e00000| PB 0x0000000703c00000| Untracked 
|  31|0x0000000703e00000, 0x0000000704000000, 0x0000000704000000|100%| O|  |TAMS 0x0000000704000000| PB 0x0000000703e00000| Untracked 
|  32|0x0000000704000000, 0x0000000704200000, 0x0000000704200000|100%| O|  |TAMS 0x0000000704200000| PB 0x0000000704000000| Untracked 
|  33|0x0000000704200000, 0x0000000704400000, 0x0000000704400000|100%|HS|  |TAMS 0x0000000704400000| PB 0x0000000704200000| Complete 
|  34|0x0000000704400000, 0x0000000704600000, 0x0000000704600000|100%| O|  |TAMS 0x0000000704600000| PB 0x0000000704400000| Untracked 
|  35|0x0000000704600000, 0x0000000704800000, 0x0000000704800000|100%| O|  |TAMS 0x0000000704800000| PB 0x0000000704600000| Untracked 
|  36|0x0000000704800000, 0x0000000704a00000, 0x0000000704a00000|100%| O|  |TAMS 0x0000000704a00000| PB 0x0000000704800000| Untracked 
|  37|0x0000000704a00000, 0x0000000704c00000, 0x0000000704c00000|100%| O|  |TAMS 0x0000000704c00000| PB 0x0000000704a00000| Untracked 
|  38|0x0000000704c00000, 0x0000000704e00000, 0x0000000704e00000|100%| O|  |TAMS 0x0000000704e00000| PB 0x0000000704c00000| Untracked 
|  39|0x0000000704e00000, 0x0000000705000000, 0x0000000705000000|100%| O|  |TAMS 0x0000000705000000| PB 0x0000000704e00000| Untracked 
|  40|0x0000000705000000, 0x0000000705200000, 0x0000000705200000|100%|HS|  |TAMS 0x0000000705200000| PB 0x0000000705000000| Complete 
|  41|0x0000000705200000, 0x0000000705400000, 0x0000000705400000|100%| O|  |TAMS 0x0000000705400000| PB 0x0000000705200000| Untracked 
|  42|0x0000000705400000, 0x0000000705600000, 0x0000000705600000|100%| O|  |TAMS 0x0000000705600000| PB 0x0000000705400000| Untracked 
|  43|0x0000000705600000, 0x0000000705800000, 0x0000000705800000|100%| O|  |TAMS 0x0000000705800000| PB 0x0000000705600000| Untracked 
|  44|0x0000000705800000, 0x0000000705a00000, 0x0000000705a00000|100%| O|  |TAMS 0x0000000705a00000| PB 0x0000000705800000| Untracked 
|  45|0x0000000705a00000, 0x0000000705c00000, 0x0000000705c00000|100%| O|  |TAMS 0x0000000705c00000| PB 0x0000000705a00000| Untracked 
|  46|0x0000000705c00000, 0x0000000705e00000, 0x0000000705e00000|100%| O|  |TAMS 0x0000000705e00000| PB 0x0000000705c00000| Untracked 
|  47|0x0000000705e00000, 0x0000000706000000, 0x0000000706000000|100%| O|  |TAMS 0x0000000706000000| PB 0x0000000705e00000| Untracked 
|  48|0x0000000706000000, 0x0000000706200000, 0x0000000706200000|100%| O|  |TAMS 0x0000000706200000| PB 0x0000000706000000| Untracked 
|  49|0x0000000706200000, 0x0000000706400000, 0x0000000706400000|100%| O|  |TAMS 0x0000000706400000| PB 0x0000000706200000| Untracked 
|  50|0x0000000706400000, 0x0000000706600000, 0x0000000706600000|100%| O|  |TAMS 0x0000000706600000| PB 0x0000000706400000| Untracked 
|  51|0x0000000706600000, 0x0000000706800000, 0x0000000706800000|100%| O|  |TAMS 0x0000000706800000| PB 0x0000000706600000| Untracked 
|  52|0x0000000706800000, 0x0000000706a00000, 0x0000000706a00000|100%| O|  |TAMS 0x0000000706a00000| PB 0x0000000706800000| Untracked 
|  53|0x0000000706a00000, 0x0000000706c00000, 0x0000000706c00000|100%| O|  |TAMS 0x0000000706c00000| PB 0x0000000706a00000| Untracked 
|  54|0x0000000706c00000, 0x0000000706e00000, 0x0000000706e00000|100%| O|  |TAMS 0x0000000706e00000| PB 0x0000000706c00000| Untracked 
|  55|0x0000000706e00000, 0x0000000707000000, 0x0000000707000000|100%| O|  |TAMS 0x0000000707000000| PB 0x0000000706e00000| Untracked 
|  56|0x0000000707000000, 0x0000000707200000, 0x0000000707200000|100%| O|  |TAMS 0x0000000707200000| PB 0x0000000707000000| Untracked 
|  57|0x0000000707200000, 0x0000000707400000, 0x0000000707400000|100%| O|  |TAMS 0x0000000707400000| PB 0x0000000707200000| Untracked 
|  58|0x0000000707400000, 0x0000000707600000, 0x0000000707600000|100%| O|  |TAMS 0x0000000707600000| PB 0x0000000707400000| Untracked 
|  59|0x0000000707600000, 0x0000000707800000, 0x0000000707800000|100%| O|  |TAMS 0x0000000707800000| PB 0x0000000707600000| Untracked 
|  60|0x0000000707800000, 0x0000000707a00000, 0x0000000707a00000|100%| O|  |TAMS 0x0000000707a00000| PB 0x0000000707800000| Untracked 
|  61|0x0000000707a00000, 0x0000000707c00000, 0x0000000707c00000|100%| O|  |TAMS 0x0000000707c00000| PB 0x0000000707a00000| Untracked 
|  62|0x0000000707c00000, 0x0000000707e00000, 0x0000000707e00000|100%| O|  |TAMS 0x0000000707e00000| PB 0x0000000707c00000| Untracked 
|  63|0x0000000707e00000, 0x0000000708000000, 0x0000000708000000|100%| O|  |TAMS 0x0000000708000000| PB 0x0000000707e00000| Untracked 
|  64|0x0000000708000000, 0x0000000708200000, 0x0000000708200000|100%| O|  |TAMS 0x0000000708200000| PB 0x0000000708000000| Untracked 
|  65|0x0000000708200000, 0x0000000708400000, 0x0000000708400000|100%| O|  |TAMS 0x0000000708400000| PB 0x0000000708200000| Untracked 
|  66|0x0000000708400000, 0x0000000708600000, 0x0000000708600000|100%| O|  |TAMS 0x0000000708600000| PB 0x0000000708400000| Untracked 
|  67|0x0000000708600000, 0x0000000708800000, 0x0000000708800000|100%| O|  |TAMS 0x0000000708800000| PB 0x0000000708600000| Untracked 
|  68|0x0000000708800000, 0x0000000708a00000, 0x0000000708a00000|100%| O|  |TAMS 0x0000000708a00000| PB 0x0000000708800000| Untracked 
|  69|0x0000000708a00000, 0x0000000708c00000, 0x0000000708c00000|100%| O|  |TAMS 0x0000000708c00000| PB 0x0000000708a00000| Untracked 
|  70|0x0000000708c00000, 0x0000000708e00000, 0x0000000708e00000|100%| O|  |TAMS 0x0000000708e00000| PB 0x0000000708c00000| Untracked 
|  71|0x0000000708e00000, 0x0000000709000000, 0x0000000709000000|100%| O|  |TAMS 0x0000000709000000| PB 0x0000000708e00000| Untracked 
|  72|0x0000000709000000, 0x0000000709200000, 0x0000000709200000|100%| O|  |TAMS 0x0000000709200000| PB 0x0000000709000000| Untracked 
|  73|0x0000000709200000, 0x0000000709400000, 0x0000000709400000|100%| O|  |TAMS 0x0000000709400000| PB 0x0000000709200000| Untracked 
|  74|0x0000000709400000, 0x0000000709600000, 0x0000000709600000|100%|HS|  |TAMS 0x0000000709600000| PB 0x0000000709400000| Complete 
|  75|0x0000000709600000, 0x0000000709800000, 0x0000000709800000|100%|HS|  |TAMS 0x0000000709800000| PB 0x0000000709600000| Complete 
|  76|0x0000000709800000, 0x0000000709a00000, 0x0000000709a00000|100%|HC|  |TAMS 0x0000000709a00000| PB 0x0000000709800000| Complete 
|  77|0x0000000709a00000, 0x0000000709c00000, 0x0000000709c00000|100%|HS|  |TAMS 0x0000000709c00000| PB 0x0000000709a00000| Complete 
|  78|0x0000000709c00000, 0x0000000709e00000, 0x0000000709e00000|100%| O|  |TAMS 0x0000000709e00000| PB 0x0000000709c00000| Untracked 
|  79|0x0000000709e00000, 0x000000070a000000, 0x000000070a000000|100%| O|  |TAMS 0x000000070a000000| PB 0x0000000709e00000| Untracked 
|  80|0x000000070a000000, 0x000000070a200000, 0x000000070a200000|100%| O|  |TAMS 0x000000070a200000| PB 0x000000070a000000| Untracked 
|  81|0x000000070a200000, 0x000000070a400000, 0x000000070a400000|100%| O|  |TAMS 0x000000070a400000| PB 0x000000070a200000| Untracked 
|  82|0x000000070a400000, 0x000000070a600000, 0x000000070a600000|100%| O|  |TAMS 0x000000070a600000| PB 0x000000070a400000| Untracked 
|  83|0x000000070a600000, 0x000000070a800000, 0x000000070a800000|100%| O|  |TAMS 0x000000070a800000| PB 0x000000070a600000| Untracked 
|  84|0x000000070a800000, 0x000000070aa00000, 0x000000070aa00000|100%| O|  |TAMS 0x000000070aa00000| PB 0x000000070a800000| Untracked 
|  85|0x000000070aa00000, 0x000000070ac00000, 0x000000070ac00000|100%| O|  |TAMS 0x000000070ac00000| PB 0x000000070aa00000| Untracked 
|  86|0x000000070ac00000, 0x000000070ae00000, 0x000000070ae00000|100%| O|  |TAMS 0x000000070ae00000| PB 0x000000070ac00000| Untracked 
|  87|0x000000070ae00000, 0x000000070b000000, 0x000000070b000000|100%| O|  |TAMS 0x000000070b000000| PB 0x000000070ae00000| Untracked 
|  88|0x000000070b000000, 0x000000070b200000, 0x000000070b200000|100%| O|  |TAMS 0x000000070b200000| PB 0x000000070b000000| Untracked 
|  89|0x000000070b200000, 0x000000070b400000, 0x000000070b400000|100%| O|  |TAMS 0x000000070b400000| PB 0x000000070b200000| Untracked 
|  90|0x000000070b400000, 0x000000070b600000, 0x000000070b600000|100%| O|  |TAMS 0x000000070b600000| PB 0x000000070b400000| Untracked 
|  91|0x000000070b600000, 0x000000070b800000, 0x000000070b800000|100%| O|  |TAMS 0x000000070b800000| PB 0x000000070b600000| Untracked 
|  92|0x000000070b800000, 0x000000070ba00000, 0x000000070ba00000|100%| O|  |TAMS 0x000000070ba00000| PB 0x000000070b800000| Untracked 
|  93|0x000000070ba00000, 0x000000070bc00000, 0x000000070bc00000|100%| O|  |TAMS 0x000000070bc00000| PB 0x000000070ba00000| Untracked 
|  94|0x000000070bc00000, 0x000000070be00000, 0x000000070be00000|100%| O|  |TAMS 0x000000070be00000| PB 0x000000070bc00000| Untracked 
|  95|0x000000070be00000, 0x000000070c000000, 0x000000070c000000|100%| O|  |TAMS 0x000000070c000000| PB 0x000000070be00000| Untracked 
|  96|0x000000070c000000, 0x000000070c200000, 0x000000070c200000|100%| O|  |TAMS 0x000000070c200000| PB 0x000000070c000000| Untracked 
|  97|0x000000070c200000, 0x000000070c400000, 0x000000070c400000|100%| O|  |TAMS 0x000000070c400000| PB 0x000000070c200000| Untracked 
|  98|0x000000070c400000, 0x000000070c600000, 0x000000070c600000|100%| O|  |TAMS 0x000000070c600000| PB 0x000000070c400000| Untracked 
|  99|0x000000070c600000, 0x000000070c800000, 0x000000070c800000|100%| O|  |TAMS 0x000000070c800000| PB 0x000000070c600000| Untracked 
| 100|0x000000070c800000, 0x000000070ca00000, 0x000000070ca00000|100%| O|  |TAMS 0x000000070ca00000| PB 0x000000070c800000| Untracked 
| 101|0x000000070ca00000, 0x000000070cc00000, 0x000000070cc00000|100%| O|  |TAMS 0x000000070cc00000| PB 0x000000070ca00000| Untracked 
| 102|0x000000070cc00000, 0x000000070ce00000, 0x000000070ce00000|100%| O|  |TAMS 0x000000070ce00000| PB 0x000000070cc00000| Untracked 
| 103|0x000000070ce00000, 0x000000070d000000, 0x000000070d000000|100%| O|  |TAMS 0x000000070d000000| PB 0x000000070ce00000| Untracked 
| 104|0x000000070d000000, 0x000000070d200000, 0x000000070d200000|100%| O|  |TAMS 0x000000070d200000| PB 0x000000070d000000| Untracked 
| 105|0x000000070d200000, 0x000000070d400000, 0x000000070d400000|100%| O|  |TAMS 0x000000070d400000| PB 0x000000070d200000| Untracked 
| 106|0x000000070d400000, 0x000000070d600000, 0x000000070d600000|100%| O|  |TAMS 0x000000070d600000| PB 0x000000070d400000| Untracked 
| 107|0x000000070d600000, 0x000000070d800000, 0x000000070d800000|100%| O|  |TAMS 0x000000070d800000| PB 0x000000070d600000| Untracked 
| 108|0x000000070d800000, 0x000000070da00000, 0x000000070da00000|100%| O|  |TAMS 0x000000070da00000| PB 0x000000070d800000| Untracked 
| 109|0x000000070da00000, 0x000000070dc00000, 0x000000070dc00000|100%| O|  |TAMS 0x000000070dc00000| PB 0x000000070da00000| Untracked 
| 110|0x000000070dc00000, 0x000000070de00000, 0x000000070de00000|100%| O|  |TAMS 0x000000070de00000| PB 0x000000070dc00000| Untracked 
| 111|0x000000070de00000, 0x000000070e000000, 0x000000070e000000|100%| O|  |TAMS 0x000000070e000000| PB 0x000000070de00000| Untracked 
| 112|0x000000070e000000, 0x000000070e200000, 0x000000070e200000|100%| O|  |TAMS 0x000000070e200000| PB 0x000000070e000000| Untracked 
| 113|0x000000070e200000, 0x000000070e400000, 0x000000070e400000|100%| O|  |TAMS 0x000000070e400000| PB 0x000000070e200000| Untracked 
| 114|0x000000070e400000, 0x000000070e600000, 0x000000070e600000|100%| O|  |TAMS 0x000000070e600000| PB 0x000000070e400000| Untracked 
| 115|0x000000070e600000, 0x000000070e800000, 0x000000070e800000|100%| O|  |TAMS 0x000000070e800000| PB 0x000000070e600000| Untracked 
| 116|0x000000070e800000, 0x000000070ea00000, 0x000000070ea00000|100%| O|  |TAMS 0x000000070ea00000| PB 0x000000070e800000| Untracked 
| 117|0x000000070ea00000, 0x000000070ec00000, 0x000000070ec00000|100%| O|  |TAMS 0x000000070ec00000| PB 0x000000070ea00000| Untracked 
| 118|0x000000070ec00000, 0x000000070ee00000, 0x000000070ee00000|100%| O|  |TAMS 0x000000070ee00000| PB 0x000000070ec00000| Untracked 
| 119|0x000000070ee00000, 0x000000070f000000, 0x000000070f000000|100%| O|  |TAMS 0x000000070f000000| PB 0x000000070ee00000| Untracked 
| 120|0x000000070f000000, 0x000000070f200000, 0x000000070f200000|100%| O|  |TAMS 0x000000070f200000| PB 0x000000070f000000| Untracked 
| 121|0x000000070f200000, 0x000000070f400000, 0x000000070f400000|100%| O|  |TAMS 0x000000070f400000| PB 0x000000070f200000| Untracked 
| 122|0x000000070f400000, 0x000000070f600000, 0x000000070f600000|100%| O|  |TAMS 0x000000070f600000| PB 0x000000070f400000| Untracked 
| 123|0x000000070f600000, 0x000000070f800000, 0x000000070f800000|100%| O|  |TAMS 0x000000070f800000| PB 0x000000070f600000| Untracked 
| 124|0x000000070f800000, 0x000000070fa00000, 0x000000070fa00000|100%| O|  |TAMS 0x000000070fa00000| PB 0x000000070f800000| Untracked 
| 125|0x000000070fa00000, 0x000000070fc00000, 0x000000070fc00000|100%| O|  |TAMS 0x000000070fc00000| PB 0x000000070fa00000| Untracked 
| 126|0x000000070fc00000, 0x000000070fe00000, 0x000000070fe00000|100%| O|  |TAMS 0x000000070fe00000| PB 0x000000070fc00000| Untracked 
| 127|0x000000070fe00000, 0x0000000710000000, 0x0000000710000000|100%| O|  |TAMS 0x0000000710000000| PB 0x000000070fe00000| Untracked 
| 128|0x0000000710000000, 0x0000000710200000, 0x0000000710200000|100%| O|  |TAMS 0x0000000710200000| PB 0x0000000710000000| Untracked 
| 129|0x0000000710200000, 0x0000000710400000, 0x0000000710400000|100%| O|  |TAMS 0x0000000710400000| PB 0x0000000710200000| Untracked 
| 130|0x0000000710400000, 0x0000000710600000, 0x0000000710600000|100%| O|  |TAMS 0x0000000710600000| PB 0x0000000710400000| Untracked 
| 131|0x0000000710600000, 0x0000000710800000, 0x0000000710800000|100%| O|  |TAMS 0x0000000710800000| PB 0x0000000710600000| Untracked 
| 132|0x0000000710800000, 0x0000000710a00000, 0x0000000710a00000|100%| O|  |TAMS 0x0000000710a00000| PB 0x0000000710800000| Untracked 
| 133|0x0000000710a00000, 0x0000000710c00000, 0x0000000710c00000|100%| O|  |TAMS 0x0000000710c00000| PB 0x0000000710a00000| Untracked 
| 134|0x0000000710c00000, 0x0000000710e00000, 0x0000000710e00000|100%| O|  |TAMS 0x0000000710e00000| PB 0x0000000710c00000| Untracked 
| 135|0x0000000710e00000, 0x0000000711000000, 0x0000000711000000|100%| O|  |TAMS 0x0000000711000000| PB 0x0000000710e00000| Untracked 
| 136|0x0000000711000000, 0x0000000711200000, 0x0000000711200000|100%| O|  |TAMS 0x0000000711200000| PB 0x0000000711000000| Untracked 
| 137|0x0000000711200000, 0x0000000711400000, 0x0000000711400000|100%| O|  |TAMS 0x0000000711400000| PB 0x0000000711200000| Untracked 
| 138|0x0000000711400000, 0x0000000711600000, 0x0000000711600000|100%| O|  |TAMS 0x0000000711600000| PB 0x0000000711400000| Untracked 
| 139|0x0000000711600000, 0x0000000711800000, 0x0000000711800000|100%| O|  |TAMS 0x0000000711800000| PB 0x0000000711600000| Untracked 
| 140|0x0000000711800000, 0x0000000711a00000, 0x0000000711a00000|100%| O|  |TAMS 0x0000000711a00000| PB 0x0000000711800000| Untracked 
| 141|0x0000000711a00000, 0x0000000711c00000, 0x0000000711c00000|100%| O|  |TAMS 0x0000000711c00000| PB 0x0000000711a00000| Untracked 
| 142|0x0000000711c00000, 0x0000000711e00000, 0x0000000711e00000|100%| O|  |TAMS 0x0000000711e00000| PB 0x0000000711c00000| Untracked 
| 143|0x0000000711e00000, 0x0000000712000000, 0x0000000712000000|100%| O|  |TAMS 0x0000000712000000| PB 0x0000000711e00000| Untracked 
| 144|0x0000000712000000, 0x0000000712200000, 0x0000000712200000|100%| O|  |TAMS 0x0000000712200000| PB 0x0000000712000000| Untracked 
| 145|0x0000000712200000, 0x0000000712400000, 0x0000000712400000|100%| O|  |TAMS 0x0000000712400000| PB 0x0000000712200000| Untracked 
| 146|0x0000000712400000, 0x0000000712600000, 0x0000000712600000|100%| O|  |TAMS 0x0000000712600000| PB 0x0000000712400000| Untracked 
| 147|0x0000000712600000, 0x0000000712800000, 0x0000000712800000|100%| O|  |TAMS 0x0000000712800000| PB 0x0000000712600000| Untracked 
| 148|0x0000000712800000, 0x0000000712a00000, 0x0000000712a00000|100%| O|  |TAMS 0x0000000712a00000| PB 0x0000000712800000| Untracked 
| 149|0x0000000712a00000, 0x0000000712c00000, 0x0000000712c00000|100%| O|  |TAMS 0x0000000712c00000| PB 0x0000000712a00000| Untracked 
| 150|0x0000000712c00000, 0x0000000712e00000, 0x0000000712e00000|100%| O|  |TAMS 0x0000000712e00000| PB 0x0000000712c00000| Untracked 
| 151|0x0000000712e00000, 0x0000000713000000, 0x0000000713000000|100%| O|  |TAMS 0x0000000713000000| PB 0x0000000712e00000| Untracked 
| 152|0x0000000713000000, 0x0000000713200000, 0x0000000713200000|100%| O|  |TAMS 0x0000000713200000| PB 0x0000000713000000| Untracked 
| 153|0x0000000713200000, 0x0000000713400000, 0x0000000713400000|100%| O|  |TAMS 0x0000000713400000| PB 0x0000000713200000| Untracked 
| 154|0x0000000713400000, 0x0000000713600000, 0x0000000713600000|100%| O|  |TAMS 0x0000000713600000| PB 0x0000000713400000| Untracked 
| 155|0x0000000713600000, 0x0000000713800000, 0x0000000713800000|100%| O|  |TAMS 0x0000000713800000| PB 0x0000000713600000| Untracked 
| 156|0x0000000713800000, 0x0000000713a00000, 0x0000000713a00000|100%| O|  |TAMS 0x0000000713a00000| PB 0x0000000713800000| Untracked 
| 157|0x0000000713a00000, 0x0000000713c00000, 0x0000000713c00000|100%| O|  |TAMS 0x0000000713c00000| PB 0x0000000713a00000| Untracked 
| 158|0x0000000713c00000, 0x0000000713e00000, 0x0000000713e00000|100%| O|  |TAMS 0x0000000713e00000| PB 0x0000000713c00000| Untracked 
| 159|0x0000000713e00000, 0x0000000714000000, 0x0000000714000000|100%| O|  |TAMS 0x0000000714000000| PB 0x0000000713e00000| Untracked 
| 160|0x0000000714000000, 0x0000000714200000, 0x0000000714200000|100%| O|  |TAMS 0x0000000714200000| PB 0x0000000714000000| Untracked 
| 161|0x0000000714200000, 0x0000000714400000, 0x0000000714400000|100%| O|  |TAMS 0x0000000714400000| PB 0x0000000714200000| Untracked 
| 162|0x0000000714400000, 0x0000000714600000, 0x0000000714600000|100%| O|  |TAMS 0x0000000714600000| PB 0x0000000714400000| Untracked 
| 163|0x0000000714600000, 0x0000000714800000, 0x0000000714800000|100%| O|  |TAMS 0x0000000714800000| PB 0x0000000714600000| Untracked 
| 164|0x0000000714800000, 0x0000000714a00000, 0x0000000714a00000|100%| O|  |TAMS 0x0000000714a00000| PB 0x0000000714800000| Untracked 
| 165|0x0000000714a00000, 0x0000000714c00000, 0x0000000714c00000|100%| O|  |TAMS 0x0000000714c00000| PB 0x0000000714a00000| Untracked 
| 166|0x0000000714c00000, 0x0000000714e00000, 0x0000000714e00000|100%|HS|  |TAMS 0x0000000714e00000| PB 0x0000000714c00000| Complete 
| 167|0x0000000714e00000, 0x0000000715000000, 0x0000000715000000|100%| O|  |TAMS 0x0000000715000000| PB 0x0000000714e00000| Untracked 
| 168|0x0000000715000000, 0x0000000715200000, 0x0000000715200000|100%| O|  |TAMS 0x0000000715200000| PB 0x0000000715000000| Untracked 
| 169|0x0000000715200000, 0x0000000715400000, 0x0000000715400000|100%| O|  |TAMS 0x0000000715400000| PB 0x0000000715200000| Untracked 
| 170|0x0000000715400000, 0x0000000715600000, 0x0000000715600000|100%| O|  |TAMS 0x0000000715600000| PB 0x0000000715400000| Untracked 
| 171|0x0000000715600000, 0x0000000715800000, 0x0000000715800000|100%| O|  |TAMS 0x0000000715800000| PB 0x0000000715600000| Untracked 
| 172|0x0000000715800000, 0x0000000715a00000, 0x0000000715a00000|100%| O|  |TAMS 0x0000000715a00000| PB 0x0000000715800000| Untracked 
| 173|0x0000000715a00000, 0x0000000715c00000, 0x0000000715c00000|100%| O|  |TAMS 0x0000000715c00000| PB 0x0000000715a00000| Untracked 
| 174|0x0000000715c00000, 0x0000000715e00000, 0x0000000715e00000|100%| O|  |TAMS 0x0000000715e00000| PB 0x0000000715c00000| Untracked 
| 175|0x0000000715e00000, 0x0000000716000000, 0x0000000716000000|100%| O|  |TAMS 0x0000000716000000| PB 0x0000000715e00000| Untracked 
| 176|0x0000000716000000, 0x0000000716200000, 0x0000000716200000|100%| O|  |TAMS 0x0000000716200000| PB 0x0000000716000000| Untracked 
| 177|0x0000000716200000, 0x0000000716400000, 0x0000000716400000|100%| O|  |TAMS 0x0000000716400000| PB 0x0000000716200000| Untracked 
| 178|0x0000000716400000, 0x0000000716600000, 0x0000000716600000|100%|HS|  |TAMS 0x0000000716600000| PB 0x0000000716400000| Complete 
| 179|0x0000000716600000, 0x0000000716800000, 0x0000000716800000|100%| O|  |TAMS 0x0000000716800000| PB 0x0000000716600000| Untracked 
| 180|0x0000000716800000, 0x0000000716a00000, 0x0000000716a00000|100%| O|  |TAMS 0x0000000716a00000| PB 0x0000000716800000| Untracked 
| 181|0x0000000716a00000, 0x0000000716c00000, 0x0000000716c00000|100%| O|  |TAMS 0x0000000716c00000| PB 0x0000000716a00000| Untracked 
| 182|0x0000000716c00000, 0x0000000716e00000, 0x0000000716e00000|100%| O|  |TAMS 0x0000000716e00000| PB 0x0000000716c00000| Untracked 
| 183|0x0000000716e00000, 0x0000000717000000, 0x0000000717000000|100%| O|  |TAMS 0x0000000717000000| PB 0x0000000716e00000| Untracked 
| 184|0x0000000717000000, 0x0000000717200000, 0x0000000717200000|100%| O|  |TAMS 0x0000000717200000| PB 0x0000000717000000| Untracked 
| 185|0x0000000717200000, 0x0000000717400000, 0x0000000717400000|100%| O|  |TAMS 0x0000000717400000| PB 0x0000000717200000| Untracked 
| 186|0x0000000717400000, 0x0000000717600000, 0x0000000717600000|100%| O|  |TAMS 0x0000000717600000| PB 0x0000000717400000| Untracked 
| 187|0x0000000717600000, 0x0000000717800000, 0x0000000717800000|100%| O|  |TAMS 0x0000000717800000| PB 0x0000000717600000| Untracked 
| 188|0x0000000717800000, 0x0000000717a00000, 0x0000000717a00000|100%| O|  |TAMS 0x0000000717a00000| PB 0x0000000717800000| Untracked 
| 189|0x0000000717a00000, 0x0000000717c00000, 0x0000000717c00000|100%| O|  |TAMS 0x0000000717c00000| PB 0x0000000717a00000| Untracked 
| 190|0x0000000717c00000, 0x0000000717e00000, 0x0000000717e00000|100%| O|  |TAMS 0x0000000717e00000| PB 0x0000000717c00000| Untracked 
| 191|0x0000000717e00000, 0x0000000718000000, 0x0000000718000000|100%| O|  |TAMS 0x0000000718000000| PB 0x0000000717e00000| Untracked 
| 192|0x0000000718000000, 0x0000000718200000, 0x0000000718200000|100%| O|  |TAMS 0x0000000718200000| PB 0x0000000718000000| Untracked 
| 193|0x0000000718200000, 0x0000000718400000, 0x0000000718400000|100%| O|  |TAMS 0x0000000718400000| PB 0x0000000718200000| Untracked 
| 194|0x0000000718400000, 0x0000000718600000, 0x0000000718600000|100%| O|  |TAMS 0x0000000718600000| PB 0x0000000718400000| Untracked 
| 195|0x0000000718600000, 0x0000000718800000, 0x0000000718800000|100%| O|  |TAMS 0x0000000718800000| PB 0x0000000718600000| Untracked 
| 196|0x0000000718800000, 0x0000000718a00000, 0x0000000718a00000|100%| O|  |TAMS 0x0000000718a00000| PB 0x0000000718800000| Untracked 
| 197|0x0000000718a00000, 0x0000000718c00000, 0x0000000718c00000|100%| O|  |TAMS 0x0000000718c00000| PB 0x0000000718a00000| Untracked 
| 198|0x0000000718c00000, 0x0000000718e00000, 0x0000000718e00000|100%| O|  |TAMS 0x0000000718e00000| PB 0x0000000718c00000| Untracked 
| 199|0x0000000718e00000, 0x0000000719000000, 0x0000000719000000|100%| O|  |TAMS 0x0000000719000000| PB 0x0000000718e00000| Untracked 
| 200|0x0000000719000000, 0x0000000719200000, 0x0000000719200000|100%| O|  |TAMS 0x0000000719200000| PB 0x0000000719000000| Untracked 
| 201|0x0000000719200000, 0x0000000719400000, 0x0000000719400000|100%| O|  |TAMS 0x0000000719400000| PB 0x0000000719200000| Untracked 
| 202|0x0000000719400000, 0x0000000719600000, 0x0000000719600000|100%| O|  |TAMS 0x0000000719600000| PB 0x0000000719400000| Untracked 
| 203|0x0000000719600000, 0x0000000719800000, 0x0000000719800000|100%| O|  |TAMS 0x0000000719800000| PB 0x0000000719600000| Untracked 
| 204|0x0000000719800000, 0x0000000719a00000, 0x0000000719a00000|100%| O|  |TAMS 0x0000000719a00000| PB 0x0000000719800000| Untracked 
| 205|0x0000000719a00000, 0x0000000719c00000, 0x0000000719c00000|100%| O|  |TAMS 0x0000000719c00000| PB 0x0000000719a00000| Untracked 
| 206|0x0000000719c00000, 0x0000000719e00000, 0x0000000719e00000|100%| O|  |TAMS 0x0000000719e00000| PB 0x0000000719e00000| Updating 
| 207|0x0000000719e00000, 0x000000071a000000, 0x000000071a000000|100%| O|  |TAMS 0x000000071a000000| PB 0x000000071a000000| Updating 
| 208|0x000000071a000000, 0x000000071a200000, 0x000000071a200000|100%| O|  |TAMS 0x000000071a200000| PB 0x000000071a200000| Updating 
| 209|0x000000071a200000, 0x000000071a400000, 0x000000071a400000|100%| O|  |TAMS 0x000000071a400000| PB 0x000000071a400000| Updating 
| 210|0x000000071a400000, 0x000000071a600000, 0x000000071a600000|100%| O|  |TAMS 0x000000071a600000| PB 0x000000071a600000| Updating 
| 211|0x000000071a600000, 0x000000071a800000, 0x000000071a800000|100%| O|  |TAMS 0x000000071a800000| PB 0x000000071a800000| Untracked 
| 212|0x000000071a800000, 0x000000071aa00000, 0x000000071aa00000|100%| O|  |TAMS 0x000000071aa00000| PB 0x000000071aa00000| Updating 
| 213|0x000000071aa00000, 0x000000071ac00000, 0x000000071ac00000|100%| O|  |TAMS 0x000000071ac00000| PB 0x000000071ac00000| Updating 
| 214|0x000000071ac00000, 0x000000071ae00000, 0x000000071ae00000|100%| O|  |TAMS 0x000000071ae00000| PB 0x000000071ae00000| Updating 
| 215|0x000000071ae00000, 0x000000071b000000, 0x000000071b000000|100%| O|  |TAMS 0x000000071b000000| PB 0x000000071b000000| Updating 
| 216|0x000000071b000000, 0x000000071b200000, 0x000000071b200000|100%| O|  |TAMS 0x000000071b200000| PB 0x000000071b200000| Updating 
| 217|0x000000071b200000, 0x000000071b400000, 0x000000071b400000|100%| O|  |TAMS 0x000000071b400000| PB 0x000000071b400000| Updating 
| 218|0x000000071b400000, 0x000000071b600000, 0x000000071b600000|100%| O|  |TAMS 0x000000071b600000| PB 0x000000071b600000| Updating 
| 219|0x000000071b600000, 0x000000071b800000, 0x000000071b800000|100%| O|  |TAMS 0x000000071b800000| PB 0x000000071b800000| Untracked 
| 220|0x000000071b800000, 0x000000071ba00000, 0x000000071ba00000|100%| O|  |TAMS 0x000000071ba00000| PB 0x000000071ba00000| Updating 
| 221|0x000000071ba00000, 0x000000071ba00000, 0x000000071bc00000|  0%| F|  |TAMS 0x000000071bc00000| PB 0x000000071ba00000| Complete 
| 222|0x000000071bc00000, 0x000000071be00000, 0x000000071be00000|100%|HS|  |TAMS 0x000000071be00000| PB 0x000000071bc00000| Complete 
| 223|0x000000071be00000, 0x000000071c000000, 0x000000071c000000|100%| O|  |TAMS 0x000000071c000000| PB 0x000000071c000000| Updating 
| 224|0x000000071c000000, 0x000000071c200000, 0x000000071c200000|100%| O|  |TAMS 0x000000071c200000| PB 0x000000071c200000| Updating 
| 225|0x000000071c200000, 0x000000071c400000, 0x000000071c400000|100%| O|  |TAMS 0x000000071c400000| PB 0x000000071c400000| Updating 
| 226|0x000000071c400000, 0x000000071c600000, 0x000000071c600000|100%| O|  |TAMS 0x000000071c600000| PB 0x000000071c600000| Updating 
| 227|0x000000071c600000, 0x000000071c800000, 0x000000071c800000|100%| O|  |TAMS 0x000000071c800000| PB 0x000000071c800000| Updating 
| 228|0x000000071c800000, 0x000000071ca00000, 0x000000071ca00000|100%| O|  |TAMS 0x000000071ca00000| PB 0x000000071ca00000| Updating 
| 229|0x000000071ca00000, 0x000000071cc00000, 0x000000071cc00000|100%| O|  |TAMS 0x000000071cc00000| PB 0x000000071cc00000| Updating 
| 230|0x000000071cc00000, 0x000000071ce00000, 0x000000071ce00000|100%| O|  |TAMS 0x000000071ce00000| PB 0x000000071ce00000| Updating 
| 231|0x000000071ce00000, 0x000000071d000000, 0x000000071d000000|100%| O|  |TAMS 0x000000071d000000| PB 0x000000071d000000| Updating 
| 232|0x000000071d000000, 0x000000071d200000, 0x000000071d200000|100%| O|  |TAMS 0x000000071d200000| PB 0x000000071d200000| Updating 
| 233|0x000000071d200000, 0x000000071d400000, 0x000000071d400000|100%| O|  |TAMS 0x000000071d400000| PB 0x000000071d400000| Updating 
| 234|0x000000071d400000, 0x000000071d600000, 0x000000071d600000|100%| O|  |TAMS 0x000000071d600000| PB 0x000000071d600000| Updating 
| 235|0x000000071d600000, 0x000000071d800000, 0x000000071d800000|100%| O|  |TAMS 0x000000071d800000| PB 0x000000071d800000| Updating 
| 236|0x000000071d800000, 0x000000071da00000, 0x000000071da00000|100%| O|  |TAMS 0x000000071da00000| PB 0x000000071da00000| Updating 
| 237|0x000000071da00000, 0x000000071dc00000, 0x000000071dc00000|100%| O|  |TAMS 0x000000071dc00000| PB 0x000000071dc00000| Updating 
| 238|0x000000071dc00000, 0x000000071de00000, 0x000000071de00000|100%| O|  |TAMS 0x000000071de00000| PB 0x000000071de00000| Updating 
| 239|0x000000071de00000, 0x000000071e000000, 0x000000071e000000|100%| O|  |TAMS 0x000000071e000000| PB 0x000000071e000000| Updating 
| 240|0x000000071e000000, 0x000000071e200000, 0x000000071e200000|100%| O|  |TAMS 0x000000071e200000| PB 0x000000071e200000| Updating 
| 241|0x000000071e200000, 0x000000071e400000, 0x000000071e400000|100%| O|  |TAMS 0x000000071e400000| PB 0x000000071e400000| Updating 
| 242|0x000000071e400000, 0x000000071e600000, 0x000000071e600000|100%| O|  |TAMS 0x000000071e600000| PB 0x000000071e600000| Updating 
| 243|0x000000071e600000, 0x000000071e800000, 0x000000071e800000|100%| O|  |TAMS 0x000000071e800000| PB 0x000000071e800000| Updating 
| 244|0x000000071e800000, 0x000000071ea00000, 0x000000071ea00000|100%| O|  |TAMS 0x000000071ea00000| PB 0x000000071ea00000| Updating 
| 245|0x000000071ea00000, 0x000000071ec00000, 0x000000071ec00000|100%| O|  |TAMS 0x000000071ec00000| PB 0x000000071ec00000| Untracked 
| 246|0x000000071ec00000, 0x000000071ee00000, 0x000000071ee00000|100%| O|  |TAMS 0x000000071ee00000| PB 0x000000071ee00000| Updating 
| 247|0x000000071ee00000, 0x000000071f000000, 0x000000071f000000|100%| O|  |TAMS 0x000000071f000000| PB 0x000000071f000000| Updating 
| 248|0x000000071f000000, 0x000000071f200000, 0x000000071f200000|100%| O|  |TAMS 0x000000071f200000| PB 0x000000071f200000| Updating 
| 249|0x000000071f200000, 0x000000071f400000, 0x000000071f400000|100%| O|  |TAMS 0x000000071f400000| PB 0x000000071f400000| Updating 
| 250|0x000000071f400000, 0x000000071f600000, 0x000000071f600000|100%| O|  |TAMS 0x000000071f600000| PB 0x000000071f600000| Updating 
| 251|0x000000071f600000, 0x000000071f800000, 0x000000071f800000|100%| O|  |TAMS 0x000000071f800000| PB 0x000000071f800000| Updating 
| 252|0x000000071f800000, 0x000000071fa00000, 0x000000071fa00000|100%| O|  |TAMS 0x000000071fa00000| PB 0x000000071fa00000| Updating 
| 253|0x000000071fa00000, 0x000000071fc00000, 0x000000071fc00000|100%| O|  |TAMS 0x000000071fc00000| PB 0x000000071fc00000| Updating 
| 254|0x000000071fc00000, 0x000000071fe00000, 0x000000071fe00000|100%| O|  |TAMS 0x000000071fe00000| PB 0x000000071fe00000| Untracked 
| 255|0x000000071fe00000, 0x0000000720000000, 0x0000000720000000|100%| O|  |TAMS 0x0000000720000000| PB 0x0000000720000000| Untracked 
| 256|0x0000000720000000, 0x0000000720200000, 0x0000000720200000|100%| O|  |TAMS 0x0000000720200000| PB 0x0000000720200000| Updating 
| 257|0x0000000720200000, 0x0000000720400000, 0x0000000720400000|100%| O|  |TAMS 0x0000000720400000| PB 0x0000000720400000| Updating 
| 258|0x0000000720400000, 0x0000000720600000, 0x0000000720600000|100%| O|  |TAMS 0x0000000720600000| PB 0x0000000720600000| Updating 
| 259|0x0000000720600000, 0x0000000720800000, 0x0000000720800000|100%| O|  |TAMS 0x0000000720800000| PB 0x0000000720800000| Updating 
| 260|0x0000000720800000, 0x0000000720a00000, 0x0000000720a00000|100%| O|  |TAMS 0x0000000720a00000| PB 0x0000000720a00000| Updating 
| 261|0x0000000720a00000, 0x0000000720c00000, 0x0000000720c00000|100%| O|  |TAMS 0x0000000720c00000| PB 0x0000000720c00000| Updating 
| 262|0x0000000720c00000, 0x0000000720e00000, 0x0000000720e00000|100%|HS|  |TAMS 0x0000000720e00000| PB 0x0000000720c00000| Complete 
| 263|0x0000000720e00000, 0x0000000721000000, 0x0000000721000000|100%| O|  |TAMS 0x0000000721000000| PB 0x0000000721000000| Updating 
| 264|0x0000000721000000, 0x0000000721200000, 0x0000000721200000|100%| O|  |TAMS 0x0000000721200000| PB 0x0000000721200000| Updating 
| 265|0x0000000721200000, 0x0000000721400000, 0x0000000721400000|100%| O|  |TAMS 0x0000000721400000| PB 0x0000000721400000| Updating 
| 266|0x0000000721400000, 0x0000000721600000, 0x0000000721600000|100%| O|  |TAMS 0x0000000721600000| PB 0x0000000721600000| Updating 
| 267|0x0000000721600000, 0x0000000721800000, 0x0000000721800000|100%| O|  |TAMS 0x0000000721800000| PB 0x0000000721800000| Updating 
| 268|0x0000000721800000, 0x0000000721a00000, 0x0000000721a00000|100%| O|  |TAMS 0x0000000721a00000| PB 0x0000000721a00000| Updating 
| 269|0x0000000721a00000, 0x0000000721c00000, 0x0000000721c00000|100%| O|  |TAMS 0x0000000721c00000| PB 0x0000000721c00000| Untracked 
| 270|0x0000000721c00000, 0x0000000721e00000, 0x0000000721e00000|100%| O|  |TAMS 0x0000000721e00000| PB 0x0000000721e00000| Untracked 
| 271|0x0000000721e00000, 0x0000000722000000, 0x0000000722000000|100%| O|  |TAMS 0x0000000722000000| PB 0x0000000722000000| Updating 
| 272|0x0000000722000000, 0x0000000722200000, 0x0000000722200000|100%| O|  |TAMS 0x0000000722200000| PB 0x0000000722200000| Untracked 
| 273|0x0000000722200000, 0x0000000722400000, 0x0000000722400000|100%| O|  |TAMS 0x0000000722400000| PB 0x0000000722400000| Updating 
| 274|0x0000000722400000, 0x0000000722600000, 0x0000000722600000|100%| O|  |TAMS 0x0000000722600000| PB 0x0000000722600000| Updating 
| 275|0x0000000722600000, 0x0000000722800000, 0x0000000722800000|100%| O|  |TAMS 0x0000000722800000| PB 0x0000000722800000| Untracked 
| 276|0x0000000722800000, 0x0000000722a00000, 0x0000000722a00000|100%| O|  |TAMS 0x0000000722a00000| PB 0x0000000722a00000| Untracked 
| 277|0x0000000722a00000, 0x0000000722c00000, 0x0000000722c00000|100%| O|  |TAMS 0x0000000722c00000| PB 0x0000000722c00000| Updating 
| 278|0x0000000722c00000, 0x0000000722e00000, 0x0000000722e00000|100%| O|  |TAMS 0x0000000722e00000| PB 0x0000000722e00000| Updating 
| 279|0x0000000722e00000, 0x0000000723000000, 0x0000000723000000|100%|HS|  |TAMS 0x0000000723000000| PB 0x0000000722e00000| Complete 
| 280|0x0000000723000000, 0x0000000723200000, 0x0000000723200000|100%|HC|  |TAMS 0x0000000723200000| PB 0x0000000723000000| Complete 
| 281|0x0000000723200000, 0x0000000723200000, 0x0000000723400000|  0%| F|  |TAMS 0x0000000723200000| PB 0x0000000723200000| Untracked 
| 282|0x0000000723400000, 0x0000000723600000, 0x0000000723600000|100%| O|  |TAMS 0x0000000723600000| PB 0x0000000723600000| Updating 
| 283|0x0000000723600000, 0x0000000723600000, 0x0000000723800000|  0%| F|  |TAMS 0x0000000723600000| PB 0x0000000723600000| Untracked 
| 284|0x0000000723800000, 0x0000000723800000, 0x0000000723a00000|  0%| F|  |TAMS 0x0000000723800000| PB 0x0000000723800000| Untracked 
| 285|0x0000000723a00000, 0x0000000723c00000, 0x0000000723c00000|100%|HS|  |TAMS 0x0000000723c00000| PB 0x0000000723a00000| Complete 
| 286|0x0000000723c00000, 0x0000000723e00000, 0x0000000723e00000|100%|HC|  |TAMS 0x0000000723e00000| PB 0x0000000723c00000| Complete 
| 287|0x0000000723e00000, 0x0000000724000000, 0x0000000724000000|100%|HC|  |TAMS 0x0000000724000000| PB 0x0000000723e00000| Complete 
| 288|0x0000000724000000, 0x0000000724200000, 0x0000000724200000|100%|HC|  |TAMS 0x0000000724200000| PB 0x0000000724000000| Complete 
| 289|0x0000000724200000, 0x0000000724400000, 0x0000000724400000|100%|HS|  |TAMS 0x0000000724400000| PB 0x0000000724200000| Complete 
| 290|0x0000000724400000, 0x0000000724400000, 0x0000000724600000|  0%| F|  |TAMS 0x0000000724400000| PB 0x0000000724400000| Untracked 
| 291|0x0000000724600000, 0x0000000724800000, 0x0000000724800000|100%| O|  |TAMS 0x0000000724800000| PB 0x0000000724800000| Updating 
| 292|0x0000000724800000, 0x0000000724a00000, 0x0000000724a00000|100%| O|  |TAMS 0x0000000724a00000| PB 0x0000000724a00000| Updating 
| 293|0x0000000724a00000, 0x0000000724c00000, 0x0000000724c00000|100%| O|  |TAMS 0x0000000724c00000| PB 0x0000000724c00000| Updating 
| 294|0x0000000724c00000, 0x0000000724e00000, 0x0000000724e00000|100%| O|  |TAMS 0x0000000724e00000| PB 0x0000000724e00000| Updating 
| 295|0x0000000724e00000, 0x0000000725000000, 0x0000000725000000|100%| O|  |TAMS 0x0000000725000000| PB 0x0000000725000000| Updating 
| 296|0x0000000725000000, 0x0000000725200000, 0x0000000725200000|100%| O|  |TAMS 0x0000000725200000| PB 0x0000000725200000| Updating 
| 297|0x0000000725200000, 0x0000000725400000, 0x0000000725400000|100%| O|  |TAMS 0x0000000725400000| PB 0x0000000725400000| Updating 
| 298|0x0000000725400000, 0x0000000725600000, 0x0000000725600000|100%| O|  |TAMS 0x0000000725600000| PB 0x0000000725600000| Updating 
| 299|0x0000000725600000, 0x0000000725800000, 0x0000000725800000|100%| O|  |TAMS 0x0000000725800000| PB 0x0000000725800000| Updating 
| 300|0x0000000725800000, 0x0000000725a00000, 0x0000000725a00000|100%| O|  |TAMS 0x0000000725a00000| PB 0x0000000725a00000| Updating 
| 301|0x0000000725a00000, 0x0000000725c00000, 0x0000000725c00000|100%| O|  |TAMS 0x0000000725c00000| PB 0x0000000725c00000| Updating 
| 302|0x0000000725c00000, 0x0000000725c00000, 0x0000000725e00000|  0%| F|  |TAMS 0x0000000725c00000| PB 0x0000000725c00000| Untracked 
| 303|0x0000000725e00000, 0x0000000725e00000, 0x0000000726000000|  0%| F|  |TAMS 0x0000000725e00000| PB 0x0000000725e00000| Untracked 
| 304|0x0000000726000000, 0x0000000726000000, 0x0000000726200000|  0%| F|  |TAMS 0x0000000726000000| PB 0x0000000726000000| Untracked 
| 305|0x0000000726200000, 0x0000000726200000, 0x0000000726400000|  0%| F|  |TAMS 0x0000000726200000| PB 0x0000000726200000| Untracked 
| 306|0x0000000726400000, 0x0000000726400000, 0x0000000726600000|  0%| F|  |TAMS 0x0000000726400000| PB 0x0000000726400000| Untracked 
| 307|0x0000000726600000, 0x0000000726600000, 0x0000000726800000|  0%| F|  |TAMS 0x0000000726600000| PB 0x0000000726600000| Untracked 
| 308|0x0000000726800000, 0x0000000726800000, 0x0000000726a00000|  0%| F|  |TAMS 0x0000000726800000| PB 0x0000000726800000| Untracked 
| 309|0x0000000726a00000, 0x0000000726a00000, 0x0000000726c00000|  0%| F|  |TAMS 0x0000000726a00000| PB 0x0000000726a00000| Untracked 
| 310|0x0000000726c00000, 0x0000000726c00000, 0x0000000726e00000|  0%| F|  |TAMS 0x0000000726c00000| PB 0x0000000726c00000| Untracked 
| 311|0x0000000726e00000, 0x0000000726e00000, 0x0000000727000000|  0%| F|  |TAMS 0x0000000726e00000| PB 0x0000000726e00000| Untracked 
| 312|0x0000000727000000, 0x0000000727000000, 0x0000000727200000|  0%| F|  |TAMS 0x0000000727000000| PB 0x0000000727000000| Untracked 
| 313|0x0000000727200000, 0x0000000727200000, 0x0000000727400000|  0%| F|  |TAMS 0x0000000727200000| PB 0x0000000727200000| Untracked 
| 314|0x0000000727400000, 0x0000000727600000, 0x0000000727600000|100%| O|  |TAMS 0x0000000727600000| PB 0x0000000727600000| Updating 
| 315|0x0000000727600000, 0x0000000727800000, 0x0000000727800000|100%| O|  |TAMS 0x0000000727800000| PB 0x0000000727800000| Updating 
| 316|0x0000000727800000, 0x0000000727800000, 0x0000000727a00000|  0%| F|  |TAMS 0x0000000727800000| PB 0x0000000727800000| Untracked 
| 317|0x0000000727a00000, 0x0000000727a00000, 0x0000000727c00000|  0%| F|  |TAMS 0x0000000727a00000| PB 0x0000000727a00000| Untracked 
| 318|0x0000000727c00000, 0x0000000727e00000, 0x0000000727e00000|100%| O|  |TAMS 0x0000000727e00000| PB 0x0000000727e00000| Updating 
| 319|0x0000000727e00000, 0x0000000728000000, 0x0000000728000000|100%| O|  |TAMS 0x0000000728000000| PB 0x0000000728000000| Updating 
| 320|0x0000000728000000, 0x0000000728200000, 0x0000000728200000|100%| O|  |TAMS 0x0000000728200000| PB 0x0000000728200000| Updating 
| 321|0x0000000728200000, 0x0000000728400000, 0x0000000728400000|100%| O|  |TAMS 0x0000000728400000| PB 0x0000000728400000| Updating 
| 322|0x0000000728400000, 0x0000000728600000, 0x0000000728600000|100%| O|  |TAMS 0x0000000728600000| PB 0x0000000728600000| Updating 
| 323|0x0000000728600000, 0x0000000728600000, 0x0000000728800000|  0%| F|  |TAMS 0x0000000728600000| PB 0x0000000728600000| Untracked 
| 324|0x0000000728800000, 0x0000000728800000, 0x0000000728a00000|  0%| F|  |TAMS 0x0000000728800000| PB 0x0000000728800000| Untracked 
| 325|0x0000000728a00000, 0x0000000728a00000, 0x0000000728c00000|  0%| F|  |TAMS 0x0000000728a00000| PB 0x0000000728a00000| Untracked 
| 326|0x0000000728c00000, 0x0000000728c00000, 0x0000000728e00000|  0%| F|  |TAMS 0x0000000728c00000| PB 0x0000000728c00000| Untracked 
| 327|0x0000000728e00000, 0x0000000729000000, 0x0000000729000000|100%| O|  |TAMS 0x0000000729000000| PB 0x0000000729000000| Updating 
| 328|0x0000000729000000, 0x0000000729000000, 0x0000000729200000|  0%| F|  |TAMS 0x0000000729000000| PB 0x0000000729000000| Untracked 
| 329|0x0000000729200000, 0x0000000729200000, 0x0000000729400000|  0%| F|  |TAMS 0x0000000729200000| PB 0x0000000729200000| Untracked 
| 330|0x0000000729400000, 0x0000000729600000, 0x0000000729600000|100%| O|  |TAMS 0x0000000729600000| PB 0x0000000729600000| Updating 
| 331|0x0000000729600000, 0x0000000729600000, 0x0000000729800000|  0%| F|  |TAMS 0x0000000729600000| PB 0x0000000729600000| Untracked 
| 332|0x0000000729800000, 0x0000000729800000, 0x0000000729a00000|  0%| F|  |TAMS 0x0000000729800000| PB 0x0000000729800000| Untracked 
| 333|0x0000000729a00000, 0x0000000729a00000, 0x0000000729c00000|  0%| F|  |TAMS 0x0000000729a00000| PB 0x0000000729a00000| Untracked 
| 334|0x0000000729c00000, 0x0000000729c00000, 0x0000000729e00000|  0%| F|  |TAMS 0x0000000729c00000| PB 0x0000000729c00000| Untracked 
| 335|0x0000000729e00000, 0x0000000729e00000, 0x000000072a000000|  0%| F|  |TAMS 0x0000000729e00000| PB 0x0000000729e00000| Untracked 
| 336|0x000000072a000000, 0x000000072a200000, 0x000000072a200000|100%| O|  |TAMS 0x000000072a200000| PB 0x000000072a200000| Updating 
| 337|0x000000072a200000, 0x000000072a200000, 0x000000072a400000|  0%| F|  |TAMS 0x000000072a200000| PB 0x000000072a200000| Untracked 
| 338|0x000000072a400000, 0x000000072a600000, 0x000000072a600000|100%| O|  |TAMS 0x000000072a600000| PB 0x000000072a600000| Untracked 
| 339|0x000000072a600000, 0x000000072a600000, 0x000000072a800000|  0%| F|  |TAMS 0x000000072a600000| PB 0x000000072a600000| Untracked 
| 340|0x000000072a800000, 0x000000072a800000, 0x000000072aa00000|  0%| F|  |TAMS 0x000000072a800000| PB 0x000000072a800000| Untracked 
| 341|0x000000072aa00000, 0x000000072aa00000, 0x000000072ac00000|  0%| F|  |TAMS 0x000000072aa00000| PB 0x000000072aa00000| Untracked 
| 342|0x000000072ac00000, 0x000000072ae00000, 0x000000072ae00000|100%| O|  |TAMS 0x000000072ae00000| PB 0x000000072ae00000| Updating 
| 343|0x000000072ae00000, 0x000000072b000000, 0x000000072b000000|100%| O|  |TAMS 0x000000072b000000| PB 0x000000072b000000| Updating 
| 344|0x000000072b000000, 0x000000072b000000, 0x000000072b200000|  0%| F|  |TAMS 0x000000072b000000| PB 0x000000072b000000| Untracked 
| 345|0x000000072b200000, 0x000000072b400000, 0x000000072b400000|100%| O|  |TAMS 0x000000072b400000| PB 0x000000072b400000| Updating 
| 346|0x000000072b400000, 0x000000072b400000, 0x000000072b600000|  0%| F|  |TAMS 0x000000072b400000| PB 0x000000072b400000| Untracked 
| 347|0x000000072b600000, 0x000000072b600000, 0x000000072b800000|  0%| F|  |TAMS 0x000000072b600000| PB 0x000000072b600000| Untracked 
| 348|0x000000072b800000, 0x000000072b800000, 0x000000072ba00000|  0%| F|  |TAMS 0x000000072b800000| PB 0x000000072b800000| Untracked 
| 349|0x000000072ba00000, 0x000000072ba00000, 0x000000072bc00000|  0%| F|  |TAMS 0x000000072ba00000| PB 0x000000072ba00000| Untracked 
| 350|0x000000072bc00000, 0x000000072bc00000, 0x000000072be00000|  0%| F|  |TAMS 0x000000072bc00000| PB 0x000000072bc00000| Untracked 
| 351|0x000000072be00000, 0x000000072be00000, 0x000000072c000000|  0%| F|  |TAMS 0x000000072be00000| PB 0x000000072be00000| Untracked 
| 352|0x000000072c000000, 0x000000072c000000, 0x000000072c200000|  0%| F|  |TAMS 0x000000072c000000| PB 0x000000072c000000| Untracked 
| 353|0x000000072c200000, 0x000000072c200000, 0x000000072c400000|  0%| F|  |TAMS 0x000000072c200000| PB 0x000000072c200000| Untracked 
| 354|0x000000072c400000, 0x000000072c400000, 0x000000072c600000|  0%| F|  |TAMS 0x000000072c400000| PB 0x000000072c400000| Untracked 
| 355|0x000000072c600000, 0x000000072c600000, 0x000000072c800000|  0%| F|  |TAMS 0x000000072c600000| PB 0x000000072c600000| Untracked 
| 356|0x000000072c800000, 0x000000072c800000, 0x000000072ca00000|  0%| F|  |TAMS 0x000000072c800000| PB 0x000000072c800000| Untracked 
| 357|0x000000072ca00000, 0x000000072ca00000, 0x000000072cc00000|  0%| F|  |TAMS 0x000000072ca00000| PB 0x000000072ca00000| Untracked 
| 358|0x000000072cc00000, 0x000000072cc00000, 0x000000072ce00000|  0%| F|  |TAMS 0x000000072cc00000| PB 0x000000072cc00000| Untracked 
| 359|0x000000072ce00000, 0x000000072ce00000, 0x000000072d000000|  0%| F|  |TAMS 0x000000072ce00000| PB 0x000000072ce00000| Untracked 
| 360|0x000000072d000000, 0x000000072d200000, 0x000000072d200000|100%| O|  |TAMS 0x000000072d200000| PB 0x000000072d200000| Updating 
| 361|0x000000072d200000, 0x000000072d400000, 0x000000072d400000|100%| O|  |TAMS 0x000000072d400000| PB 0x000000072d400000| Updating 
| 362|0x000000072d400000, 0x000000072d600000, 0x000000072d600000|100%| O|  |TAMS 0x000000072d400000| PB 0x000000072d400000| Untracked 
| 363|0x000000072d600000, 0x000000072d800000, 0x000000072d800000|100%| O|  |TAMS 0x000000072d800000| PB 0x000000072d800000| Updating 
| 364|0x000000072d800000, 0x000000072da00000, 0x000000072da00000|100%| O|  |TAMS 0x000000072d800000| PB 0x000000072d800000| Untracked 
| 365|0x000000072da00000, 0x000000072dc00000, 0x000000072dc00000|100%| O|  |TAMS 0x000000072da00000| PB 0x000000072da00000| Untracked 
| 366|0x000000072dc00000, 0x000000072de00000, 0x000000072de00000|100%| O|  |TAMS 0x000000072de00000| PB 0x000000072de00000| Updating 
| 367|0x000000072de00000, 0x000000072e000000, 0x000000072e000000|100%| O|  |TAMS 0x000000072de00000| PB 0x000000072de00000| Untracked 
| 368|0x000000072e000000, 0x000000072e200000, 0x000000072e200000|100%| O|  |TAMS 0x000000072e000000| PB 0x000000072e000000| Untracked 
| 369|0x000000072e200000, 0x000000072e400000, 0x000000072e400000|100%| O|  |TAMS 0x000000072e200000| PB 0x000000072e200000| Untracked 
| 370|0x000000072e400000, 0x000000072e600000, 0x000000072e600000|100%| O|  |TAMS 0x000000072e400000| PB 0x000000072e400000| Untracked 
| 371|0x000000072e600000, 0x000000072e800000, 0x000000072e800000|100%| O|  |TAMS 0x000000072e600000| PB 0x000000072e600000| Untracked 
| 372|0x000000072e800000, 0x000000072ea00000, 0x000000072ea00000|100%| O|  |TAMS 0x000000072e800000| PB 0x000000072e800000| Untracked 
| 373|0x000000072ea00000, 0x000000072ec00000, 0x000000072ec00000|100%| O|  |TAMS 0x000000072ec00000| PB 0x000000072ec00000| Updating 
| 374|0x000000072ec00000, 0x000000072ee00000, 0x000000072ee00000|100%| O|  |TAMS 0x000000072ec00000| PB 0x000000072ec00000| Untracked 
| 375|0x000000072ee00000, 0x000000072f000000, 0x000000072f000000|100%| O|  |TAMS 0x000000072ee00000| PB 0x000000072ee00000| Untracked 
| 376|0x000000072f000000, 0x000000072f200000, 0x000000072f200000|100%| O|  |TAMS 0x000000072f000000| PB 0x000000072f000000| Untracked 
| 377|0x000000072f200000, 0x000000072f400000, 0x000000072f400000|100%| O|  |TAMS 0x000000072f200000| PB 0x000000072f200000| Untracked 
| 378|0x000000072f400000, 0x000000072f600000, 0x000000072f600000|100%| O|  |TAMS 0x000000072f400000| PB 0x000000072f400000| Untracked 
| 379|0x000000072f600000, 0x000000072f800000, 0x000000072f800000|100%| O|  |TAMS 0x000000072f600000| PB 0x000000072f600000| Untracked 
| 380|0x000000072f800000, 0x000000072fa00000, 0x000000072fa00000|100%| O|  |TAMS 0x000000072f800000| PB 0x000000072f800000| Untracked 
| 381|0x000000072fa00000, 0x000000072fc00000, 0x000000072fc00000|100%| O|  |TAMS 0x000000072fa00000| PB 0x000000072fa00000| Untracked 
| 382|0x000000072fc00000, 0x000000072fe00000, 0x000000072fe00000|100%| O|  |TAMS 0x000000072fc00000| PB 0x000000072fc00000| Untracked 
| 383|0x000000072fe00000, 0x0000000730000000, 0x0000000730000000|100%| O|  |TAMS 0x000000072fe00000| PB 0x000000072fe00000| Untracked 
| 384|0x0000000730000000, 0x0000000730200000, 0x0000000730200000|100%| O|  |TAMS 0x0000000730000000| PB 0x0000000730000000| Untracked 
| 385|0x0000000730200000, 0x0000000730400000, 0x0000000730400000|100%| O|  |TAMS 0x0000000730200000| PB 0x0000000730200000| Untracked 
| 386|0x0000000730400000, 0x0000000730600000, 0x0000000730600000|100%| O|  |TAMS 0x0000000730400000| PB 0x0000000730400000| Untracked 
| 387|0x0000000730600000, 0x0000000730800000, 0x0000000730800000|100%| O|  |TAMS 0x0000000730600000| PB 0x0000000730600000| Untracked 
| 388|0x0000000730800000, 0x0000000730a00000, 0x0000000730a00000|100%| O|  |TAMS 0x0000000730800000| PB 0x0000000730800000| Untracked 
| 389|0x0000000730a00000, 0x0000000730c00000, 0x0000000730c00000|100%| O|  |TAMS 0x0000000730c00000| PB 0x0000000730c00000| Updating 
| 390|0x0000000730c00000, 0x0000000730c00000, 0x0000000730e00000|  0%| F|  |TAMS 0x0000000730c00000| PB 0x0000000730c00000| Untracked 
| 391|0x0000000730e00000, 0x0000000731000000, 0x0000000731000000|100%| O|  |TAMS 0x0000000731000000| PB 0x0000000731000000| Updating 
| 392|0x0000000731000000, 0x0000000731000000, 0x0000000731200000|  0%| F|  |TAMS 0x0000000731000000| PB 0x0000000731000000| Untracked 
| 393|0x0000000731200000, 0x0000000731200000, 0x0000000731400000|  0%| F|  |TAMS 0x0000000731200000| PB 0x0000000731200000| Untracked 
| 394|0x0000000731400000, 0x0000000731400000, 0x0000000731600000|  0%| F|  |TAMS 0x0000000731400000| PB 0x0000000731400000| Untracked 
| 395|0x0000000731600000, 0x0000000731600000, 0x0000000731800000|  0%| F|  |TAMS 0x0000000731600000| PB 0x0000000731600000| Untracked 
| 396|0x0000000731800000, 0x0000000731800000, 0x0000000731a00000|  0%| F|  |TAMS 0x0000000731800000| PB 0x0000000731800000| Untracked 
| 397|0x0000000731a00000, 0x0000000731a00000, 0x0000000731c00000|  0%| F|  |TAMS 0x0000000731a00000| PB 0x0000000731a00000| Untracked 
| 398|0x0000000731c00000, 0x0000000731e00000, 0x0000000731e00000|100%| O|  |TAMS 0x0000000731c00000| PB 0x0000000731c00000| Untracked 
| 399|0x0000000731e00000, 0x0000000731e00000, 0x0000000732000000|  0%| F|  |TAMS 0x0000000731e00000| PB 0x0000000731e00000| Untracked 
| 400|0x0000000732000000, 0x0000000732000000, 0x0000000732200000|  0%| F|  |TAMS 0x0000000732000000| PB 0x0000000732000000| Untracked 
| 401|0x0000000732200000, 0x0000000732200000, 0x0000000732400000|  0%| F|  |TAMS 0x0000000732200000| PB 0x0000000732200000| Untracked 
| 402|0x0000000732400000, 0x0000000732400000, 0x0000000732600000|  0%| F|  |TAMS 0x0000000732400000| PB 0x0000000732400000| Untracked 
| 403|0x0000000732600000, 0x0000000732800000, 0x0000000732800000|100%| O|  |TAMS 0x0000000732800000| PB 0x0000000732800000| Updating 
| 404|0x0000000732800000, 0x0000000732a00000, 0x0000000732a00000|100%| O|  |TAMS 0x0000000732a00000| PB 0x0000000732a00000| Updating 
| 405|0x0000000732a00000, 0x0000000732a00000, 0x0000000732c00000|  0%| F|  |TAMS 0x0000000732a00000| PB 0x0000000732a00000| Untracked 
| 406|0x0000000732c00000, 0x0000000732c00000, 0x0000000732e00000|  0%| F|  |TAMS 0x0000000732c00000| PB 0x0000000732c00000| Untracked 
| 407|0x0000000732e00000, 0x0000000732e00000, 0x0000000733000000|  0%| F|  |TAMS 0x0000000732e00000| PB 0x0000000732e00000| Untracked 
| 408|0x0000000733000000, 0x0000000733000000, 0x0000000733200000|  0%| F|  |TAMS 0x0000000733000000| PB 0x0000000733000000| Untracked 
| 409|0x0000000733200000, 0x0000000733200000, 0x0000000733400000|  0%| F|  |TAMS 0x0000000733200000| PB 0x0000000733200000| Untracked 
| 410|0x0000000733400000, 0x0000000733400000, 0x0000000733600000|  0%| F|  |TAMS 0x0000000733400000| PB 0x0000000733400000| Untracked 
| 411|0x0000000733600000, 0x0000000733600000, 0x0000000733800000|  0%| F|  |TAMS 0x0000000733600000| PB 0x0000000733600000| Untracked 
| 412|0x0000000733800000, 0x0000000733800000, 0x0000000733a00000|  0%| F|  |TAMS 0x0000000733800000| PB 0x0000000733800000| Untracked 
| 413|0x0000000733a00000, 0x0000000733a00000, 0x0000000733c00000|  0%| F|  |TAMS 0x0000000733a00000| PB 0x0000000733a00000| Untracked 
| 414|0x0000000733c00000, 0x0000000733c00000, 0x0000000733e00000|  0%| F|  |TAMS 0x0000000733c00000| PB 0x0000000733c00000| Untracked 
| 415|0x0000000733e00000, 0x0000000733e00000, 0x0000000734000000|  0%| F|  |TAMS 0x0000000733e00000| PB 0x0000000733e00000| Untracked 
| 416|0x0000000734000000, 0x0000000734000000, 0x0000000734200000|  0%| F|  |TAMS 0x0000000734000000| PB 0x0000000734000000| Untracked 
| 417|0x0000000734200000, 0x0000000734200000, 0x0000000734400000|  0%| F|  |TAMS 0x0000000734200000| PB 0x0000000734200000| Untracked 
| 418|0x0000000734400000, 0x0000000734600000, 0x0000000734600000|100%| O|  |TAMS 0x0000000734400000| PB 0x0000000734400000| Untracked 
| 419|0x0000000734600000, 0x0000000734600000, 0x0000000734800000|  0%| F|  |TAMS 0x0000000734600000| PB 0x0000000734600000| Untracked 
| 420|0x0000000734800000, 0x0000000734800000, 0x0000000734a00000|  0%| F|  |TAMS 0x0000000734800000| PB 0x0000000734800000| Untracked 
| 421|0x0000000734a00000, 0x0000000734a00000, 0x0000000734c00000|  0%| F|  |TAMS 0x0000000734a00000| PB 0x0000000734a00000| Untracked 
| 422|0x0000000734c00000, 0x0000000734c00000, 0x0000000734e00000|  0%| F|  |TAMS 0x0000000734c00000| PB 0x0000000734c00000| Untracked 
| 423|0x0000000734e00000, 0x0000000734e00000, 0x0000000735000000|  0%| F|  |TAMS 0x0000000734e00000| PB 0x0000000734e00000| Untracked 
| 424|0x0000000735000000, 0x0000000735000000, 0x0000000735200000|  0%| F|  |TAMS 0x0000000735000000| PB 0x0000000735000000| Untracked 
| 425|0x0000000735200000, 0x0000000735200000, 0x0000000735400000|  0%| F|  |TAMS 0x0000000735200000| PB 0x0000000735200000| Untracked 
| 426|0x0000000735400000, 0x0000000735600000, 0x0000000735600000|100%| O|  |TAMS 0x0000000735400000| PB 0x0000000735400000| Untracked 
| 427|0x0000000735600000, 0x0000000735800000, 0x0000000735800000|100%| O|  |TAMS 0x0000000735600000| PB 0x0000000735600000| Untracked 
| 428|0x0000000735800000, 0x0000000735a00000, 0x0000000735a00000|100%| O|  |TAMS 0x0000000735800000| PB 0x0000000735800000| Untracked 
| 429|0x0000000735a00000, 0x0000000735c00000, 0x0000000735c00000|100%| O|  |TAMS 0x0000000735a00000| PB 0x0000000735a00000| Untracked 
| 430|0x0000000735c00000, 0x0000000735c00000, 0x0000000735e00000|  0%| F|  |TAMS 0x0000000735c00000| PB 0x0000000735c00000| Untracked 
| 431|0x0000000735e00000, 0x0000000735e00000, 0x0000000736000000|  0%| F|  |TAMS 0x0000000735e00000| PB 0x0000000735e00000| Untracked 
| 432|0x0000000736000000, 0x0000000736200000, 0x0000000736200000|100%| O|  |TAMS 0x0000000736000000| PB 0x0000000736000000| Untracked 
| 433|0x0000000736200000, 0x0000000736400000, 0x0000000736400000|100%| O|  |TAMS 0x0000000736200000| PB 0x0000000736200000| Untracked 
| 434|0x0000000736400000, 0x0000000736600000, 0x0000000736600000|100%| O|  |TAMS 0x0000000736400000| PB 0x0000000736400000| Untracked 
| 435|0x0000000736600000, 0x0000000736800000, 0x0000000736800000|100%| O|  |TAMS 0x0000000736600000| PB 0x0000000736600000| Untracked 
| 436|0x0000000736800000, 0x0000000736800000, 0x0000000736a00000|  0%| F|  |TAMS 0x0000000736800000| PB 0x0000000736800000| Untracked 
| 437|0x0000000736a00000, 0x0000000736a00000, 0x0000000736c00000|  0%| F|  |TAMS 0x0000000736a00000| PB 0x0000000736a00000| Untracked 
| 438|0x0000000736c00000, 0x0000000736c00000, 0x0000000736e00000|  0%| F|  |TAMS 0x0000000736c00000| PB 0x0000000736c00000| Untracked 
| 439|0x0000000736e00000, 0x0000000736e00000, 0x0000000737000000|  0%| F|  |TAMS 0x0000000736e00000| PB 0x0000000736e00000| Untracked 
| 440|0x0000000737000000, 0x0000000737200000, 0x0000000737200000|100%| O|  |TAMS 0x0000000737000000| PB 0x0000000737000000| Untracked 
| 441|0x0000000737200000, 0x0000000737400000, 0x0000000737400000|100%| O|  |TAMS 0x0000000737200000| PB 0x0000000737200000| Untracked 
| 442|0x0000000737400000, 0x0000000737600000, 0x0000000737600000|100%| O|  |TAMS 0x0000000737400000| PB 0x0000000737400000| Untracked 
| 443|0x0000000737600000, 0x0000000737800000, 0x0000000737800000|100%| O|  |TAMS 0x0000000737600000| PB 0x0000000737600000| Untracked 
| 444|0x0000000737800000, 0x0000000737a00000, 0x0000000737a00000|100%| O|  |TAMS 0x0000000737800000| PB 0x0000000737800000| Untracked 
| 445|0x0000000737a00000, 0x0000000737c00000, 0x0000000737c00000|100%| O|  |TAMS 0x0000000737a00000| PB 0x0000000737a00000| Untracked 
| 446|0x0000000737c00000, 0x0000000737e00000, 0x0000000737e00000|100%| O|  |TAMS 0x0000000737c00000| PB 0x0000000737c00000| Untracked 
| 447|0x0000000737e00000, 0x0000000737e00000, 0x0000000738000000|  0%| F|  |TAMS 0x0000000737e00000| PB 0x0000000737e00000| Untracked 
| 448|0x0000000738000000, 0x0000000738200000, 0x0000000738200000|100%| O|  |TAMS 0x0000000738000000| PB 0x0000000738000000| Untracked 
| 449|0x0000000738200000, 0x0000000738400000, 0x0000000738400000|100%| O|  |TAMS 0x0000000738200000| PB 0x0000000738200000| Untracked 
| 450|0x0000000738400000, 0x0000000738600000, 0x0000000738600000|100%| O|  |TAMS 0x0000000738400000| PB 0x0000000738400000| Untracked 
| 451|0x0000000738600000, 0x0000000738800000, 0x0000000738800000|100%| O|  |TAMS 0x0000000738600000| PB 0x0000000738600000| Untracked 
| 452|0x0000000738800000, 0x0000000738a00000, 0x0000000738a00000|100%| O|  |TAMS 0x0000000738800000| PB 0x0000000738800000| Untracked 
| 453|0x0000000738a00000, 0x0000000738c00000, 0x0000000738c00000|100%| O|  |TAMS 0x0000000738a00000| PB 0x0000000738a00000| Untracked 
| 454|0x0000000738c00000, 0x0000000738e00000, 0x0000000738e00000|100%| O|  |TAMS 0x0000000738c00000| PB 0x0000000738c00000| Untracked 
| 455|0x0000000738e00000, 0x0000000739000000, 0x0000000739000000|100%| O|  |TAMS 0x0000000738e00000| PB 0x0000000738e00000| Untracked 
| 456|0x0000000739000000, 0x0000000739200000, 0x0000000739200000|100%| O|  |TAMS 0x0000000739000000| PB 0x0000000739000000| Untracked 
| 457|0x0000000739200000, 0x0000000739400000, 0x0000000739400000|100%| O|  |TAMS 0x0000000739200000| PB 0x0000000739200000| Untracked 
| 458|0x0000000739400000, 0x0000000739600000, 0x0000000739600000|100%| O|  |TAMS 0x0000000739400000| PB 0x0000000739400000| Untracked 
| 459|0x0000000739600000, 0x0000000739800000, 0x0000000739800000|100%| O|  |TAMS 0x0000000739600000| PB 0x0000000739600000| Untracked 
| 460|0x0000000739800000, 0x0000000739a00000, 0x0000000739a00000|100%| O|  |TAMS 0x0000000739800000| PB 0x0000000739800000| Untracked 
| 461|0x0000000739a00000, 0x0000000739c00000, 0x0000000739c00000|100%| O|  |TAMS 0x0000000739a00000| PB 0x0000000739a00000| Untracked 
| 462|0x0000000739c00000, 0x0000000739e00000, 0x0000000739e00000|100%| O|  |TAMS 0x0000000739c00000| PB 0x0000000739c00000| Untracked 
| 463|0x0000000739e00000, 0x000000073a000000, 0x000000073a000000|100%| O|  |TAMS 0x0000000739e00000| PB 0x0000000739e00000| Untracked 
| 464|0x000000073a000000, 0x000000073a200000, 0x000000073a200000|100%| O|  |TAMS 0x000000073a000000| PB 0x000000073a000000| Untracked 
| 465|0x000000073a200000, 0x000000073a400000, 0x000000073a400000|100%| O|  |TAMS 0x000000073a200000| PB 0x000000073a200000| Untracked 
| 466|0x000000073a400000, 0x000000073a600000, 0x000000073a600000|100%| O|  |TAMS 0x000000073a400000| PB 0x000000073a400000| Untracked 
| 467|0x000000073a600000, 0x000000073a800000, 0x000000073a800000|100%| O|  |TAMS 0x000000073a600000| PB 0x000000073a600000| Untracked 
| 468|0x000000073a800000, 0x000000073aa00000, 0x000000073aa00000|100%| O|  |TAMS 0x000000073a800000| PB 0x000000073a800000| Untracked 
| 469|0x000000073aa00000, 0x000000073ac00000, 0x000000073ac00000|100%| O|  |TAMS 0x000000073aa00000| PB 0x000000073aa00000| Untracked 
| 470|0x000000073ac00000, 0x000000073ae00000, 0x000000073ae00000|100%| O|  |TAMS 0x000000073ac00000| PB 0x000000073ac00000| Untracked 
| 471|0x000000073ae00000, 0x000000073b000000, 0x000000073b000000|100%| O|  |TAMS 0x000000073ae00000| PB 0x000000073ae00000| Untracked 
| 472|0x000000073b000000, 0x000000073b200000, 0x000000073b200000|100%| O|  |TAMS 0x000000073b000000| PB 0x000000073b000000| Untracked 
| 473|0x000000073b200000, 0x000000073b400000, 0x000000073b400000|100%| O|  |TAMS 0x000000073b200000| PB 0x000000073b200000| Untracked 
| 474|0x000000073b400000, 0x000000073b600000, 0x000000073b600000|100%| O|  |TAMS 0x000000073b400000| PB 0x000000073b400000| Untracked 
| 475|0x000000073b600000, 0x000000073b800000, 0x000000073b800000|100%| O|  |TAMS 0x000000073b600000| PB 0x000000073b600000| Untracked 
| 476|0x000000073b800000, 0x000000073ba00000, 0x000000073ba00000|100%| O|  |TAMS 0x000000073b800000| PB 0x000000073b800000| Untracked 
| 477|0x000000073ba00000, 0x000000073bc00000, 0x000000073bc00000|100%| O|  |TAMS 0x000000073ba00000| PB 0x000000073ba00000| Untracked 
| 478|0x000000073bc00000, 0x000000073be00000, 0x000000073be00000|100%| O|  |TAMS 0x000000073bc00000| PB 0x000000073bc00000| Untracked 
| 479|0x000000073be00000, 0x000000073c000000, 0x000000073c000000|100%| O|  |TAMS 0x000000073be00000| PB 0x000000073be00000| Untracked 
| 480|0x000000073c000000, 0x000000073c200000, 0x000000073c200000|100%| O|  |TAMS 0x000000073c000000| PB 0x000000073c000000| Untracked 
| 481|0x000000073c200000, 0x000000073c400000, 0x000000073c400000|100%| O|  |TAMS 0x000000073c200000| PB 0x000000073c200000| Untracked 
| 482|0x000000073c400000, 0x000000073c600000, 0x000000073c600000|100%| O|  |TAMS 0x000000073c400000| PB 0x000000073c400000| Untracked 
| 483|0x000000073c600000, 0x000000073c800000, 0x000000073c800000|100%| O|  |TAMS 0x000000073c600000| PB 0x000000073c600000| Untracked 
| 484|0x000000073c800000, 0x000000073ca00000, 0x000000073ca00000|100%| O|  |TAMS 0x000000073c800000| PB 0x000000073c800000| Untracked 
| 485|0x000000073ca00000, 0x000000073cc00000, 0x000000073cc00000|100%| O|  |TAMS 0x000000073ca00000| PB 0x000000073ca00000| Untracked 
| 486|0x000000073cc00000, 0x000000073ce00000, 0x000000073ce00000|100%| O|  |TAMS 0x000000073cc00000| PB 0x000000073cc00000| Untracked 
| 487|0x000000073ce00000, 0x000000073d000000, 0x000000073d000000|100%| O|  |TAMS 0x000000073ce00000| PB 0x000000073ce00000| Untracked 
| 488|0x000000073d000000, 0x000000073d100000, 0x000000073d200000| 50%| O|  |TAMS 0x000000073d000000| PB 0x000000073d000000| Updating 
| 489|0x000000073d200000, 0x000000073d200000, 0x000000073d400000|  0%| F|  |TAMS 0x000000073d200000| PB 0x000000073d200000| Untracked 
| 490|0x000000073d400000, 0x000000073d400000, 0x000000073d600000|  0%| F|  |TAMS 0x000000073d400000| PB 0x000000073d400000| Untracked 
| 491|0x000000073d600000, 0x000000073d600000, 0x000000073d800000|  0%| F|  |TAMS 0x000000073d600000| PB 0x000000073d600000| Untracked 
| 492|0x000000073d800000, 0x000000073d800000, 0x000000073da00000|  0%| F|  |TAMS 0x000000073d800000| PB 0x000000073d800000| Untracked 
| 493|0x000000073da00000, 0x000000073da00000, 0x000000073dc00000|  0%| F|  |TAMS 0x000000073da00000| PB 0x000000073da00000| Untracked 
| 494|0x000000073dc00000, 0x000000073dc00000, 0x000000073de00000|  0%| F|  |TAMS 0x000000073dc00000| PB 0x000000073dc00000| Untracked 
| 495|0x000000073de00000, 0x000000073de00000, 0x000000073e000000|  0%| F|  |TAMS 0x000000073de00000| PB 0x000000073de00000| Untracked 
| 496|0x000000073e000000, 0x000000073e000000, 0x000000073e200000|  0%| F|  |TAMS 0x000000073e000000| PB 0x000000073e000000| Untracked 
| 497|0x000000073e200000, 0x000000073e200000, 0x000000073e400000|  0%| F|  |TAMS 0x000000073e200000| PB 0x000000073e200000| Untracked 
| 498|0x000000073e400000, 0x000000073e400000, 0x000000073e600000|  0%| F|  |TAMS 0x000000073e400000| PB 0x000000073e400000| Untracked 
| 499|0x000000073e600000, 0x000000073e600000, 0x000000073e800000|  0%| F|  |TAMS 0x000000073e600000| PB 0x000000073e600000| Untracked 
| 500|0x000000073e800000, 0x000000073e800000, 0x000000073ea00000|  0%| F|  |TAMS 0x000000073e800000| PB 0x000000073e800000| Untracked 
| 501|0x000000073ea00000, 0x000000073ea00000, 0x000000073ec00000|  0%| F|  |TAMS 0x000000073ea00000| PB 0x000000073ea00000| Untracked 
| 502|0x000000073ec00000, 0x000000073ec00000, 0x000000073ee00000|  0%| F|  |TAMS 0x000000073ec00000| PB 0x000000073ec00000| Untracked 
| 503|0x000000073ee00000, 0x000000073ee00000, 0x000000073f000000|  0%| F|  |TAMS 0x000000073ee00000| PB 0x000000073ee00000| Untracked 
| 504|0x000000073f000000, 0x000000073f000000, 0x000000073f200000|  0%| F|  |TAMS 0x000000073f000000| PB 0x000000073f000000| Untracked 
| 505|0x000000073f200000, 0x000000073f200000, 0x000000073f400000|  0%| F|  |TAMS 0x000000073f200000| PB 0x000000073f200000| Untracked 
| 506|0x000000073f400000, 0x000000073f400000, 0x000000073f600000|  0%| F|  |TAMS 0x000000073f400000| PB 0x000000073f400000| Untracked 
| 507|0x000000073f600000, 0x000000073f600000, 0x000000073f800000|  0%| F|  |TAMS 0x000000073f600000| PB 0x000000073f600000| Untracked 
| 508|0x000000073f800000, 0x000000073f800000, 0x000000073fa00000|  0%| F|  |TAMS 0x000000073f800000| PB 0x000000073f800000| Untracked 
| 509|0x000000073fa00000, 0x000000073fa00000, 0x000000073fc00000|  0%| F|  |TAMS 0x000000073fa00000| PB 0x000000073fa00000| Untracked 
| 510|0x000000073fc00000, 0x000000073fc00000, 0x000000073fe00000|  0%| F|  |TAMS 0x000000073fc00000| PB 0x000000073fc00000| Untracked 
| 511|0x000000073fe00000, 0x000000073fe00000, 0x0000000740000000|  0%| F|  |TAMS 0x000000073fe00000| PB 0x000000073fe00000| Untracked 
| 512|0x0000000740000000, 0x0000000740000000, 0x0000000740200000|  0%| F|  |TAMS 0x0000000740000000| PB 0x0000000740000000| Untracked 
| 513|0x0000000740200000, 0x0000000740200000, 0x0000000740400000|  0%| F|  |TAMS 0x0000000740200000| PB 0x0000000740200000| Untracked 
| 514|0x0000000740400000, 0x0000000740400000, 0x0000000740600000|  0%| F|  |TAMS 0x0000000740400000| PB 0x0000000740400000| Untracked 
| 515|0x0000000740600000, 0x0000000740600000, 0x0000000740800000|  0%| F|  |TAMS 0x0000000740600000| PB 0x0000000740600000| Untracked 
| 516|0x0000000740800000, 0x0000000740800000, 0x0000000740a00000|  0%| F|  |TAMS 0x0000000740800000| PB 0x0000000740800000| Untracked 
| 517|0x0000000740a00000, 0x0000000740a00000, 0x0000000740c00000|  0%| F|  |TAMS 0x0000000740a00000| PB 0x0000000740a00000| Untracked 
| 518|0x0000000740c00000, 0x0000000740c00000, 0x0000000740e00000|  0%| F|  |TAMS 0x0000000740c00000| PB 0x0000000740c00000| Untracked 
| 519|0x0000000740e00000, 0x0000000740e00000, 0x0000000741000000|  0%| F|  |TAMS 0x0000000740e00000| PB 0x0000000740e00000| Untracked 
| 520|0x0000000741000000, 0x0000000741000000, 0x0000000741200000|  0%| F|  |TAMS 0x0000000741000000| PB 0x0000000741000000| Untracked 
| 521|0x0000000741200000, 0x0000000741200000, 0x0000000741400000|  0%| F|  |TAMS 0x0000000741200000| PB 0x0000000741200000| Untracked 
| 522|0x0000000741400000, 0x0000000741400000, 0x0000000741600000|  0%| F|  |TAMS 0x0000000741400000| PB 0x0000000741400000| Untracked 
| 523|0x0000000741600000, 0x0000000741600000, 0x0000000741800000|  0%| F|  |TAMS 0x0000000741600000| PB 0x0000000741600000| Untracked 
| 524|0x0000000741800000, 0x0000000741800000, 0x0000000741a00000|  0%| F|  |TAMS 0x0000000741800000| PB 0x0000000741800000| Untracked 
| 525|0x0000000741a00000, 0x0000000741a00000, 0x0000000741c00000|  0%| F|  |TAMS 0x0000000741a00000| PB 0x0000000741a00000| Untracked 
| 526|0x0000000741c00000, 0x0000000741c00000, 0x0000000741e00000|  0%| F|  |TAMS 0x0000000741c00000| PB 0x0000000741c00000| Untracked 
| 527|0x0000000741e00000, 0x0000000741e00000, 0x0000000742000000|  0%| F|  |TAMS 0x0000000741e00000| PB 0x0000000741e00000| Untracked 
| 528|0x0000000742000000, 0x0000000742000000, 0x0000000742200000|  0%| F|  |TAMS 0x0000000742000000| PB 0x0000000742000000| Untracked 
| 529|0x0000000742200000, 0x0000000742200000, 0x0000000742400000|  0%| F|  |TAMS 0x0000000742200000| PB 0x0000000742200000| Untracked 
| 530|0x0000000742400000, 0x0000000742400000, 0x0000000742600000|  0%| F|  |TAMS 0x0000000742400000| PB 0x0000000742400000| Untracked 
| 531|0x0000000742600000, 0x0000000742600000, 0x0000000742800000|  0%| F|  |TAMS 0x0000000742600000| PB 0x0000000742600000| Untracked 
| 532|0x0000000742800000, 0x0000000742800000, 0x0000000742a00000|  0%| F|  |TAMS 0x0000000742800000| PB 0x0000000742800000| Untracked 
| 533|0x0000000742a00000, 0x0000000742a00000, 0x0000000742c00000|  0%| F|  |TAMS 0x0000000742a00000| PB 0x0000000742a00000| Untracked 
| 534|0x0000000742c00000, 0x0000000742c00000, 0x0000000742e00000|  0%| F|  |TAMS 0x0000000742c00000| PB 0x0000000742c00000| Untracked 
| 535|0x0000000742e00000, 0x0000000742e00000, 0x0000000743000000|  0%| F|  |TAMS 0x0000000742e00000| PB 0x0000000742e00000| Untracked 
| 536|0x0000000743000000, 0x0000000743000000, 0x0000000743200000|  0%| F|  |TAMS 0x0000000743000000| PB 0x0000000743000000| Untracked 
| 537|0x0000000743200000, 0x0000000743200000, 0x0000000743400000|  0%| F|  |TAMS 0x0000000743200000| PB 0x0000000743200000| Untracked 
| 538|0x0000000743400000, 0x0000000743400000, 0x0000000743600000|  0%| F|  |TAMS 0x0000000743400000| PB 0x0000000743400000| Untracked 
| 539|0x0000000743600000, 0x0000000743600000, 0x0000000743800000|  0%| F|  |TAMS 0x0000000743600000| PB 0x0000000743600000| Untracked 
| 540|0x0000000743800000, 0x0000000743900000, 0x0000000743a00000| 50%| S|CS|TAMS 0x0000000743800000| PB 0x0000000743800000| Complete 
| 541|0x0000000743a00000, 0x0000000743c00000, 0x0000000743c00000|100%| S|CS|TAMS 0x0000000743a00000| PB 0x0000000743a00000| Complete 
| 542|0x0000000743c00000, 0x0000000743e00000, 0x0000000743e00000|100%| S|CS|TAMS 0x0000000743c00000| PB 0x0000000743c00000| Complete 
| 543|0x0000000743e00000, 0x0000000744000000, 0x0000000744000000|100%| S|CS|TAMS 0x0000000743e00000| PB 0x0000000743e00000| Complete 
| 544|0x0000000744000000, 0x0000000744200000, 0x0000000744200000|100%| S|CS|TAMS 0x0000000744000000| PB 0x0000000744000000| Complete 
| 545|0x0000000744200000, 0x0000000744200000, 0x0000000744400000|  0%| F|  |TAMS 0x0000000744200000| PB 0x0000000744200000| Untracked 
| 546|0x0000000744400000, 0x0000000744400000, 0x0000000744600000|  0%| F|  |TAMS 0x0000000744400000| PB 0x0000000744400000| Untracked 
| 547|0x0000000744600000, 0x0000000744600000, 0x0000000744800000|  0%| F|  |TAMS 0x0000000744600000| PB 0x0000000744600000| Untracked 
| 548|0x0000000744800000, 0x0000000744800000, 0x0000000744a00000|  0%| F|  |TAMS 0x0000000744800000| PB 0x0000000744800000| Untracked 
| 549|0x0000000744a00000, 0x0000000744a00000, 0x0000000744c00000|  0%| F|  |TAMS 0x0000000744a00000| PB 0x0000000744a00000| Untracked 
| 550|0x0000000744c00000, 0x0000000744c00000, 0x0000000744e00000|  0%| F|  |TAMS 0x0000000744c00000| PB 0x0000000744c00000| Untracked 
| 551|0x0000000744e00000, 0x0000000744e00000, 0x0000000745000000|  0%| F|  |TAMS 0x0000000744e00000| PB 0x0000000744e00000| Untracked 
| 552|0x0000000745000000, 0x0000000745000000, 0x0000000745200000|  0%| F|  |TAMS 0x0000000745000000| PB 0x0000000745000000| Untracked 
| 553|0x0000000745200000, 0x0000000745200000, 0x0000000745400000|  0%| F|  |TAMS 0x0000000745200000| PB 0x0000000745200000| Untracked 
| 554|0x0000000745400000, 0x0000000745400000, 0x0000000745600000|  0%| F|  |TAMS 0x0000000745400000| PB 0x0000000745400000| Untracked 
| 555|0x0000000745600000, 0x0000000745600000, 0x0000000745800000|  0%| F|  |TAMS 0x0000000745600000| PB 0x0000000745600000| Untracked 
| 556|0x0000000745800000, 0x0000000745800000, 0x0000000745a00000|  0%| F|  |TAMS 0x0000000745800000| PB 0x0000000745800000| Untracked 
| 557|0x0000000745a00000, 0x0000000745a00000, 0x0000000745c00000|  0%| F|  |TAMS 0x0000000745a00000| PB 0x0000000745a00000| Untracked 
| 558|0x0000000745c00000, 0x0000000745c00000, 0x0000000745e00000|  0%| F|  |TAMS 0x0000000745c00000| PB 0x0000000745c00000| Untracked 
| 559|0x0000000745e00000, 0x0000000745e00000, 0x0000000746000000|  0%| F|  |TAMS 0x0000000745e00000| PB 0x0000000745e00000| Untracked 
| 560|0x0000000746000000, 0x0000000746000000, 0x0000000746200000|  0%| F|  |TAMS 0x0000000746000000| PB 0x0000000746000000| Untracked 
| 561|0x0000000746200000, 0x0000000746200000, 0x0000000746400000|  0%| F|  |TAMS 0x0000000746200000| PB 0x0000000746200000| Untracked 
| 562|0x0000000746400000, 0x0000000746400000, 0x0000000746600000|  0%| F|  |TAMS 0x0000000746400000| PB 0x0000000746400000| Untracked 
| 563|0x0000000746600000, 0x0000000746600000, 0x0000000746800000|  0%| F|  |TAMS 0x0000000746600000| PB 0x0000000746600000| Untracked 
| 564|0x0000000746800000, 0x0000000746800000, 0x0000000746a00000|  0%| F|  |TAMS 0x0000000746800000| PB 0x0000000746800000| Untracked 
| 565|0x0000000746a00000, 0x0000000746a00000, 0x0000000746c00000|  0%| F|  |TAMS 0x0000000746a00000| PB 0x0000000746a00000| Untracked 
| 566|0x0000000746c00000, 0x0000000746c00000, 0x0000000746e00000|  0%| F|  |TAMS 0x0000000746c00000| PB 0x0000000746c00000| Untracked 
| 567|0x0000000746e00000, 0x0000000746e00000, 0x0000000747000000|  0%| F|  |TAMS 0x0000000746e00000| PB 0x0000000746e00000| Untracked 
| 568|0x0000000747000000, 0x0000000747000000, 0x0000000747200000|  0%| F|  |TAMS 0x0000000747000000| PB 0x0000000747000000| Untracked 
| 569|0x0000000747200000, 0x0000000747200000, 0x0000000747400000|  0%| F|  |TAMS 0x0000000747200000| PB 0x0000000747200000| Untracked 
| 570|0x0000000747400000, 0x0000000747400000, 0x0000000747600000|  0%| F|  |TAMS 0x0000000747400000| PB 0x0000000747400000| Untracked 
| 571|0x0000000747600000, 0x0000000747600000, 0x0000000747800000|  0%| F|  |TAMS 0x0000000747600000| PB 0x0000000747600000| Untracked 
| 572|0x0000000747800000, 0x0000000747800000, 0x0000000747a00000|  0%| F|  |TAMS 0x0000000747800000| PB 0x0000000747800000| Untracked 
| 573|0x0000000747a00000, 0x0000000747a00000, 0x0000000747c00000|  0%| F|  |TAMS 0x0000000747a00000| PB 0x0000000747a00000| Untracked 
| 574|0x0000000747c00000, 0x0000000747c00000, 0x0000000747e00000|  0%| F|  |TAMS 0x0000000747c00000| PB 0x0000000747c00000| Untracked 
| 575|0x0000000747e00000, 0x0000000747e00000, 0x0000000748000000|  0%| F|  |TAMS 0x0000000747e00000| PB 0x0000000747e00000| Untracked 
| 576|0x0000000748000000, 0x0000000748000000, 0x0000000748200000|  0%| F|  |TAMS 0x0000000748000000| PB 0x0000000748000000| Untracked 
| 577|0x0000000748200000, 0x0000000748200000, 0x0000000748400000|  0%| F|  |TAMS 0x0000000748200000| PB 0x0000000748200000| Untracked 
| 578|0x0000000748400000, 0x0000000748400000, 0x0000000748600000|  0%| F|  |TAMS 0x0000000748400000| PB 0x0000000748400000| Untracked 
| 579|0x0000000748600000, 0x0000000748600000, 0x0000000748800000|  0%| F|  |TAMS 0x0000000748600000| PB 0x0000000748600000| Untracked 
| 580|0x0000000748800000, 0x0000000748800000, 0x0000000748a00000|  0%| F|  |TAMS 0x0000000748800000| PB 0x0000000748800000| Untracked 
| 581|0x0000000748a00000, 0x0000000748a00000, 0x0000000748c00000|  0%| F|  |TAMS 0x0000000748a00000| PB 0x0000000748a00000| Untracked 
| 582|0x0000000748c00000, 0x0000000748c00000, 0x0000000748e00000|  0%| F|  |TAMS 0x0000000748c00000| PB 0x0000000748c00000| Untracked 
| 583|0x0000000748e00000, 0x0000000748e00000, 0x0000000749000000|  0%| F|  |TAMS 0x0000000748e00000| PB 0x0000000748e00000| Untracked 
| 584|0x0000000749000000, 0x0000000749000000, 0x0000000749200000|  0%| F|  |TAMS 0x0000000749000000| PB 0x0000000749000000| Untracked 
| 585|0x0000000749200000, 0x0000000749200000, 0x0000000749400000|  0%| F|  |TAMS 0x0000000749200000| PB 0x0000000749200000| Untracked 
| 586|0x0000000749400000, 0x0000000749400000, 0x0000000749600000|  0%| F|  |TAMS 0x0000000749400000| PB 0x0000000749400000| Untracked 
| 587|0x0000000749600000, 0x0000000749600000, 0x0000000749800000|  0%| F|  |TAMS 0x0000000749600000| PB 0x0000000749600000| Untracked 
| 588|0x0000000749800000, 0x0000000749800000, 0x0000000749a00000|  0%| F|  |TAMS 0x0000000749800000| PB 0x0000000749800000| Untracked 
| 589|0x0000000749a00000, 0x0000000749a00000, 0x0000000749c00000|  0%| F|  |TAMS 0x0000000749a00000| PB 0x0000000749a00000| Untracked 
| 590|0x0000000749c00000, 0x0000000749c00000, 0x0000000749e00000|  0%| F|  |TAMS 0x0000000749c00000| PB 0x0000000749c00000| Untracked 
| 591|0x0000000749e00000, 0x0000000749e00000, 0x000000074a000000|  0%| F|  |TAMS 0x0000000749e00000| PB 0x0000000749e00000| Untracked 
| 592|0x000000074a000000, 0x000000074a000000, 0x000000074a200000|  0%| F|  |TAMS 0x000000074a000000| PB 0x000000074a000000| Untracked 
| 593|0x000000074a200000, 0x000000074a200000, 0x000000074a400000|  0%| F|  |TAMS 0x000000074a200000| PB 0x000000074a200000| Untracked 
| 594|0x000000074a400000, 0x000000074a400000, 0x000000074a600000|  0%| F|  |TAMS 0x000000074a400000| PB 0x000000074a400000| Untracked 
| 595|0x000000074a600000, 0x000000074a600000, 0x000000074a800000|  0%| F|  |TAMS 0x000000074a600000| PB 0x000000074a600000| Untracked 
| 596|0x000000074a800000, 0x000000074a800000, 0x000000074aa00000|  0%| F|  |TAMS 0x000000074a800000| PB 0x000000074a800000| Untracked 
| 597|0x000000074aa00000, 0x000000074aa00000, 0x000000074ac00000|  0%| F|  |TAMS 0x000000074aa00000| PB 0x000000074aa00000| Untracked 
| 598|0x000000074ac00000, 0x000000074ac00000, 0x000000074ae00000|  0%| F|  |TAMS 0x000000074ac00000| PB 0x000000074ac00000| Untracked 
| 599|0x000000074ae00000, 0x000000074ae00000, 0x000000074b000000|  0%| F|  |TAMS 0x000000074ae00000| PB 0x000000074ae00000| Untracked 
| 600|0x000000074b000000, 0x000000074b000000, 0x000000074b200000|  0%| F|  |TAMS 0x000000074b000000| PB 0x000000074b000000| Untracked 
| 601|0x000000074b200000, 0x000000074b200000, 0x000000074b400000|  0%| F|  |TAMS 0x000000074b200000| PB 0x000000074b200000| Untracked 
| 602|0x000000074b400000, 0x000000074b400000, 0x000000074b600000|  0%| F|  |TAMS 0x000000074b400000| PB 0x000000074b400000| Untracked 
| 603|0x000000074b600000, 0x000000074b600000, 0x000000074b800000|  0%| F|  |TAMS 0x000000074b600000| PB 0x000000074b600000| Untracked 
| 604|0x000000074b800000, 0x000000074b800000, 0x000000074ba00000|  0%| F|  |TAMS 0x000000074b800000| PB 0x000000074b800000| Untracked 
| 605|0x000000074ba00000, 0x000000074ba00000, 0x000000074bc00000|  0%| F|  |TAMS 0x000000074ba00000| PB 0x000000074ba00000| Untracked 
| 606|0x000000074bc00000, 0x000000074bc00000, 0x000000074be00000|  0%| F|  |TAMS 0x000000074bc00000| PB 0x000000074bc00000| Untracked 
| 607|0x000000074be00000, 0x000000074be00000, 0x000000074c000000|  0%| F|  |TAMS 0x000000074be00000| PB 0x000000074be00000| Untracked 
| 608|0x000000074c000000, 0x000000074c000000, 0x000000074c200000|  0%| F|  |TAMS 0x000000074c000000| PB 0x000000074c000000| Untracked 
| 609|0x000000074c200000, 0x000000074c200000, 0x000000074c400000|  0%| F|  |TAMS 0x000000074c200000| PB 0x000000074c200000| Untracked 
| 610|0x000000074c400000, 0x000000074c400000, 0x000000074c600000|  0%| F|  |TAMS 0x000000074c400000| PB 0x000000074c400000| Untracked 
| 611|0x000000074c600000, 0x000000074c600000, 0x000000074c800000|  0%| F|  |TAMS 0x000000074c600000| PB 0x000000074c600000| Untracked 
| 612|0x000000074c800000, 0x000000074c800000, 0x000000074ca00000|  0%| F|  |TAMS 0x000000074c800000| PB 0x000000074c800000| Untracked 
| 613|0x000000074ca00000, 0x000000074ca00000, 0x000000074cc00000|  0%| F|  |TAMS 0x000000074ca00000| PB 0x000000074ca00000| Untracked 
| 614|0x000000074cc00000, 0x000000074cc00000, 0x000000074ce00000|  0%| F|  |TAMS 0x000000074cc00000| PB 0x000000074cc00000| Untracked 
| 615|0x000000074ce00000, 0x000000074ce00000, 0x000000074d000000|  0%| F|  |TAMS 0x000000074ce00000| PB 0x000000074ce00000| Untracked 
| 616|0x000000074d000000, 0x000000074d000000, 0x000000074d200000|  0%| F|  |TAMS 0x000000074d000000| PB 0x000000074d000000| Untracked 
| 617|0x000000074d200000, 0x000000074d200000, 0x000000074d400000|  0%| F|  |TAMS 0x000000074d200000| PB 0x000000074d200000| Untracked 
| 618|0x000000074d400000, 0x000000074d400000, 0x000000074d600000|  0%| F|  |TAMS 0x000000074d400000| PB 0x000000074d400000| Untracked 
| 619|0x000000074d600000, 0x000000074d600000, 0x000000074d800000|  0%| F|  |TAMS 0x000000074d600000| PB 0x000000074d600000| Untracked 
| 620|0x000000074d800000, 0x000000074d800000, 0x000000074da00000|  0%| F|  |TAMS 0x000000074d800000| PB 0x000000074d800000| Untracked 
| 621|0x000000074da00000, 0x000000074da00000, 0x000000074dc00000|  0%| F|  |TAMS 0x000000074da00000| PB 0x000000074da00000| Untracked 
| 622|0x000000074dc00000, 0x000000074dc00000, 0x000000074de00000|  0%| F|  |TAMS 0x000000074dc00000| PB 0x000000074dc00000| Untracked 
| 623|0x000000074de00000, 0x000000074de00000, 0x000000074e000000|  0%| F|  |TAMS 0x000000074de00000| PB 0x000000074de00000| Untracked 
| 624|0x000000074e000000, 0x000000074e000000, 0x000000074e200000|  0%| F|  |TAMS 0x000000074e000000| PB 0x000000074e000000| Untracked 
| 625|0x000000074e200000, 0x000000074e200000, 0x000000074e400000|  0%| F|  |TAMS 0x000000074e200000| PB 0x000000074e200000| Untracked 
| 626|0x000000074e400000, 0x000000074e400000, 0x000000074e600000|  0%| F|  |TAMS 0x000000074e400000| PB 0x000000074e400000| Untracked 
| 627|0x000000074e600000, 0x000000074e600000, 0x000000074e800000|  0%| F|  |TAMS 0x000000074e600000| PB 0x000000074e600000| Untracked 
| 628|0x000000074e800000, 0x000000074e800000, 0x000000074ea00000|  0%| F|  |TAMS 0x000000074e800000| PB 0x000000074e800000| Untracked 
| 629|0x000000074ea00000, 0x000000074ea00000, 0x000000074ec00000|  0%| F|  |TAMS 0x000000074ea00000| PB 0x000000074ea00000| Untracked 
| 630|0x000000074ec00000, 0x000000074ec00000, 0x000000074ee00000|  0%| F|  |TAMS 0x000000074ec00000| PB 0x000000074ec00000| Untracked 
| 631|0x000000074ee00000, 0x000000074ee00000, 0x000000074f000000|  0%| F|  |TAMS 0x000000074ee00000| PB 0x000000074ee00000| Untracked 
| 632|0x000000074f000000, 0x000000074f000000, 0x000000074f200000|  0%| F|  |TAMS 0x000000074f000000| PB 0x000000074f000000| Untracked 
| 633|0x000000074f200000, 0x000000074f200000, 0x000000074f400000|  0%| F|  |TAMS 0x000000074f200000| PB 0x000000074f200000| Untracked 
| 634|0x000000074f400000, 0x000000074f400000, 0x000000074f600000|  0%| F|  |TAMS 0x000000074f400000| PB 0x000000074f400000| Untracked 
| 635|0x000000074f600000, 0x000000074f600000, 0x000000074f800000|  0%| F|  |TAMS 0x000000074f600000| PB 0x000000074f600000| Untracked 
| 636|0x000000074f800000, 0x000000074f800000, 0x000000074fa00000|  0%| F|  |TAMS 0x000000074f800000| PB 0x000000074f800000| Untracked 
| 637|0x000000074fa00000, 0x000000074fa00000, 0x000000074fc00000|  0%| F|  |TAMS 0x000000074fa00000| PB 0x000000074fa00000| Untracked 
| 638|0x000000074fc00000, 0x000000074fc00000, 0x000000074fe00000|  0%| F|  |TAMS 0x000000074fc00000| PB 0x000000074fc00000| Untracked 
| 639|0x000000074fe00000, 0x000000074fe00000, 0x0000000750000000|  0%| F|  |TAMS 0x000000074fe00000| PB 0x000000074fe00000| Untracked 
| 640|0x0000000750000000, 0x0000000750000000, 0x0000000750200000|  0%| F|  |TAMS 0x0000000750000000| PB 0x0000000750000000| Untracked 
| 641|0x0000000750200000, 0x0000000750200000, 0x0000000750400000|  0%| F|  |TAMS 0x0000000750200000| PB 0x0000000750200000| Untracked 
| 642|0x0000000750400000, 0x0000000750400000, 0x0000000750600000|  0%| F|  |TAMS 0x0000000750400000| PB 0x0000000750400000| Untracked 
| 643|0x0000000750600000, 0x0000000750600000, 0x0000000750800000|  0%| F|  |TAMS 0x0000000750600000| PB 0x0000000750600000| Untracked 
| 644|0x0000000750800000, 0x0000000750800000, 0x0000000750a00000|  0%| F|  |TAMS 0x0000000750800000| PB 0x0000000750800000| Untracked 
| 645|0x0000000750a00000, 0x0000000750a00000, 0x0000000750c00000|  0%| F|  |TAMS 0x0000000750a00000| PB 0x0000000750a00000| Untracked 
| 646|0x0000000750c00000, 0x0000000750c00000, 0x0000000750e00000|  0%| F|  |TAMS 0x0000000750c00000| PB 0x0000000750c00000| Untracked 
| 647|0x0000000750e00000, 0x0000000750e00000, 0x0000000751000000|  0%| F|  |TAMS 0x0000000750e00000| PB 0x0000000750e00000| Untracked 
| 648|0x0000000751000000, 0x0000000751000000, 0x0000000751200000|  0%| F|  |TAMS 0x0000000751000000| PB 0x0000000751000000| Untracked 
| 649|0x0000000751200000, 0x0000000751200000, 0x0000000751400000|  0%| F|  |TAMS 0x0000000751200000| PB 0x0000000751200000| Untracked 
| 650|0x0000000751400000, 0x0000000751400000, 0x0000000751600000|  0%| F|  |TAMS 0x0000000751400000| PB 0x0000000751400000| Untracked 
| 651|0x0000000751600000, 0x0000000751600000, 0x0000000751800000|  0%| F|  |TAMS 0x0000000751600000| PB 0x0000000751600000| Untracked 
| 652|0x0000000751800000, 0x0000000751800000, 0x0000000751a00000|  0%| F|  |TAMS 0x0000000751800000| PB 0x0000000751800000| Untracked 
| 653|0x0000000751a00000, 0x0000000751a00000, 0x0000000751c00000|  0%| F|  |TAMS 0x0000000751a00000| PB 0x0000000751a00000| Untracked 
| 654|0x0000000751c00000, 0x0000000751c00000, 0x0000000751e00000|  0%| F|  |TAMS 0x0000000751c00000| PB 0x0000000751c00000| Untracked 
| 655|0x0000000751e00000, 0x0000000751e00000, 0x0000000752000000|  0%| F|  |TAMS 0x0000000751e00000| PB 0x0000000751e00000| Untracked 
| 656|0x0000000752000000, 0x0000000752000000, 0x0000000752200000|  0%| F|  |TAMS 0x0000000752000000| PB 0x0000000752000000| Untracked 
| 657|0x0000000752200000, 0x0000000752200000, 0x0000000752400000|  0%| F|  |TAMS 0x0000000752200000| PB 0x0000000752200000| Untracked 
| 658|0x0000000752400000, 0x0000000752400000, 0x0000000752600000|  0%| F|  |TAMS 0x0000000752400000| PB 0x0000000752400000| Untracked 
| 659|0x0000000752600000, 0x0000000752600000, 0x0000000752800000|  0%| F|  |TAMS 0x0000000752600000| PB 0x0000000752600000| Untracked 
| 660|0x0000000752800000, 0x0000000752800000, 0x0000000752a00000|  0%| F|  |TAMS 0x0000000752800000| PB 0x0000000752800000| Untracked 
| 661|0x0000000752a00000, 0x0000000752a00000, 0x0000000752c00000|  0%| F|  |TAMS 0x0000000752a00000| PB 0x0000000752a00000| Untracked 
| 662|0x0000000752c00000, 0x0000000752c00000, 0x0000000752e00000|  0%| F|  |TAMS 0x0000000752c00000| PB 0x0000000752c00000| Untracked 
| 663|0x0000000752e00000, 0x0000000752e00000, 0x0000000753000000|  0%| F|  |TAMS 0x0000000752e00000| PB 0x0000000752e00000| Untracked 
| 664|0x0000000753000000, 0x0000000753000000, 0x0000000753200000|  0%| F|  |TAMS 0x0000000753000000| PB 0x0000000753000000| Untracked 
| 665|0x0000000753200000, 0x0000000753200000, 0x0000000753400000|  0%| F|  |TAMS 0x0000000753200000| PB 0x0000000753200000| Untracked 
| 666|0x0000000753400000, 0x0000000753400000, 0x0000000753600000|  0%| F|  |TAMS 0x0000000753400000| PB 0x0000000753400000| Untracked 
| 667|0x0000000753600000, 0x0000000753600000, 0x0000000753800000|  0%| F|  |TAMS 0x0000000753600000| PB 0x0000000753600000| Untracked 
| 668|0x0000000753800000, 0x0000000753800000, 0x0000000753a00000|  0%| F|  |TAMS 0x0000000753800000| PB 0x0000000753800000| Untracked 
| 669|0x0000000753a00000, 0x0000000753a00000, 0x0000000753c00000|  0%| F|  |TAMS 0x0000000753a00000| PB 0x0000000753a00000| Untracked 
| 670|0x0000000753c00000, 0x0000000753c00000, 0x0000000753e00000|  0%| F|  |TAMS 0x0000000753c00000| PB 0x0000000753c00000| Untracked 
| 671|0x0000000753e00000, 0x0000000753e00000, 0x0000000754000000|  0%| F|  |TAMS 0x0000000753e00000| PB 0x0000000753e00000| Untracked 
| 672|0x0000000754000000, 0x0000000754000000, 0x0000000754200000|  0%| F|  |TAMS 0x0000000754000000| PB 0x0000000754000000| Untracked 
| 673|0x0000000754200000, 0x0000000754200000, 0x0000000754400000|  0%| F|  |TAMS 0x0000000754200000| PB 0x0000000754200000| Untracked 
| 674|0x0000000754400000, 0x0000000754400000, 0x0000000754600000|  0%| F|  |TAMS 0x0000000754400000| PB 0x0000000754400000| Untracked 
| 675|0x0000000754600000, 0x0000000754600000, 0x0000000754800000|  0%| F|  |TAMS 0x0000000754600000| PB 0x0000000754600000| Untracked 
| 676|0x0000000754800000, 0x0000000754800000, 0x0000000754a00000|  0%| F|  |TAMS 0x0000000754800000| PB 0x0000000754800000| Untracked 
| 677|0x0000000754a00000, 0x0000000754a00000, 0x0000000754c00000|  0%| F|  |TAMS 0x0000000754a00000| PB 0x0000000754a00000| Untracked 
| 678|0x0000000754c00000, 0x0000000754c00000, 0x0000000754e00000|  0%| F|  |TAMS 0x0000000754c00000| PB 0x0000000754c00000| Untracked 
| 679|0x0000000754e00000, 0x0000000754e00000, 0x0000000755000000|  0%| F|  |TAMS 0x0000000754e00000| PB 0x0000000754e00000| Untracked 
| 680|0x0000000755000000, 0x0000000755000000, 0x0000000755200000|  0%| F|  |TAMS 0x0000000755000000| PB 0x0000000755000000| Untracked 
| 681|0x0000000755200000, 0x0000000755200000, 0x0000000755400000|  0%| F|  |TAMS 0x0000000755200000| PB 0x0000000755200000| Untracked 
| 682|0x0000000755400000, 0x0000000755400000, 0x0000000755600000|  0%| F|  |TAMS 0x0000000755400000| PB 0x0000000755400000| Untracked 
| 683|0x0000000755600000, 0x0000000755600000, 0x0000000755800000|  0%| F|  |TAMS 0x0000000755600000| PB 0x0000000755600000| Untracked 
| 684|0x0000000755800000, 0x0000000755800000, 0x0000000755a00000|  0%| F|  |TAMS 0x0000000755800000| PB 0x0000000755800000| Untracked 
| 685|0x0000000755a00000, 0x0000000755a00000, 0x0000000755c00000|  0%| F|  |TAMS 0x0000000755a00000| PB 0x0000000755a00000| Untracked 
| 686|0x0000000755c00000, 0x0000000755c00000, 0x0000000755e00000|  0%| F|  |TAMS 0x0000000755c00000| PB 0x0000000755c00000| Untracked 
| 687|0x0000000755e00000, 0x0000000755e00000, 0x0000000756000000|  0%| F|  |TAMS 0x0000000755e00000| PB 0x0000000755e00000| Untracked 
| 688|0x0000000756000000, 0x0000000756000000, 0x0000000756200000|  0%| F|  |TAMS 0x0000000756000000| PB 0x0000000756000000| Untracked 
| 689|0x0000000756200000, 0x0000000756200000, 0x0000000756400000|  0%| F|  |TAMS 0x0000000756200000| PB 0x0000000756200000| Untracked 
| 690|0x0000000756400000, 0x0000000756400000, 0x0000000756600000|  0%| F|  |TAMS 0x0000000756400000| PB 0x0000000756400000| Untracked 
| 691|0x0000000756600000, 0x0000000756600000, 0x0000000756800000|  0%| F|  |TAMS 0x0000000756600000| PB 0x0000000756600000| Untracked 
| 692|0x0000000756800000, 0x0000000756800000, 0x0000000756a00000|  0%| F|  |TAMS 0x0000000756800000| PB 0x0000000756800000| Untracked 
| 693|0x0000000756a00000, 0x0000000756a00000, 0x0000000756c00000|  0%| F|  |TAMS 0x0000000756a00000| PB 0x0000000756a00000| Untracked 
| 694|0x0000000756c00000, 0x0000000756c00000, 0x0000000756e00000|  0%| F|  |TAMS 0x0000000756c00000| PB 0x0000000756c00000| Untracked 
| 695|0x0000000756e00000, 0x0000000756e00000, 0x0000000757000000|  0%| F|  |TAMS 0x0000000756e00000| PB 0x0000000756e00000| Untracked 
| 696|0x0000000757000000, 0x0000000757000000, 0x0000000757200000|  0%| F|  |TAMS 0x0000000757000000| PB 0x0000000757000000| Untracked 
| 697|0x0000000757200000, 0x0000000757200000, 0x0000000757400000|  0%| F|  |TAMS 0x0000000757200000| PB 0x0000000757200000| Untracked 
| 698|0x0000000757400000, 0x0000000757400000, 0x0000000757600000|  0%| F|  |TAMS 0x0000000757400000| PB 0x0000000757400000| Untracked 
| 699|0x0000000757600000, 0x0000000757600000, 0x0000000757800000|  0%| F|  |TAMS 0x0000000757600000| PB 0x0000000757600000| Untracked 
| 700|0x0000000757800000, 0x0000000757800000, 0x0000000757a00000|  0%| F|  |TAMS 0x0000000757800000| PB 0x0000000757800000| Untracked 
| 701|0x0000000757a00000, 0x0000000757a00000, 0x0000000757c00000|  0%| F|  |TAMS 0x0000000757a00000| PB 0x0000000757a00000| Untracked 
| 702|0x0000000757c00000, 0x0000000757c00000, 0x0000000757e00000|  0%| F|  |TAMS 0x0000000757c00000| PB 0x0000000757c00000| Untracked 
| 703|0x0000000757e00000, 0x0000000757e00000, 0x0000000758000000|  0%| F|  |TAMS 0x0000000757e00000| PB 0x0000000757e00000| Untracked 
| 704|0x0000000758000000, 0x0000000758000000, 0x0000000758200000|  0%| F|  |TAMS 0x0000000758000000| PB 0x0000000758000000| Untracked 
| 705|0x0000000758200000, 0x0000000758200000, 0x0000000758400000|  0%| F|  |TAMS 0x0000000758200000| PB 0x0000000758200000| Untracked 
| 706|0x0000000758400000, 0x0000000758400000, 0x0000000758600000|  0%| F|  |TAMS 0x0000000758400000| PB 0x0000000758400000| Untracked 
| 707|0x0000000758600000, 0x0000000758600000, 0x0000000758800000|  0%| F|  |TAMS 0x0000000758600000| PB 0x0000000758600000| Untracked 
| 708|0x0000000758800000, 0x0000000758800000, 0x0000000758a00000|  0%| F|  |TAMS 0x0000000758800000| PB 0x0000000758800000| Untracked 
| 709|0x0000000758a00000, 0x0000000758a00000, 0x0000000758c00000|  0%| F|  |TAMS 0x0000000758a00000| PB 0x0000000758a00000| Untracked 
| 710|0x0000000758c00000, 0x0000000758c00000, 0x0000000758e00000|  0%| F|  |TAMS 0x0000000758c00000| PB 0x0000000758c00000| Untracked 
| 711|0x0000000758e00000, 0x0000000758e00000, 0x0000000759000000|  0%| F|  |TAMS 0x0000000758e00000| PB 0x0000000758e00000| Untracked 
| 712|0x0000000759000000, 0x0000000759000000, 0x0000000759200000|  0%| F|  |TAMS 0x0000000759000000| PB 0x0000000759000000| Untracked 
| 713|0x0000000759200000, 0x0000000759200000, 0x0000000759400000|  0%| F|  |TAMS 0x0000000759200000| PB 0x0000000759200000| Untracked 
| 714|0x0000000759400000, 0x0000000759400000, 0x0000000759600000|  0%| F|  |TAMS 0x0000000759400000| PB 0x0000000759400000| Untracked 
| 715|0x0000000759600000, 0x0000000759600000, 0x0000000759800000|  0%| F|  |TAMS 0x0000000759600000| PB 0x0000000759600000| Untracked 
| 716|0x0000000759800000, 0x0000000759800000, 0x0000000759a00000|  0%| F|  |TAMS 0x0000000759800000| PB 0x0000000759800000| Untracked 
| 717|0x0000000759a00000, 0x0000000759a00000, 0x0000000759c00000|  0%| F|  |TAMS 0x0000000759a00000| PB 0x0000000759a00000| Untracked 
| 718|0x0000000759c00000, 0x0000000759e00000, 0x0000000759e00000|100%| E|  |TAMS 0x0000000759c00000| PB 0x0000000759c00000| Complete 
| 719|0x0000000759e00000, 0x000000075a000000, 0x000000075a000000|100%| E|CS|TAMS 0x0000000759e00000| PB 0x0000000759e00000| Complete 
| 720|0x000000075a000000, 0x000000075a200000, 0x000000075a200000|100%| E|CS|TAMS 0x000000075a000000| PB 0x000000075a000000| Complete 
| 721|0x000000075a200000, 0x000000075a400000, 0x000000075a400000|100%| E|CS|TAMS 0x000000075a200000| PB 0x000000075a200000| Complete 
| 722|0x000000075a400000, 0x000000075a600000, 0x000000075a600000|100%| E|CS|TAMS 0x000000075a400000| PB 0x000000075a400000| Complete 
| 723|0x000000075a600000, 0x000000075a800000, 0x000000075a800000|100%| E|CS|TAMS 0x000000075a600000| PB 0x000000075a600000| Complete 
| 724|0x000000075a800000, 0x000000075aa00000, 0x000000075aa00000|100%| E|CS|TAMS 0x000000075a800000| PB 0x000000075a800000| Complete 
| 725|0x000000075aa00000, 0x000000075ac00000, 0x000000075ac00000|100%| E|CS|TAMS 0x000000075aa00000| PB 0x000000075aa00000| Complete 
| 726|0x000000075ac00000, 0x000000075ae00000, 0x000000075ae00000|100%| E|CS|TAMS 0x000000075ac00000| PB 0x000000075ac00000| Complete 
| 727|0x000000075ae00000, 0x000000075b000000, 0x000000075b000000|100%| E|CS|TAMS 0x000000075ae00000| PB 0x000000075ae00000| Complete 
| 728|0x000000075b000000, 0x000000075b200000, 0x000000075b200000|100%| E|CS|TAMS 0x000000075b000000| PB 0x000000075b000000| Complete 
| 729|0x000000075b200000, 0x000000075b400000, 0x000000075b400000|100%| E|CS|TAMS 0x000000075b200000| PB 0x000000075b200000| Complete 
| 730|0x000000075b400000, 0x000000075b600000, 0x000000075b600000|100%| E|CS|TAMS 0x000000075b400000| PB 0x000000075b400000| Complete 
| 731|0x000000075b600000, 0x000000075b800000, 0x000000075b800000|100%| E|CS|TAMS 0x000000075b600000| PB 0x000000075b600000| Complete 
| 732|0x000000075b800000, 0x000000075ba00000, 0x000000075ba00000|100%| E|CS|TAMS 0x000000075b800000| PB 0x000000075b800000| Complete 
| 733|0x000000075ba00000, 0x000000075bc00000, 0x000000075bc00000|100%| E|CS|TAMS 0x000000075ba00000| PB 0x000000075ba00000| Complete 
| 734|0x000000075bc00000, 0x000000075be00000, 0x000000075be00000|100%| E|CS|TAMS 0x000000075bc00000| PB 0x000000075bc00000| Complete 
| 735|0x000000075be00000, 0x000000075c000000, 0x000000075c000000|100%| E|CS|TAMS 0x000000075be00000| PB 0x000000075be00000| Complete 
| 736|0x000000075c000000, 0x000000075c200000, 0x000000075c200000|100%| E|CS|TAMS 0x000000075c000000| PB 0x000000075c000000| Complete 
| 737|0x000000075c200000, 0x000000075c400000, 0x000000075c400000|100%| E|CS|TAMS 0x000000075c200000| PB 0x000000075c200000| Complete 
| 738|0x000000075c400000, 0x000000075c600000, 0x000000075c600000|100%| E|CS|TAMS 0x000000075c400000| PB 0x000000075c400000| Complete 
| 739|0x000000075c600000, 0x000000075c800000, 0x000000075c800000|100%| E|CS|TAMS 0x000000075c600000| PB 0x000000075c600000| Complete 
| 740|0x000000075c800000, 0x000000075ca00000, 0x000000075ca00000|100%| E|CS|TAMS 0x000000075c800000| PB 0x000000075c800000| Complete 
| 741|0x000000075ca00000, 0x000000075cc00000, 0x000000075cc00000|100%| E|CS|TAMS 0x000000075ca00000| PB 0x000000075ca00000| Complete 
| 742|0x000000075cc00000, 0x000000075ce00000, 0x000000075ce00000|100%| E|CS|TAMS 0x000000075cc00000| PB 0x000000075cc00000| Complete 
| 743|0x000000075ce00000, 0x000000075d000000, 0x000000075d000000|100%| E|CS|TAMS 0x000000075ce00000| PB 0x000000075ce00000| Complete 
| 744|0x000000075d000000, 0x000000075d200000, 0x000000075d200000|100%| E|CS|TAMS 0x000000075d000000| PB 0x000000075d000000| Complete 
| 745|0x000000075d200000, 0x000000075d400000, 0x000000075d400000|100%| E|CS|TAMS 0x000000075d200000| PB 0x000000075d200000| Complete 
| 746|0x000000075d400000, 0x000000075d600000, 0x000000075d600000|100%| E|CS|TAMS 0x000000075d400000| PB 0x000000075d400000| Complete 
| 747|0x000000075d600000, 0x000000075d800000, 0x000000075d800000|100%| E|CS|TAMS 0x000000075d600000| PB 0x000000075d600000| Complete 
| 748|0x000000075d800000, 0x000000075da00000, 0x000000075da00000|100%| E|CS|TAMS 0x000000075d800000| PB 0x000000075d800000| Complete 
| 749|0x000000075da00000, 0x000000075dc00000, 0x000000075dc00000|100%| E|CS|TAMS 0x000000075da00000| PB 0x000000075da00000| Complete 
| 750|0x000000075dc00000, 0x000000075de00000, 0x000000075de00000|100%| E|CS|TAMS 0x000000075dc00000| PB 0x000000075dc00000| Complete 
| 751|0x000000075de00000, 0x000000075e000000, 0x000000075e000000|100%| E|CS|TAMS 0x000000075de00000| PB 0x000000075de00000| Complete 
| 752|0x000000075e000000, 0x000000075e200000, 0x000000075e200000|100%| E|CS|TAMS 0x000000075e000000| PB 0x000000075e000000| Complete 
| 753|0x000000075e200000, 0x000000075e400000, 0x000000075e400000|100%| E|CS|TAMS 0x000000075e200000| PB 0x000000075e200000| Complete 
| 754|0x000000075e400000, 0x000000075e600000, 0x000000075e600000|100%| E|CS|TAMS 0x000000075e400000| PB 0x000000075e400000| Complete 
| 755|0x000000075e600000, 0x000000075e800000, 0x000000075e800000|100%| E|CS|TAMS 0x000000075e600000| PB 0x000000075e600000| Complete 
| 756|0x000000075e800000, 0x000000075ea00000, 0x000000075ea00000|100%| E|CS|TAMS 0x000000075e800000| PB 0x000000075e800000| Complete 
| 757|0x000000075ea00000, 0x000000075ec00000, 0x000000075ec00000|100%| E|CS|TAMS 0x000000075ea00000| PB 0x000000075ea00000| Complete 
| 758|0x000000075ec00000, 0x000000075ee00000, 0x000000075ee00000|100%| E|CS|TAMS 0x000000075ec00000| PB 0x000000075ec00000| Complete 
| 759|0x000000075ee00000, 0x000000075f000000, 0x000000075f000000|100%| E|CS|TAMS 0x000000075ee00000| PB 0x000000075ee00000| Complete 
| 760|0x000000075f000000, 0x000000075f200000, 0x000000075f200000|100%| E|CS|TAMS 0x000000075f000000| PB 0x000000075f000000| Complete 
| 761|0x000000075f200000, 0x000000075f400000, 0x000000075f400000|100%| E|CS|TAMS 0x000000075f200000| PB 0x000000075f200000| Complete 
| 762|0x000000075f400000, 0x000000075f600000, 0x000000075f600000|100%| E|CS|TAMS 0x000000075f400000| PB 0x000000075f400000| Complete 
| 763|0x000000075f600000, 0x000000075f800000, 0x000000075f800000|100%| E|CS|TAMS 0x000000075f600000| PB 0x000000075f600000| Complete 
| 764|0x000000075f800000, 0x000000075fa00000, 0x000000075fa00000|100%| E|CS|TAMS 0x000000075f800000| PB 0x000000075f800000| Complete 
| 765|0x000000075fa00000, 0x000000075fc00000, 0x000000075fc00000|100%| E|CS|TAMS 0x000000075fa00000| PB 0x000000075fa00000| Complete 
| 766|0x000000075fc00000, 0x000000075fe00000, 0x000000075fe00000|100%| E|CS|TAMS 0x000000075fc00000| PB 0x000000075fc00000| Complete 
| 767|0x000000075fe00000, 0x0000000760000000, 0x0000000760000000|100%| E|CS|TAMS 0x000000075fe00000| PB 0x000000075fe00000| Complete 
| 768|0x0000000760000000, 0x0000000760200000, 0x0000000760200000|100%| E|CS|TAMS 0x0000000760000000| PB 0x0000000760000000| Complete 
| 769|0x0000000760200000, 0x0000000760400000, 0x0000000760400000|100%| E|CS|TAMS 0x0000000760200000| PB 0x0000000760200000| Complete 
| 770|0x0000000760400000, 0x0000000760600000, 0x0000000760600000|100%| E|CS|TAMS 0x0000000760400000| PB 0x0000000760400000| Complete 
| 771|0x0000000760600000, 0x0000000760800000, 0x0000000760800000|100%| E|CS|TAMS 0x0000000760600000| PB 0x0000000760600000| Complete 
| 772|0x0000000760800000, 0x0000000760a00000, 0x0000000760a00000|100%| E|CS|TAMS 0x0000000760800000| PB 0x0000000760800000| Complete 
| 773|0x0000000760a00000, 0x0000000760c00000, 0x0000000760c00000|100%| E|CS|TAMS 0x0000000760a00000| PB 0x0000000760a00000| Complete 
| 774|0x0000000760c00000, 0x0000000760e00000, 0x0000000760e00000|100%| E|CS|TAMS 0x0000000760c00000| PB 0x0000000760c00000| Complete 
| 775|0x0000000760e00000, 0x0000000761000000, 0x0000000761000000|100%| E|CS|TAMS 0x0000000760e00000| PB 0x0000000760e00000| Complete 
| 776|0x0000000761000000, 0x0000000761200000, 0x0000000761200000|100%| E|CS|TAMS 0x0000000761000000| PB 0x0000000761000000| Complete 
| 777|0x0000000761200000, 0x0000000761400000, 0x0000000761400000|100%| E|CS|TAMS 0x0000000761200000| PB 0x0000000761200000| Complete 
| 778|0x0000000761400000, 0x0000000761600000, 0x0000000761600000|100%| E|CS|TAMS 0x0000000761400000| PB 0x0000000761400000| Complete 
| 779|0x0000000761600000, 0x0000000761800000, 0x0000000761800000|100%| E|CS|TAMS 0x0000000761600000| PB 0x0000000761600000| Complete 
| 780|0x0000000761800000, 0x0000000761a00000, 0x0000000761a00000|100%| E|CS|TAMS 0x0000000761800000| PB 0x0000000761800000| Complete 
| 781|0x0000000761a00000, 0x0000000761c00000, 0x0000000761c00000|100%| E|CS|TAMS 0x0000000761a00000| PB 0x0000000761a00000| Complete 
| 782|0x0000000761c00000, 0x0000000761e00000, 0x0000000761e00000|100%| E|CS|TAMS 0x0000000761c00000| PB 0x0000000761c00000| Complete 
| 783|0x0000000761e00000, 0x0000000762000000, 0x0000000762000000|100%| E|CS|TAMS 0x0000000761e00000| PB 0x0000000761e00000| Complete 
| 784|0x0000000762000000, 0x0000000762200000, 0x0000000762200000|100%| E|CS|TAMS 0x0000000762000000| PB 0x0000000762000000| Complete 
| 785|0x0000000762200000, 0x0000000762400000, 0x0000000762400000|100%| E|CS|TAMS 0x0000000762200000| PB 0x0000000762200000| Complete 
| 786|0x0000000762400000, 0x0000000762600000, 0x0000000762600000|100%| E|CS|TAMS 0x0000000762400000| PB 0x0000000762400000| Complete 
| 787|0x0000000762600000, 0x0000000762800000, 0x0000000762800000|100%| E|CS|TAMS 0x0000000762600000| PB 0x0000000762600000| Complete 
| 788|0x0000000762800000, 0x0000000762a00000, 0x0000000762a00000|100%| E|CS|TAMS 0x0000000762800000| PB 0x0000000762800000| Complete 
| 789|0x0000000762a00000, 0x0000000762c00000, 0x0000000762c00000|100%| E|CS|TAMS 0x0000000762a00000| PB 0x0000000762a00000| Complete 
| 790|0x0000000762c00000, 0x0000000762e00000, 0x0000000762e00000|100%| E|CS|TAMS 0x0000000762c00000| PB 0x0000000762c00000| Complete 
| 791|0x0000000762e00000, 0x0000000763000000, 0x0000000763000000|100%| E|CS|TAMS 0x0000000762e00000| PB 0x0000000762e00000| Complete 
| 792|0x0000000763000000, 0x0000000763200000, 0x0000000763200000|100%| E|CS|TAMS 0x0000000763000000| PB 0x0000000763000000| Complete 
| 793|0x0000000763200000, 0x0000000763400000, 0x0000000763400000|100%| E|CS|TAMS 0x0000000763200000| PB 0x0000000763200000| Complete 
| 794|0x0000000763400000, 0x0000000763600000, 0x0000000763600000|100%| E|CS|TAMS 0x0000000763400000| PB 0x0000000763400000| Complete 
| 795|0x0000000763600000, 0x0000000763800000, 0x0000000763800000|100%| E|CS|TAMS 0x0000000763600000| PB 0x0000000763600000| Complete 
| 796|0x0000000763800000, 0x0000000763a00000, 0x0000000763a00000|100%| E|CS|TAMS 0x0000000763800000| PB 0x0000000763800000| Complete 
| 797|0x0000000763a00000, 0x0000000763c00000, 0x0000000763c00000|100%| E|CS|TAMS 0x0000000763a00000| PB 0x0000000763a00000| Complete 
| 798|0x0000000763c00000, 0x0000000763e00000, 0x0000000763e00000|100%| E|CS|TAMS 0x0000000763c00000| PB 0x0000000763c00000| Complete 
| 799|0x0000000763e00000, 0x0000000764000000, 0x0000000764000000|100%| E|CS|TAMS 0x0000000763e00000| PB 0x0000000763e00000| Complete 
| 800|0x0000000764000000, 0x0000000764200000, 0x0000000764200000|100%| E|CS|TAMS 0x0000000764000000| PB 0x0000000764000000| Complete 
| 801|0x0000000764200000, 0x0000000764400000, 0x0000000764400000|100%| E|CS|TAMS 0x0000000764200000| PB 0x0000000764200000| Complete 
| 802|0x0000000764400000, 0x0000000764600000, 0x0000000764600000|100%| E|CS|TAMS 0x0000000764400000| PB 0x0000000764400000| Complete 
| 803|0x0000000764600000, 0x0000000764800000, 0x0000000764800000|100%| E|CS|TAMS 0x0000000764600000| PB 0x0000000764600000| Complete 
| 804|0x0000000764800000, 0x0000000764a00000, 0x0000000764a00000|100%| E|CS|TAMS 0x0000000764800000| PB 0x0000000764800000| Complete 
| 805|0x0000000764a00000, 0x0000000764c00000, 0x0000000764c00000|100%| E|CS|TAMS 0x0000000764a00000| PB 0x0000000764a00000| Complete 
| 806|0x0000000764c00000, 0x0000000764e00000, 0x0000000764e00000|100%| E|CS|TAMS 0x0000000764c00000| PB 0x0000000764c00000| Complete 
| 807|0x0000000764e00000, 0x0000000765000000, 0x0000000765000000|100%| E|CS|TAMS 0x0000000764e00000| PB 0x0000000764e00000| Complete 
| 808|0x0000000765000000, 0x0000000765200000, 0x0000000765200000|100%| E|CS|TAMS 0x0000000765000000| PB 0x0000000765000000| Complete 
| 809|0x0000000765200000, 0x0000000765400000, 0x0000000765400000|100%| E|CS|TAMS 0x0000000765200000| PB 0x0000000765200000| Complete 
| 810|0x0000000765400000, 0x0000000765600000, 0x0000000765600000|100%| E|CS|TAMS 0x0000000765400000| PB 0x0000000765400000| Complete 
| 811|0x0000000765600000, 0x0000000765800000, 0x0000000765800000|100%| E|CS|TAMS 0x0000000765600000| PB 0x0000000765600000| Complete 
| 812|0x0000000765800000, 0x0000000765a00000, 0x0000000765a00000|100%| E|CS|TAMS 0x0000000765800000| PB 0x0000000765800000| Complete 
| 813|0x0000000765a00000, 0x0000000765c00000, 0x0000000765c00000|100%| E|CS|TAMS 0x0000000765a00000| PB 0x0000000765a00000| Complete 
| 814|0x0000000765c00000, 0x0000000765e00000, 0x0000000765e00000|100%| E|CS|TAMS 0x0000000765c00000| PB 0x0000000765c00000| Complete 
| 815|0x0000000765e00000, 0x0000000766000000, 0x0000000766000000|100%| E|CS|TAMS 0x0000000765e00000| PB 0x0000000765e00000| Complete 
| 816|0x0000000766000000, 0x0000000766200000, 0x0000000766200000|100%| E|CS|TAMS 0x0000000766000000| PB 0x0000000766000000| Complete 
| 817|0x0000000766200000, 0x0000000766400000, 0x0000000766400000|100%| E|CS|TAMS 0x0000000766200000| PB 0x0000000766200000| Complete 
| 818|0x0000000766400000, 0x0000000766600000, 0x0000000766600000|100%| E|CS|TAMS 0x0000000766400000| PB 0x0000000766400000| Complete 
| 819|0x0000000766600000, 0x0000000766800000, 0x0000000766800000|100%| E|CS|TAMS 0x0000000766600000| PB 0x0000000766600000| Complete 
| 820|0x0000000766800000, 0x0000000766a00000, 0x0000000766a00000|100%| E|CS|TAMS 0x0000000766800000| PB 0x0000000766800000| Complete 
| 821|0x0000000766a00000, 0x0000000766c00000, 0x0000000766c00000|100%| E|CS|TAMS 0x0000000766a00000| PB 0x0000000766a00000| Complete 
| 822|0x0000000766c00000, 0x0000000766e00000, 0x0000000766e00000|100%| E|CS|TAMS 0x0000000766c00000| PB 0x0000000766c00000| Complete 
| 823|0x0000000766e00000, 0x0000000767000000, 0x0000000767000000|100%| E|CS|TAMS 0x0000000766e00000| PB 0x0000000766e00000| Complete 
| 824|0x0000000767000000, 0x0000000767200000, 0x0000000767200000|100%| E|CS|TAMS 0x0000000767000000| PB 0x0000000767000000| Complete 
| 825|0x0000000767200000, 0x0000000767400000, 0x0000000767400000|100%| E|CS|TAMS 0x0000000767200000| PB 0x0000000767200000| Complete 
| 826|0x0000000767400000, 0x0000000767600000, 0x0000000767600000|100%| E|CS|TAMS 0x0000000767400000| PB 0x0000000767400000| Complete 
| 827|0x0000000767600000, 0x0000000767800000, 0x0000000767800000|100%| E|CS|TAMS 0x0000000767600000| PB 0x0000000767600000| Complete 
| 828|0x0000000767800000, 0x0000000767a00000, 0x0000000767a00000|100%| E|CS|TAMS 0x0000000767800000| PB 0x0000000767800000| Complete 
| 829|0x0000000767a00000, 0x0000000767c00000, 0x0000000767c00000|100%| E|CS|TAMS 0x0000000767a00000| PB 0x0000000767a00000| Complete 
| 830|0x0000000767c00000, 0x0000000767e00000, 0x0000000767e00000|100%| E|CS|TAMS 0x0000000767c00000| PB 0x0000000767c00000| Complete 
| 831|0x0000000767e00000, 0x0000000768000000, 0x0000000768000000|100%| E|CS|TAMS 0x0000000767e00000| PB 0x0000000767e00000| Complete 
| 832|0x0000000768000000, 0x0000000768200000, 0x0000000768200000|100%| E|CS|TAMS 0x0000000768000000| PB 0x0000000768000000| Complete 
| 833|0x0000000768200000, 0x0000000768400000, 0x0000000768400000|100%| E|CS|TAMS 0x0000000768200000| PB 0x0000000768200000| Complete 
| 834|0x0000000768400000, 0x0000000768600000, 0x0000000768600000|100%| E|CS|TAMS 0x0000000768400000| PB 0x0000000768400000| Complete 
| 835|0x0000000768600000, 0x0000000768800000, 0x0000000768800000|100%| E|CS|TAMS 0x0000000768600000| PB 0x0000000768600000| Complete 
| 836|0x0000000768800000, 0x0000000768a00000, 0x0000000768a00000|100%| E|CS|TAMS 0x0000000768800000| PB 0x0000000768800000| Complete 
| 837|0x0000000768a00000, 0x0000000768c00000, 0x0000000768c00000|100%| E|CS|TAMS 0x0000000768a00000| PB 0x0000000768a00000| Complete 
| 838|0x0000000768c00000, 0x0000000768e00000, 0x0000000768e00000|100%| E|CS|TAMS 0x0000000768c00000| PB 0x0000000768c00000| Complete 
| 839|0x0000000768e00000, 0x0000000769000000, 0x0000000769000000|100%| E|CS|TAMS 0x0000000768e00000| PB 0x0000000768e00000| Complete 
| 840|0x0000000769000000, 0x0000000769200000, 0x0000000769200000|100%| E|CS|TAMS 0x0000000769000000| PB 0x0000000769000000| Complete 
| 841|0x0000000769200000, 0x0000000769400000, 0x0000000769400000|100%| E|CS|TAMS 0x0000000769200000| PB 0x0000000769200000| Complete 
| 842|0x0000000769400000, 0x0000000769600000, 0x0000000769600000|100%| E|CS|TAMS 0x0000000769400000| PB 0x0000000769400000| Complete 
| 843|0x0000000769600000, 0x0000000769800000, 0x0000000769800000|100%| E|CS|TAMS 0x0000000769600000| PB 0x0000000769600000| Complete 
| 844|0x0000000769800000, 0x0000000769a00000, 0x0000000769a00000|100%| E|CS|TAMS 0x0000000769800000| PB 0x0000000769800000| Complete 
| 845|0x0000000769a00000, 0x0000000769c00000, 0x0000000769c00000|100%| E|CS|TAMS 0x0000000769a00000| PB 0x0000000769a00000| Complete 
| 846|0x0000000769c00000, 0x0000000769e00000, 0x0000000769e00000|100%| E|CS|TAMS 0x0000000769c00000| PB 0x0000000769c00000| Complete 
| 847|0x0000000769e00000, 0x000000076a000000, 0x000000076a000000|100%| E|CS|TAMS 0x0000000769e00000| PB 0x0000000769e00000| Complete 
| 848|0x000000076a000000, 0x000000076a200000, 0x000000076a200000|100%| E|CS|TAMS 0x000000076a000000| PB 0x000000076a000000| Complete 
| 849|0x000000076a200000, 0x000000076a400000, 0x000000076a400000|100%| E|CS|TAMS 0x000000076a200000| PB 0x000000076a200000| Complete 
| 850|0x000000076a400000, 0x000000076a600000, 0x000000076a600000|100%| E|CS|TAMS 0x000000076a400000| PB 0x000000076a400000| Complete 
| 851|0x000000076a600000, 0x000000076a800000, 0x000000076a800000|100%| E|CS|TAMS 0x000000076a600000| PB 0x000000076a600000| Complete 
| 852|0x000000076a800000, 0x000000076aa00000, 0x000000076aa00000|100%| E|CS|TAMS 0x000000076a800000| PB 0x000000076a800000| Complete 
| 853|0x000000076aa00000, 0x000000076ac00000, 0x000000076ac00000|100%| E|CS|TAMS 0x000000076aa00000| PB 0x000000076aa00000| Complete 
| 854|0x000000076ac00000, 0x000000076ae00000, 0x000000076ae00000|100%| E|CS|TAMS 0x000000076ac00000| PB 0x000000076ac00000| Complete 
| 855|0x000000076ae00000, 0x000000076b000000, 0x000000076b000000|100%| E|CS|TAMS 0x000000076ae00000| PB 0x000000076ae00000| Complete 
| 856|0x000000076b000000, 0x000000076b200000, 0x000000076b200000|100%| E|CS|TAMS 0x000000076b000000| PB 0x000000076b000000| Complete 
| 857|0x000000076b200000, 0x000000076b400000, 0x000000076b400000|100%| E|CS|TAMS 0x000000076b200000| PB 0x000000076b200000| Complete 
| 858|0x000000076b400000, 0x000000076b600000, 0x000000076b600000|100%| E|CS|TAMS 0x000000076b400000| PB 0x000000076b400000| Complete 
| 859|0x000000076b600000, 0x000000076b800000, 0x000000076b800000|100%| E|CS|TAMS 0x000000076b600000| PB 0x000000076b600000| Complete 
| 860|0x000000076b800000, 0x000000076ba00000, 0x000000076ba00000|100%| E|CS|TAMS 0x000000076b800000| PB 0x000000076b800000| Complete 
| 861|0x000000076ba00000, 0x000000076bc00000, 0x000000076bc00000|100%| E|CS|TAMS 0x000000076ba00000| PB 0x000000076ba00000| Complete 
| 862|0x000000076bc00000, 0x000000076be00000, 0x000000076be00000|100%| E|CS|TAMS 0x000000076bc00000| PB 0x000000076bc00000| Complete 
| 863|0x000000076be00000, 0x000000076c000000, 0x000000076c000000|100%| E|CS|TAMS 0x000000076be00000| PB 0x000000076be00000| Complete 
| 864|0x000000076c000000, 0x000000076c200000, 0x000000076c200000|100%| E|CS|TAMS 0x000000076c000000| PB 0x000000076c000000| Complete 
| 865|0x000000076c200000, 0x000000076c400000, 0x000000076c400000|100%| E|CS|TAMS 0x000000076c200000| PB 0x000000076c200000| Complete 
| 866|0x000000076c400000, 0x000000076c600000, 0x000000076c600000|100%| E|CS|TAMS 0x000000076c400000| PB 0x000000076c400000| Complete 
| 867|0x000000076c600000, 0x000000076c800000, 0x000000076c800000|100%| E|CS|TAMS 0x000000076c600000| PB 0x000000076c600000| Complete 
| 868|0x000000076c800000, 0x000000076ca00000, 0x000000076ca00000|100%| E|CS|TAMS 0x000000076c800000| PB 0x000000076c800000| Complete 
| 869|0x000000076ca00000, 0x000000076cc00000, 0x000000076cc00000|100%| E|CS|TAMS 0x000000076ca00000| PB 0x000000076ca00000| Complete 
| 870|0x000000076cc00000, 0x000000076ce00000, 0x000000076ce00000|100%| E|CS|TAMS 0x000000076cc00000| PB 0x000000076cc00000| Complete 
| 871|0x000000076ce00000, 0x000000076d000000, 0x000000076d000000|100%| E|CS|TAMS 0x000000076ce00000| PB 0x000000076ce00000| Complete 
| 872|0x000000076d000000, 0x000000076d200000, 0x000000076d200000|100%| E|CS|TAMS 0x000000076d000000| PB 0x000000076d000000| Complete 
| 873|0x000000076d200000, 0x000000076d400000, 0x000000076d400000|100%| E|CS|TAMS 0x000000076d200000| PB 0x000000076d200000| Complete 
| 874|0x000000076d400000, 0x000000076d600000, 0x000000076d600000|100%| E|CS|TAMS 0x000000076d400000| PB 0x000000076d400000| Complete 
| 875|0x000000076d600000, 0x000000076d800000, 0x000000076d800000|100%| E|CS|TAMS 0x000000076d600000| PB 0x000000076d600000| Complete 
| 876|0x000000076d800000, 0x000000076da00000, 0x000000076da00000|100%| E|CS|TAMS 0x000000076d800000| PB 0x000000076d800000| Complete 
| 877|0x000000076da00000, 0x000000076dc00000, 0x000000076dc00000|100%| E|CS|TAMS 0x000000076da00000| PB 0x000000076da00000| Complete 
| 878|0x000000076dc00000, 0x000000076de00000, 0x000000076de00000|100%| E|CS|TAMS 0x000000076dc00000| PB 0x000000076dc00000| Complete 
| 879|0x000000076de00000, 0x000000076e000000, 0x000000076e000000|100%| E|CS|TAMS 0x000000076de00000| PB 0x000000076de00000| Complete 
| 880|0x000000076e000000, 0x000000076e200000, 0x000000076e200000|100%| E|CS|TAMS 0x000000076e000000| PB 0x000000076e000000| Complete 
| 881|0x000000076e200000, 0x000000076e400000, 0x000000076e400000|100%| E|CS|TAMS 0x000000076e200000| PB 0x000000076e200000| Complete 
| 882|0x000000076e400000, 0x000000076e600000, 0x000000076e600000|100%| E|CS|TAMS 0x000000076e400000| PB 0x000000076e400000| Complete 
| 883|0x000000076e600000, 0x000000076e800000, 0x000000076e800000|100%| E|CS|TAMS 0x000000076e600000| PB 0x000000076e600000| Complete 
| 884|0x000000076e800000, 0x000000076ea00000, 0x000000076ea00000|100%| E|CS|TAMS 0x000000076e800000| PB 0x000000076e800000| Complete 
| 885|0x000000076ea00000, 0x000000076ec00000, 0x000000076ec00000|100%| E|CS|TAMS 0x000000076ea00000| PB 0x000000076ea00000| Complete 
| 886|0x000000076ec00000, 0x000000076ee00000, 0x000000076ee00000|100%| E|CS|TAMS 0x000000076ec00000| PB 0x000000076ec00000| Complete 
| 887|0x000000076ee00000, 0x000000076f000000, 0x000000076f000000|100%| E|CS|TAMS 0x000000076ee00000| PB 0x000000076ee00000| Complete 
| 888|0x000000076f000000, 0x000000076f200000, 0x000000076f200000|100%| E|CS|TAMS 0x000000076f000000| PB 0x000000076f000000| Complete 
| 889|0x000000076f200000, 0x000000076f400000, 0x000000076f400000|100%| E|CS|TAMS 0x000000076f200000| PB 0x000000076f200000| Complete 
| 890|0x000000076f400000, 0x000000076f600000, 0x000000076f600000|100%| E|CS|TAMS 0x000000076f400000| PB 0x000000076f400000| Complete 
| 891|0x000000076f600000, 0x000000076f800000, 0x000000076f800000|100%| E|CS|TAMS 0x000000076f600000| PB 0x000000076f600000| Complete 
| 892|0x000000076f800000, 0x000000076fa00000, 0x000000076fa00000|100%| E|CS|TAMS 0x000000076f800000| PB 0x000000076f800000| Complete 
| 893|0x000000076fa00000, 0x000000076fc00000, 0x000000076fc00000|100%| E|CS|TAMS 0x000000076fa00000| PB 0x000000076fa00000| Complete 
| 894|0x000000076fc00000, 0x000000076fe00000, 0x000000076fe00000|100%| E|CS|TAMS 0x000000076fc00000| PB 0x000000076fc00000| Complete 
| 895|0x000000076fe00000, 0x0000000770000000, 0x0000000770000000|100%| E|CS|TAMS 0x000000076fe00000| PB 0x000000076fe00000| Complete 
| 896|0x0000000770000000, 0x0000000770200000, 0x0000000770200000|100%| E|CS|TAMS 0x0000000770000000| PB 0x0000000770000000| Complete 
| 897|0x0000000770200000, 0x0000000770400000, 0x0000000770400000|100%| E|CS|TAMS 0x0000000770200000| PB 0x0000000770200000| Complete 
| 898|0x0000000770400000, 0x0000000770600000, 0x0000000770600000|100%| E|CS|TAMS 0x0000000770400000| PB 0x0000000770400000| Complete 
| 899|0x0000000770600000, 0x0000000770800000, 0x0000000770800000|100%| E|CS|TAMS 0x0000000770600000| PB 0x0000000770600000| Complete 
| 900|0x0000000770800000, 0x0000000770a00000, 0x0000000770a00000|100%| E|CS|TAMS 0x0000000770800000| PB 0x0000000770800000| Complete 
| 901|0x0000000770a00000, 0x0000000770c00000, 0x0000000770c00000|100%| E|CS|TAMS 0x0000000770a00000| PB 0x0000000770a00000| Complete 
| 902|0x0000000770c00000, 0x0000000770e00000, 0x0000000770e00000|100%| E|CS|TAMS 0x0000000770c00000| PB 0x0000000770c00000| Complete 
| 903|0x0000000770e00000, 0x0000000771000000, 0x0000000771000000|100%| E|CS|TAMS 0x0000000770e00000| PB 0x0000000770e00000| Complete 
| 904|0x0000000771000000, 0x0000000771200000, 0x0000000771200000|100%| E|CS|TAMS 0x0000000771000000| PB 0x0000000771000000| Complete 
| 905|0x0000000771200000, 0x0000000771400000, 0x0000000771400000|100%| E|CS|TAMS 0x0000000771200000| PB 0x0000000771200000| Complete 
| 906|0x0000000771400000, 0x0000000771600000, 0x0000000771600000|100%| E|CS|TAMS 0x0000000771400000| PB 0x0000000771400000| Complete 
| 907|0x0000000771600000, 0x0000000771800000, 0x0000000771800000|100%| E|CS|TAMS 0x0000000771600000| PB 0x0000000771600000| Complete 
| 908|0x0000000771800000, 0x0000000771a00000, 0x0000000771a00000|100%| E|CS|TAMS 0x0000000771800000| PB 0x0000000771800000| Complete 
| 909|0x0000000771a00000, 0x0000000771c00000, 0x0000000771c00000|100%| E|CS|TAMS 0x0000000771a00000| PB 0x0000000771a00000| Complete 
| 910|0x0000000771c00000, 0x0000000771e00000, 0x0000000771e00000|100%| E|CS|TAMS 0x0000000771c00000| PB 0x0000000771c00000| Complete 
| 911|0x0000000771e00000, 0x0000000772000000, 0x0000000772000000|100%| E|CS|TAMS 0x0000000771e00000| PB 0x0000000771e00000| Complete 
| 912|0x0000000772000000, 0x0000000772200000, 0x0000000772200000|100%| E|CS|TAMS 0x0000000772000000| PB 0x0000000772000000| Complete 
| 913|0x0000000772200000, 0x0000000772400000, 0x0000000772400000|100%| E|CS|TAMS 0x0000000772200000| PB 0x0000000772200000| Complete 
| 914|0x0000000772400000, 0x0000000772600000, 0x0000000772600000|100%| E|CS|TAMS 0x0000000772400000| PB 0x0000000772400000| Complete 
| 915|0x0000000772600000, 0x0000000772800000, 0x0000000772800000|100%| E|CS|TAMS 0x0000000772600000| PB 0x0000000772600000| Complete 
| 916|0x0000000772800000, 0x0000000772a00000, 0x0000000772a00000|100%| E|CS|TAMS 0x0000000772800000| PB 0x0000000772800000| Complete 
| 917|0x0000000772a00000, 0x0000000772c00000, 0x0000000772c00000|100%| E|CS|TAMS 0x0000000772a00000| PB 0x0000000772a00000| Complete 
| 918|0x0000000772c00000, 0x0000000772e00000, 0x0000000772e00000|100%| E|CS|TAMS 0x0000000772c00000| PB 0x0000000772c00000| Complete 
| 919|0x0000000772e00000, 0x0000000773000000, 0x0000000773000000|100%| E|CS|TAMS 0x0000000772e00000| PB 0x0000000772e00000| Complete 
| 920|0x0000000773000000, 0x0000000773200000, 0x0000000773200000|100%| E|CS|TAMS 0x0000000773000000| PB 0x0000000773000000| Complete 
| 921|0x0000000773200000, 0x0000000773400000, 0x0000000773400000|100%| E|CS|TAMS 0x0000000773200000| PB 0x0000000773200000| Complete 
| 922|0x0000000773400000, 0x0000000773600000, 0x0000000773600000|100%| E|CS|TAMS 0x0000000773400000| PB 0x0000000773400000| Complete 
| 923|0x0000000773600000, 0x0000000773800000, 0x0000000773800000|100%| E|CS|TAMS 0x0000000773600000| PB 0x0000000773600000| Complete 
| 924|0x0000000773800000, 0x0000000773a00000, 0x0000000773a00000|100%| E|CS|TAMS 0x0000000773800000| PB 0x0000000773800000| Complete 
| 925|0x0000000773a00000, 0x0000000773c00000, 0x0000000773c00000|100%| E|CS|TAMS 0x0000000773a00000| PB 0x0000000773a00000| Complete 
| 926|0x0000000773c00000, 0x0000000773e00000, 0x0000000773e00000|100%| E|CS|TAMS 0x0000000773c00000| PB 0x0000000773c00000| Complete 
| 927|0x0000000773e00000, 0x0000000774000000, 0x0000000774000000|100%| E|CS|TAMS 0x0000000773e00000| PB 0x0000000773e00000| Complete 
| 928|0x0000000774000000, 0x0000000774200000, 0x0000000774200000|100%| E|CS|TAMS 0x0000000774000000| PB 0x0000000774000000| Complete 
| 929|0x0000000774200000, 0x0000000774400000, 0x0000000774400000|100%| E|CS|TAMS 0x0000000774200000| PB 0x0000000774200000| Complete 
| 930|0x0000000774400000, 0x0000000774600000, 0x0000000774600000|100%| E|CS|TAMS 0x0000000774400000| PB 0x0000000774400000| Complete 
| 931|0x0000000774600000, 0x0000000774800000, 0x0000000774800000|100%| E|CS|TAMS 0x0000000774600000| PB 0x0000000774600000| Complete 
| 932|0x0000000774800000, 0x0000000774a00000, 0x0000000774a00000|100%| E|CS|TAMS 0x0000000774800000| PB 0x0000000774800000| Complete 
| 933|0x0000000774a00000, 0x0000000774c00000, 0x0000000774c00000|100%| E|CS|TAMS 0x0000000774a00000| PB 0x0000000774a00000| Complete 
| 934|0x0000000774c00000, 0x0000000774e00000, 0x0000000774e00000|100%| E|CS|TAMS 0x0000000774c00000| PB 0x0000000774c00000| Complete 
| 935|0x0000000774e00000, 0x0000000775000000, 0x0000000775000000|100%| E|CS|TAMS 0x0000000774e00000| PB 0x0000000774e00000| Complete 
| 936|0x0000000775000000, 0x0000000775200000, 0x0000000775200000|100%| E|CS|TAMS 0x0000000775000000| PB 0x0000000775000000| Complete 
| 937|0x0000000775200000, 0x0000000775400000, 0x0000000775400000|100%| E|CS|TAMS 0x0000000775200000| PB 0x0000000775200000| Complete 
| 938|0x0000000775400000, 0x0000000775600000, 0x0000000775600000|100%| E|CS|TAMS 0x0000000775400000| PB 0x0000000775400000| Complete 
| 939|0x0000000775600000, 0x0000000775800000, 0x0000000775800000|100%| E|CS|TAMS 0x0000000775600000| PB 0x0000000775600000| Complete 
| 940|0x0000000775800000, 0x0000000775a00000, 0x0000000775a00000|100%| E|CS|TAMS 0x0000000775800000| PB 0x0000000775800000| Complete 
| 941|0x0000000775a00000, 0x0000000775c00000, 0x0000000775c00000|100%| E|CS|TAMS 0x0000000775a00000| PB 0x0000000775a00000| Complete 
| 942|0x0000000775c00000, 0x0000000775e00000, 0x0000000775e00000|100%| E|CS|TAMS 0x0000000775c00000| PB 0x0000000775c00000| Complete 
| 943|0x0000000775e00000, 0x0000000776000000, 0x0000000776000000|100%| E|CS|TAMS 0x0000000775e00000| PB 0x0000000775e00000| Complete 
| 944|0x0000000776000000, 0x0000000776200000, 0x0000000776200000|100%| E|CS|TAMS 0x0000000776000000| PB 0x0000000776000000| Complete 
| 945|0x0000000776200000, 0x0000000776400000, 0x0000000776400000|100%| E|CS|TAMS 0x0000000776200000| PB 0x0000000776200000| Complete 
| 946|0x0000000776400000, 0x0000000776600000, 0x0000000776600000|100%| E|CS|TAMS 0x0000000776400000| PB 0x0000000776400000| Complete 
| 947|0x0000000776600000, 0x0000000776800000, 0x0000000776800000|100%| E|CS|TAMS 0x0000000776600000| PB 0x0000000776600000| Complete 
| 948|0x0000000776800000, 0x0000000776a00000, 0x0000000776a00000|100%| E|CS|TAMS 0x0000000776800000| PB 0x0000000776800000| Complete 
| 949|0x0000000776a00000, 0x0000000776c00000, 0x0000000776c00000|100%| E|CS|TAMS 0x0000000776a00000| PB 0x0000000776a00000| Complete 
| 950|0x0000000776c00000, 0x0000000776e00000, 0x0000000776e00000|100%| E|CS|TAMS 0x0000000776c00000| PB 0x0000000776c00000| Complete 
| 951|0x0000000776e00000, 0x0000000777000000, 0x0000000777000000|100%| E|CS|TAMS 0x0000000776e00000| PB 0x0000000776e00000| Complete 
| 952|0x0000000777000000, 0x0000000777200000, 0x0000000777200000|100%| E|CS|TAMS 0x0000000777000000| PB 0x0000000777000000| Complete 
| 953|0x0000000777200000, 0x0000000777400000, 0x0000000777400000|100%| E|CS|TAMS 0x0000000777200000| PB 0x0000000777200000| Complete 
| 954|0x0000000777400000, 0x0000000777600000, 0x0000000777600000|100%| E|CS|TAMS 0x0000000777400000| PB 0x0000000777400000| Complete 
| 955|0x0000000777600000, 0x0000000777800000, 0x0000000777800000|100%| E|CS|TAMS 0x0000000777600000| PB 0x0000000777600000| Complete 
| 956|0x0000000777800000, 0x0000000777a00000, 0x0000000777a00000|100%| E|CS|TAMS 0x0000000777800000| PB 0x0000000777800000| Complete 
| 957|0x0000000777a00000, 0x0000000777c00000, 0x0000000777c00000|100%| E|CS|TAMS 0x0000000777a00000| PB 0x0000000777a00000| Complete 
| 958|0x0000000777c00000, 0x0000000777e00000, 0x0000000777e00000|100%| E|CS|TAMS 0x0000000777c00000| PB 0x0000000777c00000| Complete 
| 959|0x0000000777e00000, 0x0000000778000000, 0x0000000778000000|100%| E|CS|TAMS 0x0000000777e00000| PB 0x0000000777e00000| Complete 
| 960|0x0000000778000000, 0x0000000778200000, 0x0000000778200000|100%| E|CS|TAMS 0x0000000778000000| PB 0x0000000778000000| Complete 
| 961|0x0000000778200000, 0x0000000778400000, 0x0000000778400000|100%| E|CS|TAMS 0x0000000778200000| PB 0x0000000778200000| Complete 
| 962|0x0000000778400000, 0x0000000778600000, 0x0000000778600000|100%| E|CS|TAMS 0x0000000778400000| PB 0x0000000778400000| Complete 
| 963|0x0000000778600000, 0x0000000778800000, 0x0000000778800000|100%| E|CS|TAMS 0x0000000778600000| PB 0x0000000778600000| Complete 
| 964|0x0000000778800000, 0x0000000778a00000, 0x0000000778a00000|100%| E|CS|TAMS 0x0000000778800000| PB 0x0000000778800000| Complete 
| 965|0x0000000778a00000, 0x0000000778c00000, 0x0000000778c00000|100%| E|CS|TAMS 0x0000000778a00000| PB 0x0000000778a00000| Complete 
| 966|0x0000000778c00000, 0x0000000778e00000, 0x0000000778e00000|100%| E|CS|TAMS 0x0000000778c00000| PB 0x0000000778c00000| Complete 
| 967|0x0000000778e00000, 0x0000000779000000, 0x0000000779000000|100%| E|CS|TAMS 0x0000000778e00000| PB 0x0000000778e00000| Complete 
| 968|0x0000000779000000, 0x0000000779200000, 0x0000000779200000|100%| E|CS|TAMS 0x0000000779000000| PB 0x0000000779000000| Complete 
| 969|0x0000000779200000, 0x0000000779400000, 0x0000000779400000|100%| E|CS|TAMS 0x0000000779200000| PB 0x0000000779200000| Complete 
| 970|0x0000000779400000, 0x0000000779600000, 0x0000000779600000|100%| E|CS|TAMS 0x0000000779400000| PB 0x0000000779400000| Complete 
| 971|0x0000000779600000, 0x0000000779800000, 0x0000000779800000|100%| E|CS|TAMS 0x0000000779600000| PB 0x0000000779600000| Complete 
| 972|0x0000000779800000, 0x0000000779a00000, 0x0000000779a00000|100%| E|CS|TAMS 0x0000000779800000| PB 0x0000000779800000| Complete 
| 973|0x0000000779a00000, 0x0000000779c00000, 0x0000000779c00000|100%| E|CS|TAMS 0x0000000779a00000| PB 0x0000000779a00000| Complete 
| 974|0x0000000779c00000, 0x0000000779e00000, 0x0000000779e00000|100%| E|CS|TAMS 0x0000000779c00000| PB 0x0000000779c00000| Complete 
| 975|0x0000000779e00000, 0x000000077a000000, 0x000000077a000000|100%| E|CS|TAMS 0x0000000779e00000| PB 0x0000000779e00000| Complete 
| 976|0x000000077a000000, 0x000000077a200000, 0x000000077a200000|100%| E|CS|TAMS 0x000000077a000000| PB 0x000000077a000000| Complete 
| 977|0x000000077a200000, 0x000000077a400000, 0x000000077a400000|100%| E|CS|TAMS 0x000000077a200000| PB 0x000000077a200000| Complete 
| 978|0x000000077a400000, 0x000000077a600000, 0x000000077a600000|100%| E|CS|TAMS 0x000000077a400000| PB 0x000000077a400000| Complete 
| 979|0x000000077a600000, 0x000000077a800000, 0x000000077a800000|100%| E|CS|TAMS 0x000000077a600000| PB 0x000000077a600000| Complete 
| 980|0x000000077a800000, 0x000000077aa00000, 0x000000077aa00000|100%| E|CS|TAMS 0x000000077a800000| PB 0x000000077a800000| Complete 
| 981|0x000000077aa00000, 0x000000077ac00000, 0x000000077ac00000|100%| E|CS|TAMS 0x000000077aa00000| PB 0x000000077aa00000| Complete 
| 982|0x000000077ac00000, 0x000000077ae00000, 0x000000077ae00000|100%| E|CS|TAMS 0x000000077ac00000| PB 0x000000077ac00000| Complete 
| 983|0x000000077ae00000, 0x000000077b000000, 0x000000077b000000|100%| E|CS|TAMS 0x000000077ae00000| PB 0x000000077ae00000| Complete 
| 984|0x000000077b000000, 0x000000077b200000, 0x000000077b200000|100%| E|CS|TAMS 0x000000077b000000| PB 0x000000077b000000| Complete 
| 985|0x000000077b200000, 0x000000077b400000, 0x000000077b400000|100%| E|CS|TAMS 0x000000077b200000| PB 0x000000077b200000| Complete 
| 986|0x000000077b400000, 0x000000077b600000, 0x000000077b600000|100%| E|CS|TAMS 0x000000077b400000| PB 0x000000077b400000| Complete 
| 987|0x000000077b600000, 0x000000077b800000, 0x000000077b800000|100%| E|CS|TAMS 0x000000077b600000| PB 0x000000077b600000| Complete 
| 988|0x000000077b800000, 0x000000077ba00000, 0x000000077ba00000|100%| E|CS|TAMS 0x000000077b800000| PB 0x000000077b800000| Complete 
| 989|0x000000077ba00000, 0x000000077bc00000, 0x000000077bc00000|100%| E|CS|TAMS 0x000000077ba00000| PB 0x000000077ba00000| Complete 
| 990|0x000000077bc00000, 0x000000077be00000, 0x000000077be00000|100%| E|CS|TAMS 0x000000077bc00000| PB 0x000000077bc00000| Complete 
| 991|0x000000077be00000, 0x000000077c000000, 0x000000077c000000|100%| E|CS|TAMS 0x000000077be00000| PB 0x000000077be00000| Complete 
| 992|0x000000077c000000, 0x000000077c200000, 0x000000077c200000|100%| E|CS|TAMS 0x000000077c000000| PB 0x000000077c000000| Complete 
| 993|0x000000077c200000, 0x000000077c400000, 0x000000077c400000|100%| E|CS|TAMS 0x000000077c200000| PB 0x000000077c200000| Complete 
| 994|0x000000077c400000, 0x000000077c600000, 0x000000077c600000|100%| E|CS|TAMS 0x000000077c400000| PB 0x000000077c400000| Complete 
| 995|0x000000077c600000, 0x000000077c800000, 0x000000077c800000|100%| E|CS|TAMS 0x000000077c600000| PB 0x000000077c600000| Complete 
| 996|0x000000077c800000, 0x000000077ca00000, 0x000000077ca00000|100%| E|CS|TAMS 0x000000077c800000| PB 0x000000077c800000| Complete 
| 997|0x000000077ca00000, 0x000000077cc00000, 0x000000077cc00000|100%| E|CS|TAMS 0x000000077ca00000| PB 0x000000077ca00000| Complete 
| 998|0x000000077cc00000, 0x000000077ce00000, 0x000000077ce00000|100%| E|CS|TAMS 0x000000077cc00000| PB 0x000000077cc00000| Complete 
| 999|0x000000077ce00000, 0x000000077d000000, 0x000000077d000000|100%| E|CS|TAMS 0x000000077ce00000| PB 0x000000077ce00000| Complete 
|1000|0x000000077d000000, 0x000000077d200000, 0x000000077d200000|100%| E|CS|TAMS 0x000000077d000000| PB 0x000000077d000000| Complete 
|1001|0x000000077d200000, 0x000000077d400000, 0x000000077d400000|100%| E|CS|TAMS 0x000000077d200000| PB 0x000000077d200000| Complete 
|1002|0x000000077d400000, 0x000000077d600000, 0x000000077d600000|100%| E|CS|TAMS 0x000000077d400000| PB 0x000000077d400000| Complete 
|1003|0x000000077d600000, 0x000000077d800000, 0x000000077d800000|100%| E|CS|TAMS 0x000000077d600000| PB 0x000000077d600000| Complete 
|1004|0x000000077d800000, 0x000000077da00000, 0x000000077da00000|100%| E|CS|TAMS 0x000000077d800000| PB 0x000000077d800000| Complete 
|1005|0x000000077da00000, 0x000000077dc00000, 0x000000077dc00000|100%| E|CS|TAMS 0x000000077da00000| PB 0x000000077da00000| Complete 
|1006|0x000000077dc00000, 0x000000077de00000, 0x000000077de00000|100%| E|CS|TAMS 0x000000077dc00000| PB 0x000000077dc00000| Complete 
|1007|0x000000077de00000, 0x000000077e000000, 0x000000077e000000|100%| E|CS|TAMS 0x000000077de00000| PB 0x000000077de00000| Complete 
|1008|0x000000077e000000, 0x000000077e200000, 0x000000077e200000|100%| E|CS|TAMS 0x000000077e000000| PB 0x000000077e000000| Complete 
|1009|0x000000077e200000, 0x000000077e400000, 0x000000077e400000|100%| E|CS|TAMS 0x000000077e200000| PB 0x000000077e200000| Complete 
|1010|0x000000077e400000, 0x000000077e600000, 0x000000077e600000|100%| E|CS|TAMS 0x000000077e400000| PB 0x000000077e400000| Complete 
|1011|0x000000077e600000, 0x000000077e800000, 0x000000077e800000|100%| E|CS|TAMS 0x000000077e600000| PB 0x000000077e600000| Complete 
|1012|0x000000077e800000, 0x000000077ea00000, 0x000000077ea00000|100%| E|CS|TAMS 0x000000077e800000| PB 0x000000077e800000| Complete 
|1013|0x000000077ea00000, 0x000000077ec00000, 0x000000077ec00000|100%| E|CS|TAMS 0x000000077ea00000| PB 0x000000077ea00000| Complete 
|1014|0x000000077ec00000, 0x000000077ee00000, 0x000000077ee00000|100%| E|CS|TAMS 0x000000077ec00000| PB 0x000000077ec00000| Complete 
|1015|0x000000077ee00000, 0x000000077f000000, 0x000000077f000000|100%| E|CS|TAMS 0x000000077ee00000| PB 0x000000077ee00000| Complete 
|1016|0x000000077f000000, 0x000000077f200000, 0x000000077f200000|100%| E|CS|TAMS 0x000000077f000000| PB 0x000000077f000000| Complete 
|1017|0x000000077f200000, 0x000000077f400000, 0x000000077f400000|100%| E|CS|TAMS 0x000000077f200000| PB 0x000000077f200000| Complete 
|1018|0x000000077f400000, 0x000000077f600000, 0x000000077f600000|100%| E|CS|TAMS 0x000000077f400000| PB 0x000000077f400000| Complete 
|1019|0x000000077f600000, 0x000000077f800000, 0x000000077f800000|100%| E|CS|TAMS 0x000000077f600000| PB 0x000000077f600000| Complete 
|1020|0x000000077f800000, 0x000000077fa00000, 0x000000077fa00000|100%| E|CS|TAMS 0x000000077f800000| PB 0x000000077f800000| Complete 
|1021|0x000000077fa00000, 0x000000077fc00000, 0x000000077fc00000|100%| E|CS|TAMS 0x000000077fa00000| PB 0x000000077fa00000| Complete 
|1022|0x000000077fc00000, 0x000000077fe00000, 0x000000077fe00000|100%| E|CS|TAMS 0x000000077fc00000| PB 0x000000077fc00000| Complete 
|1023|0x000000077fe00000, 0x0000000780000000, 0x0000000780000000|100%| E|CS|TAMS 0x000000077fe00000| PB 0x000000077fe00000| Complete 
|1024|0x0000000780000000, 0x0000000780200000, 0x0000000780200000|100%| E|CS|TAMS 0x0000000780000000| PB 0x0000000780000000| Complete 
|1025|0x0000000780200000, 0x0000000780400000, 0x0000000780400000|100%| E|CS|TAMS 0x0000000780200000| PB 0x0000000780200000| Complete 
|1978|0x00000007f7400000, 0x00000007f7600000, 0x00000007f7600000|100%| O|  |TAMS 0x00000007f7420010| PB 0x00000007f7400000| Untracked 
|1979|0x00000007f7600000, 0x00000007f7800000, 0x00000007f7800000|100%| O|  |TAMS 0x00000007f7800000| PB 0x00000007f7800000| Updating 
|1980|0x00000007f7800000, 0x00000007f7a00000, 0x00000007f7a00000|100%| O|  |TAMS 0x00000007f7a00000| PB 0x00000007f7a00000| Updating 
|1981|0x00000007f7a00000, 0x00000007f7c00000, 0x00000007f7c00000|100%| O|  |TAMS 0x00000007f7c00000| PB 0x00000007f7c00000| Untracked 
|1982|0x00000007f7c00000, 0x00000007f7e00000, 0x00000007f7e00000|100%| O|  |TAMS 0x00000007f7e00000| PB 0x00000007f7e00000| Untracked 
|1983|0x00000007f7e00000, 0x00000007f8000000, 0x00000007f8000000|100%| O|  |TAMS 0x00000007f8000000| PB 0x00000007f8000000| Updating 
|1984|0x00000007f8000000, 0x00000007f8200000, 0x00000007f8200000|100%| O|  |TAMS 0x00000007f8200000| PB 0x00000007f8200000| Untracked 
|1985|0x00000007f8200000, 0x00000007f8400000, 0x00000007f8400000|100%| O|  |TAMS 0x00000007f8400000| PB 0x00000007f8400000| Untracked 
|1986|0x00000007f8400000, 0x00000007f8600000, 0x00000007f8600000|100%| O|  |TAMS 0x00000007f8600000| PB 0x00000007f8600000| Untracked 
|1987|0x00000007f8600000, 0x00000007f8800000, 0x00000007f8800000|100%| O|  |TAMS 0x00000007f8800000| PB 0x00000007f8800000| Updating 
|1988|0x00000007f8800000, 0x00000007f8a00000, 0x00000007f8a00000|100%| E|CS|TAMS 0x00000007f8800000| PB 0x00000007f8800000| Complete 
|1989|0x00000007f8a00000, 0x00000007f8c00000, 0x00000007f8c00000|100%| E|CS|TAMS 0x00000007f8a00000| PB 0x00000007f8a00000| Complete 
|1990|0x00000007f8c00000, 0x00000007f8e00000, 0x00000007f8e00000|100%| E|CS|TAMS 0x00000007f8c00000| PB 0x00000007f8c00000| Complete 
|1991|0x00000007f8e00000, 0x00000007f9000000, 0x00000007f9000000|100%| O|  |TAMS 0x00000007f9000000| PB 0x00000007f9000000| Updating 
|1992|0x00000007f9000000, 0x00000007f9200000, 0x00000007f9200000|100%| E|CS|TAMS 0x00000007f9000000| PB 0x00000007f9000000| Complete 
|1993|0x00000007f9200000, 0x00000007f9400000, 0x00000007f9400000|100%| O|  |TAMS 0x00000007f9400000| PB 0x00000007f9400000| Updating 
|1994|0x00000007f9400000, 0x00000007f9600000, 0x00000007f9600000|100%| O|  |TAMS 0x00000007f9600000| PB 0x00000007f9600000| Updating 
|1995|0x00000007f9600000, 0x00000007f9800000, 0x00000007f9800000|100%| E|CS|TAMS 0x00000007f9600000| PB 0x00000007f9600000| Complete 
|1996|0x00000007f9800000, 0x00000007f9a00000, 0x00000007f9a00000|100%| O|  |TAMS 0x00000007f9a00000| PB 0x00000007f9a00000| Updating 
|1997|0x00000007f9a00000, 0x00000007f9c00000, 0x00000007f9c00000|100%| E|CS|TAMS 0x00000007f9a00000| PB 0x00000007f9a00000| Complete 
|1998|0x00000007f9c00000, 0x00000007f9e00000, 0x00000007f9e00000|100%| E|CS|TAMS 0x00000007f9c00000| PB 0x00000007f9c00000| Complete 
|1999|0x00000007f9e00000, 0x00000007fa000000, 0x00000007fa000000|100%| E|CS|TAMS 0x00000007f9e00000| PB 0x00000007f9e00000| Complete 
|2000|0x00000007fa000000, 0x00000007fa200000, 0x00000007fa200000|100%| E|CS|TAMS 0x00000007fa000000| PB 0x00000007fa000000| Complete 
|2001|0x00000007fa200000, 0x00000007fa400000, 0x00000007fa400000|100%| E|CS|TAMS 0x00000007fa200000| PB 0x00000007fa200000| Complete 
|2002|0x00000007fa400000, 0x00000007fa600000, 0x00000007fa600000|100%| E|CS|TAMS 0x00000007fa400000| PB 0x00000007fa400000| Complete 
|2003|0x00000007fa600000, 0x00000007fa800000, 0x00000007fa800000|100%| E|CS|TAMS 0x00000007fa600000| PB 0x00000007fa600000| Complete 
|2004|0x00000007fa800000, 0x00000007faa00000, 0x00000007faa00000|100%| E|CS|TAMS 0x00000007fa800000| PB 0x00000007fa800000| Complete 
|2005|0x00000007faa00000, 0x00000007fac00000, 0x00000007fac00000|100%| E|CS|TAMS 0x00000007faa00000| PB 0x00000007faa00000| Complete 
|2006|0x00000007fac00000, 0x00000007fae00000, 0x00000007fae00000|100%| E|CS|TAMS 0x00000007fac00000| PB 0x00000007fac00000| Complete 
|2007|0x00000007fae00000, 0x00000007fb000000, 0x00000007fb000000|100%| E|CS|TAMS 0x00000007fae00000| PB 0x00000007fae00000| Complete 
|2008|0x00000007fb000000, 0x00000007fb200000, 0x00000007fb200000|100%| E|CS|TAMS 0x00000007fb000000| PB 0x00000007fb000000| Complete 
|2009|0x00000007fb200000, 0x00000007fb400000, 0x00000007fb400000|100%| O|  |TAMS 0x00000007fb400000| PB 0x00000007fb400000| Updating 
|2010|0x00000007fb400000, 0x00000007fb600000, 0x00000007fb600000|100%| E|CS|TAMS 0x00000007fb400000| PB 0x00000007fb400000| Complete 
|2011|0x00000007fb600000, 0x00000007fb800000, 0x00000007fb800000|100%| O|  |TAMS 0x00000007fb800000| PB 0x00000007fb800000| Untracked 
|2012|0x00000007fb800000, 0x00000007fba00000, 0x00000007fba00000|100%| O|  |TAMS 0x00000007fba00000| PB 0x00000007fba00000| Updating 
|2013|0x00000007fba00000, 0x00000007fbc00000, 0x00000007fbc00000|100%| O|  |TAMS 0x00000007fbc00000| PB 0x00000007fbc00000| Untracked 
|2014|0x00000007fbc00000, 0x00000007fbe00000, 0x00000007fbe00000|100%| O|  |TAMS 0x00000007fbe00000| PB 0x00000007fbe00000| Untracked 
|2015|0x00000007fbe00000, 0x00000007fc000000, 0x00000007fc000000|100%| O|  |TAMS 0x00000007fc000000| PB 0x00000007fc000000| Updating 
|2016|0x00000007fc000000, 0x00000007fc200000, 0x00000007fc200000|100%| O|  |TAMS 0x00000007fc200000| PB 0x00000007fc200000| Untracked 
|2017|0x00000007fc200000, 0x00000007fc400000, 0x00000007fc400000|100%| O|  |TAMS 0x00000007fc400000| PB 0x00000007fc400000| Untracked 
|2018|0x00000007fc400000, 0x00000007fc600000, 0x00000007fc600000|100%| O|  |TAMS 0x00000007fc600000| PB 0x00000007fc600000| Updating 
|2019|0x00000007fc600000, 0x00000007fc800000, 0x00000007fc800000|100%| O|  |TAMS 0x00000007fc800000| PB 0x00000007fc800000| Untracked 
|2020|0x00000007fc800000, 0x00000007fca00000, 0x00000007fca00000|100%| O|  |TAMS 0x00000007fca00000| PB 0x00000007fca00000| Untracked 
|2021|0x00000007fca00000, 0x00000007fcc00000, 0x00000007fcc00000|100%| O|  |TAMS 0x00000007fcc00000| PB 0x00000007fcc00000| Updating 
|2022|0x00000007fcc00000, 0x00000007fce00000, 0x00000007fce00000|100%| O|  |TAMS 0x00000007fce00000| PB 0x00000007fce00000| Untracked 
|2023|0x00000007fce00000, 0x00000007fd000000, 0x00000007fd000000|100%| O|  |TAMS 0x00000007fd000000| PB 0x00000007fd000000| Updating 
|2024|0x00000007fd000000, 0x00000007fd200000, 0x00000007fd200000|100%| O|  |TAMS 0x00000007fd200000| PB 0x00000007fd200000| Updating 
|2025|0x00000007fd200000, 0x00000007fd400000, 0x00000007fd400000|100%| E|CS|TAMS 0x00000007fd200000| PB 0x00000007fd200000| Complete 
|2026|0x00000007fd400000, 0x00000007fd600000, 0x00000007fd600000|100%| E|CS|TAMS 0x00000007fd400000| PB 0x00000007fd400000| Complete 
|2027|0x00000007fd600000, 0x00000007fd800000, 0x00000007fd800000|100%| E|CS|TAMS 0x00000007fd600000| PB 0x00000007fd600000| Complete 
|2028|0x00000007fd800000, 0x00000007fda00000, 0x00000007fda00000|100%| E|CS|TAMS 0x00000007fd800000| PB 0x00000007fd800000| Complete 
|2029|0x00000007fda00000, 0x00000007fdc00000, 0x00000007fdc00000|100%| E|CS|TAMS 0x00000007fda00000| PB 0x00000007fda00000| Complete 
|2030|0x00000007fdc00000, 0x00000007fde00000, 0x00000007fde00000|100%| E|CS|TAMS 0x00000007fdc00000| PB 0x00000007fdc00000| Complete 
|2031|0x00000007fde00000, 0x00000007fe000000, 0x00000007fe000000|100%| E|CS|TAMS 0x00000007fde00000| PB 0x00000007fde00000| Complete 
|2032|0x00000007fe000000, 0x00000007fe200000, 0x00000007fe200000|100%| E|CS|TAMS 0x00000007fe000000| PB 0x00000007fe000000| Complete 
|2033|0x00000007fe200000, 0x00000007fe400000, 0x00000007fe400000|100%| E|CS|TAMS 0x00000007fe200000| PB 0x00000007fe200000| Complete 
|2034|0x00000007fe400000, 0x00000007fe600000, 0x00000007fe600000|100%| O|  |TAMS 0x00000007fe600000| PB 0x00000007fe600000| Updating 
|2035|0x00000007fe600000, 0x00000007fe800000, 0x00000007fe800000|100%| E|CS|TAMS 0x00000007fe600000| PB 0x00000007fe600000| Complete 
|2036|0x00000007fe800000, 0x00000007fea00000, 0x00000007fea00000|100%| O|  |TAMS 0x00000007fea00000| PB 0x00000007fea00000| Updating 
|2037|0x00000007fea00000, 0x00000007fec00000, 0x00000007fec00000|100%| E|CS|TAMS 0x00000007fea00000| PB 0x00000007fea00000| Complete 
|2038|0x00000007fec00000, 0x00000007fee00000, 0x00000007fee00000|100%| E|CS|TAMS 0x00000007fec00000| PB 0x00000007fec00000| Complete 
|2039|0x00000007fee00000, 0x00000007ff000000, 0x00000007ff000000|100%| O|  |TAMS 0x00000007ff000000| PB 0x00000007ff000000| Untracked 
|2040|0x00000007ff000000, 0x00000007ff200000, 0x00000007ff200000|100%| O|  |TAMS 0x00000007ff200000| PB 0x00000007ff200000| Untracked 
|2041|0x00000007ff200000, 0x00000007ff400000, 0x00000007ff400000|100%| O|  |TAMS 0x00000007ff400000| PB 0x00000007ff400000| Untracked 
|2042|0x00000007ff400000, 0x00000007ff600000, 0x00000007ff600000|100%| O|  |TAMS 0x00000007ff600000| PB 0x00000007ff600000| Untracked 
|2043|0x00000007ff600000, 0x00000007ff800000, 0x00000007ff800000|100%| O|  |TAMS 0x00000007ff800000| PB 0x00000007ff800000| Untracked 
|2044|0x00000007ff800000, 0x00000007ffa00000, 0x00000007ffa00000|100%| O|  |TAMS 0x00000007ffa00000| PB 0x00000007ffa00000| Untracked 
|2045|0x00000007ffa00000, 0x00000007ffc00000, 0x00000007ffc00000|100%| O|  |TAMS 0x00000007ffc00000| PB 0x00000007ffc00000| Updating 
|2046|0x00000007ffc00000, 0x00000007ffe00000, 0x00000007ffe00000|100%| E|CS|TAMS 0x00000007ffc00000| PB 0x00000007ffc00000| Complete 
|2047|0x00000007ffe00000, 0x0000000800000000, 0x0000000800000000|100%| O|  |TAMS 0x0000000800000000| PB 0x0000000800000000| Updating 

Card table byte_map: [0x00000216eb210000,0x00000216eba10000] _byte_map_base: 0x00000216e7a10000

Marking Bits: (CMBitMap*) 0x00000216c73dac10
 Bits: [0x00000216eba10000, 0x00000216efa10000)

Polling page: 0x00000216c51e0000

Metaspace:

Usage:
  Non-class:    148.41 MB used.
      Class:     23.92 MB used.
       Both:    172.33 MB used.

Virtual space:
  Non-class space:      192.00 MB reserved,     149.88 MB ( 78%) committed,  3 nodes.
      Class space:      832.00 MB reserved,      25.12 MB (  3%) committed,  1 nodes.
             Both:        1.00 GB reserved,     175.00 MB ( 17%) committed. 

Chunk freelists:
   Non-Class:  9.94 MB
       Class:  6.70 MB
        Both:  16.64 MB

MaxMetaspaceSize: 1.00 GB
CompressedClassSpaceSize: 832.00 MB
Initial GC threshold: 21.00 MB
Current GC threshold: 291.69 MB
CDS: off
 - commit_granule_bytes: 65536.
 - commit_granule_words: 8192.
 - virtual_space_node_default_size: 8388608.
 - enlarge_chunks_in_place: 1.
 - use_allocation_guard: 0.


Internal statistics:

num_allocs_failed_limit: 9.
num_arena_births: 4798.
num_arena_deaths: 56.
num_vsnodes_births: 4.
num_vsnodes_deaths: 0.
num_space_committed: 2799.
num_space_uncommitted: 0.
num_chunks_returned_to_freelist: 89.
num_chunks_taken_from_freelist: 12442.
num_chunk_merges: 36.
num_chunk_splits: 8333.
num_chunks_enlarged: 5649.
num_inconsistent_stats: 0.

CodeHeap 'non-profiled nmethods': size=259264Kb used=36483Kb max_used=40499Kb free=222780Kb
 bounds [0x00000216da790000, 0x00000216dcf20000, 0x00000216ea4c0000]
CodeHeap 'profiled nmethods': size=259264Kb used=57985Kb max_used=68085Kb free=201278Kb
 bounds [0x00000216ca4c0000, 0x00000216ce760000, 0x00000216da1f0000]
CodeHeap 'non-nmethods': size=5760Kb used=3331Kb max_used=3452Kb free=2428Kb
 bounds [0x00000216da1f0000, 0x00000216da560000, 0x00000216da790000]
CodeCache: size=524288Kb, used=97799Kb, max_used=112036Kb, free=426486Kb
 total_blobs=29942, nmethods=28851, adapters=992, full_count=0
Compilation: enabled, stopped_count=0, restarted_count=0

Compilation events (20 events):
Event: 198.608 Thread 0x00000216f2620280 43194       2       java.util.concurrent.ScheduledThreadPoolExecutor$DelayedWorkQueue::add (6 bytes)
Event: 198.608 Thread 0x00000216f2620280 nmethod 43194 0x00000216cde32d90 code [0x00000216cde32f40, 0x00000216cde33068]
Event: 198.608 Thread 0x00000216f2620280 43195   !   2       java.util.concurrent.ScheduledThreadPoolExecutor$DelayedWorkQueue::offer (123 bytes)
Event: 198.616 Thread 0x00000216f2620280 nmethod 43195 0x00000216ccb81f90 code [0x00000216ccb82220, 0x00000216ccb82a60]
Event: 198.749 Thread 0x00000216f2620280 43197       2       com.android.tools.r8.internal.Hm::equals (65 bytes)
Event: 198.750 Thread 0x00000216f2620280 nmethod 43197 0x00000216cde52190 code [0x00000216cde52380, 0x00000216cde52640]
Event: 198.795 Thread 0x00000216f2620280 43199       2       com.android.tools.r8.internal.aM::f (39 bytes)
Event: 198.796 Thread 0x00000216f2620280 nmethod 43199 0x00000216cde51890 code [0x00000216cde51a80, 0x00000216cde51d88]
Event: 198.832 Thread 0x0000021684774760 nmethod 42906 0x00000216dcef1b90 code [0x00000216dcef2420, 0x00000216dcef9650]
Event: 198.833 Thread 0x0000021684774760 43196 %     4       com.android.tools.r8.ir.optimize.W::a @ 135 (1448 bytes)
Event: 198.885 Thread 0x00000216f2620280 43200       1       com.android.tools.r8.graph.proto.j::c (5 bytes)
Event: 198.885 Thread 0x00000216f2620280 nmethod 43200 0x00000216dcefdf10 code [0x00000216dcefe0a0, 0x00000216dcefe170]
Event: 199.015 Thread 0x00000216f2620280 43201       1       com.android.tools.r8.internal.HT::c (2 bytes)
Event: 199.015 Thread 0x00000216f2620280 nmethod 43201 0x00000216dcefe210 code [0x00000216dcefe3a0, 0x00000216dcefe470]
Event: 199.022 Thread 0x00000216f2620280 43202       3       com.android.tools.r8.graph.I2::T0 (39 bytes)
Event: 199.024 Thread 0x00000216f2620280 nmethod 43202 0x00000216cdeb1490 code [0x00000216cdeb1680, 0x00000216cdeb19c0]
Event: 199.053 Thread 0x00000216f2620280 43203       3       com.android.tools.r8.synthesis.k::<init> (25 bytes)
Event: 199.054 Thread 0x00000216f2620280 nmethod 43203 0x00000216cdeb0f10 code [0x00000216cdeb10c0, 0x00000216cdeb13b8]
Event: 199.111 Thread 0x00000216f261c6d0 nmethod 42878 0x00000216dcefe510 code [0x00000216dceffa40, 0x00000216dcf0b7e0]
Event: 199.113 Thread 0x00000216f261c6d0 42923 %     4       com.android.tools.r8.internal.Nj0::b @ 83 (1870 bytes)

GC Heap History (20 events):
Event: 176.737 GC heap before
{Heap before GC invocations=116 (full 0):
 garbage-first heap   total 2224128K, used 2037765K [0x0000000700000000, 0x0000000800000000)
  region size 2048K, 651 young (1333248K), 33 survivors (67584K)
 Metaspace       used 173470K, committed 176192K, reserved 1048576K
  class space    used 24040K, committed 25280K, reserved 851968K
}
Event: 176.780 GC heap after
{Heap after GC invocations=117 (full 0):
 garbage-first heap   total 2224128K, used 778245K [0x0000000700000000, 0x0000000800000000)
  region size 2048K, 36 young (73728K), 36 survivors (73728K)
 Metaspace       used 173470K, committed 176192K, reserved 1048576K
  class space    used 24040K, committed 25280K, reserved 851968K
}
Event: 179.049 GC heap before
{Heap before GC invocations=118 (full 0):
 garbage-first heap   total 2224128K, used 2033669K [0x0000000700000000, 0x0000000800000000)
  region size 2048K, 650 young (1331200K), 36 survivors (73728K)
 Metaspace       used 173491K, committed 176192K, reserved 1048576K
  class space    used 24041K, committed 25280K, reserved 851968K
}
Event: 179.109 GC heap after
{Heap after GC invocations=119 (full 0):
 garbage-first heap   total 2224128K, used 782341K [0x0000000700000000, 0x0000000800000000)
  region size 2048K, 38 young (77824K), 38 survivors (77824K)
 Metaspace       used 173491K, committed 176192K, reserved 1048576K
  class space    used 24041K, committed 25280K, reserved 851968K
}
Event: 180.456 GC heap before
{Heap before GC invocations=119 (full 0):
 garbage-first heap   total 2224128K, used 2031621K [0x0000000700000000, 0x0000000800000000)
  region size 2048K, 648 young (1327104K), 38 survivors (77824K)
 Metaspace       used 173510K, committed 176192K, reserved 1048576K
  class space    used 24042K, committed 25280K, reserved 851968K
}
Event: 180.533 GC heap after
{Heap after GC invocations=120 (full 0):
 garbage-first heap   total 2224128K, used 754059K [0x0000000700000000, 0x0000000800000000)
  region size 2048K, 40 young (81920K), 40 survivors (81920K)
 Metaspace       used 173510K, committed 176192K, reserved 1048576K
  class space    used 24042K, committed 25280K, reserved 851968K
}
Event: 182.192 GC heap before
{Heap before GC invocations=120 (full 0):
 garbage-first heap   total 2224128K, used 2005387K [0x0000000700000000, 0x0000000800000000)
  region size 2048K, 651 young (1333248K), 40 survivors (81920K)
 Metaspace       used 173549K, committed 176256K, reserved 1048576K
  class space    used 24048K, committed 25280K, reserved 851968K
}
Event: 182.242 GC heap after
{Heap after GC invocations=121 (full 0):
 garbage-first heap   total 2224128K, used 758155K [0x0000000700000000, 0x0000000800000000)
  region size 2048K, 42 young (86016K), 42 survivors (86016K)
 Metaspace       used 173549K, committed 176256K, reserved 1048576K
  class space    used 24048K, committed 25280K, reserved 851968K
}
Event: 183.683 GC heap before
{Heap before GC invocations=121 (full 0):
 garbage-first heap   total 2224128K, used 2005387K [0x0000000700000000, 0x0000000800000000)
  region size 2048K, 651 young (1333248K), 42 survivors (86016K)
 Metaspace       used 173566K, committed 176256K, reserved 1048576K
  class space    used 24048K, committed 25280K, reserved 851968K
}
Event: 183.730 GC heap after
{Heap after GC invocations=122 (full 0):
 garbage-first heap   total 2224128K, used 761227K [0x0000000700000000, 0x0000000800000000)
  region size 2048K, 43 young (88064K), 43 survivors (88064K)
 Metaspace       used 173566K, committed 176256K, reserved 1048576K
  class space    used 24048K, committed 25280K, reserved 851968K
}
Event: 185.803 GC heap before
{Heap before GC invocations=122 (full 0):
 garbage-first heap   total 2224128K, used 2008459K [0x0000000700000000, 0x0000000800000000)
  region size 2048K, 651 young (1333248K), 43 survivors (88064K)
 Metaspace       used 173575K, committed 176256K, reserved 1048576K
  class space    used 24048K, committed 25280K, reserved 851968K
}
Event: 185.866 GC heap after
{Heap after GC invocations=123 (full 0):
 garbage-first heap   total 2224128K, used 768009K [0x0000000700000000, 0x0000000800000000)
  region size 2048K, 41 young (83968K), 41 survivors (83968K)
 Metaspace       used 173575K, committed 176256K, reserved 1048576K
  class space    used 24048K, committed 25280K, reserved 851968K
}
Event: 187.401 GC heap before
{Heap before GC invocations=123 (full 0):
 garbage-first heap   total 2224128K, used 2017289K [0x0000000700000000, 0x0000000800000000)
  region size 2048K, 651 young (1333248K), 41 survivors (83968K)
 Metaspace       used 173590K, committed 176256K, reserved 1048576K
  class space    used 24048K, committed 25280K, reserved 851968K
}
Event: 187.449 GC heap after
{Heap after GC invocations=124 (full 0):
 garbage-first heap   total 2224128K, used 769033K [0x0000000700000000, 0x0000000800000000)
  region size 2048K, 41 young (83968K), 41 survivors (83968K)
 Metaspace       used 173590K, committed 176256K, reserved 1048576K
  class space    used 24048K, committed 25280K, reserved 851968K
}
Event: 190.756 GC heap before
{Heap before GC invocations=124 (full 0):
 garbage-first heap   total 2224128K, used 2022409K [0x0000000700000000, 0x0000000800000000)
  region size 2048K, 651 young (1333248K), 41 survivors (83968K)
 Metaspace       used 174982K, committed 177664K, reserved 1048576K
  class space    used 24253K, committed 25472K, reserved 851968K
}
Event: 190.805 GC heap after
{Heap after GC invocations=125 (full 0):
 garbage-first heap   total 2224128K, used 779404K [0x0000000700000000, 0x0000000800000000)
  region size 2048K, 41 young (83968K), 41 survivors (83968K)
 Metaspace       used 174982K, committed 177664K, reserved 1048576K
  class space    used 24253K, committed 25472K, reserved 851968K
}
Event: 194.647 GC heap before
{Heap before GC invocations=125 (full 0):
 garbage-first heap   total 2224128K, used 2036876K [0x0000000700000000, 0x0000000800000000)
  region size 2048K, 650 young (1331200K), 41 survivors (83968K)
 Metaspace       used 176436K, committed 179200K, reserved 1048576K
  class space    used 24492K, committed 25728K, reserved 851968K
}
Event: 194.913 GC heap after
{Heap after GC invocations=126 (full 0):
 garbage-first heap   total 2244608K, used 911488K [0x0000000700000000, 0x0000000800000000)
  region size 2048K, 82 young (167936K), 82 survivors (167936K)
 Metaspace       used 176436K, committed 179200K, reserved 1048576K
  class space    used 24492K, committed 25728K, reserved 851968K
}
Event: 196.768 GC heap before
{Heap before GC invocations=126 (full 0):
 garbage-first heap   total 2244608K, used 1960064K [0x0000000700000000, 0x0000000800000000)
  region size 2048K, 594 young (1216512K), 82 survivors (167936K)
 Metaspace       used 176453K, committed 179200K, reserved 1048576K
  class space    used 24494K, committed 25728K, reserved 851968K
}
Event: 196.877 GC heap after
{Heap after GC invocations=127 (full 0):
 garbage-first heap   total 2244608K, used 921600K [0x0000000700000000, 0x0000000800000000)
  region size 2048K, 5 young (10240K), 5 survivors (10240K)
 Metaspace       used 176453K, committed 179200K, reserved 1048576K
  class space    used 24494K, committed 25728K, reserved 851968K
}

Dll operation events (3 events):
Event: 0.011 Loaded shared library C:\Program Files\Android\Android Studio\jbr\bin\java.dll
Event: 0.016 Loaded shared library C:\Program Files\Android\Android Studio\jbr\bin\zip.dll
Event: 0.445 Loaded shared library C:\Program Files\Android\Android Studio\jbr\bin\verify.dll

Deoptimization events (20 events):
Event: 198.201 Thread 0x0000021685be87f0 Uncommon trap: trap_request=0xffffffde fr.pc=0x00000216dcede0f8 relative=0x0000000000006b38
Event: 198.201 Thread 0x0000021685be87f0 Uncommon trap: reason=class_check action=maybe_recompile pc=0x00000216dcede0f8 method=com.android.tools.r8.ir.optimize.W.a(Lcom/android/tools/r8/ir/optimize/Y;Lcom/android/tools/r8/graph/C5;Lcom/android/tools/r8/internal/Et;Lcom/android/tools/r8/ir/optimi
Event: 198.201 Thread 0x0000021685be87f0 DEOPT PACKING pc=0x00000216dcede0f8 sp=0x00000067b44fec60
Event: 198.201 Thread 0x0000021685be87f0 DEOPT UNPACKING pc=0x00000216da247da2 sp=0x00000067b44fec78 mode 2
Event: 198.203 Thread 0x0000021685be5a00 Uncommon trap: trap_request=0xffffffde fr.pc=0x00000216dcede0f8 relative=0x0000000000006b38
Event: 198.203 Thread 0x0000021685be5a00 Uncommon trap: reason=class_check action=maybe_recompile pc=0x00000216dcede0f8 method=com.android.tools.r8.ir.optimize.W.a(Lcom/android/tools/r8/ir/optimize/Y;Lcom/android/tools/r8/graph/C5;Lcom/android/tools/r8/internal/Et;Lcom/android/tools/r8/ir/optimi
Event: 198.203 Thread 0x0000021685be5a00 DEOPT PACKING pc=0x00000216dcede0f8 sp=0x00000067b90feb20
Event: 198.203 Thread 0x0000021685be5a00 DEOPT UNPACKING pc=0x00000216da247da2 sp=0x00000067b90feb38 mode 2
Event: 198.213 Thread 0x0000021685be5a00 Uncommon trap: trap_request=0xffffffde fr.pc=0x00000216dcede0f8 relative=0x0000000000006b38
Event: 198.213 Thread 0x0000021685be5a00 Uncommon trap: reason=class_check action=maybe_recompile pc=0x00000216dcede0f8 method=com.android.tools.r8.ir.optimize.W.a(Lcom/android/tools/r8/ir/optimize/Y;Lcom/android/tools/r8/graph/C5;Lcom/android/tools/r8/internal/Et;Lcom/android/tools/r8/ir/optimi
Event: 198.213 Thread 0x0000021685be5a00 DEOPT PACKING pc=0x00000216dcede0f8 sp=0x00000067b90feb20
Event: 198.213 Thread 0x0000021685be5a00 DEOPT UNPACKING pc=0x00000216da247da2 sp=0x00000067b90feb38 mode 2
Event: 198.227 Thread 0x0000021685be5a00 Uncommon trap: trap_request=0xffffffde fr.pc=0x00000216dcede0f8 relative=0x0000000000006b38
Event: 198.227 Thread 0x0000021685be5a00 Uncommon trap: reason=class_check action=maybe_recompile pc=0x00000216dcede0f8 method=com.android.tools.r8.ir.optimize.W.a(Lcom/android/tools/r8/ir/optimize/Y;Lcom/android/tools/r8/graph/C5;Lcom/android/tools/r8/internal/Et;Lcom/android/tools/r8/ir/optimi
Event: 198.227 Thread 0x0000021685be5a00 DEOPT PACKING pc=0x00000216dcede0f8 sp=0x00000067b90feb20
Event: 198.227 Thread 0x0000021685be5a00 DEOPT UNPACKING pc=0x00000216da247da2 sp=0x00000067b90feb38 mode 2
Event: 198.750 Thread 0x0000021685be8160 Uncommon trap: trap_request=0xffffffc6 fr.pc=0x00000216dc889368 relative=0x0000000000002ea8
Event: 198.800 Thread 0x0000021685be8160 Uncommon trap: reason=bimorphic_or_optimized_type_check action=maybe_recompile pc=0x00000216dc889368 method=com.android.tools.r8.ir.optimize.q.a(Lcom/android/tools/r8/ir/optimize/k;Lcom/android/tools/r8/internal/Lw;Lcom/android/tools/r8/internal/Um0;Lcom/
Event: 198.800 Thread 0x0000021685be8160 DEOPT PACKING pc=0x00000216dc889368 sp=0x00000067b8efeaa0
Event: 198.800 Thread 0x0000021685be8160 DEOPT UNPACKING pc=0x00000216da247da2 sp=0x00000067b8efe8e8 mode 2

Classes loaded (20 events):
Event: 156.150 Loading class java/util/stream/SliceOps$1
Event: 156.152 Loading class java/util/stream/SliceOps$1 done
Event: 156.170 Loading class java/util/stream/SliceOps$1$1
Event: 156.170 Loading class java/util/stream/SliceOps$1$1 done
Event: 156.287 Loading class java/util/PriorityQueue
Event: 156.288 Loading class java/util/PriorityQueue done
Event: 156.357 Loading class java/util/stream/ReduceOps$5
Event: 156.358 Loading class java/util/stream/ReduceOps$5 done
Event: 156.358 Loading class java/util/stream/ReduceOps$CountingSink$OfRef
Event: 156.359 Loading class java/util/stream/ReduceOps$CountingSink
Event: 156.360 Loading class java/util/stream/ReduceOps$CountingSink done
Event: 156.360 Loading class java/util/stream/ReduceOps$CountingSink$OfRef done
Event: 156.452 Loading class java/util/IdentityHashMap$ValueSpliterator
Event: 156.452 Loading class java/util/IdentityHashMap$ValueSpliterator done
Event: 166.426 Loading class java/util/function/ObjIntConsumer
Event: 166.437 Loading class java/util/function/ObjIntConsumer done
Event: 166.835 Loading class java/util/AbstractList$SubList
Event: 166.836 Loading class java/util/AbstractList$SubList done
Event: 166.836 Loading class java/util/AbstractList$SubList$1
Event: 166.837 Loading class java/util/AbstractList$SubList$1 done

Classes unloaded (20 events):
Event: 145.753 Thread 0x00000216c50b2080 Unloading class 0x00000008016c1000 'java/lang/invoke/LambdaForm$DMH+0x00000008016c1000'
Event: 145.753 Thread 0x00000216c50b2080 Unloading class 0x00000008016c1c00 'java/lang/invoke/LambdaForm$DMH+0x00000008016c1c00'
Event: 145.753 Thread 0x00000216c50b2080 Unloading class 0x00000008016c1800 'java/lang/invoke/LambdaForm$DMH+0x00000008016c1800'
Event: 145.753 Thread 0x00000216c50b2080 Unloading class 0x00000008016c0c00 'java/lang/invoke/LambdaForm$DMH+0x00000008016c0c00'
Event: 145.753 Thread 0x00000216c50b2080 Unloading class 0x00000008016c0800 'java/lang/invoke/LambdaForm$DMH+0x00000008016c0800'
Event: 145.753 Thread 0x00000216c50b2080 Unloading class 0x00000008016c0000 'java/lang/invoke/LambdaForm$DMH+0x00000008016c0000'
Event: 163.203 Thread 0x00000216c50b2080 Unloading class 0x0000000801844c00 'java/lang/invoke/LambdaForm$DMH+0x0000000801844c00'
Event: 163.203 Thread 0x00000216c50b2080 Unloading class 0x0000000801844400 'java/lang/invoke/LambdaForm$DMH+0x0000000801844400'
Event: 163.203 Thread 0x00000216c50b2080 Unloading class 0x0000000801844800 'java/lang/invoke/LambdaForm$DMH+0x0000000801844800'
Event: 163.203 Thread 0x00000216c50b2080 Unloading class 0x00000008017d4c00 'java/lang/invoke/LambdaForm$DMH+0x00000008017d4c00'
Event: 163.203 Thread 0x00000216c50b2080 Unloading class 0x00000008017d4800 'java/lang/invoke/LambdaForm$DMH+0x00000008017d4800'
Event: 163.203 Thread 0x00000216c50b2080 Unloading class 0x00000008017d4000 'java/lang/invoke/LambdaForm$DMH+0x00000008017d4000'
Event: 163.203 Thread 0x00000216c50b2080 Unloading class 0x0000000801760c00 'java/lang/invoke/LambdaForm$DMH+0x0000000801760c00'
Event: 163.203 Thread 0x00000216c50b2080 Unloading class 0x0000000801760000 'java/lang/invoke/LambdaForm$DMH+0x0000000801760000'
Event: 163.203 Thread 0x00000216c50b2080 Unloading class 0x0000000801760400 'java/lang/invoke/LambdaForm$DMH+0x0000000801760400'
Event: 163.203 Thread 0x00000216c50b2080 Unloading class 0x0000000801750800 'java/lang/invoke/LambdaForm$DMH+0x0000000801750800'
Event: 163.203 Thread 0x00000216c50b2080 Unloading class 0x0000000801750400 'java/lang/invoke/LambdaForm$DMH+0x0000000801750400'
Event: 163.203 Thread 0x00000216c50b2080 Unloading class 0x0000000801750c00 'java/lang/invoke/LambdaForm$DMH+0x0000000801750c00'
Event: 199.216 Thread 0x00000216c50b2080 Unloading class 0x0000000801890800 'java/lang/invoke/LambdaForm$DMH+0x0000000801890800'
Event: 199.216 Thread 0x00000216c50b2080 Unloading class 0x0000000801890400 'java/lang/invoke/LambdaForm$DMH+0x0000000801890400'

Classes redefined (0 events):
No events

Internal exceptions (20 events):
Event: 172.491 Thread 0x0000021685be8e80 Implicit null exception at 0x00000216dc77d13f to 0x00000216dc7813d8
Event: 173.214 Thread 0x0000021685be87f0 Implicit null exception at 0x00000216dc65e938 to 0x00000216dc660a34
Event: 173.562 Thread 0x0000021685be87f0 Implicit null exception at 0x00000216dc7dca1b to 0x00000216dc7e0fc8
Event: 178.812 Thread 0x0000021685be8e80 Implicit null exception at 0x00000216dc5f2b50 to 0x00000216dc5f55b7
Event: 179.974 Thread 0x0000021685be8160 Implicit null exception at 0x00000216dacd9238 to 0x00000216dacd9424
Event: 181.631 Thread 0x0000021685be5a00 Implicit null exception at 0x00000216dc890cda to 0x00000216dc891f94
Event: 189.292 Thread 0x0000021685be3930 Exception <a 'java/lang/NoSuchMethodError'{0x000000074ba65910}: 'java.lang.Object java.lang.invoke.DirectMethodHandle$Holder.invokeStatic(java.lang.Object, java.lang.Object, java.lang.Object, int, java.lang.Object, java.lang.Object)'> (0x000000074ba65910) 
thrown [s\src\hotspot\share\interpreter\linkResolver.cpp, line 784]
Event: 190.241 Thread 0x0000021685be5a00 Exception <a 'java/lang/NoSuchMethodError'{0x0000000743f4fd10}: 'int java.lang.invoke.DirectMethodHandle$Holder.invokeInterface(java.lang.Object, java.lang.Object, int)'> (0x0000000743f4fd10) 
thrown [s\src\hotspot\share\interpreter\linkResolver.cpp, line 784]
Event: 190.258 Thread 0x0000021685be87f0 Exception <a 'java/lang/NoSuchMethodError'{0x00000007437abf50}: 'void java.lang.invoke.DirectMethodHandle$Holder.invokeStatic(java.lang.Object, int, java.lang.Object, java.lang.Object, java.lang.Object, int, java.lang.Object)'> (0x00000007437abf50) 
thrown [s\src\hotspot\share\interpreter\linkResolver.cpp, line 784]
Event: 190.258 Thread 0x0000021685be8e80 Exception <a 'java/lang/NoSuchMethodError'{0x0000000743c54818}: 'void java.lang.invoke.DirectMethodHandle$Holder.invokeStatic(java.lang.Object, int, java.lang.Object, java.lang.Object, java.lang.Object, int, java.lang.Object)'> (0x0000000743c54818) 
thrown [s\src\hotspot\share\interpreter\linkResolver.cpp, line 784]
Event: 190.258 Thread 0x0000021685be8160 Exception <a 'java/lang/NoSuchMethodError'{0x0000000743e7e970}: 'void java.lang.invoke.DirectMethodHandle$Holder.invokeStatic(java.lang.Object, int, java.lang.Object, java.lang.Object, java.lang.Object, int, java.lang.Object)'> (0x0000000743e7e970) 
thrown [s\src\hotspot\share\interpreter\linkResolver.cpp, line 784]
Event: 191.538 Thread 0x0000021685be3930 Exception <a 'java/lang/NoSuchMethodError'{0x0000000770f68ce0}: 'void java.lang.invoke.DirectMethodHandle$Holder.invokeSpecial(java.lang.Object, java.lang.Object, java.lang.Object, java.lang.Object, int)'> (0x0000000770f68ce0) 
thrown [s\src\hotspot\share\interpreter\linkResolver.cpp, line 784]
Event: 191.657 Thread 0x0000021685be87f0 Implicit null exception at 0x00000216dbdaabbd to 0x00000216dbdaaf48
Event: 191.657 Thread 0x0000021685be87f0 Implicit null exception at 0x00000216dba52c7d to 0x00000216dba52f28
Event: 191.659 Thread 0x0000021685be8160 Implicit null exception at 0x00000216db0b63fd to 0x00000216db0b6574
Event: 191.938 Thread 0x0000021685be3930 Exception <a 'java/lang/NoSuchMethodError'{0x0000000765a81908}: 'java.lang.Object java.lang.invoke.DirectMethodHandle$Holder.invokeStaticInit(java.lang.Object, java.lang.Object, java.lang.Object, java.lang.Object, java.lang.Object)'> (0x0000000765a81908) 
thrown [s\src\hotspot\share\interpreter\linkResolver.cpp, line 784]
Event: 192.324 Thread 0x0000021685be87f0 Exception <a 'java/lang/NoSuchMethodError'{0x000000075eec1e10}: 'java.lang.Object java.lang.invoke.DirectMethodHandle$Holder.invokeVirtual(java.lang.Object, java.lang.Object, int, java.lang.Object)'> (0x000000075eec1e10) 
thrown [s\src\hotspot\share\interpreter\linkResolver.cpp, line 784]
Event: 192.324 Thread 0x0000021685be8160 Exception <a 'java/lang/NoSuchMethodError'{0x000000075ed86ca0}: 'java.lang.Object java.lang.invoke.DirectMethodHandle$Holder.invokeVirtual(java.lang.Object, java.lang.Object, int, java.lang.Object)'> (0x000000075ed86ca0) 
thrown [s\src\hotspot\share\interpreter\linkResolver.cpp, line 784]
Event: 194.044 Thread 0x0000021685be87f0 Implicit null exception at 0x00000216dc00ed31 to 0x00000216dc010774
Event: 194.447 Thread 0x0000021685be87f0 Exception <a 'java/lang/IncompatibleClassChangeError'{0x0000000741bb9500}: Found class java.lang.Object, but interface was expected> (0x0000000741bb9500) 
thrown [s\src\hotspot\share\interpreter\linkResolver.cpp, line 851]

ZGC Phase Switch (0 events):
No events

VM Operations (20 events):
Event: 192.623 Executing VM operation: ICBufferFull done
Event: 193.633 Executing VM operation: Cleanup
Event: 193.634 Executing VM operation: Cleanup done
Event: 194.009 Executing VM operation: HandshakeAllThreads (Deoptimize)
Event: 194.010 Executing VM operation: HandshakeAllThreads (Deoptimize) done
Event: 194.125 Executing VM operation: ICBufferFull
Event: 194.125 Executing VM operation: ICBufferFull done
Event: 194.646 Executing VM operation: G1CollectForAllocation (G1 Evacuation Pause)
Event: 194.913 Executing VM operation: G1CollectForAllocation (G1 Evacuation Pause) done
Event: 195.740 Executing VM operation: ICBufferFull
Event: 195.741 Executing VM operation: ICBufferFull done
Event: 196.581 Executing VM operation: ICBufferFull
Event: 196.582 Executing VM operation: ICBufferFull done
Event: 196.768 Executing VM operation: G1CollectForAllocation (G1 Evacuation Pause)
Event: 196.877 Executing VM operation: G1CollectForAllocation (G1 Evacuation Pause) done
Event: 197.882 Executing VM operation: Cleanup
Event: 197.899 Executing VM operation: Cleanup done
Event: 198.911 Executing VM operation: Cleanup
Event: 198.927 Executing VM operation: Cleanup done
Event: 199.213 Executing VM operation: G1PauseRemark

Memory protections (0 events):
No events

Nmethod flushes (20 events):
Event: 177.742 Thread 0x00000216c50b2080 flushing  nmethod 0x00000216cdee2b90
Event: 177.742 Thread 0x00000216c50b2080 flushing  nmethod 0x00000216cdf5f110
Event: 177.742 Thread 0x00000216c50b2080 flushing  nmethod 0x00000216cdf86d90
Event: 200.011 Thread 0x00000216c50b2080 flushing  nmethod 0x00000216db4d2890
Event: 200.013 Thread 0x00000216c50b2080 flushing  nmethod 0x00000216db712210
Event: 200.013 Thread 0x00000216c50b2080 flushing  nmethod 0x00000216db79d210
Event: 200.013 Thread 0x00000216c50b2080 flushing  nmethod 0x00000216db79d610
Event: 200.014 Thread 0x00000216c50b2080 flushing  nmethod 0x00000216db7c7f10
Event: 200.014 Thread 0x00000216c50b2080 flushing  nmethod 0x00000216db7de110
Event: 200.014 Thread 0x00000216c50b2080 flushing  nmethod 0x00000216dba62390
Event: 200.014 Thread 0x00000216c50b2080 flushing  nmethod 0x00000216dbc96110
Event: 200.014 Thread 0x00000216c50b2080 flushing  nmethod 0x00000216dbdb1810
Event: 200.176 Thread 0x00000216c50b2080 flushing  nmethod 0x00000216dbfed810
Event: 200.176 Thread 0x00000216c50b2080 flushing  nmethod 0x00000216dbfef910
Event: 200.176 Thread 0x00000216c50b2080 flushing  nmethod 0x00000216dc006310
Event: 200.176 Thread 0x00000216c50b2080 flushing  nmethod 0x00000216dc0c2190
Event: 200.176 Thread 0x00000216c50b2080 flushing  nmethod 0x00000216dc0cc290
Event: 200.177 Thread 0x00000216c50b2080 flushing  nmethod 0x00000216dc0d0410
Event: 200.177 Thread 0x00000216c50b2080 flushing  nmethod 0x00000216dc322210
Event: 200.177 Thread 0x00000216c50b2080 flushing  nmethod 0x00000216dc322690

Events (20 events):
Event: 131.017 Thread 0x0000021684774e30 Thread exited: 0x0000021684774e30
Event: 134.274 Thread 0x00000216f2620280 Thread added: 0x0000021684774760
Event: 134.484 Thread 0x0000021684774760 Thread exited: 0x0000021684774760
Event: 134.614 Thread 0x00000216f261c6d0 Thread added: 0x0000021684774e30
Event: 134.754 Thread 0x0000021684774e30 Thread exited: 0x0000021684774e30
Event: 135.005 Thread 0x00000216f261c6d0 Thread added: 0x0000021684777710
Event: 135.476 Thread 0x0000021684777710 Thread exited: 0x0000021684777710
Event: 135.713 Thread 0x00000216f2620280 Thread added: 0x0000021684774e30
Event: 136.200 Thread 0x0000021684774e30 Thread exited: 0x0000021684774e30
Event: 136.262 Thread 0x00000216f2620280 Thread added: 0x0000021684774760
Event: 138.460 Thread 0x0000021684774760 Thread exited: 0x0000021684774760
Event: 138.956 Thread 0x00000216f2620280 Thread added: 0x0000021684774760
Event: 139.322 Thread 0x00000216f261c6d0 Thread added: 0x0000021684778b80
Event: 141.007 Thread 0x0000021684778b80 Thread exited: 0x0000021684778b80
Event: 141.031 Thread 0x0000021684774760 Thread exited: 0x0000021684774760
Event: 141.050 Thread 0x00000216f2620280 Thread added: 0x0000021684774760
Event: 141.050 Thread 0x00000216f2620280 Thread added: 0x0000021684778b80
Event: 155.320 Thread 0x0000021684778b80 Thread exited: 0x0000021684778b80
Event: 164.810 Thread 0x00000216f2620280 Thread added: 0x00000216fec3a9e0
Event: 194.013 Thread 0x00000216fec3a9e0 Thread exited: 0x00000216fec3a9e0


Dynamic libraries:
0x00007ff6dfd80000 - 0x00007ff6dfd8a000 	C:\Program Files\Android\Android Studio\jbr\bin\java.exe
0x00007ffcfd840000 - 0x00007ffcfdaa7000 	C:\WINDOWS\SYSTEM32\ntdll.dll
0x00007ffcfc190000 - 0x00007ffcfc259000 	C:\WINDOWS\System32\KERNEL32.DLL
0x00007ffcfa7d0000 - 0x00007ffcfabc7000 	C:\WINDOWS\System32\KERNELBASE.dll
0x00007ffcfac00000 - 0x00007ffcfad4b000 	C:\WINDOWS\System32\ucrtbase.dll
0x00007ffcdc8c0000 - 0x00007ffcdc8d8000 	C:\Program Files\Android\Android Studio\jbr\bin\jli.dll
0x00007ffcd6790000 - 0x00007ffcd67ab000 	C:\Program Files\Android\Android Studio\jbr\bin\VCRUNTIME140.dll
0x00007ffcfb6a0000 - 0x00007ffcfb866000 	C:\WINDOWS\System32\USER32.dll
0x00007ffcfabd0000 - 0x00007ffcfabf7000 	C:\WINDOWS\System32\win32u.dll
0x00007ffcf9470000 - 0x00007ffcf9702000 	C:\WINDOWS\WinSxS\amd64_microsoft.windows.common-controls_6595b64144ccf1df_6.0.26100.8328_none_3e08182ce334b678\COMCTL32.dll
0x00007ffcfc000000 - 0x00007ffcfc02b000 	C:\WINDOWS\System32\GDI32.dll
0x00007ffcfbde0000 - 0x00007ffcfbe89000 	C:\WINDOWS\System32\msvcrt.dll
0x00007ffcfa3e0000 - 0x00007ffcfa50c000 	C:\WINDOWS\System32\gdi32full.dll
0x00007ffcfa330000 - 0x00007ffcfa3d3000 	C:\WINDOWS\System32\msvcp_win.dll
0x00007ffcfb870000 - 0x00007ffcfb8a2000 	C:\WINDOWS\System32\IMM32.DLL
0x00007ffce3d70000 - 0x00007ffce3d7c000 	C:\Program Files\Android\Android Studio\jbr\bin\vcruntime140_1.dll
0x00007ffcd18d0000 - 0x00007ffcd195d000 	C:\Program Files\Android\Android Studio\jbr\bin\msvcp140.dll
0x00007ffc4be60000 - 0x00007ffc4caf6000 	C:\Program Files\Android\Android Studio\jbr\bin\server\jvm.dll
0x00007ffcfb5c0000 - 0x00007ffcfb676000 	C:\WINDOWS\System32\ADVAPI32.dll
0x00007ffcfbf50000 - 0x00007ffcfbff7000 	C:\WINDOWS\System32\sechost.dll
0x00007ffcfba20000 - 0x00007ffcfbb38000 	C:\WINDOWS\System32\RPCRT4.dll
0x00007ffcfd020000 - 0x00007ffcfd0a0000 	C:\WINDOWS\System32\WS2_32.dll
0x00007ffcfa0d0000 - 0x00007ffcfa12e000 	C:\WINDOWS\SYSTEM32\POWRPROF.dll
0x00007ffcf1910000 - 0x00007ffcf1946000 	C:\WINDOWS\SYSTEM32\WINMM.dll
0x00007ffcec260000 - 0x00007ffcec26b000 	C:\WINDOWS\SYSTEM32\VERSION.dll
0x00007ffcfa0b0000 - 0x00007ffcfa0c4000 	C:\WINDOWS\SYSTEM32\UMPDC.dll
0x00007ffcf86d0000 - 0x00007ffcf86eb000 	C:\WINDOWS\SYSTEM32\kernel.appcore.dll
0x00007ffcd7430000 - 0x00007ffcd743a000 	C:\Program Files\Android\Android Studio\jbr\bin\jimage.dll
0x00007ffcf9a20000 - 0x00007ffcf9c62000 	C:\WINDOWS\SYSTEM32\DBGHELP.DLL
0x00007ffcfcb60000 - 0x00007ffcfcee3000 	C:\WINDOWS\System32\combase.dll
0x00007ffcfb940000 - 0x00007ffcfba19000 	C:\WINDOWS\System32\OLEAUT32.dll
0x00007ffcf9910000 - 0x00007ffcf994b000 	C:\WINDOWS\SYSTEM32\dbgcore.DLL
0x00007ffcfa720000 - 0x00007ffcfa7c8000 	C:\WINDOWS\System32\bcryptPrimitives.dll
0x00007ffcd2b30000 - 0x00007ffcd2b3e000 	C:\Program Files\Android\Android Studio\jbr\bin\instrument.dll
0x00007ffcd6770000 - 0x00007ffcd6790000 	C:\Program Files\Android\Android Studio\jbr\bin\java.dll
0x00007ffcd6460000 - 0x00007ffcd6478000 	C:\Program Files\Android\Android Studio\jbr\bin\zip.dll
0x00007ffcfc3e0000 - 0x00007ffcfcb4e000 	C:\WINDOWS\System32\SHELL32.dll
0x00007ffcfad50000 - 0x00007ffcfb5bc000 	C:\WINDOWS\System32\windows.storage.dll
0x00007ffcfcf10000 - 0x00007ffcfd006000 	C:\WINDOWS\System32\SHCORE.dll
0x00007ffcfbbd0000 - 0x00007ffcfbc36000 	C:\WINDOWS\System32\shlwapi.dll
0x00007ffcfa190000 - 0x00007ffcfa1b9000 	C:\WINDOWS\SYSTEM32\profapi.dll
0x00007ffcd5820000 - 0x00007ffcd5830000 	C:\Program Files\Android\Android Studio\jbr\bin\net.dll
0x00007ffcec480000 - 0x00007ffcec5a9000 	C:\WINDOWS\SYSTEM32\WINHTTP.dll
0x00007ffcf8c00000 - 0x00007ffcf8c6c000 	C:\WINDOWS\system32\mswsock.dll
0x00007ffcd41a0000 - 0x00007ffcd41b6000 	C:\Program Files\Android\Android Studio\jbr\bin\nio.dll
0x00007ffcd5420000 - 0x00007ffcd5430000 	C:\Program Files\Android\Android Studio\jbr\bin\verify.dll
0x00007ffcd27a0000 - 0x00007ffcd27c7000 	C:\Users\kiran\.gradle\native\c067742578af261105cb4f569cf0c3c89f3d7b1fecec35dd04571415982c5e48\windows-amd64\native-platform.dll
0x00007ffc83190000 - 0x00007ffc832d4000 	C:\Users\kiran\.gradle\native\100fb08df4bc3b14c8652ba06237920a3bd2aa13389f12d3474272988ae205f9\windows-amd64\native-platform-file-events.dll
0x00007ffcd4190000 - 0x00007ffcd4199000 	C:\Program Files\Android\Android Studio\jbr\bin\management.dll
0x00007ffcd4180000 - 0x00007ffcd418b000 	C:\Program Files\Android\Android Studio\jbr\bin\management_ext.dll
0x00007ffcfd010000 - 0x00007ffcfd018000 	C:\WINDOWS\System32\PSAPI.DLL
0x00007ffcf9d90000 - 0x00007ffcf9dab000 	C:\WINDOWS\SYSTEM32\CRYPTSP.dll
0x00007ffcf8f50000 - 0x00007ffcf8f89000 	C:\WINDOWS\system32\rsaenh.dll
0x00007ffcf8cb0000 - 0x00007ffcf8ce3000 	C:\WINDOWS\SYSTEM32\USERENV.dll
0x00007ffcfa160000 - 0x00007ffcfa18a000 	C:\WINDOWS\SYSTEM32\bcrypt.dll
0x00007ffcf9220000 - 0x00007ffcf922c000 	C:\WINDOWS\SYSTEM32\CRYPTBASE.dll
0x00007ffcf8270000 - 0x00007ffcf82a2000 	C:\WINDOWS\SYSTEM32\IPHLPAPI.DLL
0x00007ffcfcf00000 - 0x00007ffcfcf0a000 	C:\WINDOWS\System32\NSI.dll
0x00007ffcd2b20000 - 0x00007ffcd2b29000 	C:\Program Files\Android\Android Studio\jbr\bin\extnet.dll
0x00007ffcc95d0000 - 0x00007ffcc95d8000 	C:\WINDOWS\system32\wshunix.dll
0x00007ffc7ed20000 - 0x00007ffc7ed38000 	C:\WINDOWS\system32\napinsp.dll
0x00007ffcf82b0000 - 0x00007ffcf83e2000 	C:\WINDOWS\SYSTEM32\DNSAPI.dll
0x00007ffc7ed00000 - 0x00007ffc7ed13000 	C:\WINDOWS\System32\winrnr.dll
0x00007ffc7ecd0000 - 0x00007ffc7ecf2000 	C:\WINDOWS\system32\nlansp_c.dll
0x00007ffcc2d40000 - 0x00007ffcc2d56000 	C:\WINDOWS\system32\wshbth.dll
0x00007ffcf1700000 - 0x00007ffcf170b000 	C:\Windows\System32\rasadhlp.dll
0x00007ffcf4450000 - 0x00007ffcf44d6000 	C:\WINDOWS\System32\fwpuclnt.dll

JVMTI agents:
C:\Users\kiran\.gradle\wrapper\dists\gradle-8.9-bin\90cnw93cvbtalezasaz0blq0a\gradle-8.9\lib\agents\gradle-instrumentation-agent-8.9.jar path:C:\Program Files\Android\Android Studio\jbr\bin\instrument.dll, loaded, initialized, instrumentlib options:none

dbghelp: loaded successfully - version: 4.0.5 - missing functions: none
symbol engine: initialized successfully - sym options: 0x614 - pdb path: .;C:\Program Files\Android\Android Studio\jbr\bin;C:\WINDOWS\SYSTEM32;C:\WINDOWS\WinSxS\amd64_microsoft.windows.common-controls_6595b64144ccf1df_6.0.26100.8328_none_3e08182ce334b678;C:\Program Files\Android\Android Studio\jbr\bin\server;C:\Users\kiran\.gradle\native\c067742578af261105cb4f569cf0c3c89f3d7b1fecec35dd04571415982c5e48\windows-amd64;C:\Users\kiran\.gradle\native\100fb08df4bc3b14c8652ba06237920a3bd2aa13389f12d3474272988ae205f9\windows-amd64

VM Arguments:
jvm_args: -XX:MaxMetaspaceSize=1024m -XX:+UseG1GC -XX:ReservedCodeCacheSize=512m --add-opens=java.base/java.util=ALL-UNNAMED --add-opens=java.base/java.lang=ALL-UNNAMED --add-opens=java.base/java.lang.invoke=ALL-UNNAMED --add-opens=java.prefs/java.util.prefs=ALL-UNNAMED --add-exports=jdk.compiler/com.sun.tools.javac.api=ALL-UNNAMED --add-exports=jdk.compiler/com.sun.tools.javac.util=ALL-UNNAMED --add-opens=java.base/java.nio.charset=ALL-UNNAMED --add-opens=java.base/java.net=ALL-UNNAMED --add-opens=java.base/java.util.concurrent.atomic=ALL-UNNAMED -Xmx4096m -Dfile.encoding=UTF-8 -Duser.country=IN -Duser.language=en -Duser.variant -javaagent:C:\Users\kiran\.gradle\wrapper\dists\gradle-8.9-bin\90cnw93cvbtalezasaz0blq0a\gradle-8.9\lib\agents\gradle-instrumentation-agent-8.9.jar 
java_command: org.gradle.launcher.daemon.bootstrap.GradleDaemon 8.9
java_class_path (initial): C:\Users\kiran\.gradle\wrapper\dists\gradle-8.9-bin\90cnw93cvbtalezasaz0blq0a\gradle-8.9\lib\gradle-daemon-main-8.9.jar
Launcher Type: SUN_STANDARD

[Global flags]
     intx CICompilerCount                          = 4                                         {product} {ergonomic}
   size_t CompressedClassSpaceSize                 = 872415232                                 {product} {ergonomic}
     uint ConcGCThreads                            = 2                                         {product} {ergonomic}
     uint G1ConcRefinementThreads                  = 8                                         {product} {ergonomic}
   size_t G1HeapRegionSize                         = 2097152                                   {product} {ergonomic}
    uintx GCDrainStackTargetSize                   = 64                                        {product} {ergonomic}
   size_t InitialHeapSize                          = 130023424                                 {product} {ergonomic}
   size_t MarkStackSize                            = 4194304                                   {product} {ergonomic}
   size_t MaxHeapSize                              = 4294967296                                {product} {command line}
   size_t MaxMetaspaceSize                         = 1073741824                                {product} {command line}
   size_t MaxNewSize                               = 2575302656                                {product} {ergonomic}
   size_t MinHeapDeltaBytes                        = 2097152                                   {product} {ergonomic}
   size_t MinHeapSize                              = 8388608                                   {product} {ergonomic}
    uintx NonNMethodCodeHeapSize                   = 5839372                                {pd product} {ergonomic}
    uintx NonProfiledCodeHeapSize                  = 265515770                              {pd product} {ergonomic}
    uintx ProfiledCodeHeapSize                     = 265515770                              {pd product} {ergonomic}
    uintx ReservedCodeCacheSize                    = 536870912                              {pd product} {command line}
     bool SegmentedCodeCache                       = true                                      {product} {ergonomic}
   size_t SoftMaxHeapSize                          = 4294967296                             {manageable} {ergonomic}
     bool UseCompressedOops                        = true                           {product lp64_product} {ergonomic}
     bool UseG1GC                                  = true                                      {product} {command line}
     bool UseLargePagesIndividualAllocation        = false                                  {pd product} {ergonomic}

Logging:
Log output configuration:
 #0: stdout all=warning uptime,level,tags foldmultilines=false
 #1: stderr all=off uptime,level,tags foldmultilines=false

Environment Variables:
JAVA_HOME=C:\Program Files\Android\Android Studio\jbr
CLASSPATH=C:\Users\kiran\Downloads\jago-Updates-23-04-jago\jago-Updates-23-04-jago\jago_app-main\flutter_apps\customer_app\android\\gradle\wrapper\gradle-wrapper.jar
PATH=C:\Program Files\Android\Android Studio\jbr\bin;C:\Users\kiran\.codex\tmp\arg0\codex-arg0KI1yAE;C:\Users\kiran\AppData\Local\Programs\Microsoft VS Code;C:\WINDOWS\system32;C:\WINDOWS;C:\WINDOWS\System32\Wbem;C:\WINDOWS\System32\WindowsPowerShell\v1.0\;C:\WINDOWS\System32\OpenSSH\;C:\Program Files\dotnet\;C:\xampp\php;C:\ProgramData\ComposerSetup\bin;C:\Program Files\PuTTY\;C:\Program Files\Git\cmd;C:\Program Files\GitHub CLI\;C:\flutter\bin;C:\Program Files\k6\;C:\Program Files (x86)\cloudflared\;C:\Users\kiran\AppData\Local\Programs\Eclipse Adoptium\jdk-17.0.18.8-hotspot\bin;C:\Users\kiran\.local\bin;C:\Users\kiran\AppData\Local\Microsoft\WindowsApps;C:\Users\kiran\AppData\Roaming\Composer\vendor\bin;C:\Users\kiran\AppData\Local\Programs\Ollama;C:\Users\kiran\AppData\Local\GitHubDesktop\bin;C:\Users\kiran\AppData\Local\Programs\Antigravity\bin;C:\Users\kiran\AppData\Local\Programs\Microsoft VS Code\bin;C:\Users\kiran\AppData\Local\Microsoft\WinGet\Packages\Anthropic.ClaudeCode_Microsoft.Winget.Source_8wekyb3d8bbwe;C:\Users\kiran\AppData\Local\Programs\cursor\resources\app\bin;C:\Users\kiran\AppData\Local\Microsoft\WinGet\Packages\OpenJS.NodeJS.LTS_Microsoft.Winget.Source_8wekyb3d8bbwe\node-v24.14.0-win-x64;C:\Users\kiran\AppData\Local\Microsoft\WinGet\Packages\DigitalOcean.Doctl_Microsoft.Winget.Source_8wekyb3d8bbwe;C:\Users\kiran\AppData\Local\Microsoft\WinGet\Packages\Gyan.FFmpeg_Microsoft.Winget.Source_8wekyb3d8bbwe\ffmpeg-8.1-full_build\bin;;c:\Users\kiran\.vscode\extensions\openai.chatgpt-26.506.31421-win32-x64\bin\windows-x86_64;C:\flutter\bin\mingit\cmd
USERNAME=kiran
OS=Windows_NT
PROCESSOR_IDENTIFIER=Intel64 Family 6 Model 140 Stepping 2, GenuineIntel
TMP=C:\Users\kiran\AppData\Local\Temp
TEMP=C:\Users\kiran\AppData\Local\Temp




Periodic native trim disabled

JNI global refs:
JNI global refs: 29, weak refs: 113

JNI global refs memory usage: 835, weak refs: 1465

Process memory usage:
Resident Set Size: 1701380K (20% of 8121124K total physical memory with 92624K free physical memory)

OOME stack traces (most recent first):
Classloader memory used:
Loader org.gradle.internal.classloader.VisitableURLClassLoader$InstrumentingVisitableURLClassLoader: 80827K
Loader org.gradle.internal.classloader.VisitableURLClassLoader                         : 46298K
Loader bootstrap                                                                       : 31307K
Loader org.gradle.initialization.MixInLegacyTypesClassLoader                           : 14143K
Loader org.gradle.groovy.scripts.internal.DefaultScriptCompilationHandler$ScriptClassLoader: 2636K
Loader jdk.internal.loader.ClassLoaders$PlatformClassLoader                            : 530K
Loader jdk.internal.reflect.DelegatingClassLoader                                      : 278K
Loader jdk.internal.loader.ClassLoaders$AppClassLoader                                 : 230K
Loader org.gradle.internal.classloader.VisitableURLClassLoader                         : 102K
Loader org.codehaus.groovy.runtime.callsite.CallSiteClassLoader                        : 101K
Loader sun.reflect.misc.MethodUtil                                                     : 2984B

Classes loaded by more than one classloader:
Class Program                                                                         : loaded 5 times (x 72B)
Class org.jetbrains.kotlin.compilerRunner.CompilerSystemPropertiesService$Companion   : loaded 2 times (x 71B)
Class org.jetbrains.kotlin.gradle.utils.Completable$await$1                           : loaded 2 times (x 88B)
Class org.jetbrains.kotlin.gradle.plugin.KotlinGradleBuildServices$Inject             : loaded 2 times (x 100B)
Class com.google.common.base.PairwiseEquivalence                                      : loaded 2 times (x 83B)
Class com.google.common.base.Equivalence$Identity                                     : loaded 2 times (x 82B)
Class com.google.common.collect.RegularImmutableMap$KeySet                            : loaded 2 times (x 150B)
Class org.gradle.internal.classloader.FilteringClassLoader                            : loaded 2 times (x 105B)
Class com.google.common.io.FileWriteMode                                              : loaded 2 times (x 79B)
Class com.google.common.collect.SortedSetMultimap                                     : loaded 2 times (x 70B)
Class org.jetbrains.kotlin.gradle.plugin.mpp.KotlinVariantWithCoordinates             : loaded 2 times (x 108B)
Class org.jetbrains.kotlin.gradle.internal.KotlinDomApiDependencyManagementKt         : loaded 2 times (x 71B)
Class org.jetbrains.kotlin.gradle.plugin.KotlinPluginLifecycleImpl$launch$coroutine$1 : loaded 2 times (x 76B)
Class org.jetbrains.kotlin.gradle.targets.js.npm.NpmDependencyExtensionKt$defaultNpmDependencyDelegate$1: loaded 2 times (x 167B)
Class org.jetbrains.kotlin.gradle.plugin.diagnostics.checkers.MissingNativeStdlibChecker: loaded 2 times (x 74B)
Class org.jetbrains.kotlin.gradle.plugin.KotlinPlatformType$DisambiguationRule        : loaded 2 times (x 76B)
Class org.jetbrains.kotlin.gradle.plugin.KotlinPlatformType$Companion                 : loaded 2 times (x 71B)
Class org.jetbrains.kotlin.gradle.plugin.internal.ConfigurationCacheStartParameterAccessorKt: loaded 2 times (x 71B)
Class [Lcom.google.common.base.AbstractIterator$State;                                : loaded 2 times (x 69B)
Class com.google.common.base.CharMatcher$IsEither                                     : loaded 2 times (x 111B)
Class org.gradle.internal.classloader.ClassLoaderHierarchy                            : loaded 2 times (x 70B)
Class build_7pmvorfh50k4gqxfdnp95v1li                                                 : loaded 2 times (x 181B)
Class build_3bwuobcoub7k7uod6hivxolop                                                 : loaded 2 times (x 180B)
Class com.google.common.collect.AbstractMapBasedMultimap$WrappedCollection            : loaded 2 times (x 124B)
Class org.jetbrains.kotlin.gradle.plugin.hierarchy.KotlinSourceSetTreeClassifierKt    : loaded 2 times (x 71B)
Class org.jetbrains.kotlin.gradle.report.UsesBuildMetricsService                      : loaded 2 times (x 70B)
Class org.jetbrains.kotlin.gradle.plugin.mpp.compilationImpl.factory.KotlinCompilationImplFactory$KotlinCompilationSourceSetsContainerFactory: loaded 2 times (x 70B)
Class org.jetbrains.kotlin.gradle.utils.MutableObservableSet                          : loaded 2 times (x 70B)
Class org.jetbrains.kotlin.gradle.dsl.KotlinHierarchyDsl                              : loaded 2 times (x 70B)
Class org.jetbrains.kotlin.gradle.targets.metadata.KotlinMetadataTargetConfiguratorKt$isNativeSourceSet$2: loaded 2 times (x 95B)
Class org.jetbrains.kotlin.gradle.report.BuildReportType                              : loaded 2 times (x 79B)
Class org.jetbrains.kotlin.statistics.metrics.StringAnonymizationPolicy$AllowedListAnonymizer: loaded 2 times (x 79B)
Class com.google.common.collect.ImmutableEnumSet                                      : loaded 2 times (x 146B)
Class com.google.common.util.concurrent.ExecutionError                                : loaded 2 times (x 82B)
Class com.google.common.collect.ImmutableList$1                                       : loaded 2 times (x 97B)
Class org.gradle.api.internal.classpath.ManifestUtil                                  : loaded 2 times (x 71B)
Class build_2u87o7j9odfzsrbg95b26qnzy                                                 : loaded 2 times (x 181B)
Class org.jetbrains.kotlin.gradle.tasks.KotlinCompile$androidLayoutResources$1        : loaded 2 times (x 74B)
Class org.jetbrains.kotlin.gradle.report.GradleBuildMetricsReporter                   : loaded 2 times (x 98B)
Class org.jetbrains.kotlin.gradle.utils.FutureKt$future$1                             : loaded 2 times (x 95B)
Class org.jetbrains.kotlin.gradle.plugin.mpp.KotlinMetadataCompilation                : loaded 2 times (x 70B)
Class org.jetbrains.kotlin.gradle.plugin.sources.KotlinDependencyScope                : loaded 2 times (x 79B)
Class org.jetbrains.kotlin.gradle.tasks.configuration.AbstractKotlinCompileConfig$1   : loaded 2 times (x 79B)
Class org.jetbrains.kotlin.gradle.plugin.mpp.compilationImpl.KotlinCompilationFriendPathsResolver: loaded 2 times (x 70B)
Class org.jetbrains.kotlin.gradle.plugin.mpp.KotlinUsages$KotlinMetadataDisambiguation: loaded 2 times (x 76B)
Class com.google.common.collect.RegularImmutableMap                                   : loaded 2 times (x 121B)
Class com.google.common.collect.ImmutableMap$MapViewOfValuesAsSingletonSets           : loaded 2 times (x 125B)
Class org.jetbrains.kotlin.gradle.tasks.AbstractKotlinCompile$compilerRunner$1        : loaded 2 times (x 75B)
Class org.jetbrains.kotlin.gradle.tasks.CacheableTasksKt$cacheOnlyIfEnabledForKotlin$1: loaded 2 times (x 75B)
Class org.jetbrains.kotlin.gradle.tasks.configuration.AbstractKotlinCompileConfig$2   : loaded 2 times (x 79B)
Class org.jetbrains.kotlin.gradle.plugin.mpp.compilationImpl.factory.KotlinCompilationImplFactory$PreConfigure: loaded 2 times (x 70B)
Class org.jetbrains.kotlin.gradle.targets.js.dsl.KotlinJsTargetDsl                    : loaded 2 times (x 70B)
Class org.jetbrains.kotlin.gradle.plugin.KotlinPluginLifecycleImplKt                  : loaded 2 times (x 71B)
Class org.jetbrains.kotlin.gradle.plugin.diagnostics.checkers.DeprecatedKotlinNativeTargetsChecker$runChecks$1: loaded 2 times (x 88B)
Class org.jetbrains.kotlin.gradle.plugin.KotlinPluginLifecycleImpl$WhenMappings       : loaded 2 times (x 71B)
Class org.jetbrains.kotlin.gradle.dsl.KotlinCommonCompilerToolOptionsHelper           : loaded 2 times (x 71B)
Class org.jetbrains.kotlin.gradle.plugin.KotlinTargetComponent                        : loaded 2 times (x 70B)
Class org.jetbrains.kotlin.statistics.metrics.StringOverridePolicy$OVERRIDE_VERSION_IF_NOT_SET: loaded 2 times (x 85B)
Class org.jetbrains.kotlin.gradle.plugin.VariantImplementationFactories$Companion$getProvider$1: loaded 2 times (x 75B)
Class org.jetbrains.kotlin.gradle.dsl.KotlinProjectExtension                          : loaded 2 times (x 122B)
Class [Lorg.objectweb.asm.Symbol;                                                     : loaded 2 times (x 69B)
Class org.objectweb.asm.ClassVisitor                                                  : loaded 2 times (x 88B)
Class com.google.common.collect.UnmodifiableListIterator                              : loaded 2 times (x 95B)
Class build_b4tsnrvlwm0gyh5f01gpdibji$_run_closure1$_closure3                         : loaded 2 times (x 139B)
Class org.jetbrains.kotlin.gradle.plugin.KotlinPluginLifecycle$ProjectConfigurationResult$Failure: loaded 2 times (x 72B)
Class org.jetbrains.kotlin.gradle.plugin.sources.DefaultKotlinSourceSet$MetadataDependencyTransformation: loaded 2 times (x 72B)
Class org.jetbrains.kotlin.gradle.tasks.DefaultKotlinJavaToolchain$Companion          : loaded 2 times (x 71B)
Class org.jetbrains.kotlin.gradle.tasks.DefaultKotlinJavaToolchain                    : loaded 2 times (x 77B)
Class org.jetbrains.kotlin.gradle.plugin.KotlinGradleBuildServices                    : loaded 2 times (x 80B)
Class [Lorg.jetbrains.kotlin.statistics.ValueAnonymizer;                              : loaded 2 times (x 69B)
Class org.objectweb.asm.MethodTooLargeException                                       : loaded 2 times (x 83B)
Class [Lcom.google.common.cache.CacheBuilder$OneWeigher;                              : loaded 2 times (x 69B)
Class com.google.common.base.Suppliers                                                : loaded 2 times (x 71B)
Class com.google.common.base.Platform$JdkPatternCompiler                              : loaded 2 times (x 75B)
Class org.gradle.internal.classloader.DefaultClassLoaderFactory                       : loaded 2 times (x 82B)
Class build_ayioqhct8y2g31cpeme9ui4gi                                                 : loaded 2 times (x 180B)
Class com.google.common.collect.ReverseNaturalOrdering                                : loaded 2 times (x 114B)
Class org.jetbrains.kotlin.compilerRunner.CompilerSystemPropertiesService$Parameters_Decorated: loaded 2 times (x 134B)
Class org.jetbrains.kotlin.gradle.plugin.KotlinTargetWithTests                        : loaded 2 times (x 70B)
Class org.jetbrains.kotlin.gradle.plugin.diagnostics.ToolingDiagnosticRenderingOptions: loaded 2 times (x 72B)
Class [Lorg.jetbrains.kotlin.gradle.dsl.KotlinVersion;                                : loaded 2 times (x 69B)
Class org.jetbrains.kotlin.gradle.plugin.diagnostics.checkers.JsEnvironmentChecker    : loaded 2 times (x 76B)
Class org.jetbrains.kotlin.gradle.targets.js.npm.NpmDependencyExtensionKt             : loaded 2 times (x 71B)
Class org.jetbrains.kotlin.gradle.report.BuildMetricsService                          : loaded 2 times (x 86B)
Class org.jetbrains.kotlin.statistics.metrics.NumberAnonymizationPolicy               : loaded 2 times (x 85B)
Class org.jetbrains.kotlin.statistics.metrics.StringAnonymizationPolicy               : loaded 2 times (x 78B)
Class com.google.common.base.CharMatcher$None                                         : loaded 2 times (x 112B)
Class org.gradle.internal.classloader.ClassLoaderVisitor                              : loaded 2 times (x 76B)
Class build_5g9a8s43tgs3q7a5yo8v9t3kk$_run_closure1                                   : loaded 2 times (x 139B)
Class com.google.common.collect.Ordering                                              : loaded 2 times (x 114B)
Class org.jetbrains.kotlin.build.report.metrics.BuildPerformanceMetrics               : loaded 2 times (x 72B)
Class org.jetbrains.kotlin.gradle.plugin.mpp.compilationImpl.KotlinCompilationLanguageSettingsConfigurator: loaded 2 times (x 74B)
Class org.jetbrains.kotlin.gradle.plugin.KotlinPluginLifecycleKt$await$1              : loaded 2 times (x 88B)
Class [Lorg.jetbrains.kotlin.gradle.plugin.KotlinCompilation;                         : loaded 2 times (x 69B)
Class org.jetbrains.kotlin.gradle.plugin.mpp.KotlinTargetComponentWithPublication     : loaded 2 times (x 70B)
Class org.jetbrains.kotlin.gradle.dsl.KotlinTargetContainerWithJsPresetFunctions      : loaded 2 times (x 70B)
Class org.jetbrains.kotlin.gradle.report.ReportingSettings$Companion                  : loaded 2 times (x 71B)
Class org.jetbrains.kotlin.gradle.report.ConfigureReporingKt                          : loaded 2 times (x 71B)
Class org.jetbrains.kotlin.tooling.core.TypeUtils                                     : loaded 2 times (x 71B)
Class [Lcom.google.common.collect.ImmutableMapEntry;                                  : loaded 2 times (x 69B)
Class org.gradle.api.internal.classpath.EffectiveClassPath                            : loaded 2 times (x 90B)
Class org.jetbrains.kotlin.gradle.utils.CompatibilityKt                               : loaded 2 times (x 71B)
Class org.jetbrains.kotlin.gradle.plugin.mpp.compilationImpl.DefaultKotlinCompilationConfigurationsContainer: loaded 2 times (x 85B)
Class com.google.common.collect.ImmutableRangeSet                                     : loaded 2 times (x 115B)
Class org.jetbrains.kotlin.gradle.tasks.TasksProviderKt                               : loaded 2 times (x 71B)
Class org.jetbrains.kotlin.gradle.plugin.diagnostics.ToolingDiagnostic                : loaded 2 times (x 72B)
Class org.jetbrains.kotlin.gradle.plugin.sources.DefaultKotlinSourceSetFactory        : loaded 2 times (x 80B)
Class com.google.common.collect.ImmutableEnumMap                                      : loaded 2 times (x 125B)
Class com.google.common.collect.ListMultimap                                          : loaded 2 times (x 70B)
Class com.google.common.collect.ComparatorOrdering                                    : loaded 2 times (x 115B)
Class org.jetbrains.kotlin.incremental.ClasspathChanges                               : loaded 2 times (x 71B)
Class org.jetbrains.kotlin.buildtools.api.jvm.ClassSnapshotGranularity                : loaded 2 times (x 79B)
Class org.jetbrains.kotlin.gradle.ExternalKotlinTargetApi                             : loaded 2 times (x 70B)
Class com.google.common.collect.Iterators$EmptyModifiableIterator                     : loaded 2 times (x 86B)
Class org.jetbrains.kotlin.gradle.plugin.diagnostics.checkers.AndroidPluginWithoutAndroidTargetChecker$runChecks$1: loaded 2 times (x 88B)
Class org.jetbrains.kotlin.gradle.plugin.diagnostics.checkers.AndroidSourceSetLayoutV1SourceSetsNotFoundChecker$runChecks$1: loaded 2 times (x 88B)
Class org.jetbrains.kotlin.gradle.plugin.diagnostics.KotlinGradleProjectCheckersRunnerKt$launchKotlinGradleProjectCheckers$1$1: loaded 2 times (x 95B)
Class org.jetbrains.kotlin.statistics.metrics.BooleanAnonymizationPolicy              : loaded 2 times (x 85B)
Class org.jetbrains.kotlin.statistics.metrics.BooleanOverridePolicy$OVERRIDE          : loaded 2 times (x 85B)
Class org.jetbrains.kotlin.gradle.plugin.VariantImplementationFactoriesConfigurator$Companion$getProvider$1: loaded 2 times (x 74B)
Class com.google.common.collect.Sets$1                                                : loaded 2 times (x 139B)
Class org.objectweb.asm.AnnotationVisitor                                             : loaded 2 times (x 78B)
Class com.google.common.base.Splitter                                                 : loaded 2 times (x 72B)
Class org.gradle.api.internal.DefaultClassPathProvider                                : loaded 2 times (x 76B)
Class com.google.common.collect.Maps$ViewCachingAbstractMap                           : loaded 2 times (x 125B)
Class com.google.common.collect.NaturalOrdering                                       : loaded 2 times (x 115B)
Class org.jetbrains.kotlin.gradle.tasks.configuration.BaseKotlinCompileConfig$1$3$classpathEntrySnapshotFiles$1: loaded 2 times (x 74B)
Class org.jetbrains.kotlin.gradle.tasks.configuration.KaptGenerateStubsConfig$Companion$wireJavaAndKotlinOutputs$1: loaded 2 times (x 79B)
Class org.jetbrains.kotlin.gradle.plugin.KotlinPluginLifecycleCoroutineContextElement : loaded 2 times (x 84B)
Class org.jetbrains.kotlin.gradle.dsl.PlatformSourceSetConventionsChecker             : loaded 2 times (x 74B)
Class org.jetbrains.kotlin.gradle.plugin.diagnostics.checkers.KotlinSourceSetTreeDependsOnMismatchChecker: loaded 2 times (x 74B)
Class org.jetbrains.kotlin.statistics.metrics.NumericalMetrics                        : loaded 2 times (x 80B)
Class org.jetbrains.kotlin.gradle.plugin.VariantImplementationFactories$Companion$getProvider$2$1: loaded 2 times (x 79B)
Class com.google.common.collect.Sets$2                                                : loaded 2 times (x 139B)
Class [Lorg.gradle.api.internal.ClassPathProvider;                                    : loaded 2 times (x 69B)
Class org.gradle.api.internal.ClassPathProvider                                       : loaded 2 times (x 70B)
Class build_9441jjnsxxuccr2t0svmcpxuh                                                 : loaded 2 times (x 181B)
Class org.jetbrains.kotlin.gradle.plugin.diagnostics.CheckKotlinGradlePluginConfigurationErrors$Companion: loaded 2 times (x 71B)
Class org.jetbrains.kotlin.gradle.tasks.KotlinJvmCompile$DefaultImpls                 : loaded 2 times (x 71B)
Class org.jetbrains.kotlin.gradle.tasks.CacheableTasksKt                              : loaded 2 times (x 71B)
Class org.jetbrains.kotlin.gradle.plugin.diagnostics.checkers.UnusedSourceSetsChecker$runChecks$1: loaded 2 times (x 88B)
Class org.jetbrains.kotlin.gradle.targets.js.npm.PeerNpmDependencyExtension           : loaded 2 times (x 70B)
Class org.jetbrains.kotlin.gradle.dsl.AndroidMainSourceSetConventionsChecker          : loaded 2 times (x 74B)
Class org.jetbrains.kotlin.build.report.metrics.GradleBuildPerformanceMetric          : loaded 2 times (x 92B)
Class [Lorg.objectweb.asm.AnnotationVisitor;                                          : loaded 2 times (x 69B)
Class com.google.common.collect.Sets$3                                                : loaded 2 times (x 139B)
Class com.google.common.util.concurrent.AbstractFuture$SafeAtomicHelper               : loaded 2 times (x 79B)
Class com.google.common.cache.LocalCache$LocalLoadingCache                            : loaded 2 times (x 134B)
Class com.google.common.base.AbstractIterator$State                                   : loaded 2 times (x 79B)
Class org.gradle.internal.service.UnknownServiceException                             : loaded 2 times (x 83B)
Class org.jetbrains.kotlin.gradle.tasks.configuration.BaseKotlinCompileConfig$2$1$1$1 : loaded 2 times (x 74B)
Class org.jetbrains.kotlin.gradle.tasks.KotlinCompile$ScriptFilterSpec                : loaded 2 times (x 75B)
Class org.jetbrains.kotlin.gradle.targets.js.npm.DefaultPeerNpmDependencyExtension    : loaded 2 times (x 141B)
Class org.jetbrains.kotlin.gradle.plugin.KotlinPluginLifecycleKt                      : loaded 2 times (x 71B)
Class org.jetbrains.kotlin.gradle.plugin.mpp.AbstractKotlinTarget                     : loaded 2 times (x 156B)
Class org.jetbrains.kotlin.gradle.plugin.VariantImplementationFactoriesConfigurator$Inject: loaded 2 times (x 96B)
Class org.jetbrains.kotlin.gradle.dsl.KotlinSingleTargetExtension                     : loaded 2 times (x 124B)
Class com.google.common.collect.Sets$4                                                : loaded 2 times (x 139B)
Class org.objectweb.asm.ModuleVisitor                                                 : loaded 2 times (x 81B)
Class com.google.common.cache.LocalCache$Strength$1                                   : loaded 2 times (x 81B)
Class org.jetbrains.kotlin.gradle.tasks.configuration.BaseKotlinCompileConfig$2$1$1$2 : loaded 2 times (x 74B)
Class org.jetbrains.kotlin.gradle.plugin.mpp.KotlinCompilationsKt$addSourcesToKotlinCompileTask$configureAction$2: loaded 2 times (x 79B)
Class org.jetbrains.kotlin.gradle.plugin.mpp.compilationImpl.KotlinCompilationTaskNamesContainer: loaded 2 times (x 72B)
Class org.jetbrains.kotlin.gradle.plugin.mpp.compilationImpl.factory.KotlinCompilationImplFactory$KotlinCompilerOptionsFactory: loaded 2 times (x 70B)
Class org.jetbrains.kotlin.gradle.targets.js.npm.NpmDependencyExtension               : loaded 2 times (x 70B)
Class org.jetbrains.kotlin.gradle.plugin.LanguageSettingsBuilder                      : loaded 2 times (x 70B)
Class org.jetbrains.kotlin.gradle.plugin.BuildEventsListenerRegistryHolder$Companion  : loaded 2 times (x 71B)
Class [Lorg.jetbrains.kotlin.statistics.metrics.StringMetrics;                        : loaded 2 times (x 69B)
Class com.google.common.util.concurrent.SettableFuture                                : loaded 2 times (x 114B)
Class com.google.common.cache.LocalCache$Strength$2                                   : loaded 2 times (x 81B)
Class build_5g9a8s43tgs3q7a5yo8v9t3kk                                                 : loaded 2 times (x 180B)
Class build_17ueyoykc2pf06124y3fmo066$_run_closure1$_closure2                         : loaded 2 times (x 139B)
Class com.google.common.collect.TransformedIterator                                   : loaded 2 times (x 80B)
Class com.google.common.collect.AllEqualOrdering                                      : loaded 2 times (x 114B)
Class org.jetbrains.kotlin.gradle.tasks.KotlinJavaToolchain$JdkSetter                 : loaded 2 times (x 70B)
Class org.jetbrains.kotlin.gradle.utils.ConfigurationCacheKt                          : loaded 2 times (x 71B)
Class org.jetbrains.kotlin.gradle.plugin.KotlinPluginLifecycle$ProjectConfigurationResult$Success: loaded 2 times (x 71B)
Class org.jetbrains.kotlin.gradle.internal.StdlibDependencyManagementKt$configureStdlibVersionAlignment$1: loaded 2 times (x 75B)
Class org.jetbrains.kotlin.gradle.dsl.PlatformSourceSetConventionsChecker$CheckedPlatformInfo: loaded 2 times (x 72B)
Class org.jetbrains.kotlin.gradle.plugin.mpp.KotlinUsages$KotlinCinteropDisambiguation: loaded 2 times (x 76B)
Class org.jetbrains.kotlin.gradle.plugin.KotlinPluginInMultipleProjectsHolder         : loaded 2 times (x 72B)
Class org.jetbrains.kotlin.gradle.report.BuildReportType$Companion                    : loaded 2 times (x 71B)
Class com.google.common.cache.LocalCache$Strength$3                                   : loaded 2 times (x 81B)
Class com.google.common.collect.MapDifference                                         : loaded 2 times (x 70B)
Class com.google.common.base.Splitter$1                                               : loaded 2 times (x 77B)
Class org.jetbrains.kotlin.gradle.tasks.KotlinCompilerPluginData$InputsOutputsState   : loaded 2 times (x 72B)
Class org.jetbrains.kotlin.gradle.plugin.sources.FragmentConsistencyChecks$optInAnnotationsCheck$1: loaded 2 times (x 79B)
Class org.jetbrains.kotlin.gradle.plugin.mpp.AbstractKotlinCompilationToRunnableFiles : loaded 2 times (x 196B)
Class org.jetbrains.kotlin.gradle.plugin.mpp.KotlinUsages$KotlinMetadataCompatibility : loaded 2 times (x 76B)
Class [Lorg.jetbrains.kotlin.gradle.dsl.JvmTarget;                                    : loaded 2 times (x 69B)
Class org.jetbrains.kotlin.gradle.plugin.StatisticsBuildFlowManager$Companion         : loaded 2 times (x 71B)
Class org.jetbrains.kotlin.statistics.metrics.StringMetrics$Companion                 : loaded 2 times (x 71B)
Class org.jetbrains.kotlin.tooling.core.Extras$Type                                   : loaded 2 times (x 72B)
Class org.objectweb.asm.FieldWriter                                                   : loaded 2 times (x 78B)
Class com.google.common.cache.CacheBuilder$NullListener                               : loaded 2 times (x 82B)
Class org.gradle.internal.classpath.TransformedClassPath                              : loaded 2 times (x 96B)
Class build_8pyaeahg9nc3hck27xi8fyy8m                                                 : loaded 2 times (x 180B)
Class org.jetbrains.kotlin.gradle.internal.StdlibDependencyManagementKt$configureStdlibVersionAlignment$1$1$1: loaded 2 times (x 75B)
Class org.jetbrains.kotlin.gradle.plugin.BuildFinishedListenerService$Companion       : loaded 2 times (x 71B)
Class org.jetbrains.kotlin.gradle.plugin.BuildFinishedListenerService                 : loaded 2 times (x 80B)
Class com.google.common.collect.ImmutableRangeSet$AsSet                               : loaded 2 times (x 299B)
Class org.jetbrains.kotlin.gradle.plugin.sources.FragmentConsistencyChecks$optInAnnotationsCheck$2: loaded 2 times (x 78B)
Class com.google.common.cache.CacheLoader$FunctionToCacheLoader                       : loaded 2 times (x 75B)
Class com.google.common.collect.Iterators$ArrayItr                                    : loaded 2 times (x 97B)
Class com.google.common.collect.ImmutableCollection$Builder                           : loaded 2 times (x 76B)
Class org.jetbrains.kotlin.gradle.tasks.configuration.BaseKotlinCompileConfig$1$3$2   : loaded 2 times (x 75B)
Class org.jetbrains.kotlin.gradle.tasks.AbstractKotlinCompileTool$sources$1           : loaded 2 times (x 79B)
Class org.jetbrains.kotlin.gradle.tasks.configuration.TaskConfigAction                : loaded 2 times (x 72B)
Class org.jetbrains.kotlin.gradle.plugin.AbstractKotlinPlugin$Companion               : loaded 2 times (x 71B)
Class org.jetbrains.kotlin.gradle.plugin.KotlinSourceSetTree                          : loaded 2 times (x 72B)
Class org.jetbrains.kotlin.gradle.plugin.KotlinPluginLifecycle$Stage                  : loaded 2 times (x 79B)
Class org.jetbrains.kotlin.gradle.plugin.sources.KotlinSourceSetFactory               : loaded 2 times (x 80B)
Class org.jetbrains.kotlin.gradle.internal.ClassLoadersCachingBuildService$Companion  : loaded 2 times (x 71B)
Class org.jetbrains.kotlin.gradle.plugin.StatisticsBuildFlowManager$subscribeForBuildResult$1$1: loaded 2 times (x 74B)
Class com.google.common.base.Joiner                                                   : loaded 2 times (x 79B)
Class com.google.common.base.MoreObjects                                              : loaded 2 times (x 71B)
Class build_1qofvhahsrpvhl8kakx0dz4fd$_run_closure1                                   : loaded 2 times (x 139B)
Class [Lorg.jetbrains.kotlin.build.report.metrics.BuildAttribute;                     : loaded 2 times (x 69B)
Class org.jetbrains.kotlin.gradle.plugin.hierarchy.KotlinSourceSetTreeClassifier$Default: loaded 2 times (x 71B)
Class org.jetbrains.kotlin.gradle.plugin.mpp.InternalKotlinCompilationKt              : loaded 2 times (x 71B)
Class org.jetbrains.kotlin.gradle.tasks.configuration.AbstractKotlinCompileConfig     : loaded 2 times (x 72B)
Class org.jetbrains.kotlin.gradle.plugin.mpp.compilationImpl.KotlinCompilationImpl$attributes$2: loaded 2 times (x 79B)
Class org.jetbrains.kotlin.build.report.metrics.GradleBuildTime                       : loaded 2 times (x 86B)
Class org.jetbrains.kotlin.gradle.utils.IsolatedKotlinClasspathClassCastException     : loaded 2 times (x 82B)
Class [Lorg.objectweb.asm.Type;                                                       : loaded 2 times (x 69B)
Class com.google.common.collect.Platform                                              : loaded 2 times (x 71B)
Class com.google.common.collect.UnmodifiableIterator                                  : loaded 2 times (x 80B)
Class org.gradle.internal.service.ServiceLocator                                      : loaded 2 times (x 70B)
Class org.jetbrains.kotlin.gradle.tasks.DefaultKotlinJavaToolchain$DefaultJavaToolchainSetter$useAsConvention$1: loaded 2 times (x 75B)
Class org.jetbrains.kotlin.gradle.plugin.KotlinCompilerArgumentsProducer$CreateCompilerArgumentsContext: loaded 2 times (x 70B)
Class org.jetbrains.kotlin.gradle.plugin.diagnostics.RenderReportedDiagnosticsKt      : loaded 2 times (x 71B)
Class org.jetbrains.kotlin.gradle.plugin.hierarchy.KotlinSourceSetTreeClassifierKt$classify$1: loaded 2 times (x 88B)
Class org.jetbrains.kotlin.gradle.plugin.diagnostics.checkers.WasmSourceSetsNotFoundChecker: loaded 2 times (x 74B)
Class org.jetbrains.kotlin.gradle.plugin.diagnostics.checkers.AndroidSourceSetLayoutV1SourceSetsNotFoundChecker$androidSourceSetRegex$2: loaded 2 times (x 78B)
Class com.google.common.base.Ascii                                                    : loaded 2 times (x 71B)
Class com.google.common.collect.SingletonImmutableBiMap                               : loaded 2 times (x 143B)
Class com.google.common.cache.LocalCache$1                                            : loaded 2 times (x 89B)
Class com.google.common.collect.AbstractMapEntry                                      : loaded 2 times (x 81B)
Class com.google.common.collect.AbstractSetMultimap                                   : loaded 2 times (x 174B)
Class org.jetbrains.kotlin.gradle.plugin.KotlinCompilationWithResources               : loaded 2 times (x 70B)
Class com.google.common.collect.Sets$ImprovedAbstractSet                              : loaded 2 times (x 135B)
Class com.google.common.collect.ImmutableList$Builder                                 : loaded 2 times (x 77B)
Class org.jetbrains.kotlin.gradle.plugin.KotlinTargetPreset                           : loaded 2 times (x 70B)
Class org.jetbrains.kotlin.gradle.plugin.diagnostics.checkers.KotlinTargetAlreadyDeclaredChecker: loaded 2 times (x 74B)
Class org.jetbrains.kotlin.gradle.plugin.mpp.KotlinUsages$KotlinJavaRuntimeJarsCompatibility: loaded 2 times (x 76B)
Class org.jetbrains.kotlin.gradle.utils.FileUtilsKt$localProperties$1                 : loaded 2 times (x 75B)
Class com.google.common.cache.LocalCache$2                                            : loaded 2 times (x 142B)
Class com.google.common.collect.AbstractMultimap                                      : loaded 2 times (x 123B)
Class org.jetbrains.kotlin.gradle.tasks.configuration.AbstractKotlinCompileConfig$2$1 : loaded 2 times (x 79B)
Class org.jetbrains.kotlin.gradle.tasks.DefaultKotlinJavaToolchain_Decorated          : loaded 2 times (x 126B)
Class org.jetbrains.kotlin.gradle.plugin.KotlinCompilationInfo$TCS                    : loaded 2 times (x 89B)
Class com.google.common.collect.ImmutableRangeSet$1                                   : loaded 2 times (x 209B)
Class org.jetbrains.kotlin.gradle.plugin.mpp.HasBinaries                              : loaded 2 times (x 70B)
Class org.jetbrains.kotlin.gradle.dsl.KotlinCommonOptions                             : loaded 2 times (x 70B)
Class org.jetbrains.kotlin.gradle.dsl.KotlinJvmProjectExtension                       : loaded 2 times (x 139B)
Class org.jetbrains.kotlin.gradle.plugin.KotlinCompilerArgumentsProducer              : loaded 2 times (x 70B)
Class org.jetbrains.kotlin.build.report.metrics.ValueType                             : loaded 2 times (x 79B)
Class com.google.common.util.concurrent.AbstractFuture$UnsafeAtomicHelper$1           : loaded 2 times (x 76B)
Class com.google.common.collect.RegularImmutableAsList                                : loaded 2 times (x 216B)
Class org.jetbrains.kotlin.build.report.metrics.BuildTimes$Companion                  : loaded 2 times (x 71B)
Class org.jetbrains.kotlin.gradle.tasks.configuration.BaseKotlinCompileConfig$1$classpathConfiguration$1: loaded 2 times (x 75B)
Class com.google.common.collect.Range                                                 : loaded 2 times (x 87B)
Class org.jetbrains.kotlin.gradle.targets.js.npm.NpmDependencyExtensionDelegate       : loaded 2 times (x 167B)
Class org.jetbrains.kotlin.gradle.plugin.sources.FragmentConsistencyChecker           : loaded 2 times (x 72B)
Class org.jetbrains.kotlin.gradle.dsl.DefaultToolchainSupport_Decorated               : loaded 2 times (x 124B)
Class org.jetbrains.kotlin.gradle.report.BuildMetricsService$Companion                : loaded 2 times (x 71B)
Class org.jetbrains.kotlin.gradle.tasks.KotlinCompileTool                             : loaded 2 times (x 70B)
Class org.jetbrains.kotlin.gradle.plugin.VariantImplementationFactories$Parameters_Decorated: loaded 2 times (x 134B)
Class org.jetbrains.kotlin.gradle.plugin.PropertiesProvider$PropertyNames             : loaded 2 times (x 71B)
Class org.jetbrains.kotlin.gradle.utils.GradleUtilsKt                                 : loaded 2 times (x 71B)
Class org.jetbrains.kotlin.gradle.plugin.HasProject                                   : loaded 2 times (x 70B)
Class com.google.common.util.concurrent.AbstractFuture$Trusted                        : loaded 2 times (x 70B)
Class com.google.common.collect.Iterators                                             : loaded 2 times (x 71B)
Class com.google.common.base.CharMatcher$RangesMatcher                                : loaded 2 times (x 112B)
Class com.google.common.io.ByteSink$AsCharSink                                        : loaded 2 times (x 80B)
Class com.google.common.collect.ExplicitOrdering                                      : loaded 2 times (x 115B)
Class org.jetbrains.kotlin.gradle.tasks.configuration.AbstractKotlinCompileConfig$2$3 : loaded 2 times (x 75B)
Class org.jetbrains.kotlin.gradle.tasks.configuration.BaseKotlinCompileConfig         : loaded 2 times (x 72B)
Class org.jetbrains.kotlin.gradle.plugin.mpp.compilationImpl.factory.KotlinCompilationImplFactory$KotlinCompilationTaskNamesContainerFactory: loaded 2 times (x 70B)
Class org.jetbrains.kotlin.gradle.ExperimentalKotlinGradlePluginApi                   : loaded 2 times (x 70B)
Class [Lorg.jetbrains.kotlin.build.report.metrics.BuildTime;                          : loaded 2 times (x 69B)
Class org.jetbrains.kotlin.statistics.metrics.NumberAnonymizationPolicy$SAFE          : loaded 2 times (x 85B)
Class com.google.common.util.concurrent.UncheckedExecutionException                   : loaded 2 times (x 82B)
Class com.google.common.collect.Lists$StringAsImmutableList                           : loaded 2 times (x 207B)
Class org.jetbrains.kotlin.gradle.tasks.configuration.AbstractKotlinCompileConfig$2$4 : loaded 2 times (x 75B)
Class org.jetbrains.kotlin.gradle.tasks.KotlinCompile$scriptSources$1                 : loaded 2 times (x 75B)
Class org.jetbrains.kotlin.build.report.metrics.BuildAttribute$Companion              : loaded 2 times (x 71B)
Class org.jetbrains.kotlin.gradle.tasks.configuration.KaptGenerateStubsConfig$Companion: loaded 2 times (x 71B)
Class org.jetbrains.kotlin.gradle.internal.KotlinTestDependencyManagementKt$maybeAddTestDependencyCapability$1: loaded 2 times (x 75B)
Class com.google.common.collect.ImmutableSortedSetFauxverideShim                      : loaded 2 times (x 147B)
Class org.jetbrains.kotlin.gradle.plugin.diagnostics.CheckKotlinGradlePluginConfigurationErrorsKt: loaded 2 times (x 71B)
Class org.jetbrains.kotlin.gradle.plugin.mpp.KotlinJvmAndroidCompilation              : loaded 2 times (x 198B)
Class org.jetbrains.kotlin.gradle.plugin.mpp.ApplyUserDefinedAttributesKt             : loaded 2 times (x 71B)
Class org.jetbrains.kotlin.tooling.core.TypeUtils$WhenMappings                        : loaded 2 times (x 71B)
Class org.jetbrains.kotlin.gradle.utils.FutureImpl                                    : loaded 2 times (x 80B)
Class [Lorg.jetbrains.kotlin.statistics.metrics.NumericalMetrics;                     : loaded 2 times (x 69B)
Class com.google.common.base.CharMatcher$JavaLetterOrDigit                            : loaded 2 times (x 111B)
Class org.gradle.internal.InternalTransformer                                         : loaded 2 times (x 70B)
Class com.google.common.collect.HashMultimapGwtSerializationDependencies              : loaded 2 times (x 174B)
Class org.jetbrains.kotlin.gradle.tasks.CompileUsingKotlinDaemonWithNormalization     : loaded 2 times (x 70B)
Class org.jetbrains.kotlin.gradle.plugin.mpp.compilationImpl.factory.KotlinCompilationImplFactory$PostConfigure$Companion: loaded 2 times (x 71B)
Class com.google.common.collect.AbstractMapBasedMultimap$KeySet$1                     : loaded 2 times (x 82B)
Class org.jetbrains.kotlin.gradle.targets.js.npm.DefaultDevNpmDependencyExtension     : loaded 2 times (x 145B)
Class [Lorg.jetbrains.kotlin.gradle.plugin.HasKotlinDependencies;                     : loaded 2 times (x 69B)
Class org.jetbrains.kotlin.gradle.tasks.DefaultKotlinJavaToolchain$Companion$wireJvmTargetToToolchain$1: loaded 2 times (x 75B)
Class org.jetbrains.kotlin.gradle.plugin.KotlinPlatformType                           : loaded 2 times (x 82B)
Class org.jetbrains.kotlin.gradle.plugin.KotlinGradleBuildServices$Companion          : loaded 2 times (x 71B)
Class org.objectweb.asm.ClassWriter                                                   : loaded 2 times (x 106B)
Class com.google.common.cache.CacheLoader$UnsupportedLoadingOperationException        : loaded 2 times (x 82B)
Class com.google.common.base.CharMatcher$And                                          : loaded 2 times (x 112B)
Class org.gradle.internal.classloader.ClasspathUtil$1                                 : loaded 2 times (x 76B)
Class build_bd0g1wr7vh14bk9g7h3c9wiko$_run_closure1                                   : loaded 2 times (x 139B)
Class com.google.common.base.Objects                                                  : loaded 2 times (x 71B)
Class org.jetbrains.kotlin.gradle.plugin.BuildFinishedListenerService$Companion$registerIfAbsent$1: loaded 2 times (x 74B)
Class com.google.common.collect.AbstractMapBasedMultimap$Itr                          : loaded 2 times (x 83B)
Class org.jetbrains.kotlin.gradle.plugin.diagnostics.ToolingDiagnosticRenderingOptions$Companion: loaded 2 times (x 71B)
Class org.jetbrains.kotlin.gradle.dsl.KotlinJvmCompilerOptionsHelper                  : loaded 2 times (x 71B)
Class org.jetbrains.kotlin.gradle.tasks.DefaultKotlinJavaToolchain$Companion$wireJvmTargetToToolchain$2: loaded 2 times (x 75B)
Class org.jetbrains.kotlin.gradle.plugin.ProjectLocalConfigurations$ProjectLocalDisambiguation: loaded 2 times (x 76B)
Class org.jetbrains.kotlin.gradle.plugin.KotlinGradleBuildServices$detectKotlinPluginLoadedInMultipleProjects$onRegister$1$1: loaded 2 times (x 75B)
Class org.jetbrains.kotlin.gradle.plugin.internal.ConfigurationCacheStartParameterAccessor$Factory: loaded 2 times (x 70B)
Class org.objectweb.asm.FieldVisitor                                                  : loaded 2 times (x 77B)
Class com.google.common.collect.IndexedImmutableSet                                   : loaded 2 times (x 150B)
Class com.google.common.collect.ImmutableMap$1                                        : loaded 2 times (x 81B)
Class com.google.common.collect.BiMap                                                 : loaded 2 times (x 70B)
Class org.gradle.api.internal.classpath.DefaultModuleRegistry$DefaultModule           : loaded 2 times (x 86B)
Class com.google.common.collect.NullsFirstOrdering                                    : loaded 2 times (x 115B)
Class org.jetbrains.kotlin.gradle.plugin.diagnostics.CheckKotlinGradlePluginConfigurationErrors_Decorated: loaded 2 times (x 365B)
Class org.jetbrains.kotlin.gradle.plugin.mpp.compilationImpl.KotlinCompilationSourceSetInclusion$DefaultAddSourcesToCompileTask$addSources$1: loaded 2 times (x 79B)
Class org.jetbrains.kotlin.gradle.plugin.diagnostics.checkers.WasmSourceSetsNotFoundChecker$wasmSourceSetRegex$2: loaded 2 times (x 78B)
Class org.jetbrains.kotlin.tooling.core.ExtrasUtilsKt                                 : loaded 2 times (x 71B)
Class org.jetbrains.kotlin.buildtools.api.ExperimentalBuildToolsApi                   : loaded 2 times (x 70B)
Class org.jetbrains.kotlin.gradle.utils.ResourceUtilsKt                               : loaded 2 times (x 71B)
Class org.jetbrains.kotlin.gradle.plugin.KotlinPluginWrapperKt$kotlinPluginVersionFromResources$1: loaded 2 times (x 78B)
Class com.google.common.primitives.Ints                                               : loaded 2 times (x 71B)
Class com.google.common.collect.AbstractIterator                                      : loaded 2 times (x 82B)
Class org.jetbrains.kotlin.gradle.tasks.UsesKotlinJavaToolchain$DefaultImpls          : loaded 2 times (x 71B)
Class org.jetbrains.kotlin.build.report.metrics.BuildAttributeKind$Companion          : loaded 2 times (x 71B)
Class org.jetbrains.kotlin.gradle.plugin.mpp.KotlinTargetSoftwareComponentImplKt$KotlinTargetSoftwareComponent$1$1$1: loaded 2 times (x 75B)
Class org.jetbrains.kotlin.gradle.tasks.configuration.KaptGenerateStubsConfig$Companion$configureLibraries$1: loaded 2 times (x 79B)
Class org.jetbrains.kotlin.gradle.plugin.mpp.compilationImpl.KotlinCompilationSourceSetInclusion$DefaultAddSourcesToCompileTask$addSources$2: loaded 2 times (x 79B)
Class org.jetbrains.kotlin.gradle.tasks.AbstractKotlinCompile                         : loaded 2 times (x 453B)
Class org.jetbrains.kotlin.gradle.plugin.KotlinCompilationOutput                      : loaded 2 times (x 70B)
Class org.jetbrains.kotlin.gradle.plugin.diagnostics.CheckKotlinGradlePluginConfigurationErrorsKt$addDependsOnFromTasksThatShouldFailWhenErrorsReported$1: loaded 2 times (x 75B)
Class org.jetbrains.kotlin.gradle.plugin.KotlinGradleBuildServices$Parameters$Inject  : loaded 2 times (x 106B)
Class org.jetbrains.kotlin.gradle.plugin.KotlinPluginWrapperKt$kotlinPluginVersionFromResources$1$1: loaded 2 times (x 71B)
Class com.google.common.math.MathPreconditions                                        : loaded 2 times (x 71B)
Class com.google.common.collect.Multiset                                              : loaded 2 times (x 70B)
Class com.google.common.collect.ArrayListMultimapGwtSerializationDependencies         : loaded 2 times (x 172B)
Class com.google.common.collect.ObjectArrays                                          : loaded 2 times (x 71B)
Class com.google.common.collect.AbstractIndexedListIterator                           : loaded 2 times (x 96B)
Class build_e6bds663fkaspxkzxxk86iys$_run_closure1                                    : loaded 2 times (x 139B)
Class build_1qofvhahsrpvhl8kakx0dz4fd$_run_closure1$_closure3                         : loaded 2 times (x 139B)
Class build_dijutz39n9jw5r0fc57m6h82a                                                 : loaded 2 times (x 180B)
Class org.jetbrains.kotlin.tooling.core.Extras$Entry                                  : loaded 2 times (x 72B)
Class org.jetbrains.kotlin.gradle.plugin.sources.InternalKotlinSourceSetKt            : loaded 2 times (x 71B)
Class org.jetbrains.kotlin.gradle.internal.Kapt3GradleSubplugin$Kapt3SubpluginContext : loaded 2 times (x 72B)
Class org.jetbrains.kotlin.gradle.dsl.KotlinJvmCompilerOptionsDefault_Decorated       : loaded 2 times (x 168B)
Class org.jetbrains.kotlin.gradle.plugin.HasKotlinDependencies                        : loaded 2 times (x 70B)
Class org.jetbrains.kotlin.gradle.plugin.BuildEventsListenerRegistryHolder_Decorated  : loaded 2 times (x 119B)
Class org.jetbrains.kotlin.gradle.plugin.statistics.MetricContainer                   : loaded 2 times (x 72B)
Class org.jetbrains.kotlin.gradle.plugin.statistics.old.Pre232IdeaKotlinBuildStatsMXBean: loaded 2 times (x 70B)
Class org.jetbrains.kotlin.gradle.plugin.statistics.KotlinBuildStatsServicesRegistry  : loaded 2 times (x 78B)
Class org.jetbrains.kotlin.gradle.plugin.VariantImplementationFactoriesConfigurator   : loaded 2 times (x 76B)
Class com.google.common.collect.ImmutableMapEntrySet                                  : loaded 2 times (x 151B)
Class org.gradle.api.internal.classpath.Module                                        : loaded 2 times (x 70B)
Class build_6r4vjdbcx45vs6htb1y946fln$_run_closure1                                   : loaded 2 times (x 139B)
Class org.jetbrains.kotlin.gradle.tasks.KotlinCompile$ClasspathSnapshotProperties_Decorated: loaded 2 times (x 137B)
Class org.jetbrains.kotlin.gradle.plugin.mpp.compilationImpl.KotlinCompilationSourceSetInclusion$Companion$includedSourceSets$2: loaded 2 times (x 78B)
Class org.jetbrains.kotlin.gradle.targets.js.npm.NpmDirectoryDependencyWithExternalsExtension: loaded 2 times (x 70B)
Class org.jetbrains.kotlin.gradle.plugin.KotlinGradleFinishBuildHandler$Companion     : loaded 2 times (x 71B)
Class com.google.common.cache.Weigher                                                 : loaded 2 times (x 70B)
Class org.gradle.api.internal.classpath.UnknownModuleException                        : loaded 2 times (x 82B)
Class org.jetbrains.kotlin.gradle.plugin.mpp.InternalKotlinTargetComponentKt          : loaded 2 times (x 71B)
Class org.jetbrains.kotlin.gradle.plugin.mpp.InternalKotlinTarget$DefaultImpls        : loaded 2 times (x 71B)
Class org.jetbrains.kotlin.gradle.plugin.KotlinPluginLifecycleImpl$executeCurrentStageAndScheduleNext$3: loaded 2 times (x 75B)
Class org.jetbrains.kotlin.gradle.plugin.mpp.compilationImpl.KotlinCompilationRegisterInSourceSetsConfigurator$configure$1: loaded 2 times (x 79B)
Class org.jetbrains.kotlin.gradle.targets.js.npm.NpmDependencyWithExternalsExtension  : loaded 2 times (x 70B)
Class org.jetbrains.kotlin.gradle.plugin.mpp.KotlinUsageContext                       : loaded 2 times (x 70B)
Class org.jetbrains.kotlin.gradle.plugin.KotlinTargetsContainer                       : loaded 2 times (x 70B)
Class org.jetbrains.kotlin.compilerRunner.GradleCliCommonizerKt                       : loaded 2 times (x 71B)
Class org.jetbrains.kotlin.gradle.utils.ConfigurationsKt                              : loaded 2 times (x 71B)
Class org.jetbrains.kotlin.gradle.plugin.StatisticsBuildFlowManager                   : loaded 2 times (x 72B)
Class org.jetbrains.kotlin.gradle.plugin.PluginWrappersKt                             : loaded 2 times (x 71B)
Class com.google.common.base.Stopwatch                                                : loaded 2 times (x 72B)
Class com.google.common.cache.LocalCache$Strength                                     : loaded 2 times (x 81B)
Class com.google.common.cache.Cache                                                   : loaded 2 times (x 70B)
Class build_e6bds663fkaspxkzxxk86iys                                                  : loaded 2 times (x 180B)
Class com.google.common.io.Files$2                                                    : loaded 2 times (x 76B)
Class org.jetbrains.kotlin.build.report.metrics.BuildMetricsReporter                  : loaded 2 times (x 70B)
Class org.jetbrains.kotlin.gradle.plugin.mpp.InternalKotlinTargetKt                   : loaded 2 times (x 71B)
Class com.google.common.collect.AbstractMultimap$Entries                              : loaded 2 times (x 120B)
Class org.jetbrains.kotlin.gradle.targets.js.dsl.KotlinTargetWithNodeJsDsl            : loaded 2 times (x 70B)
Class org.jetbrains.kotlin.gradle.plugin.sources.DefaultKotlinSourceSetKt$defaultSourceSetLanguageSettingsChecker$1: loaded 2 times (x 78B)
Class org.jetbrains.kotlin.gradle.plugin.sources.InternalKotlinSourceSet              : loaded 2 times (x 70B)
Class org.jetbrains.kotlin.gradle.utils.ObjectCollectionExtKt                         : loaded 2 times (x 71B)
Class org.jetbrains.kotlin.gradle.plugin.KotlinJvmPlugin                              : loaded 2 times (x 80B)
Class org.jetbrains.kotlin.statistics.BuildSessionLogger                              : loaded 2 times (x 77B)
Class org.jetbrains.kotlin.gradle.plugin.internal.ConfigurationCacheStartParameterAccessor: loaded 2 times (x 70B)
Class com.google.common.util.concurrent.AbstractFuture$Cancellation                   : loaded 2 times (x 72B)
Class com.google.common.collect.ImmutableMap$Builder                                  : loaded 2 times (x 82B)
Class com.google.common.base.NullnessCasts                                            : loaded 2 times (x 71B)
Class build_9lei75vd1n1ekpwlprvzcmasn                                                 : loaded 2 times (x 180B)
Class settings_bghoe7vvrv91np2m8clbuha76                                              : loaded 2 times (x 179B)
Class com.google.common.collect.AbstractMapBasedMultimap$WrappedCollection$WrappedIterator: loaded 2 times (x 84B)
Class org.jetbrains.kotlin.gradle.utils.FutureKt$future$2$1                           : loaded 2 times (x 95B)
Class org.jetbrains.kotlin.gradle.plugin.internal.BuildIdService$Companion$registerIfAbsent$1$1: loaded 2 times (x 75B)
Class org.jetbrains.kotlin.gradle.targets.js.dsl.KotlinWasmTargetDsl                  : loaded 2 times (x 70B)
Class org.jetbrains.kotlin.gradle.plugin.diagnostics.checkers.DisabledCinteropCommonizationInHmppProjectChecker$runChecks$1: loaded 2 times (x 88B)
Class org.jetbrains.kotlin.gradle.plugin.sources.ConsistencyCheck                     : loaded 2 times (x 72B)
Class org.jetbrains.kotlin.gradle.plugin.sources.DefaultKotlinSourceSetKt$defaultSourceSetLanguageSettingsChecker$2: loaded 2 times (x 78B)
Class org.jetbrains.kotlin.gradle.dsl.KotlinCommonToolOptions                         : loaded 2 times (x 70B)
Class org.jetbrains.kotlin.gradle.plugin.AbstractKotlinPlugin                         : loaded 2 times (x 79B)
Class org.jetbrains.kotlin.gradle.tasks.DefaultKotlinJavaToolchain$Companion$wireJvmTargetToJvm$1: loaded 2 times (x 75B)
Class org.jetbrains.kotlin.gradle.dsl.KotlinMultiplatformExtension                    : loaded 2 times (x 701B)
Class com.google.common.cache.RemovalListener                                         : loaded 2 times (x 70B)
Class org.gradle.api.internal.DefaultClassPathRegistry                                : loaded 2 times (x 76B)
Class org.jetbrains.kotlin.gradle.targets.js.npm.DefaultPeerNpmDependencyExtension$delegate$1: loaded 2 times (x 167B)
Class org.jetbrains.kotlin.gradle.targets.js.npm.NpmDependency                        : loaded 2 times (x 97B)
Class org.jetbrains.kotlin.gradle.targets.js.npm.DefaultNpmDependencyExtension        : loaded 2 times (x 152B)
Class org.jetbrains.kotlin.gradle.targets.js.npm.NpmDependency$Scope                  : loaded 2 times (x 79B)
Class org.jetbrains.kotlin.gradle.plugin.sources.FragmentConsistencyChecks$unstableFeaturesCheck$1: loaded 2 times (x 79B)
Class org.jetbrains.kotlin.gradle.plugin.sources.DefaultKotlinSourceSet               : loaded 2 times (x 141B)
Class org.jetbrains.kotlin.gradle.plugin.diagnostics.checkers.AndroidSourceSetLayoutV1SourceSetsNotFoundChecker: loaded 2 times (x 74B)
Class org.jetbrains.kotlin.gradle.plugin.VariantImplementationFactories$Parameters    : loaded 2 times (x 70B)
Class com.google.common.primitives.IntsMethodsForWeb                                  : loaded 2 times (x 71B)
Class com.google.common.collect.Multimap                                              : loaded 2 times (x 70B)
Class org.gradle.api.internal.ClassPathRegistry                                       : loaded 2 times (x 70B)
Class org.gradle.internal.classpath.DefaultClassPath$ImmutableUniqueList              : loaded 2 times (x 199B)
Class com.google.common.base.ExtraObjectsMethodsForWeb                                : loaded 2 times (x 71B)
Class org.jetbrains.kotlin.gradle.plugin.KotlinCompilation$DefaultImpls               : loaded 2 times (x 71B)
Class org.jetbrains.kotlin.gradle.utils.ProviderApiUtilsKt$providerWithLazyConvention$1: loaded 2 times (x 74B)
Class org.jetbrains.kotlin.gradle.plugin.sources.FragmentConsistencyChecks$unstableFeaturesCheck$2: loaded 2 times (x 78B)
Class org.jetbrains.kotlin.gradle.plugin.KotlinPluginLifecycleImpl                    : loaded 2 times (x 80B)
Class org.jetbrains.kotlin.gradle.dsl.KotlinCommonCompilerOptionsDefault              : loaded 2 times (x 96B)
Class org.jetbrains.kotlin.gradle.dsl.KotlinCommonCompilerToolOptionsDefault          : loaded 2 times (x 84B)
Class org.jetbrains.kotlin.gradle.plugin.StatisticsBuildFlowManager_Decorated         : loaded 2 times (x 119B)
Class org.jetbrains.kotlin.gradle.report.BuildReportMode$Companion                    : loaded 2 times (x 71B)
Class org.jetbrains.kotlin.gradle.plugin.VariantImplementationFactories$VariantImplementationFactory: loaded 2 times (x 70B)
Class build_e6bds663fkaspxkzxxk86iys$_run_closure1$_closure3                          : loaded 2 times (x 139B)
Class com.google.common.io.ByteSink                                                   : loaded 2 times (x 76B)
Class org.jetbrains.kotlin.compilerRunner.CompilerSystemPropertiesService             : loaded 2 times (x 80B)
Class org.jetbrains.kotlin.gradle.plugin.mpp.compilationImpl.KotlinCompilationImpl$1  : loaded 2 times (x 79B)
Class org.jetbrains.kotlin.gradle.targets.js.npm.SemVer$Companion                     : loaded 2 times (x 71B)
Class org.jetbrains.kotlin.gradle.plugin.mpp.KotlinUsages$KotlinCinteropCompatibility : loaded 2 times (x 77B)
Class org.jetbrains.kotlin.gradle.dsl.ExplicitApiMode                                 : loaded 2 times (x 79B)
Class org.jetbrains.kotlin.gradle.plugin.VariantImplementationFactories$Companion     : loaded 2 times (x 71B)
Class org.jetbrains.kotlin.gradle.plugin.internal.CustomPropertiesFileValueSource$Parameters_Decorated: loaded 2 times (x 134B)
Class org.jetbrains.kotlin.gradle.dsl.KotlinTopLevelExtensionConfig                   : loaded 2 times (x 70B)
Class com.google.common.cache.CacheBuilder                                            : loaded 2 times (x 72B)
Class com.google.common.collect.SingletonImmutableList                                : loaded 2 times (x 207B)
Class org.gradle.internal.classpath.ClassPath                                         : loaded 2 times (x 70B)
Class org.gradle.api.UncheckedIOException                                             : loaded 2 times (x 82B)
Class com.google.common.io.Files$FileByteSource                                       : loaded 2 times (x 85B)
Class org.jetbrains.kotlin.gradle.incremental.IncrementalModuleInfoProvider           : loaded 2 times (x 70B)
Class org.jetbrains.kotlin.gradle.plugin.mpp.compilationImpl.KotlinCompilationImpl$2  : loaded 2 times (x 79B)
Class org.jetbrains.kotlin.gradle.dsl.PlatformSourceSetConventionsChecker$runChecks$1 : loaded 2 times (x 88B)
Class org.jetbrains.kotlin.gradle.dsl.KotlinJvmCompilerOptionsDefault                 : loaded 2 times (x 106B)
Class org.jetbrains.kotlin.gradle.internal.UsesClassLoadersCachingBuildService        : loaded 2 times (x 70B)
Class com.google.common.collect.ImmutableList$ReverseImmutableList                    : loaded 2 times (x 208B)
Class com.google.common.base.JdkPattern                                               : loaded 2 times (x 75B)
Class build_a4x7tvv1bvly0grvbfjty46yj                                                 : loaded 2 times (x 180B)
Class build_1t39jvjr6l5h1piey3l0uqinb$_run_closure1                                   : loaded 2 times (x 139B)
Class org.jetbrains.kotlin.gradle.plugin.DefaultKotlinBasePlugin$addKotlinCompilerConfiguration$3$1: loaded 2 times (x 79B)
Class org.jetbrains.kotlin.gradle.tasks.AbstractKotlinCompile$defaultKotlinJavaToolchain$1: loaded 2 times (x 78B)
Class org.jetbrains.kotlin.daemon.common.MultiModuleICSettings                        : loaded 2 times (x 72B)
Class org.jetbrains.kotlin.cli.common.arguments.Freezable                             : loaded 2 times (x 72B)
Class org.jetbrains.kotlin.gradle.plugin.KotlinCompilationInfoKt                      : loaded 2 times (x 71B)
Class org.jetbrains.kotlin.gradle.tasks.KotlinCompile                                 : loaded 2 times (x 498B)
Class com.google.errorprone.annotations.DoNotMock                                     : loaded 2 times (x 70B)
Class org.jetbrains.kotlin.gradle.internal.StdlibDependencyManagementKt               : loaded 2 times (x 71B)
Class org.jetbrains.kotlin.gradle.utils.ObservableSet                                 : loaded 2 times (x 70B)
Class org.jetbrains.kotlin.gradle.plugin.diagnostics.KotlinToolingDiagnosticsCollectorKt: loaded 2 times (x 71B)
Class org.jetbrains.kotlin.gradle.plugin.mpp.HierarchyAttributeContainer              : loaded 2 times (x 83B)
Class org.jetbrains.kotlin.gradle.tasks.UsesKotlinJavaToolchain                       : loaded 2 times (x 70B)
Class org.jetbrains.kotlin.statistics.metrics.StringOverridePolicy$OVERRIDE           : loaded 2 times (x 85B)
Class org.objectweb.asm.SymbolTable$Entry                                             : loaded 2 times (x 74B)
Class com.google.common.util.concurrent.AbstractFuture$AtomicHelper                   : loaded 2 times (x 78B)
Class build_17ueyoykc2pf06124y3fmo066                                                 : loaded 2 times (x 181B)
Class Native_plugin_loader_gradle                                                     : loaded 2 times (x 130B)
Class org.jetbrains.kotlin.gradle.plugin.KotlinPlatformPluginBase                     : loaded 2 times (x 76B)
Class org.jetbrains.kotlin.gradle.plugin.mpp.KotlinTargetComponentWithCoordinatesAndPublication: loaded 2 times (x 70B)
Class org.jetbrains.kotlin.gradle.incremental.UsesIncrementalModuleInfoBuildService   : loaded 2 times (x 70B)
Class org.jetbrains.kotlin.gradle.dsl.PlatformSourceSetConventionsChecker$runChecks$3 : loaded 2 times (x 78B)
Class org.jetbrains.kotlin.gradle.utils.SingleAction                                  : loaded 2 times (x 73B)
Class org.jetbrains.kotlin.gradle.plugin.PropertiesProvider$Companion                 : loaded 2 times (x 71B)
Class org.objectweb.asm.Edge                                                          : loaded 2 times (x 72B)
Class com.google.common.base.Suppliers$SupplierOfInstance                             : loaded 2 times (x 79B)
Class com.google.common.collect.Iterators$1                                           : loaded 2 times (x 81B)
Class build_9441jjnsxxuccr2t0svmcpxuh$_run_closure1                                   : loaded 2 times (x 139B)
Class build_tndtuy5blcz7jklsrqhatf9v$_run_closure1                                    : loaded 2 times (x 139B)
Class org.jetbrains.kotlin.gradle.tasks.KotlinCompile$defaultKotlinJavaToolchain$1    : loaded 2 times (x 79B)
Class org.jetbrains.kotlin.gradle.tasks.KotlinJavaToolchain$JavaToolchainSetter       : loaded 2 times (x 70B)
Class org.jetbrains.kotlin.gradle.plugin.diagnostics.UsesKotlinToolingDiagnostics     : loaded 2 times (x 70B)
Class org.jetbrains.kotlin.tooling.core.ExtrasPropertyKt$extrasLazyProperty$1         : loaded 2 times (x 94B)
Class org.jetbrains.kotlin.statistics.metrics.BooleanAnonymizationPolicy$SAFE         : loaded 2 times (x 85B)
Class com.google.common.cache.LocalCache$ComputingValueReference                      : loaded 2 times (x 96B)
Class com.google.common.collect.SingletonImmutableSet                                 : loaded 2 times (x 146B)
Class com.google.common.collect.ImmutableMap$IteratorBasedImmutableMap                : loaded 2 times (x 125B)
Class build_6r4vjdbcx45vs6htb1y946fln                                                 : loaded 2 times (x 180B)
Class org.jetbrains.kotlin.gradle.internal.KotlinDependenciesManagementKt$configureDefaultVersionsResolutionStrategy$1$1$1: loaded 2 times (x 75B)
Class org.jetbrains.kotlin.gradle.plugin.mpp.compilationImpl.DefaultKotlinCompilationSourceSetsContainer$allKotlinSourceSetsImpl$1$1: loaded 2 times (x 80B)
Class org.jetbrains.kotlin.gradle.plugin.mpp.compilationImpl.DefaultKotlinCompilationSourceSetsContainer: loaded 2 times (x 78B)
Class org.jetbrains.kotlin.gradle.plugin.KotlinPluginLifecycle$Stage$Companion        : loaded 2 times (x 71B)
Class org.jetbrains.kotlin.gradle.plugin.diagnostics.checkers.DeprecatedKotlinNativeTargetsChecker: loaded 2 times (x 74B)
Class org.jetbrains.kotlin.tooling.core.AbstractExtras                                : loaded 2 times (x 141B)
Class com.google.common.cache.LocalCache$Segment                                      : loaded 2 times (x 154B)
Class Native_plugin_loader_gradle$NativePluginLoader$Companion                        : loaded 2 times (x 71B)
Class org.jetbrains.kotlin.build.report.metrics.BuildTimes                            : loaded 2 times (x 72B)
Class org.jetbrains.kotlin.gradle.tasks.KotlinCompile$ClasspathSnapshotProperties     : loaded 2 times (x 75B)
Class org.jetbrains.kotlin.gradle.internal.StdlibDependencyManagementKt$addStdlibDependency$1$1: loaded 2 times (x 79B)
Class org.jetbrains.kotlin.gradle.tasks.configuration.BaseKotlinCompileConfig$2$1     : loaded 2 times (x 75B)
Class com.google.common.collect.SortedIterable                                        : loaded 2 times (x 70B)
Class org.jetbrains.kotlin.gradle.plugin.sources.DefaultKotlinSourceSet_Decorated     : loaded 2 times (x 192B)
Class org.jetbrains.kotlin.gradle.plugin.mpp.KotlinCompilationsKt                     : loaded 2 times (x 71B)
Class org.jetbrains.kotlin.gradle.utils.GradleUtilsKt$registerClassLoaderScopedBuildService$1: loaded 2 times (x 74B)
Class org.jetbrains.kotlin.statistics.metrics.StringOverridePolicy                    : loaded 2 times (x 85B)
Class [Lorg.objectweb.asm.SymbolTable$Entry;                                          : loaded 2 times (x 69B)
Class com.google.common.cache.CacheLoader                                             : loaded 2 times (x 74B)
Class com.google.common.collect.Iterators$4                                           : loaded 2 times (x 82B)
Class com.google.common.collect.ImmutableBiMap                                        : loaded 2 times (x 143B)
Class com.google.common.collect.AbstractListMultimap                                  : loaded 2 times (x 172B)
Class org.gradle.internal.installation.GradleInstallation$1                           : loaded 2 times (x 75B)
Class org.gradle.api.internal.classpath.ModuleRegistry                                : loaded 2 times (x 70B)
Class org.jetbrains.kotlin.gradle.plugin.KotlinPluginLifecycle$ProjectConfigurationResult: loaded 2 times (x 71B)
Class org.jetbrains.kotlin.gradle.internal.KotlinDependenciesManagementKt$configureDefaultVersionsResolutionStrategy$1: loaded 2 times (x 75B)
Class org.jetbrains.kotlin.gradle.model.builder.KotlinModelBuilder$Companion          : loaded 2 times (x 71B)
Class org.jetbrains.kotlin.gradle.plugin.mpp.KotlinUsages                             : loaded 2 times (x 71B)
Class [Lorg.jetbrains.kotlin.build.report.metrics.GradleBuildPerformanceMetric;       : loaded 2 times (x 69B)
Class com.google.common.util.concurrent.internal.InternalFutureFailureAccess          : loaded 2 times (x 72B)
Class com.google.common.collect.Iterators$5                                           : loaded 2 times (x 82B)
Class com.google.common.collect.ImmutableSet$JdkBackedSetBuilderImpl                  : loaded 2 times (x 76B)
Class com.google.common.base.Splitter$SplittingIterator                               : loaded 2 times (x 84B)
Class com.google.common.io.Closer$SuppressingSuppressor                               : loaded 2 times (x 75B)
Class org.jetbrains.kotlin.gradle.plugin.HasCompilerOptions                           : loaded 2 times (x 70B)
Class org.jetbrains.kotlin.gradle.plugin.mpp.compilationImpl.DefaultKotlinCompilationFriendPathsResolver$FriendArtifactResolver: loaded 2 times (x 70B)
Class org.jetbrains.kotlin.gradle.targets.js.ir.KotlinJsIrTarget                      : loaded 2 times (x 260B)
Class org.jetbrains.kotlin.gradle.plugin.mpp.DefaultKotlinUsageContext                : loaded 2 times (x 108B)
Class org.jetbrains.kotlin.gradle.plugin.KotlinPluginLifecycleImpl$start$3            : loaded 2 times (x 79B)
Class org.jetbrains.kotlin.gradle.plugin.KotlinMultiplatformPluginWrapper             : loaded 2 times (x 86B)
Class [Lorg.jetbrains.kotlin.statistics.metrics.BooleanMetrics;                       : loaded 2 times (x 69B)
Class com.google.common.util.concurrent.AbstractFuture$UnsafeAtomicHelper             : loaded 2 times (x 78B)
Class com.google.common.cache.LocalCache$LocalManualCache$1                           : loaded 2 times (x 75B)
Class com.google.common.base.CharMatcher$ForPredicate                                 : loaded 2 times (x 112B)
Class com.google.common.collect.Multimaps$CustomSetMultimap                           : loaded 2 times (x 178B)
Class org.jetbrains.kotlin.gradle.plugin.mpp.compilationImpl.KotlinCompilationConfigurationsContainer: loaded 2 times (x 70B)
Class org.jetbrains.kotlin.gradle.internal.StdlibDependencyManagementKt$addStdlibDependency$1: loaded 2 times (x 75B)
Class [Lorg.jetbrains.kotlin.gradle.plugin.KotlinPluginLifecycle$CoroutineStart;      : loaded 2 times (x 69B)
Class org.jetbrains.kotlin.gradle.dsl.IosSourceSetConventionChecker                   : loaded 2 times (x 74B)
Class org.jetbrains.kotlin.gradle.plugin.diagnostics.KotlinGradleProjectChecker       : loaded 2 times (x 70B)
Class org.jetbrains.kotlin.gradle.dsl.KotlinMultiplatformSourceSetConventions         : loaded 2 times (x 70B)
Class org.jetbrains.kotlin.gradle.plugin.sources.KotlinSourceSetFactory$Companion     : loaded 2 times (x 71B)
Class org.jetbrains.kotlin.statistics.metrics.NumberOverridePolicy$SUM                : loaded 2 times (x 85B)
Class com.google.common.collect.ImmutableCollection                                   : loaded 2 times (x 125B)
Class com.google.common.base.CharMatcher$AnyOf                                        : loaded 2 times (x 112B)
Class org.gradle.api.internal.classpath.DefaultModuleRegistry                         : loaded 2 times (x 83B)
Class build_b4tsnrvlwm0gyh5f01gpdibji$_run_closure1                                   : loaded 2 times (x 139B)
Class org.jetbrains.kotlin.gradle.plugin.mpp.compilationImpl.factory.CompositePostConfigure: loaded 2 times (x 75B)
Class org.jetbrains.kotlin.build.report.metrics.GradleBuildTime$Companion             : loaded 2 times (x 71B)
Class com.google.common.util.concurrent.ListenableFuture                              : loaded 2 times (x 70B)
Class com.google.common.cache.ReferenceEntry                                          : loaded 2 times (x 70B)
Class com.google.common.collect.ImmutableSet$CachingAsList                            : loaded 2 times (x 147B)
Class com.google.common.base.Converter                                                : loaded 2 times (x 90B)
Class com.google.common.collect.Lists                                                 : loaded 2 times (x 71B)
Class com.google.common.base.CharMatcher$Any                                          : loaded 2 times (x 112B)
Class build_tndtuy5blcz7jklsrqhatf9v                                                  : loaded 2 times (x 180B)
Class org.jetbrains.kotlin.gradle.tasks.KotlinCompilerExecutionStrategy$Companion     : loaded 2 times (x 71B)
Class org.jetbrains.kotlin.gradle.plugin.CompilerPluginConfig                         : loaded 2 times (x 72B)
Class org.jetbrains.kotlin.gradle.model.builder.KotlinModelBuilder                    : loaded 2 times (x 76B)
Class [Lorg.jetbrains.kotlin.tooling.core.HasMutableExtras;                           : loaded 2 times (x 69B)
Class org.jetbrains.kotlin.gradle.plugin.mpp.KotlinAndroidTarget                      : loaded 2 times (x 165B)
Class org.jetbrains.kotlin.gradle.plugin.DefaultKotlinBasePlugin$addKotlinCompilerConfiguration$1: loaded 2 times (x 75B)
Class org.jetbrains.kotlin.gradle.plugin.internal.DefaultCompatibilityConventionRegistrar: loaded 2 times (x 74B)
Class org.jetbrains.kotlin.gradle.plugin.PropertiesProvider                           : loaded 2 times (x 72B)
Class com.google.common.util.concurrent.AbstractFuture                                : loaded 2 times (x 106B)
Class com.google.common.base.FunctionalEquivalence                                    : loaded 2 times (x 83B)
Class com.google.common.collect.Iterators$9                                           : loaded 2 times (x 81B)
Class com.google.common.collect.AbstractMapBasedMultimap                              : loaded 2 times (x 139B)
Class com.google.common.collect.ImmutableAsList                                       : loaded 2 times (x 209B)
Class [Lorg.jetbrains.kotlin.gradle.dsl.jvm.JvmTargetValidationMode;                  : loaded 2 times (x 69B)
Class org.jetbrains.kotlin.gradle.tasks.DefaultKotlinJavaToolchain$javaVersion$1      : loaded 2 times (x 74B)
Class org.jetbrains.kotlin.gradle.plugin.mpp.MppSourcesJarKt$sourcesJarTask$1         : loaded 2 times (x 95B)
Class org.jetbrains.kotlin.gradle.plugin.mpp.compilationImpl.factory.KotlinCompilationImplFactory$KotlinCompilationOutputFactory: loaded 2 times (x 70B)
Class org.jetbrains.kotlin.gradle.plugin.KotlinCompilationToRunnableFiles             : loaded 2 times (x 70B)
Class org.jetbrains.kotlin.gradle.tooling.BuildKotlinToolingMetadataTaskKt            : loaded 2 times (x 71B)
Class org.jetbrains.kotlin.gradle.plugin.ProjectLocalConfigurations$setupAttributesMatchingStrategy$1$1: loaded 2 times (x 74B)
Class org.jetbrains.kotlin.statistics.BuildSessionLogger$Companion                    : loaded 2 times (x 71B)
Class org.objectweb.asm.RecordComponentVisitor                                        : loaded 2 times (x 77B)
Class com.google.common.cache.CacheLoader$SupplierToCacheLoader                       : loaded 2 times (x 75B)
Class build_3wvh980or756czrtmx0yhw7fr$_run_closure1                                   : loaded 2 times (x 139B)
Class com.google.common.collect.UsingToStringOrdering                                 : loaded 2 times (x 114B)
Class org.jetbrains.kotlin.gradle.plugin.mpp.KotlinCompilationsKt$sam$java_util_concurrent_Callable$0: loaded 2 times (x 75B)
Class org.jetbrains.kotlin.gradle.tasks.KotlinCompilerPluginData                      : loaded 2 times (x 72B)
Class org.jetbrains.kotlin.gradle.targets.js.npm.SemverKt                             : loaded 2 times (x 71B)
Class org.jetbrains.kotlin.gradle.internal.StdlibDependencyManagementKt$isStdlibAddedByUser$1: loaded 2 times (x 79B)
Class org.jetbrains.kotlin.gradle.plugin.mpp.MppSourcesJarKt                          : loaded 2 times (x 71B)
Class org.jetbrains.kotlin.compilerRunner.CompilerSystemPropertiesService$Companion$registerIfAbsent$2$1$1: loaded 2 times (x 75B)
Class org.jetbrains.kotlin.gradle.plugin.KotlinCompilationInfo                        : loaded 2 times (x 88B)
Class org.jetbrains.kotlin.gradle.tasks.BaseKotlinCompile                             : loaded 2 times (x 70B)
Class org.jetbrains.kotlin.gradle.plugin.internal.UsesBuildIdProviderService          : loaded 2 times (x 70B)
Class org.jetbrains.kotlin.gradle.plugin.mpp.compilationImpl.KotlinCompilationSourceSetInclusion$include$1: loaded 2 times (x 79B)
Class org.jetbrains.kotlin.gradle.plugin.mpp.compilationImpl.factory.KotlinCompilationImplFactory$KotlinCompilationDependencyConfigurationsFactory: loaded 2 times (x 70B)
Class org.jetbrains.kotlin.gradle.plugin.KotlinPluginLifecycleCoroutineContextElement$Key: loaded 2 times (x 71B)
Class org.jetbrains.kotlin.gradle.internal.IdeaKt                                     : loaded 2 times (x 71B)
Class org.jetbrains.kotlin.tooling.core.ExtrasPropertyKt                              : loaded 2 times (x 71B)
Class org.jetbrains.kotlin.gradle.dsl.KotlinProjectExtensionKt                        : loaded 2 times (x 71B)
Class org.jetbrains.kotlin.gradle.plugin.KotlinGradleBuildServices$Parameters_Decorated: loaded 2 times (x 134B)
Class org.jetbrains.kotlin.gradle.plugin.DefaultKotlinBasePlugin$addKotlinCompilerConfiguration$3: loaded 2 times (x 75B)
Class [Lorg.jetbrains.kotlin.statistics.metrics.IMetricContainerFactory;              : loaded 2 times (x 69B)
Class com.google.common.collect.Maps$EntryTransformer                                 : loaded 2 times (x 70B)
Class org.gradle.internal.service.ServiceLookupException                              : loaded 2 times (x 82B)
Class org.jetbrains.kotlin.gradle.tasks.GradleCompileTaskProvider_Decorated           : loaded 2 times (x 121B)
Class org.jetbrains.kotlin.gradle.internal.StdlibDependencyManagementKt$isStdlibAddedByUser$2: loaded 2 times (x 78B)
Class org.jetbrains.kotlin.gradle.plugin.hierarchy.KotlinSourceSetTreeClassifierKt$sourceSetTreeClassifier$2: loaded 2 times (x 78B)
Class com.google.common.collect.ImmutableSortedSet                                    : loaded 2 times (x 299B)
Class org.jetbrains.kotlin.gradle.targets.js.npm.NpmDirectoryDependencyExtension      : loaded 2 times (x 70B)
Class org.jetbrains.kotlin.gradle.plugin.mpp.KotlinUsageContext$MavenScope            : loaded 2 times (x 79B)
Class [Lcom.google.common.cache.LocalCache$EntryFactory;                              : loaded 2 times (x 69B)
Class com.google.common.base.CharMatcher$JavaLetter                                   : loaded 2 times (x 111B)
Class org.gradle.internal.classloader.ClassLoaderFactory                              : loaded 2 times (x 70B)
Class build_3bwuobcoub7k7uod6hivxolop$_run_closure1                                   : loaded 2 times (x 140B)
Class org.jetbrains.kotlin.gradle.tasks.DefaultKotlinJavaToolchain$currentJvmJdkToolsJar$1: loaded 2 times (x 74B)
Class org.jetbrains.kotlin.gradle.plugin.SubpluginEnvironment                         : loaded 2 times (x 72B)
Class org.jetbrains.kotlin.gradle.internal.StdlibDependencyManagementKt$addStdlibDependency$1$1$1: loaded 2 times (x 75B)
Class org.jetbrains.kotlin.gradle.plugin.sources.AbstractKotlinSourceSet              : loaded 2 times (x 141B)
Class org.jetbrains.kotlin.compilerRunner.GradleCliCommonizerKt$maybeCreateCommonizerClasspathConfiguration$1$1: loaded 2 times (x 75B)
Class [Lorg.jetbrains.kotlin.build.report.metrics.ValueType;                          : loaded 2 times (x 69B)
Class com.google.common.cache.LocalCache$LocalManualCache                             : loaded 2 times (x 99B)
Class com.google.common.base.CharMatcher$IsNot                                        : loaded 2 times (x 111B)
Class com.google.common.base.CommonPattern                                            : loaded 2 times (x 74B)
Class org.gradle.internal.service.CachingServiceLocator                               : loaded 2 times (x 82B)
Class org.jetbrains.kotlin.gradle.dsl.jvm.JvmTargetValidationMode                     : loaded 2 times (x 79B)
Class org.jetbrains.kotlin.gradle.plugin.BuildFinishedListenerService$Companion$registerIfAbsent$2$1: loaded 2 times (x 79B)
Class org.jetbrains.kotlin.gradle.plugin.KotlinTargetConfiguratorKt$WhenMappings      : loaded 2 times (x 71B)
Class com.google.common.collect.AbstractMapBasedMultimap$KeySet                       : loaded 2 times (x 137B)
Class com.google.common.collect.RegularImmutableSortedSet                             : loaded 2 times (x 299B)
Class org.jetbrains.kotlin.project.model.LanguageSettings                             : loaded 2 times (x 70B)
Class org.jetbrains.kotlin.gradle.plugin.BuildFinishFlowAction$Parameters_Decorated   : loaded 2 times (x 137B)
Class org.jetbrains.kotlin.gradle.plugin.internal.CompatibilityConventionRegistrar$Factory: loaded 2 times (x 70B)
Class com.google.common.math.IntMath                                                  : loaded 2 times (x 71B)
Class build_1t39jvjr6l5h1piey3l0uqinb                                                 : loaded 2 times (x 180B)
Class org.jetbrains.kotlin.gradle.plugin.mpp.KotlinMetadataTarget                     : loaded 2 times (x 167B)
Class org.jetbrains.kotlin.gradle.plugin.diagnostics.CheckKotlinGradlePluginConfigurationErrorsKt$locateOrRegisterCheckKotlinGradlePluginErrorsTask$taskProvider$1$1: loaded 2 times (x 75B)
Class org.jetbrains.kotlin.gradle.plugin.mpp.InternalKotlinCompilation$DefaultImpls   : loaded 2 times (x 71B)
Class org.jetbrains.kotlin.gradle.plugin.mpp.compilationImpl.KotlinCompilationSourceSetInclusion$DefaultAddSourcesToCompileTask: loaded 2 times (x 74B)
Class [Lorg.jetbrains.kotlin.gradle.plugin.KotlinPluginLifecycle$Stage;               : loaded 2 times (x 69B)
Class org.jetbrains.kotlin.gradle.targets.metadata.KotlinMetadataTargetConfiguratorKt$metadataCompilationsCreated$2: loaded 2 times (x 78B)
Class org.jetbrains.kotlin.gradle.dsl.KotlinGradlePluginDsl                           : loaded 2 times (x 70B)
Class org.jetbrains.kotlin.tooling.core.MutableExtras                                 : loaded 2 times (x 70B)
Class org.jetbrains.kotlin.gradle.plugin.KotlinGradleBuildServices$detectKotlinPluginLoadedInMultipleProjects$onRegister$1: loaded 2 times (x 79B)
Class org.jetbrains.kotlin.build.report.metrics.BuildTime                             : loaded 2 times (x 70B)
Class com.google.common.collect.Iterators$10                                          : loaded 2 times (x 81B)
Class com.google.common.collect.ImmutableMapEntry                                     : loaded 2 times (x 85B)
Class com.google.common.base.CharMatcher$JavaDigit                                    : loaded 2 times (x 111B)
Class build_ayioqhct8y2g31cpeme9ui4gi$_run_closure1$_closure3                         : loaded 2 times (x 139B)
Class com.google.common.base.Predicates                                               : loaded 2 times (x 71B)
Class org.jetbrains.kotlin.gradle.tasks.CompileUsingKotlinDaemon                      : loaded 2 times (x 70B)
Class org.jetbrains.kotlin.gradle.plugin.mpp.KotlinWithJavaTarget                     : loaded 2 times (x 166B)
Class org.jetbrains.kotlin.gradle.dsl.KotlinSingleJavaTargetExtension                 : loaded 2 times (x 124B)
Class org.jetbrains.kotlin.gradle.plugin.KotlinPluginLifecycle$IllegalLifecycleException: loaded 2 times (x 82B)
Class org.jetbrains.kotlin.gradle.plugin.KotlinGradleFinishBuildHandler               : loaded 2 times (x 72B)
Class [Lorg.jetbrains.kotlin.build.report.metrics.BuildPerformanceMetric;             : loaded 2 times (x 69B)
Class org.jetbrains.kotlin.statistics.metrics.StringOverridePolicy$CONCAT             : loaded 2 times (x 85B)
Class org.jetbrains.kotlin.gradle.dsl.KotlinTopLevelExtension                         : loaded 2 times (x 70B)
Class com.google.common.base.Equivalence                                              : loaded 2 times (x 82B)
Class com.google.common.collect.ImmutableMapEntry$NonTerminalImmutableMapEntry        : loaded 2 times (x 85B)
Class com.google.common.base.Function                                                 : loaded 2 times (x 70B)
Class org.jetbrains.kotlin.gradle.plugin.ProjectLocalConfigurationsKt                 : loaded 2 times (x 71B)
Class org.jetbrains.kotlin.gradle.plugin.mpp.compilationImpl.factory.KotlinCompilationImplFactory: loaded 2 times (x 72B)
Class org.jetbrains.kotlin.gradle.internal.KotlinDomApiDependencyManagementKt$addKotlinDomApiDependency$1: loaded 2 times (x 75B)
Class org.jetbrains.kotlin.gradle.plugin.diagnostics.checkers.KotlinTargetAlreadyDeclaredChecker$runChecks$1: loaded 2 times (x 88B)
Class org.jetbrains.kotlin.gradle.plugin.mpp.KotlinTargetWithBinaries                 : loaded 2 times (x 163B)
Class [Lorg.jetbrains.kotlin.gradle.plugin.KotlinSourceSet;                           : loaded 2 times (x 69B)
Class org.jetbrains.kotlin.gradle.plugin.KotlinTargetsContainerWithPresets            : loaded 2 times (x 70B)
Class org.jetbrains.kotlin.statistics.metrics.IMetricContainerFactory                 : loaded 2 times (x 70B)
Class org.jetbrains.kotlin.statistics.MetricValueValidationFailed                     : loaded 2 times (x 82B)
Class org.jetbrains.kotlin.gradle.plugin.PropertiesProvider$localProperties$2         : loaded 2 times (x 79B)
Class com.google.common.cache.CacheBuilder$OneWeigher                                 : loaded 2 times (x 82B)
Class com.google.common.collect.RegularImmutableList                                  : loaded 2 times (x 212B)
Class build_2sd8ex6etj9vtds3g5v8bmhk8$_run_closure1                                   : loaded 2 times (x 139B)
Class org.jetbrains.kotlin.build.report.metrics.BuildMetricsReporterImpl              : loaded 2 times (x 98B)
Class org.jetbrains.kotlin.gradle.tasks.configuration.KaptGenerateStubsConfig         : loaded 2 times (x 72B)
Class org.jetbrains.kotlin.gradle.tasks.configuration.BaseKotlinCompileConfig$1$classpathConfiguration$jvmToolchain$1: loaded 2 times (x 74B)
Class org.jetbrains.kotlin.gradle.targets.js.npm.SemVer                               : loaded 2 times (x 75B)
Class org.jetbrains.kotlin.gradle.utils.WhenPluginEnabledKt$whenPluginsEnabled$1      : loaded 2 times (x 75B)
Class org.jetbrains.kotlin.gradle.tasks.AbstractKotlinCompileTool                     : loaded 2 times (x 366B)
Class [Lorg.jetbrains.kotlin.gradle.report.BuildReportType;                           : loaded 2 times (x 69B)
Class com.google.common.collect.ImmutableBiMapFauxverideShim                          : loaded 2 times (x 120B)
Class org.gradle.internal.classloader.ClasspathUtil                                   : loaded 2 times (x 71B)
Class org.jetbrains.kotlin.gradle.dsl.KotlinCompile                                   : loaded 2 times (x 70B)
Class org.jetbrains.kotlin.gradle.plugin.mpp.compilationImpl.DefaultKotlinCompilationFriendPathsResolver$DefaultFriendArtifactResolver: loaded 2 times (x 74B)
Class org.jetbrains.kotlin.gradle.plugin.diagnostics.checkers.InternalGradlePropertiesUsageChecker$runChecks$1: loaded 2 times (x 88B)
Class org.jetbrains.kotlin.gradle.utils.StringUtilsKt$lowerCamelCaseName$1            : loaded 2 times (x 125B)
Class org.jetbrains.kotlin.gradle.dsl.JvmTarget$Companion                             : loaded 2 times (x 71B)
Class org.jetbrains.kotlin.gradle.plugin.internal.DefaultConfigurationCacheStartParameterAccessor: loaded 2 times (x 77B)
Class org.jetbrains.kotlin.tooling.core.HasExtras                                     : loaded 2 times (x 70B)
Class com.google.common.base.Charsets                                                 : loaded 2 times (x 71B)
Class com.google.common.util.concurrent.Uninterruptibles                              : loaded 2 times (x 71B)
Class com.google.common.collect.AbstractMapBasedMultimap$WrappedSet                   : loaded 2 times (x 142B)
Class org.jetbrains.kotlin.gradle.plugin.sources.DefaultLanguageSettingsBuilder$freeCompilerArgsProvider$1: loaded 2 times (x 95B)
Class org.jetbrains.kotlin.gradle.targets.js.npm.DevNpmDependencyExtension            : loaded 2 times (x 70B)
Class org.jetbrains.kotlin.gradle.plugin.diagnostics.checkers.PreHmppDependenciesUsageChecker: loaded 2 times (x 74B)
Class org.jetbrains.kotlin.gradle.plugin.AbstractKotlinMultiplatformPluginWrapper     : loaded 2 times (x 86B)
Class org.jetbrains.kotlin.gradle.utils.GradleConfigurationUtilsKt$addGradlePluginMetadataAttributes$1: loaded 2 times (x 75B)
Class org.jetbrains.kotlin.gradle.plugin.internal.DefaultProjectIsolationStartParameterAccessor: loaded 2 times (x 77B)
Class com.google.common.collect.Maps                                                  : loaded 2 times (x 71B)
Class com.google.common.base.CharMatcher$JavaUpperCase                                : loaded 2 times (x 111B)
Class org.gradle.api.specs.Spec                                                       : loaded 2 times (x 70B)
Class org.jetbrains.kotlin.gradle.tasks.KotlinCompile$disableMultiModuleIC$2          : loaded 2 times (x 79B)
Class org.jetbrains.kotlin.gradle.plugin.SubpluginEnvironment$Companion               : loaded 2 times (x 71B)
Class org.jetbrains.kotlin.gradle.tasks.configuration.BaseKotlinCompileConfig$Companion: loaded 2 times (x 71B)
Class org.jetbrains.kotlin.gradle.plugin.mpp.compilationImpl.KotlinCompilationImpl$Params: loaded 2 times (x 72B)
Class org.jetbrains.kotlin.gradle.dsl.KotlinJvmOptions$DefaultImpls                   : loaded 2 times (x 71B)
Class org.jetbrains.kotlin.gradle.tooling.BuildKotlinToolingMetadataTask              : loaded 2 times (x 317B)
Class org.jetbrains.kotlin.gradle.plugin.internal.CompatibilityConventionRegistrarKt  : loaded 2 times (x 71B)
Class org.jetbrains.kotlin.build.report.metrics.GradleBuildPerformanceMetric$Companion: loaded 2 times (x 71B)
Class [Lcom.google.common.collect.ImmutableEntry;                                     : loaded 2 times (x 69B)
Class org.jetbrains.kotlin.gradle.tasks.configuration.AbstractKotlinCompileConfig$1$1 : loaded 2 times (x 74B)
Class org.jetbrains.kotlin.gradle.tasks.KotlinCompile$kotlinOptions$1                 : loaded 2 times (x 79B)
Class org.jetbrains.kotlin.gradle.utils.StringUtilsKt                                 : loaded 2 times (x 71B)
Class org.jetbrains.kotlin.tooling.core.ExtrasLazyProperty                            : loaded 2 times (x 70B)
Class org.jetbrains.kotlin.gradle.utils.CompletableFuture                             : loaded 2 times (x 70B)
Class org.jetbrains.kotlin.build.report.metrics.BuildPerformanceMetric                : loaded 2 times (x 70B)
Class [Lorg.jetbrains.kotlin.statistics.metrics.StringOverridePolicy;                 : loaded 2 times (x 69B)
Class com.google.common.cache.LocalCache$LoadingValueReference                        : loaded 2 times (x 96B)
Class org.jetbrains.kotlin.gradle.tasks.configuration.AbstractKotlinCompileConfig$getClasspathSnapshotDir$1: loaded 2 times (x 74B)
Class org.jetbrains.kotlin.gradle.tasks.configuration.AbstractKotlinCompileConfig$1$2 : loaded 2 times (x 74B)
Class com.google.common.collect.Multimaps$Entries                                     : loaded 2 times (x 118B)
Class org.jetbrains.kotlin.gradle.plugin.diagnostics.checkers.CommonMainOrTestWithDependsOnChecker: loaded 2 times (x 74B)
Class org.jetbrains.kotlin.gradle.plugin.KotlinTarget                                 : loaded 2 times (x 70B)
Class [Lorg.jetbrains.kotlin.statistics.metrics.BooleanAnonymizationPolicy;           : loaded 2 times (x 69B)
Class com.google.common.base.Platform                                                 : loaded 2 times (x 71B)
Class Build_gradle$1                                                                  : loaded 2 times (x 78B)
Class build_dijutz39n9jw5r0fc57m6h82a$_run_closure1                                   : loaded 2 times (x 139B)
Class com.google.common.collect.AbstractMapBasedMultimap$WrappedList                  : loaded 2 times (x 205B)
Class com.google.common.collect.CompoundOrdering                                      : loaded 2 times (x 115B)
Class [Lorg.jetbrains.kotlin.build.report.metrics.BuildAttributeKind;                 : loaded 2 times (x 69B)
Class org.jetbrains.kotlin.gradle.tasks.K2MultiplatformStructure                      : loaded 2 times (x 74B)
Class org.jetbrains.kotlin.gradle.internal.KotlinDependenciesManagementKt$allNonProjectDependencies$1: loaded 2 times (x 74B)
Class org.jetbrains.kotlin.compilerRunner.CompilerSystemPropertiesService$Parameters  : loaded 2 times (x 70B)
Class org.jetbrains.kotlin.gradle.plugin.mpp.compilationImpl.KotlinCompilationSourceSetsContainer: loaded 2 times (x 70B)
Class org.jetbrains.kotlin.gradle.plugin.ProjectLocalConfigurations                   : loaded 2 times (x 71B)
Class org.jetbrains.kotlin.gradle.plugin.mpp.KotlinUsages$KotlinUsagesDisambiguation  : loaded 2 times (x 76B)
Class org.jetbrains.kotlin.tooling.core.Extras$Key$Companion                          : loaded 2 times (x 71B)
Class org.jetbrains.kotlin.tooling.core.Extras$Key                                    : loaded 2 times (x 72B)
Class [Lorg.objectweb.asm.AnnotationWriter;                                           : loaded 2 times (x 69B)
Class com.google.common.primitives.Ints$IntConverter                                  : loaded 2 times (x 90B)
Class com.google.common.collect.Maps$8                                                : loaded 2 times (x 82B)
Class build_ayioqhct8y2g31cpeme9ui4gi$_run_closure1                                   : loaded 2 times (x 139B)
Class org.jetbrains.kotlin.gradle.tasks.configuration.AbstractKotlinCompileConfig$1$4 : loaded 2 times (x 75B)
Class com.google.common.collect.ImmutableRangeSet$Builder                             : loaded 2 times (x 77B)
Class [Lcom.google.common.collect.Iterators$EmptyModifiableIterator;                  : loaded 2 times (x 69B)
Class org.jetbrains.kotlin.gradle.plugin.diagnostics.CheckKotlinGradlePluginConfigurationErrors: loaded 2 times (x 317B)
Class org.jetbrains.kotlin.gradle.plugin.sources.DefaultKotlinSourceSetKt             : loaded 2 times (x 71B)
Class org.jetbrains.kotlin.gradle.dsl.KotlinJvmOptions                                : loaded 2 times (x 70B)
Class org.jetbrains.kotlin.gradle.plugin.mpp.HierarchyAttributeContainer$1            : loaded 2 times (x 78B)
Class org.jetbrains.kotlin.gradle.plugin.KotlinPluginLifecycle                        : loaded 2 times (x 70B)
Class org.jetbrains.kotlin.gradle.plugin.KotlinJsPluginWrapper                        : loaded 2 times (x 86B)
Class org.jetbrains.kotlin.gradle.dsl.ToolchainSupport                                : loaded 2 times (x 70B)
Class org.jetbrains.kotlin.tooling.core.Extras                                        : loaded 2 times (x 70B)
Class org.jetbrains.kotlin.gradle.plugin.mpp.InternalKotlinTarget                     : loaded 2 times (x 70B)
Class org.jetbrains.kotlin.statistics.metrics.NumberAnonymizationPolicy$RANDOM_10_PERCENT: loaded 2 times (x 85B)
Class org.jetbrains.kotlin.statistics.metrics.StringMetrics                           : loaded 2 times (x 80B)
Class com.google.common.collect.Sets$SetView                                          : loaded 2 times (x 138B)
Class com.google.common.cache.LocalCache$StrongValueReference                         : loaded 2 times (x 90B)
Class com.google.common.util.concurrent.AbstractFuture$SynchronizedHelper             : loaded 2 times (x 78B)
Class com.google.common.base.CharMatcher$Invisible                                    : loaded 2 times (x 112B)
Class com.google.common.graph.SuccessorsFunction                                      : loaded 2 times (x 70B)
Class org.jetbrains.kotlin.gradle.tasks.CompilerPluginOptions                         : loaded 2 times (x 72B)
Class org.jetbrains.kotlin.gradle.tasks.configuration.AbstractKotlinCompileConfig$1$5 : loaded 2 times (x 75B)
Class org.jetbrains.kotlin.gradle.plugin.mpp.KotlinTargetSoftwareComponentImpl        : loaded 2 times (x 90B)
Class org.jetbrains.kotlin.gradle.plugin.mpp.DefaultKotlinUsageContext$PublishOnlyIf  : loaded 2 times (x 70B)
Class org.jetbrains.kotlin.gradle.dsl.KotlinCommonCompilerOptionsHelper               : loaded 2 times (x 71B)
Class org.jetbrains.kotlin.gradle.plugin.KotlinJvmPlugin$Companion                    : loaded 2 times (x 71B)
Class org.objectweb.asm.Type                                                          : loaded 2 times (x 72B)
Class org.gradle.internal.classloader.VisitableURLClassLoader$InstrumentingVisitableURLClassLoader: loaded 2 times (x 123B)
Class build_b4tsnrvlwm0gyh5f01gpdibji                                                 : loaded 2 times (x 180B)
Class com.google.common.io.Files$FileByteSink                                         : loaded 2 times (x 77B)
Class org.jetbrains.kotlin.gradle.tasks.configuration.AbstractKotlinCompileConfig$1$6 : loaded 2 times (x 75B)
Class [Lorg.jetbrains.kotlin.gradle.tasks.KotlinCompilerExecutionStrategy;            : loaded 2 times (x 69B)
Class org.jetbrains.kotlin.gradle.tasks.FailedCompilationException                    : loaded 2 times (x 82B)
Class org.jetbrains.kotlin.gradle.plugin.mpp.DefaultKotlinUsageContext$1              : loaded 2 times (x 74B)
Class org.jetbrains.kotlin.gradle.plugin.mpp.compilationImpl.KotlinCompilationImpl$associateWith$2: loaded 2 times (x 79B)
Class org.jetbrains.kotlin.gradle.plugin.hierarchy.KotlinSourceSetTreeClassifier      : loaded 2 times (x 70B)
Class org.jetbrains.kotlin.gradle.plugin.mpp.compilationImpl.KotlinCompilationAssociator: loaded 2 times (x 70B)
Class org.jetbrains.kotlin.gradle.plugin.mpp.KotlinNativeTarget                       : loaded 2 times (x 173B)
Class org.jetbrains.kotlin.gradle.plugin.diagnostics.checkers.KotlinSourceSetTreeDependsOnMismatchChecker$runChecks$1: loaded 2 times (x 88B)
Class org.jetbrains.kotlin.gradle.plugin.diagnostics.checkers.PreHmppDependenciesUsageChecker$runChecks$1: loaded 2 times (x 88B)
Class org.jetbrains.kotlin.gradle.plugin.KotlinSourceSetTree$Companion                : loaded 2 times (x 71B)
Class org.jetbrains.kotlin.gradle.plugin.diagnostics.KotlinGradleProjectChecker$Companion: loaded 2 times (x 71B)
Class org.jetbrains.kotlin.gradle.plugin.KotlinGradleBuildServices$Parameters         : loaded 2 times (x 70B)
Class org.jetbrains.kotlin.statistics.fileloggers.MetricsContainer$Companion          : loaded 2 times (x 71B)
Class org.objectweb.asm.ByteVector                                                    : loaded 2 times (x 79B)
Class [Lcom.google.common.cache.CacheBuilder$NullListener;                            : loaded 2 times (x 69B)
Class com.google.common.math.IntMath$1                                                : loaded 2 times (x 71B)
Class org.gradle.internal.classloader.VisitableURLClassLoader$Spec                    : loaded 2 times (x 74B)
Class org.gradle.internal.classpath.DefaultClassPath                                  : loaded 2 times (x 90B)
Class org.jetbrains.kotlin.gradle.plugin.mpp.KotlinSoftwareComponentKt                : loaded 2 times (x 71B)
Class org.jetbrains.kotlin.gradle.plugin.mpp.compilationImpl.KotlinCompilationSourceSetInclusion$AddSourcesToCompileTask: loaded 2 times (x 70B)
Class [Lorg.jetbrains.kotlin.gradle.plugin.HasProject;                                : loaded 2 times (x 69B)
Class org.jetbrains.kotlin.gradle.utils.MutableObservableSetImpl                      : loaded 2 times (x 163B)
Class org.jetbrains.kotlin.gradle.tasks.KotlinTasksProvider                           : loaded 2 times (x 72B)
Class org.jetbrains.kotlin.gradle.plugin.KotlinJsCompilerTypeHolder                   : loaded 2 times (x 70B)
Class org.jetbrains.kotlin.gradle.dsl.DefaultToolchainSupport$wireToolchainToTasks$1  : loaded 2 times (x 75B)
Class org.jetbrains.kotlin.gradle.dsl.KotlinCommonCompilerOptions                     : loaded 2 times (x 70B)
Class [Lorg.jetbrains.kotlin.build.report.metrics.GradleBuildTime;                    : loaded 2 times (x 69B)
Class org.objectweb.asm.Symbol                                                        : loaded 2 times (x 73B)
Class com.google.common.base.AbstractIterator                                         : loaded 2 times (x 80B)
Class build_2sd8ex6etj9vtds3g5v8bmhk8                                                 : loaded 2 times (x 180B)
Class com.google.common.io.Closer                                                     : loaded 2 times (x 78B)
Class org.jetbrains.kotlin.build.report.metrics.BuildAttributes                       : loaded 2 times (x 72B)
Class org.jetbrains.kotlin.gradle.plugin.mpp.compilationImpl.KotlinCompilationImpl    : loaded 2 times (x 140B)
Class [Lorg.jetbrains.kotlin.gradle.plugin.mpp.compilationImpl.factory.KotlinCompilationImplFactory$PostConfigure;: loaded 2 times (x 69B)
Class org.jetbrains.kotlin.gradle.plugin.KotlinSourceSet$Companion                    : loaded 2 times (x 71B)
Class [Lorg.jetbrains.kotlin.gradle.report.BuildReportMode;                           : loaded 2 times (x 69B)
Class org.jetbrains.kotlin.statistics.metrics.BooleanOverridePolicy                   : loaded 2 times (x 85B)
Class com.google.common.collect.RegularImmutableMap$Values                            : loaded 2 times (x 207B)
Class com.google.common.collect.ImmutableSet                                          : loaded 2 times (x 145B)
Class com.google.common.base.CharMatcher$BitSetMatcher                                : loaded 2 times (x 112B)
Class com.google.common.base.CharMatcher$Ascii                                        : loaded 2 times (x 112B)
Class org.gradle.internal.classloader.ClassLoaderSpec                                 : loaded 2 times (x 71B)
Class build_17ueyoykc2pf06124y3fmo066$_run_closure1                                   : loaded 2 times (x 139B)
Class org.jetbrains.kotlin.gradle.tasks.DefaultKotlinJavaToolchain$DefaultJavaToolchainSetter: loaded 2 times (x 75B)
Class org.jetbrains.kotlin.build.report.metrics.BuildAttributeKind                    : loaded 2 times (x 79B)
Class org.jetbrains.kotlin.gradle.plugin.mpp.KotlinCompilationsKt$moduleNameForCompilation$1: loaded 2 times (x 75B)
Class org.jetbrains.kotlin.gradle.plugin.sources.KotlinDependencyScopeKt              : loaded 2 times (x 71B)
Class org.jetbrains.kotlin.compilerRunner.CompilerSystemPropertiesService$Companion$registerIfAbsent$2$1: loaded 2 times (x 79B)
Class org.jetbrains.kotlin.gradle.plugin.mpp.KotlinCompilationsKt$addSourcesToKotlinCompileTask$1: loaded 2 times (x 75B)
Class org.jetbrains.kotlin.gradle.internal.KotlinDependenciesManagementKt$configureDefaultVersionsResolutionStrategy$1$1: loaded 2 times (x 75B)
Class org.jetbrains.kotlin.gradle.plugin.diagnostics.CheckKotlinGradlePluginConfigurationErrorsKt$locateOrRegisterCheckKotlinGradlePluginErrorsTask$taskProvider$1: loaded 2 times (x 75B)
Class org.jetbrains.kotlin.gradle.tooling.BuildKotlinToolingMetadataTaskKt$buildKotlinToolingMetadataTask$1: loaded 2 times (x 78B)
Class org.jetbrains.kotlin.gradle.internal.Kapt3GradleSubplugin$Companion             : loaded 2 times (x 71B)
Class [Lorg.jetbrains.kotlin.statistics.metrics.NumberOverridePolicy;                 : loaded 2 times (x 69B)
Class org.objectweb.asm.AnnotationWriter                                              : loaded 2 times (x 79B)
Class com.google.common.cache.CacheStats                                              : loaded 2 times (x 71B)
Class build_1qofvhahsrpvhl8kakx0dz4fd                                                 : loaded 2 times (x 180B)
Class com.google.common.io.Closer$Suppressor                                          : loaded 2 times (x 70B)
Class com.google.common.io.LineProcessor                                              : loaded 2 times (x 70B)
Class org.jetbrains.kotlin.gradle.tasks.K2MultiplatformStructure$RefinesEdge          : loaded 2 times (x 72B)
Class org.jetbrains.kotlin.gradle.tasks.configuration.TaskConfigAction$configureTask$1: loaded 2 times (x 79B)
Class com.google.common.collect.AbstractMapBasedMultimap$2                            : loaded 2 times (x 85B)
Class org.jetbrains.kotlin.gradle.plugin.diagnostics.checkers.DuplicateSourceSetChecker$runChecks$1: loaded 2 times (x 88B)
Class org.jetbrains.kotlin.gradle.dsl.JvmTarget                                       : loaded 2 times (x 79B)
Class org.jetbrains.kotlin.gradle.internal.ClassLoadersCachingBuildService            : loaded 2 times (x 76B)
Class org.jetbrains.kotlin.gradle.plugin.VariantImplementationFactories$Inject        : loaded 2 times (x 106B)
Class org.jetbrains.kotlin.gradle.plugin.VariantImplementationFactoriesConfigurator$Companion: loaded 2 times (x 71B)
Class org.objectweb.asm.RecordComponentWriter                                         : loaded 2 times (x 78B)
Class com.google.common.util.concurrent.AbstractFuture$Listener                       : loaded 2 times (x 72B)
Class com.google.common.base.CharMatcher$Or                                           : loaded 2 times (x 112B)
Class com.google.common.collect.ForwardingSet                                         : loaded 2 times (x 151B)
Class org.jetbrains.kotlin.gradle.tasks.KotlinCompile_Decorated                       : loaded 2 times (x 599B)
Class org.jetbrains.kotlin.gradle.plugin.internal.BuildIdService$Companion            : loaded 2 times (x 71B)
Class org.jetbrains.kotlin.gradle.targets.js.dsl.KotlinWasmSubTargetContainerDsl      : loaded 2 times (x 70B)
Class org.jetbrains.kotlin.gradle.plugin.diagnostics.checkers.DisabledCinteropCommonizationInHmppProjectChecker: loaded 2 times (x 74B)
Class org.jetbrains.kotlin.gradle.plugin.diagnostics.checkers.NoKotlinTargetsDeclaredChecker: loaded 2 times (x 74B)
Class org.jetbrains.kotlin.gradle.plugin.KotlinSourceSetContainer                     : loaded 2 times (x 70B)
Class org.objectweb.asm.Attribute                                                     : loaded 2 times (x 77B)
Class com.google.common.base.Supplier                                                 : loaded 2 times (x 70B)
Class org.gradle.internal.classloader.VisitableURLClassLoader                         : loaded 2 times (x 117B)
Class org.jetbrains.kotlin.gradle.plugin.sources.InternalKotlinSourceSetKt$awaitPlatformCompilations$1: loaded 2 times (x 88B)
Class [Lorg.jetbrains.kotlin.gradle.plugin.sources.KotlinDependencyScope;             : loaded 2 times (x 69B)
Class org.jetbrains.kotlin.gradle.plugin.mpp.compilationImpl.factory.ConfigurationNaming: loaded 2 times (x 70B)
Class org.jetbrains.kotlin.gradle.plugin.mpp.compilationImpl.DefaultKotlinCompilationPostConfigureKt: loaded 2 times (x 71B)
Class org.jetbrains.kotlin.gradle.plugin.diagnostics.KotlinGradleProjectCheckersRunnerKt: loaded 2 times (x 71B)
Class [Lorg.jetbrains.kotlin.tooling.core.HasExtras;                                  : loaded 2 times (x 69B)
Class org.jetbrains.kotlin.gradle.dsl.DefaultToolchainSupport$wireToolchainToTasks$1$1: loaded 2 times (x 75B)
Class org.jetbrains.kotlin.gradle.utils.SingleActionPerProject                        : loaded 2 times (x 73B)
Class com.google.common.util.concurrent.AbstractFuture$Waiter                         : loaded 2 times (x 72B)
Class org.jetbrains.kotlin.gradle.plugin.DefaultKotlinBasePlugin                      : loaded 2 times (x 82B)
Class org.gradle.internal.Cast                                                        : loaded 2 times (x 71B)
Class org.gradle.api.Action                                                           : loaded 2 times (x 70B)
Class [Lorg.jetbrains.kotlin.gradle.plugin.mpp.KotlinUsageContext$MavenScope;         : loaded 2 times (x 69B)
Class org.jetbrains.kotlin.gradle.plugin.mpp.compilationImpl.KotlinCompilationCompilerOptionsFromTargetConfigurator: loaded 2 times (x 74B)
Class org.jetbrains.kotlin.gradle.utils.FailuresKt$ideaSyncClasspathModeUtil$1        : loaded 2 times (x 72B)
Class org.jetbrains.kotlin.gradle.plugin.diagnostics.KotlinToolingDiagnosticsCollector$Inject: loaded 2 times (x 96B)
Class org.jetbrains.kotlin.gradle.dsl.KotlinTargetContainerWithWasmPresetFunctions    : loaded 2 times (x 70B)
Class org.jetbrains.kotlin.gradle.plugin.GradleUtilsKt                                : loaded 2 times (x 71B)
Class com.google.common.collect.Sets                                                  : loaded 2 times (x 71B)
Class org.objectweb.asm.Handler                                                       : loaded 2 times (x 72B)
Class com.google.common.base.Ticker                                                   : loaded 2 times (x 72B)
Class com.google.common.base.Strings                                                  : loaded 2 times (x 71B)
Class com.google.common.base.CharMatcher$FastMatcher                                  : loaded 2 times (x 111B)
Class org.gradle.internal.agents.InstrumentingClassLoader                             : loaded 2 times (x 70B)
Class org.jetbrains.kotlin.gradle.tasks.KotlinCompile$javaSources$1                   : loaded 2 times (x 75B)
Class org.jetbrains.kotlin.gradle.plugin.KotlinTarget$DefaultImpls                    : loaded 2 times (x 71B)
Class org.jetbrains.kotlin.gradle.plugin.diagnostics.KotlinToolingDiagnosticsCollector: loaded 2 times (x 76B)
Class org.jetbrains.kotlin.tooling.core.MutableExtrasImpl                             : loaded 2 times (x 165B)
Class org.jetbrains.kotlin.gradle.plugin.statistics.KotlinBuildStatsMXBean            : loaded 2 times (x 70B)
Class org.jetbrains.kotlin.gradle.utils.FileUtilsKt                                   : loaded 2 times (x 71B)
Class [Lcom.google.common.cache.LocalCache$Segment;                                   : loaded 2 times (x 69B)
Class [Lcom.google.common.cache.LocalCache$Strength;                                  : loaded 2 times (x 69B)
Class com.google.common.cache.CacheBuilder$1                                          : loaded 2 times (x 85B)
Class com.google.common.collect.ImmutableMap                                          : loaded 2 times (x 120B)
Class com.google.common.base.Predicate                                                : loaded 2 times (x 70B)
Class org.gradle.internal.classpath.DefaultClassPath$ImmutableUniqueList$Builder      : loaded 2 times (x 75B)
Class org.jetbrains.kotlin.gradle.plugin.mpp.KotlinCompilationFactory$DefaultImpls    : loaded 2 times (x 71B)
Class com.google.common.collect.AbstractRangeSet                                      : loaded 2 times (x 114B)
Class org.jetbrains.kotlin.gradle.plugin.diagnostics.checkers.InternalGradlePropertiesUsageChecker: loaded 2 times (x 74B)
Class org.jetbrains.kotlin.gradle.targets.metadata.KotlinMetadataTargetConfiguratorKt : loaded 2 times (x 71B)
Class org.jetbrains.kotlin.gradle.testing.internal.KotlinTestsRegistry$Companion      : loaded 2 times (x 71B)
Class org.jetbrains.kotlin.gradle.dsl.KotlinCommonCompilerToolOptions                 : loaded 2 times (x 70B)
Class org.jetbrains.kotlin.gradle.internal.ClassLoadersCachingBuildService$Companion$registerIfAbsent$1$1: loaded 2 times (x 79B)
Class org.jetbrains.kotlin.gradle.plugin.internal.DefaultConfigurationCacheStartParameterAccessorVariantFactory: loaded 2 times (x 76B)
Class com.google.common.cache.LocalCache                                              : loaded 2 times (x 187B)
Class com.google.common.cache.CacheBuilder$2                                          : loaded 2 times (x 72B)
Class com.google.common.base.CharMatcher$NegatedFastMatcher                           : loaded 2 times (x 113B)
Class org.jetbrains.kotlin.build.report.metrics.BuildPerformanceMetrics$Companion     : loaded 2 times (x 71B)
Class org.jetbrains.kotlin.cli.common.arguments.K2JVMCompilerArguments                : loaded 2 times (x 81B)
Class org.jetbrains.kotlin.gradle.plugin.mpp.compilationImpl.DefaultKotlinCompilationSourceSetsContainer$source$1: loaded 2 times (x 79B)
Class org.jetbrains.kotlin.gradle.internal.KotlinTestDependencyManagementKt           : loaded 2 times (x 71B)
Class [Lorg.jetbrains.kotlin.gradle.plugin.sources.ConsistencyCheck;                  : loaded 2 times (x 69B)
Class org.jetbrains.kotlin.gradle.report.ReportingSettings                            : loaded 2 times (x 72B)
Class org.jetbrains.kotlin.statistics.metrics.StringAnonymizationPolicy$ComponentVersionAnonymizer: loaded 2 times (x 78B)
Class [Lcom.google.common.collect.AbstractMapEntry;                                   : loaded 2 times (x 69B)
Class com.google.common.collect.ImmutableEntry                                        : loaded 2 times (x 82B)
Class com.google.common.collect.ArrayListMultimap                                     : loaded 2 times (x 172B)
Class com.google.common.base.AbstractIterator$1                                       : loaded 2 times (x 71B)
Class com.google.common.base.CharMatcher$Digit                                        : loaded 2 times (x 112B)
Class org.jetbrains.kotlin.gradle.plugin.KotlinBasePluginWrapper                      : loaded 2 times (x 86B)
Class org.gradle.api.GradleException                                                  : loaded 2 times (x 82B)
Class build_2u87o7j9odfzsrbg95b26qnzy$_run_closure1                                   : loaded 2 times (x 139B)
Class build_3wvh980or756czrtmx0yhw7fr                                                 : loaded 2 times (x 180B)
Class com.google.common.base.Suppliers$MemoizingSupplier                              : loaded 2 times (x 79B)
Class org.jetbrains.kotlin.gradle.plugin.ProjectLocalConfigurations$ProjectLocalCompatibility: loaded 2 times (x 76B)
Class org.jetbrains.kotlin.gradle.dsl.KotlinJvmCompilerOptions                        : loaded 2 times (x 70B)
Class com.google.common.collect.CollectPreconditions                                  : loaded 2 times (x 71B)
Class com.google.common.base.CharMatcher$JavaIsoControl                               : loaded 2 times (x 112B)
Class [Lcom.google.common.io.FileWriteMode;                                           : loaded 2 times (x 69B)
Class org.jetbrains.kotlin.gradle.plugin.KotlinPluginLifecycleImpl$launch$1           : loaded 2 times (x 79B)
Class org.jetbrains.kotlin.gradle.utils.Completable                                   : loaded 2 times (x 72B)
Class org.jetbrains.kotlin.gradle.plugin.statistics.KotlinBuildStatsServicesRegistry$Companion: loaded 2 times (x 71B)
Class org.jetbrains.kotlin.gradle.plugin.internal.DefaultCompatibilityConventionRegistrar$Factory: loaded 2 times (x 76B)
Class com.google.common.collect.SortedMapDifference                                   : loaded 2 times (x 70B)
Class com.google.common.base.CharMatcher$JavaLowerCase                                : loaded 2 times (x 111B)
Class build_9lei75vd1n1ekpwlprvzcmasn$_run_closure1                                   : loaded 2 times (x 139B)
Class build_6tfulbst8r69nx0oui8jnpjj8$_run_closure1                                   : loaded 2 times (x 139B)
Class com.google.common.io.Files                                                      : loaded 2 times (x 71B)
Class org.jetbrains.kotlin.gradle.tasks.DefaultKotlinJavaToolchain$DefaultJdkSetter   : loaded 2 times (x 76B)
Class org.jetbrains.kotlin.cli.common.arguments.CommonCompilerArguments               : loaded 2 times (x 80B)
Class org.jetbrains.kotlin.gradle.plugin.mpp.KotlinOnlyTarget                         : loaded 2 times (x 159B)
Class org.jetbrains.kotlin.gradle.targets.js.npm.BaseNpmDependencyExtension           : loaded 2 times (x 70B)
Class org.jetbrains.kotlin.gradle.dsl.KotlinVersion$Companion                         : loaded 2 times (x 71B)
Class org.jetbrains.kotlin.gradle.InternalKotlinGradlePluginApi                       : loaded 2 times (x 70B)
Class org.jetbrains.kotlin.gradle.dsl.DefaultToolchainSupport                         : loaded 2 times (x 76B)
Class org.jetbrains.kotlin.gradle.plugin.internal.CustomPropertiesFileValueSource     : loaded 2 times (x 82B)
Class com.google.common.cache.LocalCache$EntryFactory                                 : loaded 2 times (x 83B)
Class com.google.common.collect.NullsLastOrdering                                     : loaded 2 times (x 115B)
Class org.jetbrains.kotlin.gradle.tasks.TaskOutputsBackup                             : loaded 2 times (x 72B)
Class org.jetbrains.kotlin.gradle.internal.StdlibDependencyManagementKt$configureStdlibVersionAlignment$1$1: loaded 2 times (x 75B)
Class org.jetbrains.kotlin.gradle.dsl.KotlinProjectExtension$awaitSourceSets$1        : loaded 2 times (x 88B)
Class org.jetbrains.kotlin.gradle.plugin.KotlinPluginLifecycle$CoroutineStart         : loaded 2 times (x 79B)
Class org.jetbrains.kotlin.gradle.tasks.TasksProviderKt$sam$org_gradle_api_Action$0   : loaded 2 times (x 75B)
Class org.jetbrains.kotlin.gradle.tooling.BuildKotlinToolingMetadataTask$FromKotlinExtension: loaded 2 times (x 317B)
Class org.jetbrains.kotlin.gradle.utils.FailuresKt                                    : loaded 2 times (x 71B)
Class org.jetbrains.kotlin.gradle.internal.ClassLoadersCachingBuildService$Companion$registerIfAbsent$1$1$1: loaded 2 times (x 75B)
Class org.jetbrains.kotlin.tooling.core.HasMutableExtras                              : loaded 2 times (x 70B)
Class com.google.common.cache.LocalCache$AbstractReferenceEntry                       : loaded 2 times (x 107B)
Class com.google.common.base.Splitter$1$1                                             : loaded 2 times (x 86B)
Class com.google.common.base.CharMatcher$Whitespace                                   : loaded 2 times (x 112B)
Class org.gradle.internal.IoActions                                                   : loaded 2 times (x 71B)
Class org.jetbrains.kotlin.gradle.internal.Kapt3KotlinGradleSubpluginKt               : loaded 2 times (x 71B)
Class org.jetbrains.kotlin.gradle.dsl.KotlinJvmCompile                                : loaded 2 times (x 70B)
Class com.google.common.collect.ImmutableRangeSet$ComplementRanges                    : loaded 2 times (x 207B)
Class org.jetbrains.kotlin.gradle.internal.Kapt3GradleSubplugin                       : loaded 2 times (x 83B)
Class org.jetbrains.kotlin.statistics.metrics.BooleanOverridePolicy$OR                : loaded 2 times (x 85B)
Class org.jetbrains.kotlin.gradle.plugin.UsesVariantImplementationFactories           : loaded 2 times (x 70B)
Class org.objectweb.asm.SymbolTable                                                   : loaded 2 times (x 72B)
Class com.google.common.cache.CacheLoader$InvalidCacheLoadException                   : loaded 2 times (x 82B)
Class com.google.common.collect.ImmutableSet$RegularSetBuilderImpl                    : loaded 2 times (x 77B)
Class com.google.common.base.CharMatcher$SingleWidth                                  : loaded 2 times (x 112B)
Class org.gradle.internal.classloader.SystemClassLoaderSpec                           : loaded 2 times (x 71B)
Class org.jetbrains.kotlin.gradle.tasks.CacheableTasksKt$cacheOnlyIfEnabledForKotlin$1$1: loaded 2 times (x 74B)
Class org.jetbrains.kotlin.gradle.tasks.configuration.BaseKotlinCompileConfig$1$1     : loaded 2 times (x 74B)
Class org.jetbrains.kotlin.gradle.plugin.mpp.compilationImpl.factory.KotlinCompilationImplFactory$PostConfigure: loaded 2 times (x 70B)
Class org.jetbrains.kotlin.gradle.plugin.diagnostics.checkers.NoKotlinTargetsDeclaredChecker$runChecks$1: loaded 2 times (x 88B)
Class org.jetbrains.kotlin.gradle.plugin.mpp.AbstractKotlinTarget$kotlinComponents$2  : loaded 2 times (x 79B)
Class org.jetbrains.kotlin.gradle.plugin.KotlinPlatformType$CompatibilityRule         : loaded 2 times (x 76B)
Class org.jetbrains.kotlin.gradle.plugin.BuildEventsListenerRegistryHolder            : loaded 2 times (x 72B)
Class [Lorg.jetbrains.kotlin.statistics.metrics.BooleanOverridePolicy;                : loaded 2 times (x 69B)
Class org.jetbrains.kotlin.gradle.plugin.internal.CustomPropertiesFileValueSource$Parameters$Inject: loaded 2 times (x 106B)
Class com.google.common.cache.LocalCache$StrongEntry                                  : loaded 2 times (x 108B)
Class com.google.common.util.concurrent.AbstractFuture$TrustedFuture                  : loaded 2 times (x 114B)
Class com.google.common.cache.LoadingCache                                            : loaded 2 times (x 70B)
Class com.google.common.base.Suppliers$NonSerializableMemoizingSupplier               : loaded 2 times (x 79B)
Class org.jetbrains.kotlin.gradle.tasks.GradleCompileTaskProvider                     : loaded 2 times (x 72B)
Class org.jetbrains.kotlin.gradle.plugin.mpp.KotlinTargetSoftwareComponentImplKt$KotlinTargetSoftwareComponent$1: loaded 2 times (x 95B)
Class org.jetbrains.kotlin.gradle.plugin.internal.BuildIdService                      : loaded 2 times (x 76B)
Class org.jetbrains.kotlin.gradle.plugin.mpp.compilationImpl.factory.KotlinCompilationDependencyConfigurationsFactoriesKt: loaded 2 times (x 71B)
Class org.jetbrains.kotlin.gradle.plugin.mpp.compilationImpl.DefaultKotlinCompilationFriendPathsResolver: loaded 2 times (x 75B)
Class org.jetbrains.kotlin.gradle.plugin.diagnostics.checkers.WasmSourceSetsNotFoundChecker$runChecks$1: loaded 2 times (x 88B)
Class org.jetbrains.kotlin.gradle.dsl.KotlinVersion                                   : loaded 2 times (x 79B)
Class org.objectweb.asm.MethodWriter                                                  : loaded 2 times (x 106B)
Class [Lcom.google.common.cache.Weigher;                                              : loaded 2 times (x 69B)
Class com.google.common.collect.RegularImmutableMap$BucketOverflowException           : loaded 2 times (x 82B)
Class com.google.common.collect.AbstractMapBasedMultimap$RandomAccessWrappedList      : loaded 2 times (x 205B)
Class org.jetbrains.kotlin.gradle.plugin.sources.KotlinDependencyScope$Companion      : loaded 2 times (x 71B)
Class org.jetbrains.kotlin.gradle.plugin.KotlinPluginLifecycleKt$launchInStage$1      : loaded 2 times (x 95B)
Class org.jetbrains.kotlin.gradle.tasks.configuration.BaseKotlinCompileConfig$1$3     : loaded 2 times (x 75B)
Class org.jetbrains.kotlin.gradle.tasks.KotlinJvmCompile                              : loaded 2 times (x 70B)
Class org.jetbrains.kotlin.gradle.plugin.mpp.compilationImpl.KotlinCompilationSourceSetsContainerKt: loaded 2 times (x 71B)
Class org.jetbrains.kotlin.gradle.report.BuildReportMode                              : loaded 2 times (x 79B)
Class org.jetbrains.kotlin.statistics.metrics.StringAnonymizationPolicy$RegexControlled: loaded 2 times (x 79B)
Class org.jetbrains.kotlin.statistics.ValueAnonymizer                                 : loaded 2 times (x 70B)
Class org.jetbrains.kotlin.gradle.plugin.VariantImplementationFactories$Companion$getProvider$2$1$1: loaded 2 times (x 75B)
Class org.jetbrains.kotlin.gradle.plugin.internal.ProjectIsolationStartParameterAccessor$Factory: loaded 2 times (x 70B)
Class org.jetbrains.kotlin.gradle.tasks.KotlinCompile$disableMultiModuleIC$2$1        : loaded 2 times (x 75B)
Class org.jetbrains.kotlin.gradle.tasks.DefaultKotlinJavaToolchain$javaExecutable$1   : loaded 2 times (x 75B)
Class org.jetbrains.kotlin.build.report.metrics.BuildAttribute                        : loaded 2 times (x 79B)
Class org.jetbrains.kotlin.gradle.plugin.mpp.compilationImpl.KotlinCompilationRegisterInSourceSetsConfigurator: loaded 2 times (x 74B)
Class org.jetbrains.kotlin.gradle.plugin.mpp.compilationImpl.factory.DefaultKotlinCompilationTaskNamesContainerFactory: loaded 2 times (x 74B)
Class [Lorg.jetbrains.kotlin.gradle.targets.js.npm.NpmDependency$Scope;               : loaded 2 times (x 69B)
Class org.jetbrains.kotlin.gradle.plugin.KotlinCompilerPluginSupportPlugin            : loaded 2 times (x 70B)
Class org.jetbrains.kotlin.gradle.plugin.mpp.AbstractKotlinTarget$components$2        : loaded 2 times (x 79B)
Class org.jetbrains.kotlin.gradle.plugin.mpp.KotlinUsages$setupAttributesMatchingStrategy$1: loaded 2 times (x 74B)
Class org.jetbrains.kotlin.gradle.utils.AndroidPluginIdsKt                            : loaded 2 times (x 71B)
Class com.google.common.collect.RegularImmutableBiMap                                 : loaded 2 times (x 148B)
Class com.google.common.cache.LocalCache$ValueReference                               : loaded 2 times (x 70B)
Class com.google.common.base.CharMatcher$Negated                                      : loaded 2 times (x 113B)
Class com.google.common.base.CharMatcher$Is                                           : loaded 2 times (x 111B)
Class org.jetbrains.kotlin.gradle.plugin.KotlinBasePlugin                             : loaded 2 times (x 70B)
Class com.google.common.hash.PrimitiveSink                                            : loaded 2 times (x 70B)
Class org.jetbrains.kotlin.gradle.tasks.internal.KotlinJvmOptionsCompat               : loaded 2 times (x 103B)
Class org.jetbrains.kotlin.cli.common.arguments.CommonToolArguments                   : loaded 2 times (x 73B)
Class org.jetbrains.kotlin.gradle.utils.FutureKt                                      : loaded 2 times (x 71B)
Class org.jetbrains.kotlin.gradle.logging.GradleLoggingUtilsKt                        : loaded 2 times (x 71B)
Class com.google.common.util.concurrent.AbstractFuture$Failure                        : loaded 2 times (x 72B)
Class com.google.common.base.Equivalence$Equals                                       : loaded 2 times (x 82B)
Class com.google.common.collect.Hashing                                               : loaded 2 times (x 71B)
Class com.google.common.base.PatternCompiler                                          : loaded 2 times (x 70B)
Class com.google.common.base.Preconditions                                            : loaded 2 times (x 71B)
Class com.google.common.io.CharSink                                                   : loaded 2 times (x 79B)
Class com.google.common.collect.ByFunctionOrdering                                    : loaded 2 times (x 115B)
Class org.jetbrains.kotlin.compilerRunner.GradleCompilerRunner$Companion              : loaded 2 times (x 71B)
Class [Lorg.jetbrains.kotlin.gradle.dsl.PlatformSourceSetConventionsChecker$CheckedPlatformInfo;: loaded 2 times (x 69B)
Class org.jetbrains.kotlin.gradle.plugin.diagnostics.KotlinGradleProjectCheckerContext: loaded 2 times (x 72B)
Class org.jetbrains.kotlin.gradle.plugin.diagnostics.checkers.DuplicateSourceSetChecker: loaded 2 times (x 74B)
Class org.jetbrains.kotlin.gradle.dsl.KotlinTargetContainerWithNativeShortcuts        : loaded 2 times (x 70B)
Class org.jetbrains.kotlin.gradle.plugin.DefaultKotlinBasePlugin$setupAttributeMatchingStrategy$1$1: loaded 2 times (x 79B)
Class org.jetbrains.kotlin.statistics.metrics.NumericalMetrics$Companion              : loaded 2 times (x 71B)
Class [Lorg.jetbrains.kotlin.statistics.metrics.NumberAnonymizationPolicy;            : loaded 2 times (x 69B)
Class org.jetbrains.kotlin.statistics.metrics.NumberOverridePolicy$OVERRIDE           : loaded 2 times (x 85B)
Class com.google.common.base.Joiner$1                                                 : loaded 2 times (x 80B)
Class org.objectweb.asm.Label                                                         : loaded 2 times (x 73B)
Class org.objectweb.asm.CurrentFrame                                                  : loaded 2 times (x 73B)
Class org.objectweb.asm.ClassTooLargeException                                        : loaded 2 times (x 83B)
Class com.google.common.collect.PeekingIterator                                       : loaded 2 times (x 70B)
Class com.google.common.base.CharMatcher                                              : loaded 2 times (x 111B)
Class org.jetbrains.kotlin.gradle.tasks.configuration.AbstractKotlinCompileConfig$2$2$1: loaded 2 times (x 75B)
Class org.jetbrains.kotlin.build.report.metrics.BuildAttributes$Companion             : loaded 2 times (x 71B)
Class org.jetbrains.kotlin.gradle.tasks.KotlinCompilationTask                         : loaded 2 times (x 70B)
Class org.jetbrains.kotlin.gradle.plugin.mpp.compilationImpl.factory.KotlinCompilationImplFactory$ProcessResourcesTaskNameFactory: loaded 2 times (x 70B)
Class com.google.common.collect.RangeGwtSerializationDependencies                     : loaded 2 times (x 71B)
Class org.jetbrains.kotlin.gradle.internal.KotlinDependenciesManagementKt             : loaded 2 times (x 71B)
Class org.jetbrains.kotlin.gradle.plugin.DefaultKotlinBasePlugin$setupAttributeMatchingStrategy$1$2: loaded 2 times (x 79B)
Class org.jetbrains.kotlin.gradle.plugin.internal.CustomPropertiesFileValueSource$Inject: loaded 2 times (x 113B)
Class com.google.common.base.Joiner$2                                                 : loaded 2 times (x 79B)
Class org.objectweb.asm.Frame                                                         : loaded 2 times (x 73B)
Class org.objectweb.asm.MethodVisitor                                                 : loaded 2 times (x 105B)
Class com.google.common.cache.LocalCache$EntryFactory$1                               : loaded 2 times (x 83B)
Class [Lcom.google.common.cache.RemovalListener;                                      : loaded 2 times (x 69B)
Class com.google.common.base.CharMatcher$1                                            : loaded 2 times (x 113B)
Class com.google.common.base.CharMatcher$NamedFastMatcher                             : loaded 2 times (x 112B)
Class org.jetbrains.kotlin.compilerRunner.UsesCompilerSystemPropertiesService         : loaded 2 times (x 70B)
Class org.jetbrains.kotlin.gradle.plugin.mpp.compilationImpl.KotlinCompilationSourceSetInclusion$Companion: loaded 2 times (x 71B)
Class com.google.common.collect.RangeSet                                              : loaded 2 times (x 70B)
Class org.jetbrains.kotlin.gradle.plugin.diagnostics.checkers.MissingNativeStdlibChecker$runChecks$1: loaded 2 times (x 88B)
Class [Lorg.jetbrains.kotlin.gradle.plugin.sources.android.AndroidVariantType;        : loaded 2 times (x 69B)
Class org.jetbrains.kotlin.gradle.plugin.sources.android.AndroidVariantType           : loaded 2 times (x 79B)
Class org.jetbrains.kotlin.gradle.plugin.mpp.KotlinTargetSoftwareComponent            : loaded 2 times (x 89B)
Class org.jetbrains.kotlin.gradle.plugin.mpp.KotlinVariant                            : loaded 2 times (x 101B)
Class org.jetbrains.kotlin.gradle.utils.WhenPluginEnabledKt                           : loaded 2 times (x 71B)
Class org.jetbrains.kotlin.tooling.core.ExtrasProperty                                : loaded 2 times (x 70B)
Class org.jetbrains.kotlin.gradle.plugin.VariantImplementationFactories               : loaded 2 times (x 75B)
Class com.google.common.cache.LocalCache$EntryFactory$2                               : loaded 2 times (x 83B)
Class build_bd0g1wr7vh14bk9g7h3c9wiko                                                 : loaded 2 times (x 180B)
Class build_4ieuykrdkdp5yukqfogmxybsc$_run_closure1                                   : loaded 2 times (x 139B)
Class com.google.common.collect.Multimaps                                             : loaded 2 times (x 71B)
Class org.jetbrains.kotlin.tooling.core.Extras$Entry$Companion                        : loaded 2 times (x 71B)
Class com.google.common.collect.CollectCollectors                                     : loaded 2 times (x 71B)
Class org.jetbrains.kotlin.gradle.targets.js.dsl.KotlinWasmWasiTargetDsl              : loaded 2 times (x 70B)
Class org.jetbrains.kotlin.gradle.plugin.diagnostics.checkers.DisabledNativeTargetsChecker: loaded 2 times (x 74B)
Class org.jetbrains.kotlin.gradle.internal.CompilerArgumentAware                      : loaded 2 times (x 70B)
Class org.objectweb.asm.ModuleWriter                                                  : loaded 2 times (x 82B)
Class com.google.common.cache.LocalCache$EntryFactory$3                               : loaded 2 times (x 83B)
Class com.google.common.base.Ticker$1                                                 : loaded 2 times (x 72B)
Class com.google.common.collect.ImmutableMapEntrySet$RegularEntrySet                  : loaded 2 times (x 151B)
Class com.google.common.collect.Maps$BiMapConverter                                   : loaded 2 times (x 90B)
Class Native_plugin_loader_gradle$NativePluginLoader                                  : loaded 2 times (x 72B)
Class org.jetbrains.kotlin.gradle.tasks.K2MultiplatformStructure_Decorated            : loaded 2 times (x 135B)
Class org.jetbrains.kotlin.compilerRunner.GradleCompilerRunner                        : loaded 2 times (x 73B)
Class com.google.common.collect.SetMultimap                                           : loaded 2 times (x 70B)
Class org.jetbrains.kotlin.gradle.dsl.AndroidMainSourceSetConventionsChecker$runChecks$1: loaded 2 times (x 88B)
Class org.jetbrains.kotlin.gradle.plugin.sources.FragmentConsistencyChecks            : loaded 2 times (x 72B)
Class org.jetbrains.kotlin.gradle.plugin.mpp.InternalKotlinTargetComponent            : loaded 2 times (x 93B)
Class org.jetbrains.kotlin.gradle.utils.ProviderApiUtilsKt                            : loaded 2 times (x 71B)
Class org.jetbrains.kotlin.gradle.internal.tasks.TaskWithLocalState                   : loaded 2 times (x 70B)
Class org.jetbrains.kotlin.statistics.metrics.BooleanMetrics                          : loaded 2 times (x 80B)
Class com.google.common.cache.LocalCache$EntryFactory$4                               : loaded 2 times (x 83B)
Class com.google.common.collect.ImmutableSet$Builder                                  : loaded 2 times (x 85B)
Class com.google.common.base.CharMatcher$InRange                                      : loaded 2 times (x 111B)
Class build_a4x7tvv1bvly0grvbfjty46yj$_run_closure1                                   : loaded 2 times (x 139B)
Class com.google.common.collect.ReverseOrdering                                       : loaded 2 times (x 115B)
Class org.jetbrains.kotlin.gradle.plugin.sources.KotlinDependencyScopeKt$WhenMappings : loaded 2 times (x 71B)
Class org.jetbrains.kotlin.gradle.tasks.K2MultiplatformCompilationTask                : loaded 2 times (x 70B)
Class org.jetbrains.kotlin.gradle.plugin.sources.FragmentConsistencyChecks$languageVersionCheck$1: loaded 2 times (x 79B)
Class org.jetbrains.kotlin.gradle.plugin.mpp.DecoratedKotlinCompilation               : loaded 2 times (x 191B)
Class [Lorg.jetbrains.kotlin.gradle.plugin.KotlinPlatformType;                        : loaded 2 times (x 69B)
Class org.jetbrains.kotlin.statistics.metrics.NumberOverridePolicy$AVERAGE            : loaded 2 times (x 85B)
Class org.jetbrains.kotlin.gradle.plugin.VariantImplementationFactories$Parameters$Inject: loaded 2 times (x 106B)
Class com.google.common.cache.LocalCache$EntryFactory$5                               : loaded 2 times (x 83B)
Class build_4ieuykrdkdp5yukqfogmxybsc                                                 : loaded 2 times (x 180B)
Class com.google.common.collect.HashMultimap                                          : loaded 2 times (x 174B)
Class org.jetbrains.kotlin.gradle.plugin.mpp.MppSourcesJarKt$sourcesJarTaskNamed$result$1: loaded 2 times (x 79B)
Class org.jetbrains.kotlin.gradle.tasks.configuration.BaseKotlinCompileConfig$1       : loaded 2 times (x 79B)
Class org.jetbrains.kotlin.gradle.plugin.UsesBuildFinishedListenerService             : loaded 2 times (x 70B)
Class org.jetbrains.kotlin.gradle.plugin.mpp.compilationImpl.factory.ConfigurationNaming$Default: loaded 2 times (x 75B)
Class org.jetbrains.kotlin.gradle.plugin.mpp.compilationImpl.KotlinCompilationSourceSetInclusion: loaded 2 times (x 72B)
Class org.jetbrains.kotlin.gradle.targets.jvm.KotlinJvmTarget                         : loaded 2 times (x 172B)
Class org.jetbrains.kotlin.gradle.targets.js.dsl.KotlinWasmJsTargetDsl                : loaded 2 times (x 70B)
Class org.jetbrains.kotlin.gradle.plugin.diagnostics.checkers.DisabledNativeTargetsChecker$runChecks$1: loaded 2 times (x 88B)
Class org.jetbrains.kotlin.gradle.plugin.KotlinPluginLifecycleImpl$await$2$1          : loaded 2 times (x 79B)
Class org.jetbrains.kotlin.gradle.plugin.sources.DefaultLanguageSettingsBuilder       : loaded 2 times (x 100B)
Class org.jetbrains.kotlin.gradle.plugin.sources.FragmentConsistencyChecks$languageVersionCheck$2: loaded 2 times (x 78B)
Class org.jetbrains.kotlin.gradle.dsl.KotlinTargetContainerWithPresetFunctions        : loaded 2 times (x 70B)
Class org.jetbrains.kotlin.gradle.utils.GradleConfigurationUtilsKt                    : loaded 2 times (x 71B)
Class org.jetbrains.kotlin.gradle.plugin.StatisticsBuildFlowManager$subscribeForBuildResult$1: loaded 2 times (x 75B)
Class org.jetbrains.kotlin.gradle.plugin.internal.CustomPropertiesFileValueSource$Parameters: loaded 2 times (x 70B)
Class com.google.common.cache.LocalCache$EntryFactory$6                               : loaded 2 times (x 83B)
Class Build_gradle                                                                    : loaded 2 times (x 130B)
Class org.gradle.internal.installation.CurrentGradleInstallationLocator               : loaded 2 times (x 71B)
Class org.jetbrains.kotlin.gradle.tasks.DefaultKotlinJavaToolchain$getToolsJarFromJvm$1: loaded 2 times (x 75B)
Class org.jetbrains.kotlin.build.report.metrics.GcMetrics                             : loaded 2 times (x 72B)
Class org.jetbrains.kotlin.gradle.tasks.configuration.BaseKotlinCompileConfig$2       : loaded 2 times (x 79B)
Class org.jetbrains.kotlin.gradle.plugin.BuildFinishedListenerService$Companion$registerIfAbsent$2$1$1: loaded 2 times (x 75B)
Class com.google.common.collect.Maps$KeySet                                           : loaded 2 times (x 137B)
Class org.jetbrains.kotlin.gradle.plugin.mpp.InternalKotlinCompilation                : loaded 2 times (x 70B)
Class org.jetbrains.kotlin.gradle.plugin.AbstractKotlinJsPluginWrapper                : loaded 2 times (x 86B)
Class org.jetbrains.kotlin.gradle.plugin.KotlinPluginWrapperKt                        : loaded 2 times (x 71B)
Class com.google.common.cache.LocalCache$EntryFactory$7                               : loaded 2 times (x 83B)
Class com.google.common.collect.ImmutableSet$EmptySetBuilderImpl                      : loaded 2 times (x 76B)
Class com.google.common.collect.ImmutableList                                         : loaded 2 times (x 206B)
Class org.gradle.internal.service.DefaultServiceLocator                               : loaded 2 times (x 83B)
Class com.google.common.collect.Maps$EntrySet                                         : loaded 2 times (x 136B)
Class org.jetbrains.kotlin.gradle.tasks.KotlinCompile$scriptExtensions$1              : loaded 2 times (x 79B)
Class org.jetbrains.kotlin.gradle.tasks.K2MultiplatformStructure$Fragment             : loaded 2 times (x 72B)
Class org.jetbrains.kotlin.compilerRunner.CompilerSystemPropertiesService$Companion$registerIfAbsent$1: loaded 2 times (x 75B)
Class org.jetbrains.kotlin.util.capitalizeDecapitalize.CapitalizeDecapitalizeKt       : loaded 2 times (x 71B)
Class org.jetbrains.kotlin.gradle.plugin.diagnostics.checkers.AndroidPluginWithoutAndroidTargetChecker: loaded 2 times (x 74B)
Class org.jetbrains.kotlin.statistics.metrics.NumberOverridePolicy                    : loaded 2 times (x 85B)
Class org.jetbrains.kotlin.statistics.metrics.StringAnonymizationPolicy$AllowedListAnonymizer$Companion: loaded 2 times (x 71B)
Class org.jetbrains.kotlin.gradle.plugin.internal.ProjectIsolationStartParameterAccessorKt: loaded 2 times (x 71B)
Class org.jetbrains.kotlin.gradle.testing.internal.KotlinTestsRegistry                : loaded 2 times (x 72B)
Class com.google.common.cache.LocalCache$EntryFactory$8                               : loaded 2 times (x 83B)
Class com.google.common.collect.ImmutableSet$SetBuilderImpl                           : loaded 2 times (x 76B)
Class org.gradle.internal.installation.CurrentGradleInstallation                      : loaded 2 times (x 73B)
Class build_7pmvorfh50k4gqxfdnp95v1li$_run_closure1                                   : loaded 2 times (x 139B)
Class com.google.common.collect.ForwardingObject                                      : loaded 2 times (x 72B)
Class org.jetbrains.kotlin.gradle.tasks.KotlinCompilerExecutionStrategy               : loaded 2 times (x 79B)
Class org.jetbrains.kotlin.gradle.plugin.mpp.InternalKotlinCompilationKt$awaitAllKotlinSourceSets$1: loaded 2 times (x 88B)
Class org.jetbrains.kotlin.gradle.plugin.sources.DefaultKotlinSourceSet$special$$inlined$Iterable$1: loaded 2 times (x 79B)
Class org.jetbrains.kotlin.gradle.plugin.mpp.compilationImpl.factory.KotlinCompilationImplFactory$KotlinCompilerOptionsFactory$Options: loaded 2 times (x 72B)
Class org.jetbrains.kotlin.gradle.plugin.KotlinCompilation                            : loaded 2 times (x 70B)
Class org.jetbrains.kotlin.gradle.plugin.KotlinTargetConfiguratorKt                   : loaded 2 times (x 71B)
Class org.jetbrains.kotlin.tooling.core.Extras$Type$Companion                         : loaded 2 times (x 71B)
Class com.google.common.cache.CacheLoader$1                                           : loaded 2 times (x 75B)
Class com.google.common.collect.ImmutableList$SubList                                 : loaded 2 times (x 208B)
Class org.gradle.util.internal.GUtil                                                  : loaded 2 times (x 71B)
Class com.google.common.io.ByteSource                                                 : loaded 2 times (x 84B)
Class org.jetbrains.kotlin.gradle.plugin.mpp.InternalKotlinTargetKt$isSourcesPublishableFuture$2: loaded 2 times (x 95B)
Class org.jetbrains.kotlin.gradle.plugin.mpp.KotlinCompilationFactory                 : loaded 2 times (x 70B)
Class org.jetbrains.kotlin.gradle.dsl.IosSourceSetConventionChecker$runChecks$1       : loaded 2 times (x 88B)
Class org.jetbrains.kotlin.gradle.plugin.mpp.AbstractKotlinCompilation                : loaded 2 times (x 191B)
Class org.jetbrains.kotlin.gradle.plugin.diagnostics.checkers.UnusedSourceSetsChecker : loaded 2 times (x 74B)
Class org.jetbrains.kotlin.gradle.utils.Future                                        : loaded 2 times (x 70B)
Class org.jetbrains.kotlin.gradle.plugin.BuildFinishFlowAction$Parameters             : loaded 2 times (x 70B)
Class com.google.common.util.concurrent.AbstractFuture$SetFuture                      : loaded 2 times (x 75B)
Class com.google.common.cache.AbstractCache$StatsCounter                              : loaded 2 times (x 70B)
Class build_8pyaeahg9nc3hck27xi8fyy8m$_run_closure1                                   : loaded 2 times (x 139B)
Class build_6tfulbst8r69nx0oui8jnpjj8                                                 : loaded 2 times (x 180B)
Class org.jetbrains.kotlin.gradle.plugin.mpp.KotlinTargetSoftwareComponentImplKt      : loaded 2 times (x 71B)
Class org.jetbrains.kotlin.gradle.targets.js.dsl.KotlinJsSubTargetContainerDsl        : loaded 2 times (x 70B)
Class org.jetbrains.kotlin.tooling.core.MutableExtrasImpl$Companion                   : loaded 2 times (x 71B)
Class org.jetbrains.kotlin.gradle.plugin.KotlinGradleBuildServices$Companion$registerIfAbsent$1: loaded 2 times (x 75B)
Class org.jetbrains.kotlin.statistics.fileloggers.MetricsContainer                    : loaded 2 times (x 77B)
Class org.jetbrains.kotlin.gradle.plugin.internal.ProjectIsolationStartParameterAccessor: loaded 2 times (x 70B)
Class com.google.common.collect.Iterators$MergingIterator                             : loaded 2 times (x 81B)
Class com.google.common.collect.RegularImmutableSet                                   : loaded 2 times (x 148B)
Class org.gradle.internal.installation.GradleInstallation                             : loaded 2 times (x 75B)
Class com.google.common.collect.ForwardingCollection                                  : loaded 2 times (x 130B)
Class com.google.common.collect.LexicographicalOrdering                               : loaded 2 times (x 115B)
Class org.jetbrains.kotlin.gradle.dsl.KotlinJvmCompile$DefaultImpls                   : loaded 2 times (x 71B)
Class org.jetbrains.kotlin.gradle.plugin.mpp.compilationImpl.factory.KotlinCompilationImplFactory$create$1: loaded 2 times (x 75B)
Class com.google.common.collect.ElementTypesAreNonnullByDefault                       : loaded 2 times (x 70B)
Class org.jetbrains.kotlin.gradle.tasks.KotlinJavaToolchain                           : loaded 2 times (x 70B)
Class org.jetbrains.kotlin.gradle.plugin.BuildFinishFlowAction                        : loaded 2 times (x 74B)
Class org.jetbrains.kotlin.statistics.metrics.BooleanMetrics$Companion                : loaded 2 times (x 71B)
Class org.jetbrains.kotlin.gradle.plugin.internal.CompatibilityConventionRegistrar    : loaded 2 times (x 70B)
Class com.google.common.collect.Iterables                                             : loaded 2 times (x 71B)
Class com.google.common.base.Splitter$Strategy                                        : loaded 2 times (x 70B)
Class org.jetbrains.kotlin.gradle.plugin.mpp.KotlinJvmCompilation                     : loaded 2 times (x 200B)
Class org.jetbrains.kotlin.gradle.plugin.KotlinCompilation$Companion                  : loaded 2 times (x 71B)
Class org.jetbrains.kotlin.gradle.dsl.ToolchainSupport$Companion                      : loaded 2 times (x 71B)
Class org.jetbrains.kotlin.gradle.plugin.KotlinSourceSet                              : loaded 2 times (x 70B)

---------------  S Y S T E M  ---------------

OS:
 Windows 11 , 64 bit Build 26100 (10.0.26100.8328)
OS uptime: 2 days 14:25 hours

CPU: total 8 (initial active 8) (4 cores per cpu, 2 threads per core) family 6 model 140 stepping 2 microcode 0x38, cx8, cmov, fxsr, ht, mmx, 3dnowpref, sse, sse2, sse3, ssse3, sse4.1, sse4.2, popcnt, lzcnt, tsc, tscinvbit, avx, avx2, aes, erms, clmul, bmi1, bmi2, adx, avx512f, avx512dq, avx512cd, avx512bw, avx512vl, sha, fma, vzeroupper, avx512_vpopcntdq, avx512_vpclmulqdq, avx512_vaes, avx512_vnni, clflush, clflushopt, clwb, avx512_vbmi2, avx512_vbmi, rdtscp, rdpid, fsrm, gfni, avx512_bitalg, f16c, pku, cet_ibt, cet_ss, avx512_ifma
Processor Information for the first 8 processors :
  Max Mhz: 1498, Current Mhz: 1498, Mhz Limit: 1498

Memory: 4k page, system-wide physical 7930M (217M free)
TotalPageFile size 32506M (AvailPageFile size 17M)
current process WorkingSet (physical memory assigned to process): 879M, peak: 2381M
current process commit charge ("private bytes"): 2837M, peak: 2863M

vm_info: OpenJDK 64-Bit Server VM (21.0.8+-14196175-b1038.72) for windows-amd64 JRE (21.0.8+-14196175-b1038.72), built on 2025-10-01T10:24:33Z by "builder" with MS VC++ 16.10 / 16.11 (VS2019)

END.
